A35QYDS8MRV1EX,Mon Dec 04 2017 07:00:32 GMT-0600 (Central Standard Time),Mon Dec 04 2017 07:09:11 GMT-0600 (Central Standard Time),"Mozilla/5.0 (Windows NT 10.0; Win64; x64) AppleWebKit/537.36 (KHTML, like Gecko) Chrome/62.0.3202.94 Safari/537.36",1,"[0.9, 0.5, 0.1]","[0.8, 0.4, 0.2]","[u'black', u'blue', u'red']","[u'left', u'middle', u'right']","[0.9, 0.5, 0.1]","[u'medium', u'low', u'high']",blue,50,middle,low,True,False,1427,100,NA
A35QYDS8MRV1EX,Mon Dec 04 2017 07:00:32 GMT-0600 (Central Standard Time),Mon Dec 04 2017 07:09:11 GMT-0600 (Central Standard Time),"Mozilla/5.0 (Windows NT 10.0; Win64; x64) AppleWebKit/537.36 (KHTML, like Gecko) Chrome/62.0.3202.94 Safari/537.36",2,"[0.9, 0.5, 0.1]","[0.8, 0.4, 0.2]","[u'black', u'blue', u'red']","[u'left', u'middle', u'right']","[0.9, 0.5, 0.1]","[u'medium', u'low', u'high']",blue,50,middle,low,False,False,8793,50,NA
A35QYDS8MRV1EX,Mon Dec 04 2017 07:00:32 GMT-0600 (Central Standard Time),Mon Dec 04 2017 07:09:11 GMT-0600 (Central Standard Time),"Mozilla/5.0 (Windows NT 10.0; Win64; x64) AppleWebKit/537.36 (KHTML, like Gecko) Chrome/62.0.3202.94 Safari/537.36",3,"[0.9, 0.5, 0.1]","[0.8, 0.4, 0.2]","[u'black', u'blue', u'red']","[u'left', u'middle', u'right']","[0.9, 0.5, 0.1]","[u'medium', u'low', u'high']",red,51,right,high,True,False,379,150,NA
A35QYDS8MRV1EX,Mon Dec 04 2017 07:00:32 GMT-0600 (Central Standard Time),Mon Dec 04 2017 07:09:11 GMT-0600 (Central Standard Time),"Mozilla/5.0 (Windows NT 10.0; Win64; x64) AppleWebKit/537.36 (KHTML, like Gecko) Chrome/62.0.3202.94 Safari/537.36",4,"[0.9, 0.5, 0.1]","[0.8, 0.4, 0.2]","[u'black', u'blue', u'red']","[u'left', u'middle', u'right']","[0.9, 0.5, 0.1]","[u'medium', u'low', u'high']",black,49,left,medium,False,False,427,100,NA
A35QYDS8MRV1EX,Mon Dec 04 2017 07:00:32 GMT-0600 (Central Standard Time),Mon Dec 04 2017 07:09:11 GMT-0600 (Central Standard Time),"Mozilla/5.0 (Windows NT 10.0; Win64; x64) AppleWebKit/537.36 (KHTML, like Gecko) Chrome/62.0.3202.94 Safari/537.36",5,"[0.9, 0.5, 0.1]","[0.8, 0.4, 0.2]","[u'black', u'blue', u'red']","[u'left', u'middle', u'right']","[0.9, 0.5, 0.1]","[u'medium', u'low', u'high']",red,51,right,high,True,False,393,200,NA
A35QYDS8MRV1EX,Mon Dec 04 2017 07:00:32 GMT-0600 (Central Standard Time),Mon Dec 04 2017 07:09:11 GMT-0600 (Central Standard Time),"Mozilla/5.0 (Windows NT 10.0; Win64; x64) AppleWebKit/537.36 (KHTML, like Gecko) Chrome/62.0.3202.94 Safari/537.36",6,"[0.9, 0.5, 0.1]","[0.8, 0.4, 0.2]","[u'black', u'blue', u'red']","[u'left', u'middle', u'right']","[0.9, 0.5, 0.1]","[u'medium', u'low', u'high']",red,51,right,high,True,False,459,300,NA
A35QYDS8MRV1EX,Mon Dec 04 2017 07:00:32 GMT-0600 (Central Standard Time),Mon Dec 04 2017 07:09:11 GMT-0600 (Central Standard Time),"Mozilla/5.0 (Windows NT 10.0; Win64; x64) AppleWebKit/537.36 (KHTML, like Gecko) Chrome/62.0.3202.94 Safari/537.36",7,"[0.9, 0.5, 0.1]","[0.8, 0.4, 0.2]","[u'black', u'blue', u'red']","[u'left', u'middle', u'right']","[0.9, 0.5, 0.1]","[u'medium', u'low', u'high']",red,51,right,high,True,False,658,400,NA
A35QYDS8MRV1EX,Mon Dec 04 2017 07:00:32 GMT-0600 (Central Standard Time),Mon Dec 04 2017 07:09:11 GMT-0600 (Central Standard Time),"Mozilla/5.0 (Windows NT 10.0; Win64; x64) AppleWebKit/537.36 (KHTML, like Gecko) Chrome/62.0.3202.94 Safari/537.36",8,"[0.9, 0.5, 0.1]","[0.8, 0.4, 0.2]","[u'black', u'blue', u'red']","[u'left', u'middle', u'right']","[0.9, 0.5, 0.1]","[u'medium', u'low', u'high']",red,51,right,high,True,False,522,500,NA
A35QYDS8MRV1EX,Mon Dec 04 2017 07:00:32 GMT-0600 (Central Standard Time),Mon Dec 04 2017 07:09:11 GMT-0600 (Central Standard Time),"Mozilla/5.0 (Windows NT 10.0; Win64; x64) AppleWebKit/537.36 (KHTML, like Gecko) Chrome/62.0.3202.94 Safari/537.36",9,"[0.9, 0.5, 0.1]","[0.8, 0.4, 0.2]","[u'black', u'blue', u'red']","[u'left', u'middle', u'right']","[0.9, 0.5, 0.1]","[u'medium', u'low', u'high']",red,51,right,high,True,False,484,600,NA
A35QYDS8MRV1EX,Mon Dec 04 2017 07:00:32 GMT-0600 (Central Standard Time),Mon Dec 04 2017 07:09:11 GMT-0600 (Central Standard Time),"Mozilla/5.0 (Windows NT 10.0; Win64; x64) AppleWebKit/537.36 (KHTML, like Gecko) Chrome/62.0.3202.94 Safari/537.36",10,"[0.9, 0.5, 0.1]","[0.8, 0.4, 0.2]","[u'black', u'blue', u'red']","[u'left', u'middle', u'right']","[0.9, 0.5, 0.1]","[u'medium', u'low', u'high']",red,51,right,high,True,False,1186,700,NA
A35QYDS8MRV1EX,Mon Dec 04 2017 07:00:32 GMT-0600 (Central Standard Time),Mon Dec 04 2017 07:09:11 GMT-0600 (Central Standard Time),"Mozilla/5.0 (Windows NT 10.0; Win64; x64) AppleWebKit/537.36 (KHTML, like Gecko) Chrome/62.0.3202.94 Safari/537.36",11,"[0.9, 0.5, 0.1]","[0.8, 0.4, 0.2]","[u'black', u'blue', u'red']","[u'left', u'middle', u'right']","[0.9, 0.5, 0.1]","[u'medium', u'low', u'high']",red,51,right,high,True,False,539,800,NA
A35QYDS8MRV1EX,Mon Dec 04 2017 07:00:32 GMT-0600 (Central Standard Time),Mon Dec 04 2017 07:09:11 GMT-0600 (Central Standard Time),"Mozilla/5.0 (Windows NT 10.0; Win64; x64) AppleWebKit/537.36 (KHTML, like Gecko) Chrome/62.0.3202.94 Safari/537.36",12,"[0.9, 0.5, 0.1]","[0.8, 0.4, 0.2]","[u'black', u'blue', u'red']","[u'left', u'middle', u'right']","[0.9, 0.5, 0.1]","[u'medium', u'low', u'high']",red,51,right,high,True,True,571,900,NA
A35QYDS8MRV1EX,Mon Dec 04 2017 07:00:32 GMT-0600 (Central Standard Time),Mon Dec 04 2017 07:09:11 GMT-0600 (Central Standard Time),"Mozilla/5.0 (Windows NT 10.0; Win64; x64) AppleWebKit/537.36 (KHTML, like Gecko) Chrome/62.0.3202.94 Safari/537.36",13,"[0.9, 0.5, 0.1]","[0.8, 0.4, 0.2]","[u'black', u'blue', u'red']","[u'left', u'middle', u'right']","[0.9, 0.5, 0.1]","[u'medium', u'high', u'low']",red,51,right,low,False,False,354,850,NA
A35QYDS8MRV1EX,Mon Dec 04 2017 07:00:32 GMT-0600 (Central Standard Time),Mon Dec 04 2017 07:09:11 GMT-0600 (Central Standard Time),"Mozilla/5.0 (Windows NT 10.0; Win64; x64) AppleWebKit/537.36 (KHTML, like Gecko) Chrome/62.0.3202.94 Safari/537.36",14,"[0.9, 0.5, 0.1]","[0.8, 0.4, 0.2]","[u'black', u'blue', u'red']","[u'left', u'middle', u'right']","[0.9, 0.5, 0.1]","[u'medium', u'high', u'low']",black,49,left,medium,False,False,435,800,NA
A35QYDS8MRV1EX,Mon Dec 04 2017 07:00:32 GMT-0600 (Central Standard Time),Mon Dec 04 2017 07:09:11 GMT-0600 (Central Standard Time),"Mozilla/5.0 (Windows NT 10.0; Win64; x64) AppleWebKit/537.36 (KHTML, like Gecko) Chrome/62.0.3202.94 Safari/537.36",15,"[0.9, 0.5, 0.1]","[0.8, 0.4, 0.2]","[u'black', u'blue', u'red']","[u'left', u'middle', u'right']","[0.9, 0.5, 0.1]","[u'medium', u'high', u'low']",blue,50,middle,high,True,False,440,900,NA
A35QYDS8MRV1EX,Mon Dec 04 2017 07:00:32 GMT-0600 (Central Standard Time),Mon Dec 04 2017 07:09:11 GMT-0600 (Central Standard Time),"Mozilla/5.0 (Windows NT 10.0; Win64; x64) AppleWebKit/537.36 (KHTML, like Gecko) Chrome/62.0.3202.94 Safari/537.36",16,"[0.9, 0.5, 0.1]","[0.8, 0.4, 0.2]","[u'black', u'blue', u'red']","[u'left', u'middle', u'right']","[0.9, 0.5, 0.1]","[u'medium', u'high', u'low']",blue,50,middle,high,True,False,314,1000,NA
A35QYDS8MRV1EX,Mon Dec 04 2017 07:00:32 GMT-0600 (Central Standard Time),Mon Dec 04 2017 07:09:11 GMT-0600 (Central Standard Time),"Mozilla/5.0 (Windows NT 10.0; Win64; x64) AppleWebKit/537.36 (KHTML, like Gecko) Chrome/62.0.3202.94 Safari/537.36",17,"[0.9, 0.5, 0.1]","[0.8, 0.4, 0.2]","[u'black', u'blue', u'red']","[u'left', u'middle', u'right']","[0.9, 0.5, 0.1]","[u'medium', u'high', u'low']",blue,50,middle,high,True,False,227,1100,NA
A35QYDS8MRV1EX,Mon Dec 04 2017 07:00:32 GMT-0600 (Central Standard Time),Mon Dec 04 2017 07:09:11 GMT-0600 (Central Standard Time),"Mozilla/5.0 (Windows NT 10.0; Win64; x64) AppleWebKit/537.36 (KHTML, like Gecko) Chrome/62.0.3202.94 Safari/537.36",18,"[0.9, 0.5, 0.1]","[0.8, 0.4, 0.2]","[u'black', u'blue', u'red']","[u'left', u'middle', u'right']","[0.9, 0.5, 0.1]","[u'medium', u'high', u'low']",blue,50,middle,high,True,False,347,1200,NA
A35QYDS8MRV1EX,Mon Dec 04 2017 07:00:32 GMT-0600 (Central Standard Time),Mon Dec 04 2017 07:09:11 GMT-0600 (Central Standard Time),"Mozilla/5.0 (Windows NT 10.0; Win64; x64) AppleWebKit/537.36 (KHTML, like Gecko) Chrome/62.0.3202.94 Safari/537.36",19,"[0.9, 0.5, 0.1]","[0.8, 0.4, 0.2]","[u'black', u'blue', u'red']","[u'left', u'middle', u'right']","[0.9, 0.5, 0.1]","[u'medium', u'high', u'low']",blue,50,middle,high,True,False,362,1300,NA
A35QYDS8MRV1EX,Mon Dec 04 2017 07:00:32 GMT-0600 (Central Standard Time),Mon Dec 04 2017 07:09:11 GMT-0600 (Central Standard Time),"Mozilla/5.0 (Windows NT 10.0; Win64; x64) AppleWebKit/537.36 (KHTML, like Gecko) Chrome/62.0.3202.94 Safari/537.36",20,"[0.9, 0.5, 0.1]","[0.8, 0.4, 0.2]","[u'black', u'blue', u'red']","[u'left', u'middle', u'right']","[0.9, 0.5, 0.1]","[u'medium', u'high', u'low']",blue,50,middle,high,True,False,420,1400,NA
A35QYDS8MRV1EX,Mon Dec 04 2017 07:00:32 GMT-0600 (Central Standard Time),Mon Dec 04 2017 07:09:11 GMT-0600 (Central Standard Time),"Mozilla/5.0 (Windows NT 10.0; Win64; x64) AppleWebKit/537.36 (KHTML, like Gecko) Chrome/62.0.3202.94 Safari/537.36",21,"[0.9, 0.5, 0.1]","[0.8, 0.4, 0.2]","[u'black', u'blue', u'red']","[u'left', u'middle', u'right']","[0.9, 0.5, 0.1]","[u'medium', u'high', u'low']",blue,50,middle,high,False,False,793,1350,NA
A35QYDS8MRV1EX,Mon Dec 04 2017 07:00:32 GMT-0600 (Central Standard Time),Mon Dec 04 2017 07:09:11 GMT-0600 (Central Standard Time),"Mozilla/5.0 (Windows NT 10.0; Win64; x64) AppleWebKit/537.36 (KHTML, like Gecko) Chrome/62.0.3202.94 Safari/537.36",22,"[0.9, 0.5, 0.1]","[0.8, 0.4, 0.2]","[u'black', u'blue', u'red']","[u'left', u'middle', u'right']","[0.9, 0.5, 0.1]","[u'medium', u'high', u'low']",red,51,right,low,False,False,354,1300,NA
A35QYDS8MRV1EX,Mon Dec 04 2017 07:00:32 GMT-0600 (Central Standard Time),Mon Dec 04 2017 07:09:11 GMT-0600 (Central Standard Time),"Mozilla/5.0 (Windows NT 10.0; Win64; x64) AppleWebKit/537.36 (KHTML, like Gecko) Chrome/62.0.3202.94 Safari/537.36",23,"[0.9, 0.5, 0.1]","[0.8, 0.4, 0.2]","[u'black', u'blue', u'red']","[u'left', u'middle', u'right']","[0.9, 0.5, 0.1]","[u'medium', u'high', u'low']",black,49,left,medium,False,False,339,1250,NA
A35QYDS8MRV1EX,Mon Dec 04 2017 07:00:32 GMT-0600 (Central Standard Time),Mon Dec 04 2017 07:09:11 GMT-0600 (Central Standard Time),"Mozilla/5.0 (Windows NT 10.0; Win64; x64) AppleWebKit/537.36 (KHTML, like Gecko) Chrome/62.0.3202.94 Safari/537.36",24,"[0.9, 0.5, 0.1]","[0.8, 0.4, 0.2]","[u'black', u'blue', u'red']","[u'left', u'middle', u'right']","[0.9, 0.5, 0.1]","[u'medium', u'high', u'low']",blue,50,middle,high,False,False,498,1200,NA
A35QYDS8MRV1EX,Mon Dec 04 2017 07:00:32 GMT-0600 (Central Standard Time),Mon Dec 04 2017 07:09:11 GMT-0600 (Central Standard Time),"Mozilla/5.0 (Windows NT 10.0; Win64; x64) AppleWebKit/537.36 (KHTML, like Gecko) Chrome/62.0.3202.94 Safari/537.36",25,"[0.9, 0.5, 0.1]","[0.8, 0.4, 0.2]","[u'black', u'blue', u'red']","[u'left', u'middle', u'right']","[0.9, 0.5, 0.1]","[u'medium', u'high', u'low']",black,49,left,medium,False,False,1276,1150,NA
A35QYDS8MRV1EX,Mon Dec 04 2017 07:00:32 GMT-0600 (Central Standard Time),Mon Dec 04 2017 07:09:11 GMT-0600 (Central Standard Time),"Mozilla/5.0 (Windows NT 10.0; Win64; x64) AppleWebKit/537.36 (KHTML, like Gecko) Chrome/62.0.3202.94 Safari/537.36",26,"[0.9, 0.5, 0.1]","[0.8, 0.4, 0.2]","[u'black', u'blue', u'red']","[u'left', u'middle', u'right']","[0.9, 0.5, 0.1]","[u'medium', u'high', u'low']",red,51,right,low,False,False,632,1100,NA
A35QYDS8MRV1EX,Mon Dec 04 2017 07:00:32 GMT-0600 (Central Standard Time),Mon Dec 04 2017 07:09:11 GMT-0600 (Central Standard Time),"Mozilla/5.0 (Windows NT 10.0; Win64; x64) AppleWebKit/537.36 (KHTML, like Gecko) Chrome/62.0.3202.94 Safari/537.36",27,"[0.9, 0.5, 0.1]","[0.8, 0.4, 0.2]","[u'black', u'blue', u'red']","[u'left', u'middle', u'right']","[0.9, 0.5, 0.1]","[u'medium', u'high', u'low']",black,49,left,medium,True,False,722,1200,NA
A35QYDS8MRV1EX,Mon Dec 04 2017 07:00:32 GMT-0600 (Central Standard Time),Mon Dec 04 2017 07:09:11 GMT-0600 (Central Standard Time),"Mozilla/5.0 (Windows NT 10.0; Win64; x64) AppleWebKit/537.36 (KHTML, like Gecko) Chrome/62.0.3202.94 Safari/537.36",28,"[0.9, 0.5, 0.1]","[0.8, 0.4, 0.2]","[u'black', u'blue', u'red']","[u'left', u'middle', u'right']","[0.9, 0.5, 0.1]","[u'medium', u'high', u'low']",black,49,left,medium,False,False,362,1150,NA
A35QYDS8MRV1EX,Mon Dec 04 2017 07:00:32 GMT-0600 (Central Standard Time),Mon Dec 04 2017 07:09:11 GMT-0600 (Central Standard Time),"Mozilla/5.0 (Windows NT 10.0; Win64; x64) AppleWebKit/537.36 (KHTML, like Gecko) Chrome/62.0.3202.94 Safari/537.36",29,"[0.9, 0.5, 0.1]","[0.8, 0.4, 0.2]","[u'black', u'blue', u'red']","[u'left', u'middle', u'right']","[0.9, 0.5, 0.1]","[u'medium', u'high', u'low']",blue,50,middle,high,True,False,866,1250,NA
A35QYDS8MRV1EX,Mon Dec 04 2017 07:00:32 GMT-0600 (Central Standard Time),Mon Dec 04 2017 07:09:11 GMT-0600 (Central Standard Time),"Mozilla/5.0 (Windows NT 10.0; Win64; x64) AppleWebKit/537.36 (KHTML, like Gecko) Chrome/62.0.3202.94 Safari/537.36",30,"[0.9, 0.5, 0.1]","[0.8, 0.4, 0.2]","[u'black', u'blue', u'red']","[u'left', u'middle', u'right']","[0.9, 0.5, 0.1]","[u'medium', u'high', u'low']",black,49,left,medium,True,False,740,1350,NA
A35QYDS8MRV1EX,Mon Dec 04 2017 07:00:32 GMT-0600 (Central Standard Time),Mon Dec 04 2017 07:09:11 GMT-0600 (Central Standard Time),"Mozilla/5.0 (Windows NT 10.0; Win64; x64) AppleWebKit/537.36 (KHTML, like Gecko) Chrome/62.0.3202.94 Safari/537.36",31,"[0.9, 0.5, 0.1]","[0.8, 0.4, 0.2]","[u'black', u'blue', u'red']","[u'left', u'middle', u'right']","[0.9, 0.5, 0.1]","[u'medium', u'high', u'low']",black,49,left,medium,False,False,1163,1300,NA
A35QYDS8MRV1EX,Mon Dec 04 2017 07:00:32 GMT-0600 (Central Standard Time),Mon Dec 04 2017 07:09:11 GMT-0600 (Central Standard Time),"Mozilla/5.0 (Windows NT 10.0; Win64; x64) AppleWebKit/537.36 (KHTML, like Gecko) Chrome/62.0.3202.94 Safari/537.36",32,"[0.9, 0.5, 0.1]","[0.8, 0.4, 0.2]","[u'black', u'blue', u'red']","[u'left', u'middle', u'right']","[0.9, 0.5, 0.1]","[u'medium', u'high', u'low']",red,51,right,low,False,False,427,1250,NA
A35QYDS8MRV1EX,Mon Dec 04 2017 07:00:32 GMT-0600 (Central Standard Time),Mon Dec 04 2017 07:09:11 GMT-0600 (Central Standard Time),"Mozilla/5.0 (Windows NT 10.0; Win64; x64) AppleWebKit/537.36 (KHTML, like Gecko) Chrome/62.0.3202.94 Safari/537.36",33,"[0.9, 0.5, 0.1]","[0.8, 0.4, 0.2]","[u'black', u'blue', u'red']","[u'left', u'middle', u'right']","[0.9, 0.5, 0.1]","[u'medium', u'high', u'low']",blue,50,middle,high,True,False,404,1350,NA
A35QYDS8MRV1EX,Mon Dec 04 2017 07:00:32 GMT-0600 (Central Standard Time),Mon Dec 04 2017 07:09:11 GMT-0600 (Central Standard Time),"Mozilla/5.0 (Windows NT 10.0; Win64; x64) AppleWebKit/537.36 (KHTML, like Gecko) Chrome/62.0.3202.94 Safari/537.36",34,"[0.9, 0.5, 0.1]","[0.8, 0.4, 0.2]","[u'black', u'blue', u'red']","[u'left', u'middle', u'right']","[0.9, 0.5, 0.1]","[u'medium', u'high', u'low']",red,51,right,low,False,False,866,1300,NA
A35QYDS8MRV1EX,Mon Dec 04 2017 07:00:32 GMT-0600 (Central Standard Time),Mon Dec 04 2017 07:09:11 GMT-0600 (Central Standard Time),"Mozilla/5.0 (Windows NT 10.0; Win64; x64) AppleWebKit/537.36 (KHTML, like Gecko) Chrome/62.0.3202.94 Safari/537.36",35,"[0.9, 0.5, 0.1]","[0.8, 0.4, 0.2]","[u'black', u'blue', u'red']","[u'left', u'middle', u'right']","[0.9, 0.5, 0.1]","[u'medium', u'high', u'low']",blue,50,middle,high,True,False,716,1400,NA
A35QYDS8MRV1EX,Mon Dec 04 2017 07:00:32 GMT-0600 (Central Standard Time),Mon Dec 04 2017 07:09:11 GMT-0600 (Central Standard Time),"Mozilla/5.0 (Windows NT 10.0; Win64; x64) AppleWebKit/537.36 (KHTML, like Gecko) Chrome/62.0.3202.94 Safari/537.36",36,"[0.9, 0.5, 0.1]","[0.8, 0.4, 0.2]","[u'black', u'blue', u'red']","[u'left', u'middle', u'right']","[0.9, 0.5, 0.1]","[u'medium', u'high', u'low']",blue,50,middle,high,True,False,296,1500,NA
A35QYDS8MRV1EX,Mon Dec 04 2017 07:00:32 GMT-0600 (Central Standard Time),Mon Dec 04 2017 07:09:11 GMT-0600 (Central Standard Time),"Mozilla/5.0 (Windows NT 10.0; Win64; x64) AppleWebKit/537.36 (KHTML, like Gecko) Chrome/62.0.3202.94 Safari/537.36",37,"[0.9, 0.5, 0.1]","[0.8, 0.4, 0.2]","[u'black', u'blue', u'red']","[u'left', u'middle', u'right']","[0.9, 0.5, 0.1]","[u'medium', u'high', u'low']",blue,50,middle,high,True,False,396,1600,NA
A35QYDS8MRV1EX,Mon Dec 04 2017 07:00:32 GMT-0600 (Central Standard Time),Mon Dec 04 2017 07:09:11 GMT-0600 (Central Standard Time),"Mozilla/5.0 (Windows NT 10.0; Win64; x64) AppleWebKit/537.36 (KHTML, like Gecko) Chrome/62.0.3202.94 Safari/537.36",38,"[0.9, 0.5, 0.1]","[0.8, 0.4, 0.2]","[u'black', u'blue', u'red']","[u'left', u'middle', u'right']","[0.9, 0.5, 0.1]","[u'medium', u'high', u'low']",blue,50,middle,high,True,False,306,1700,NA
A35QYDS8MRV1EX,Mon Dec 04 2017 07:00:32 GMT-0600 (Central Standard Time),Mon Dec 04 2017 07:09:11 GMT-0600 (Central Standard Time),"Mozilla/5.0 (Windows NT 10.0; Win64; x64) AppleWebKit/537.36 (KHTML, like Gecko) Chrome/62.0.3202.94 Safari/537.36",39,"[0.9, 0.5, 0.1]","[0.8, 0.4, 0.2]","[u'black', u'blue', u'red']","[u'left', u'middle', u'right']","[0.9, 0.5, 0.1]","[u'medium', u'high', u'low']",blue,50,middle,high,True,False,275,1800,NA
A35QYDS8MRV1EX,Mon Dec 04 2017 07:00:32 GMT-0600 (Central Standard Time),Mon Dec 04 2017 07:09:11 GMT-0600 (Central Standard Time),"Mozilla/5.0 (Windows NT 10.0; Win64; x64) AppleWebKit/537.36 (KHTML, like Gecko) Chrome/62.0.3202.94 Safari/537.36",40,"[0.9, 0.5, 0.1]","[0.8, 0.4, 0.2]","[u'black', u'blue', u'red']","[u'left', u'middle', u'right']","[0.9, 0.5, 0.1]","[u'medium', u'high', u'low']",blue,50,middle,high,True,False,259,1900,NA
A35QYDS8MRV1EX,Mon Dec 04 2017 07:00:32 GMT-0600 (Central Standard Time),Mon Dec 04 2017 07:09:11 GMT-0600 (Central Standard Time),"Mozilla/5.0 (Windows NT 10.0; Win64; x64) AppleWebKit/537.36 (KHTML, like Gecko) Chrome/62.0.3202.94 Safari/537.36",41,"[0.9, 0.5, 0.1]","[0.8, 0.4, 0.2]","[u'black', u'blue', u'red']","[u'left', u'middle', u'right']","[0.9, 0.5, 0.1]","[u'low', u'medium', u'high']",red,51,right,high,True,False,754,2000,NA
A35QYDS8MRV1EX,Mon Dec 04 2017 07:00:32 GMT-0600 (Central Standard Time),Mon Dec 04 2017 07:09:11 GMT-0600 (Central Standard Time),"Mozilla/5.0 (Windows NT 10.0; Win64; x64) AppleWebKit/537.36 (KHTML, like Gecko) Chrome/62.0.3202.94 Safari/537.36",42,"[0.9, 0.5, 0.1]","[0.8, 0.4, 0.2]","[u'black', u'blue', u'red']","[u'left', u'middle', u'right']","[0.9, 0.5, 0.1]","[u'low', u'medium', u'high']",blue,50,middle,medium,True,False,11435,2100,NA
A35QYDS8MRV1EX,Mon Dec 04 2017 07:00:32 GMT-0600 (Central Standard Time),Mon Dec 04 2017 07:09:11 GMT-0600 (Central Standard Time),"Mozilla/5.0 (Windows NT 10.0; Win64; x64) AppleWebKit/537.36 (KHTML, like Gecko) Chrome/62.0.3202.94 Safari/537.36",43,"[0.9, 0.5, 0.1]","[0.8, 0.4, 0.2]","[u'black', u'blue', u'red']","[u'left', u'middle', u'right']","[0.9, 0.5, 0.1]","[u'low', u'medium', u'high']",blue,50,middle,medium,True,False,498,2200,NA
A35QYDS8MRV1EX,Mon Dec 04 2017 07:00:32 GMT-0600 (Central Standard Time),Mon Dec 04 2017 07:09:11 GMT-0600 (Central Standard Time),"Mozilla/5.0 (Windows NT 10.0; Win64; x64) AppleWebKit/537.36 (KHTML, like Gecko) Chrome/62.0.3202.94 Safari/537.36",44,"[0.9, 0.5, 0.1]","[0.8, 0.4, 0.2]","[u'black', u'blue', u'red']","[u'left', u'middle', u'right']","[0.9, 0.5, 0.1]","[u'low', u'medium', u'high']",blue,50,middle,medium,True,False,412,2300,NA
A35QYDS8MRV1EX,Mon Dec 04 2017 07:00:32 GMT-0600 (Central Standard Time),Mon Dec 04 2017 07:09:11 GMT-0600 (Central Standard Time),"Mozilla/5.0 (Windows NT 10.0; Win64; x64) AppleWebKit/537.36 (KHTML, like Gecko) Chrome/62.0.3202.94 Safari/537.36",45,"[0.9, 0.5, 0.1]","[0.8, 0.4, 0.2]","[u'black', u'blue', u'red']","[u'left', u'middle', u'right']","[0.9, 0.5, 0.1]","[u'low', u'medium', u'high']",blue,50,middle,medium,True,False,289,2400,NA
A35QYDS8MRV1EX,Mon Dec 04 2017 07:00:32 GMT-0600 (Central Standard Time),Mon Dec 04 2017 07:09:11 GMT-0600 (Central Standard Time),"Mozilla/5.0 (Windows NT 10.0; Win64; x64) AppleWebKit/537.36 (KHTML, like Gecko) Chrome/62.0.3202.94 Safari/537.36",46,"[0.9, 0.5, 0.1]","[0.8, 0.4, 0.2]","[u'black', u'blue', u'red']","[u'left', u'middle', u'right']","[0.9, 0.5, 0.1]","[u'low', u'medium', u'high']",blue,50,middle,medium,True,False,330,2500,NA
A35QYDS8MRV1EX,Mon Dec 04 2017 07:00:32 GMT-0600 (Central Standard Time),Mon Dec 04 2017 07:09:11 GMT-0600 (Central Standard Time),"Mozilla/5.0 (Windows NT 10.0; Win64; x64) AppleWebKit/537.36 (KHTML, like Gecko) Chrome/62.0.3202.94 Safari/537.36",47,"[0.9, 0.5, 0.1]","[0.8, 0.4, 0.2]","[u'black', u'blue', u'red']","[u'left', u'middle', u'right']","[0.9, 0.5, 0.1]","[u'low', u'medium', u'high']",blue,50,middle,medium,True,False,282,2600,NA
A35QYDS8MRV1EX,Mon Dec 04 2017 07:00:32 GMT-0600 (Central Standard Time),Mon Dec 04 2017 07:09:11 GMT-0600 (Central Standard Time),"Mozilla/5.0 (Windows NT 10.0; Win64; x64) AppleWebKit/537.36 (KHTML, like Gecko) Chrome/62.0.3202.94 Safari/537.36",48,"[0.9, 0.5, 0.1]","[0.8, 0.4, 0.2]","[u'black', u'blue', u'red']","[u'left', u'middle', u'right']","[0.9, 0.5, 0.1]","[u'low', u'medium', u'high']",blue,50,middle,medium,False,False,370,2550,NA
A35QYDS8MRV1EX,Mon Dec 04 2017 07:00:32 GMT-0600 (Central Standard Time),Mon Dec 04 2017 07:09:11 GMT-0600 (Central Standard Time),"Mozilla/5.0 (Windows NT 10.0; Win64; x64) AppleWebKit/537.36 (KHTML, like Gecko) Chrome/62.0.3202.94 Safari/537.36",49,"[0.9, 0.5, 0.1]","[0.8, 0.4, 0.2]","[u'black', u'blue', u'red']","[u'left', u'middle', u'right']","[0.9, 0.5, 0.1]","[u'low', u'medium', u'high']",red,51,right,high,True,False,779,2650,NA
A35QYDS8MRV1EX,Mon Dec 04 2017 07:00:32 GMT-0600 (Central Standard Time),Mon Dec 04 2017 07:09:11 GMT-0600 (Central Standard Time),"Mozilla/5.0 (Windows NT 10.0; Win64; x64) AppleWebKit/537.36 (KHTML, like Gecko) Chrome/62.0.3202.94 Safari/537.36",50,"[0.9, 0.5, 0.1]","[0.8, 0.4, 0.2]","[u'black', u'blue', u'red']","[u'left', u'middle', u'right']","[0.9, 0.5, 0.1]","[u'low', u'medium', u'high']",red,51,right,high,True,False,275,2750,NA
A35QYDS8MRV1EX,Mon Dec 04 2017 07:00:32 GMT-0600 (Central Standard Time),Mon Dec 04 2017 07:09:11 GMT-0600 (Central Standard Time),"Mozilla/5.0 (Windows NT 10.0; Win64; x64) AppleWebKit/537.36 (KHTML, like Gecko) Chrome/62.0.3202.94 Safari/537.36",51,"[0.9, 0.5, 0.1]","[0.8, 0.4, 0.2]","[u'black', u'blue', u'red']","[u'left', u'middle', u'right']","[0.9, 0.5, 0.1]","[u'low', u'medium', u'high']",red,51,right,high,True,False,290,2850,NA
A35QYDS8MRV1EX,Mon Dec 04 2017 07:00:32 GMT-0600 (Central Standard Time),Mon Dec 04 2017 07:09:11 GMT-0600 (Central Standard Time),"Mozilla/5.0 (Windows NT 10.0; Win64; x64) AppleWebKit/537.36 (KHTML, like Gecko) Chrome/62.0.3202.94 Safari/537.36",52,"[0.9, 0.5, 0.1]","[0.8, 0.4, 0.2]","[u'black', u'blue', u'red']","[u'left', u'middle', u'right']","[0.9, 0.5, 0.1]","[u'low', u'medium', u'high']",red,51,right,high,True,False,260,2950,NA
A35QYDS8MRV1EX,Mon Dec 04 2017 07:00:32 GMT-0600 (Central Standard Time),Mon Dec 04 2017 07:09:11 GMT-0600 (Central Standard Time),"Mozilla/5.0 (Windows NT 10.0; Win64; x64) AppleWebKit/537.36 (KHTML, like Gecko) Chrome/62.0.3202.94 Safari/537.36",53,"[0.9, 0.5, 0.1]","[0.8, 0.4, 0.2]","[u'black', u'blue', u'red']","[u'left', u'middle', u'right']","[0.9, 0.5, 0.1]","[u'low', u'medium', u'high']",red,51,right,high,True,False,1002,3050,NA
A35QYDS8MRV1EX,Mon Dec 04 2017 07:00:32 GMT-0600 (Central Standard Time),Mon Dec 04 2017 07:09:11 GMT-0600 (Central Standard Time),"Mozilla/5.0 (Windows NT 10.0; Win64; x64) AppleWebKit/537.36 (KHTML, like Gecko) Chrome/62.0.3202.94 Safari/537.36",54,"[0.9, 0.5, 0.1]","[0.8, 0.4, 0.2]","[u'black', u'blue', u'red']","[u'left', u'middle', u'right']","[0.9, 0.5, 0.1]","[u'low', u'medium', u'high']",red,51,right,high,True,False,266,3150,NA
A35QYDS8MRV1EX,Mon Dec 04 2017 07:00:32 GMT-0600 (Central Standard Time),Mon Dec 04 2017 07:09:11 GMT-0600 (Central Standard Time),"Mozilla/5.0 (Windows NT 10.0; Win64; x64) AppleWebKit/537.36 (KHTML, like Gecko) Chrome/62.0.3202.94 Safari/537.36",55,"[0.9, 0.5, 0.1]","[0.8, 0.4, 0.2]","[u'black', u'blue', u'red']","[u'left', u'middle', u'right']","[0.9, 0.5, 0.1]","[u'low', u'medium', u'high']",red,51,right,high,True,False,85619,3250,NA
A35QYDS8MRV1EX,Mon Dec 04 2017 07:00:32 GMT-0600 (Central Standard Time),Mon Dec 04 2017 07:09:11 GMT-0600 (Central Standard Time),"Mozilla/5.0 (Windows NT 10.0; Win64; x64) AppleWebKit/537.36 (KHTML, like Gecko) Chrome/62.0.3202.94 Safari/537.36",56,"[0.9, 0.5, 0.1]","[0.8, 0.4, 0.2]","[u'black', u'blue', u'red']","[u'left', u'middle', u'right']","[0.9, 0.5, 0.1]","[u'low', u'medium', u'high']",red,51,right,high,True,False,490,3350,NA
A35QYDS8MRV1EX,Mon Dec 04 2017 07:00:32 GMT-0600 (Central Standard Time),Mon Dec 04 2017 07:09:11 GMT-0600 (Central Standard Time),"Mozilla/5.0 (Windows NT 10.0; Win64; x64) AppleWebKit/537.36 (KHTML, like Gecko) Chrome/62.0.3202.94 Safari/537.36",57,"[0.9, 0.5, 0.1]","[0.8, 0.4, 0.2]","[u'black', u'blue', u'red']","[u'left', u'middle', u'right']","[0.9, 0.5, 0.1]","[u'low', u'medium', u'high']",red,51,right,high,True,True,427,3450,NA
A35QYDS8MRV1EX,Mon Dec 04 2017 07:00:32 GMT-0600 (Central Standard Time),Mon Dec 04 2017 07:09:11 GMT-0600 (Central Standard Time),"Mozilla/5.0 (Windows NT 10.0; Win64; x64) AppleWebKit/537.36 (KHTML, like Gecko) Chrome/62.0.3202.94 Safari/537.36",58,"[0.9, 0.5, 0.1]","[0.8, 0.4, 0.2]","[u'black', u'blue', u'red']","[u'left', u'middle', u'right']","[0.9, 0.5, 0.1]","[u'high', u'medium', u'low']",red,51,right,low,False,False,354,3400,NA
A35QYDS8MRV1EX,Mon Dec 04 2017 07:00:32 GMT-0600 (Central Standard Time),Mon Dec 04 2017 07:09:11 GMT-0600 (Central Standard Time),"Mozilla/5.0 (Windows NT 10.0; Win64; x64) AppleWebKit/537.36 (KHTML, like Gecko) Chrome/62.0.3202.94 Safari/537.36",59,"[0.9, 0.5, 0.1]","[0.8, 0.4, 0.2]","[u'black', u'blue', u'red']","[u'left', u'middle', u'right']","[0.9, 0.5, 0.1]","[u'high', u'medium', u'low']",black,49,left,high,True,False,426,3500,NA
A35QYDS8MRV1EX,Mon Dec 04 2017 07:00:32 GMT-0600 (Central Standard Time),Mon Dec 04 2017 07:09:11 GMT-0600 (Central Standard Time),"Mozilla/5.0 (Windows NT 10.0; Win64; x64) AppleWebKit/537.36 (KHTML, like Gecko) Chrome/62.0.3202.94 Safari/537.36",60,"[0.9, 0.5, 0.1]","[0.8, 0.4, 0.2]","[u'black', u'blue', u'red']","[u'left', u'middle', u'right']","[0.9, 0.5, 0.1]","[u'high', u'medium', u'low']",black,49,left,high,True,False,314,3600,NA
A35QYDS8MRV1EX,Mon Dec 04 2017 07:00:32 GMT-0600 (Central Standard Time),Mon Dec 04 2017 07:09:11 GMT-0600 (Central Standard Time),"Mozilla/5.0 (Windows NT 10.0; Win64; x64) AppleWebKit/537.36 (KHTML, like Gecko) Chrome/62.0.3202.94 Safari/537.36",61,"[0.9, 0.5, 0.1]","[0.8, 0.4, 0.2]","[u'black', u'blue', u'red']","[u'left', u'middle', u'right']","[0.9, 0.5, 0.1]","[u'high', u'medium', u'low']",black,49,left,high,True,False,265,3700,NA
A35QYDS8MRV1EX,Mon Dec 04 2017 07:00:32 GMT-0600 (Central Standard Time),Mon Dec 04 2017 07:09:11 GMT-0600 (Central Standard Time),"Mozilla/5.0 (Windows NT 10.0; Win64; x64) AppleWebKit/537.36 (KHTML, like Gecko) Chrome/62.0.3202.94 Safari/537.36",62,"[0.9, 0.5, 0.1]","[0.8, 0.4, 0.2]","[u'black', u'blue', u'red']","[u'left', u'middle', u'right']","[0.9, 0.5, 0.1]","[u'high', u'medium', u'low']",black,49,left,high,True,False,203,3800,NA
A35QYDS8MRV1EX,Mon Dec 04 2017 07:00:32 GMT-0600 (Central Standard Time),Mon Dec 04 2017 07:09:11 GMT-0600 (Central Standard Time),"Mozilla/5.0 (Windows NT 10.0; Win64; x64) AppleWebKit/537.36 (KHTML, like Gecko) Chrome/62.0.3202.94 Safari/537.36",63,"[0.9, 0.5, 0.1]","[0.8, 0.4, 0.2]","[u'black', u'blue', u'red']","[u'left', u'middle', u'right']","[0.9, 0.5, 0.1]","[u'high', u'medium', u'low']",black,49,left,high,True,False,211,3900,NA
A35QYDS8MRV1EX,Mon Dec 04 2017 07:00:32 GMT-0600 (Central Standard Time),Mon Dec 04 2017 07:09:11 GMT-0600 (Central Standard Time),"Mozilla/5.0 (Windows NT 10.0; Win64; x64) AppleWebKit/537.36 (KHTML, like Gecko) Chrome/62.0.3202.94 Safari/537.36",64,"[0.9, 0.5, 0.1]","[0.8, 0.4, 0.2]","[u'black', u'blue', u'red']","[u'left', u'middle', u'right']","[0.9, 0.5, 0.1]","[u'high', u'medium', u'low']",black,49,left,high,True,False,329,4000,NA
A35QYDS8MRV1EX,Mon Dec 04 2017 07:00:32 GMT-0600 (Central Standard Time),Mon Dec 04 2017 07:09:11 GMT-0600 (Central Standard Time),"Mozilla/5.0 (Windows NT 10.0; Win64; x64) AppleWebKit/537.36 (KHTML, like Gecko) Chrome/62.0.3202.94 Safari/537.36",65,"[0.9, 0.5, 0.1]","[0.8, 0.4, 0.2]","[u'black', u'blue', u'red']","[u'left', u'middle', u'right']","[0.9, 0.5, 0.1]","[u'high', u'medium', u'low']",black,49,left,high,True,False,507,4100,NA
A35QYDS8MRV1EX,Mon Dec 04 2017 07:00:32 GMT-0600 (Central Standard Time),Mon Dec 04 2017 07:09:11 GMT-0600 (Central Standard Time),"Mozilla/5.0 (Windows NT 10.0; Win64; x64) AppleWebKit/537.36 (KHTML, like Gecko) Chrome/62.0.3202.94 Safari/537.36",66,"[0.9, 0.5, 0.1]","[0.8, 0.4, 0.2]","[u'black', u'blue', u'red']","[u'left', u'middle', u'right']","[0.9, 0.5, 0.1]","[u'high', u'medium', u'low']",black,49,left,high,True,False,907,4200,NA
A35QYDS8MRV1EX,Mon Dec 04 2017 07:00:32 GMT-0600 (Central Standard Time),Mon Dec 04 2017 07:09:11 GMT-0600 (Central Standard Time),"Mozilla/5.0 (Windows NT 10.0; Win64; x64) AppleWebKit/537.36 (KHTML, like Gecko) Chrome/62.0.3202.94 Safari/537.36",67,"[0.9, 0.5, 0.1]","[0.8, 0.4, 0.2]","[u'black', u'blue', u'red']","[u'left', u'middle', u'right']","[0.9, 0.5, 0.1]","[u'high', u'medium', u'low']",black,49,left,high,True,True,370,4300,NA
A35QYDS8MRV1EX,Mon Dec 04 2017 07:00:32 GMT-0600 (Central Standard Time),Mon Dec 04 2017 07:09:11 GMT-0600 (Central Standard Time),"Mozilla/5.0 (Windows NT 10.0; Win64; x64) AppleWebKit/537.36 (KHTML, like Gecko) Chrome/62.0.3202.94 Safari/537.36",68,"[0.9, 0.5, 0.1]","[0.8, 0.4, 0.2]","[u'black', u'blue', u'red']","[u'left', u'middle', u'right']","[0.9, 0.5, 0.1]","[u'medium', u'high', u'low']",black,49,left,medium,False,False,421,4250,NA
A35QYDS8MRV1EX,Mon Dec 04 2017 07:00:32 GMT-0600 (Central Standard Time),Mon Dec 04 2017 07:09:11 GMT-0600 (Central Standard Time),"Mozilla/5.0 (Windows NT 10.0; Win64; x64) AppleWebKit/537.36 (KHTML, like Gecko) Chrome/62.0.3202.94 Safari/537.36",69,"[0.9, 0.5, 0.1]","[0.8, 0.4, 0.2]","[u'black', u'blue', u'red']","[u'left', u'middle', u'right']","[0.9, 0.5, 0.1]","[u'medium', u'high', u'low']",red,51,right,low,False,False,848,4200,NA
A35QYDS8MRV1EX,Mon Dec 04 2017 07:00:32 GMT-0600 (Central Standard Time),Mon Dec 04 2017 07:09:11 GMT-0600 (Central Standard Time),"Mozilla/5.0 (Windows NT 10.0; Win64; x64) AppleWebKit/537.36 (KHTML, like Gecko) Chrome/62.0.3202.94 Safari/537.36",70,"[0.9, 0.5, 0.1]","[0.8, 0.4, 0.2]","[u'black', u'blue', u'red']","[u'left', u'middle', u'right']","[0.9, 0.5, 0.1]","[u'medium', u'high', u'low']",blue,50,middle,high,True,False,106,4300,NA
A35QYDS8MRV1EX,Mon Dec 04 2017 07:00:32 GMT-0600 (Central Standard Time),Mon Dec 04 2017 07:09:11 GMT-0600 (Central Standard Time),"Mozilla/5.0 (Windows NT 10.0; Win64; x64) AppleWebKit/537.36 (KHTML, like Gecko) Chrome/62.0.3202.94 Safari/537.36",71,"[0.9, 0.5, 0.1]","[0.8, 0.4, 0.2]","[u'black', u'blue', u'red']","[u'left', u'middle', u'right']","[0.9, 0.5, 0.1]","[u'medium', u'high', u'low']",blue,50,middle,high,True,False,300,4400,NA
A35QYDS8MRV1EX,Mon Dec 04 2017 07:00:32 GMT-0600 (Central Standard Time),Mon Dec 04 2017 07:09:11 GMT-0600 (Central Standard Time),"Mozilla/5.0 (Windows NT 10.0; Win64; x64) AppleWebKit/537.36 (KHTML, like Gecko) Chrome/62.0.3202.94 Safari/537.36",72,"[0.9, 0.5, 0.1]","[0.8, 0.4, 0.2]","[u'black', u'blue', u'red']","[u'left', u'middle', u'right']","[0.9, 0.5, 0.1]","[u'medium', u'high', u'low']",blue,50,middle,high,True,False,443,4500,NA
A35QYDS8MRV1EX,Mon Dec 04 2017 07:00:32 GMT-0600 (Central Standard Time),Mon Dec 04 2017 07:09:11 GMT-0600 (Central Standard Time),"Mozilla/5.0 (Windows NT 10.0; Win64; x64) AppleWebKit/537.36 (KHTML, like Gecko) Chrome/62.0.3202.94 Safari/537.36",73,"[0.9, 0.5, 0.1]","[0.8, 0.4, 0.2]","[u'black', u'blue', u'red']","[u'left', u'middle', u'right']","[0.9, 0.5, 0.1]","[u'medium', u'high', u'low']",blue,50,middle,high,True,False,314,4600,NA
A35QYDS8MRV1EX,Mon Dec 04 2017 07:00:32 GMT-0600 (Central Standard Time),Mon Dec 04 2017 07:09:11 GMT-0600 (Central Standard Time),"Mozilla/5.0 (Windows NT 10.0; Win64; x64) AppleWebKit/537.36 (KHTML, like Gecko) Chrome/62.0.3202.94 Safari/537.36",74,"[0.9, 0.5, 0.1]","[0.8, 0.4, 0.2]","[u'black', u'blue', u'red']","[u'left', u'middle', u'right']","[0.9, 0.5, 0.1]","[u'medium', u'high', u'low']",blue,50,middle,high,True,False,233,4700,NA
A35QYDS8MRV1EX,Mon Dec 04 2017 07:00:32 GMT-0600 (Central Standard Time),Mon Dec 04 2017 07:09:11 GMT-0600 (Central Standard Time),"Mozilla/5.0 (Windows NT 10.0; Win64; x64) AppleWebKit/537.36 (KHTML, like Gecko) Chrome/62.0.3202.94 Safari/537.36",75,"[0.9, 0.5, 0.1]","[0.8, 0.4, 0.2]","[u'black', u'blue', u'red']","[u'left', u'middle', u'right']","[0.9, 0.5, 0.1]","[u'medium', u'high', u'low']",blue,50,middle,high,True,False,209,4800,NA
A35QYDS8MRV1EX,Mon Dec 04 2017 07:00:32 GMT-0600 (Central Standard Time),Mon Dec 04 2017 07:09:11 GMT-0600 (Central Standard Time),"Mozilla/5.0 (Windows NT 10.0; Win64; x64) AppleWebKit/537.36 (KHTML, like Gecko) Chrome/62.0.3202.94 Safari/537.36",76,"[0.9, 0.5, 0.1]","[0.8, 0.4, 0.2]","[u'black', u'blue', u'red']","[u'left', u'middle', u'right']","[0.9, 0.5, 0.1]","[u'medium', u'high', u'low']",blue,50,middle,high,False,False,299,4750,NA
A35QYDS8MRV1EX,Mon Dec 04 2017 07:00:32 GMT-0600 (Central Standard Time),Mon Dec 04 2017 07:09:11 GMT-0600 (Central Standard Time),"Mozilla/5.0 (Windows NT 10.0; Win64; x64) AppleWebKit/537.36 (KHTML, like Gecko) Chrome/62.0.3202.94 Safari/537.36",77,"[0.9, 0.5, 0.1]","[0.8, 0.4, 0.2]","[u'black', u'blue', u'red']","[u'left', u'middle', u'right']","[0.9, 0.5, 0.1]","[u'medium', u'high', u'low']",red,51,right,low,False,False,339,4700,NA
A35QYDS8MRV1EX,Mon Dec 04 2017 07:00:32 GMT-0600 (Central Standard Time),Mon Dec 04 2017 07:09:11 GMT-0600 (Central Standard Time),"Mozilla/5.0 (Windows NT 10.0; Win64; x64) AppleWebKit/537.36 (KHTML, like Gecko) Chrome/62.0.3202.94 Safari/537.36",78,"[0.9, 0.5, 0.1]","[0.8, 0.4, 0.2]","[u'black', u'blue', u'red']","[u'left', u'middle', u'right']","[0.9, 0.5, 0.1]","[u'medium', u'high', u'low']",black,49,left,medium,False,False,314,4650,NA
A35QYDS8MRV1EX,Mon Dec 04 2017 07:00:32 GMT-0600 (Central Standard Time),Mon Dec 04 2017 07:09:11 GMT-0600 (Central Standard Time),"Mozilla/5.0 (Windows NT 10.0; Win64; x64) AppleWebKit/537.36 (KHTML, like Gecko) Chrome/62.0.3202.94 Safari/537.36",79,"[0.9, 0.5, 0.1]","[0.8, 0.4, 0.2]","[u'black', u'blue', u'red']","[u'left', u'middle', u'right']","[0.9, 0.5, 0.1]","[u'medium', u'high', u'low']",blue,50,middle,high,False,False,1139,4600,NA
A35QYDS8MRV1EX,Mon Dec 04 2017 07:00:32 GMT-0600 (Central Standard Time),Mon Dec 04 2017 07:09:11 GMT-0600 (Central Standard Time),"Mozilla/5.0 (Windows NT 10.0; Win64; x64) AppleWebKit/537.36 (KHTML, like Gecko) Chrome/62.0.3202.94 Safari/537.36",80,"[0.9, 0.5, 0.1]","[0.8, 0.4, 0.2]","[u'black', u'blue', u'red']","[u'left', u'middle', u'right']","[0.9, 0.5, 0.1]","[u'medium', u'high', u'low']",black,49,left,medium,False,False,299,4550,NA
A35QYDS8MRV1EX,Mon Dec 04 2017 07:00:32 GMT-0600 (Central Standard Time),Mon Dec 04 2017 07:09:11 GMT-0600 (Central Standard Time),"Mozilla/5.0 (Windows NT 10.0; Win64; x64) AppleWebKit/537.36 (KHTML, like Gecko) Chrome/62.0.3202.94 Safari/537.36",81,"[0.9, 0.5, 0.1]","[0.8, 0.4, 0.2]","[u'black', u'blue', u'red']","[u'left', u'middle', u'right']","[0.8, 0.4, 0.2]","[u'high', u'medium', u'low']",black,49,left,high,False,False,795,4500,NA
A35QYDS8MRV1EX,Mon Dec 04 2017 07:00:32 GMT-0600 (Central Standard Time),Mon Dec 04 2017 07:09:11 GMT-0600 (Central Standard Time),"Mozilla/5.0 (Windows NT 10.0; Win64; x64) AppleWebKit/537.36 (KHTML, like Gecko) Chrome/62.0.3202.94 Safari/537.36",82,"[0.9, 0.5, 0.1]","[0.8, 0.4, 0.2]","[u'black', u'blue', u'red']","[u'left', u'middle', u'right']","[0.8, 0.4, 0.2]","[u'high', u'medium', u'low']",blue,50,middle,medium,True,False,247,4600,NA
A35QYDS8MRV1EX,Mon Dec 04 2017 07:00:32 GMT-0600 (Central Standard Time),Mon Dec 04 2017 07:09:11 GMT-0600 (Central Standard Time),"Mozilla/5.0 (Windows NT 10.0; Win64; x64) AppleWebKit/537.36 (KHTML, like Gecko) Chrome/62.0.3202.94 Safari/537.36",83,"[0.9, 0.5, 0.1]","[0.8, 0.4, 0.2]","[u'black', u'blue', u'red']","[u'left', u'middle', u'right']","[0.8, 0.4, 0.2]","[u'high', u'medium', u'low']",blue,50,middle,medium,False,False,274,4550,NA
A35QYDS8MRV1EX,Mon Dec 04 2017 07:00:32 GMT-0600 (Central Standard Time),Mon Dec 04 2017 07:09:11 GMT-0600 (Central Standard Time),"Mozilla/5.0 (Windows NT 10.0; Win64; x64) AppleWebKit/537.36 (KHTML, like Gecko) Chrome/62.0.3202.94 Safari/537.36",84,"[0.9, 0.5, 0.1]","[0.8, 0.4, 0.2]","[u'black', u'blue', u'red']","[u'left', u'middle', u'right']","[0.8, 0.4, 0.2]","[u'high', u'medium', u'low']",red,51,right,low,False,False,237,4500,NA
A35QYDS8MRV1EX,Mon Dec 04 2017 07:00:32 GMT-0600 (Central Standard Time),Mon Dec 04 2017 07:09:11 GMT-0600 (Central Standard Time),"Mozilla/5.0 (Windows NT 10.0; Win64; x64) AppleWebKit/537.36 (KHTML, like Gecko) Chrome/62.0.3202.94 Safari/537.36",85,"[0.9, 0.5, 0.1]","[0.8, 0.4, 0.2]","[u'black', u'blue', u'red']","[u'left', u'middle', u'right']","[0.8, 0.4, 0.2]","[u'high', u'medium', u'low']",black,49,left,high,True,False,912,4600,NA
A35QYDS8MRV1EX,Mon Dec 04 2017 07:00:32 GMT-0600 (Central Standard Time),Mon Dec 04 2017 07:09:11 GMT-0600 (Central Standard Time),"Mozilla/5.0 (Windows NT 10.0; Win64; x64) AppleWebKit/537.36 (KHTML, like Gecko) Chrome/62.0.3202.94 Safari/537.36",86,"[0.9, 0.5, 0.1]","[0.8, 0.4, 0.2]","[u'black', u'blue', u'red']","[u'left', u'middle', u'right']","[0.8, 0.4, 0.2]","[u'high', u'medium', u'low']",black,49,left,high,False,False,554,4550,NA
A35QYDS8MRV1EX,Mon Dec 04 2017 07:00:32 GMT-0600 (Central Standard Time),Mon Dec 04 2017 07:09:11 GMT-0600 (Central Standard Time),"Mozilla/5.0 (Windows NT 10.0; Win64; x64) AppleWebKit/537.36 (KHTML, like Gecko) Chrome/62.0.3202.94 Safari/537.36",87,"[0.9, 0.5, 0.1]","[0.8, 0.4, 0.2]","[u'black', u'blue', u'red']","[u'left', u'middle', u'right']","[0.8, 0.4, 0.2]","[u'high', u'medium', u'low']",red,51,right,low,True,False,59,4650,NA
A35QYDS8MRV1EX,Mon Dec 04 2017 07:00:32 GMT-0600 (Central Standard Time),Mon Dec 04 2017 07:09:11 GMT-0600 (Central Standard Time),"Mozilla/5.0 (Windows NT 10.0; Win64; x64) AppleWebKit/537.36 (KHTML, like Gecko) Chrome/62.0.3202.94 Safari/537.36",88,"[0.9, 0.5, 0.1]","[0.8, 0.4, 0.2]","[u'black', u'blue', u'red']","[u'left', u'middle', u'right']","[0.8, 0.4, 0.2]","[u'high', u'medium', u'low']",blue,50,middle,medium,True,False,266,4750,NA
A35QYDS8MRV1EX,Mon Dec 04 2017 07:00:32 GMT-0600 (Central Standard Time),Mon Dec 04 2017 07:09:11 GMT-0600 (Central Standard Time),"Mozilla/5.0 (Windows NT 10.0; Win64; x64) AppleWebKit/537.36 (KHTML, like Gecko) Chrome/62.0.3202.94 Safari/537.36",89,"[0.9, 0.5, 0.1]","[0.8, 0.4, 0.2]","[u'black', u'blue', u'red']","[u'left', u'middle', u'right']","[0.8, 0.4, 0.2]","[u'high', u'medium', u'low']",black,49,left,high,True,False,347,4850,NA
A35QYDS8MRV1EX,Mon Dec 04 2017 07:00:32 GMT-0600 (Central Standard Time),Mon Dec 04 2017 07:09:11 GMT-0600 (Central Standard Time),"Mozilla/5.0 (Windows NT 10.0; Win64; x64) AppleWebKit/537.36 (KHTML, like Gecko) Chrome/62.0.3202.94 Safari/537.36",90,"[0.9, 0.5, 0.1]","[0.8, 0.4, 0.2]","[u'black', u'blue', u'red']","[u'left', u'middle', u'right']","[0.8, 0.4, 0.2]","[u'high', u'medium', u'low']",red,51,right,low,False,False,709,4800,NA
A35QYDS8MRV1EX,Mon Dec 04 2017 07:00:32 GMT-0600 (Central Standard Time),Mon Dec 04 2017 07:09:11 GMT-0600 (Central Standard Time),"Mozilla/5.0 (Windows NT 10.0; Win64; x64) AppleWebKit/537.36 (KHTML, like Gecko) Chrome/62.0.3202.94 Safari/537.36",91,"[0.9, 0.5, 0.1]","[0.8, 0.4, 0.2]","[u'black', u'blue', u'red']","[u'left', u'middle', u'right']","[0.8, 0.4, 0.2]","[u'high', u'medium', u'low']",blue,50,middle,medium,False,False,225,4750,NA
A35QYDS8MRV1EX,Mon Dec 04 2017 07:00:32 GMT-0600 (Central Standard Time),Mon Dec 04 2017 07:09:11 GMT-0600 (Central Standard Time),"Mozilla/5.0 (Windows NT 10.0; Win64; x64) AppleWebKit/537.36 (KHTML, like Gecko) Chrome/62.0.3202.94 Safari/537.36",92,"[0.9, 0.5, 0.1]","[0.8, 0.4, 0.2]","[u'black', u'blue', u'red']","[u'left', u'middle', u'right']","[0.8, 0.4, 0.2]","[u'high', u'medium', u'low']",blue,50,middle,medium,True,False,947,4850,NA
A35QYDS8MRV1EX,Mon Dec 04 2017 07:00:32 GMT-0600 (Central Standard Time),Mon Dec 04 2017 07:09:11 GMT-0600 (Central Standard Time),"Mozilla/5.0 (Windows NT 10.0; Win64; x64) AppleWebKit/537.36 (KHTML, like Gecko) Chrome/62.0.3202.94 Safari/537.36",93,"[0.9, 0.5, 0.1]","[0.8, 0.4, 0.2]","[u'black', u'blue', u'red']","[u'left', u'middle', u'right']","[0.8, 0.4, 0.2]","[u'high', u'medium', u'low']",red,51,right,low,False,False,130,4800,NA
A35QYDS8MRV1EX,Mon Dec 04 2017 07:00:32 GMT-0600 (Central Standard Time),Mon Dec 04 2017 07:09:11 GMT-0600 (Central Standard Time),"Mozilla/5.0 (Windows NT 10.0; Win64; x64) AppleWebKit/537.36 (KHTML, like Gecko) Chrome/62.0.3202.94 Safari/537.36",94,"[0.9, 0.5, 0.1]","[0.8, 0.4, 0.2]","[u'black', u'blue', u'red']","[u'left', u'middle', u'right']","[0.8, 0.4, 0.2]","[u'high', u'medium', u'low']",black,49,left,high,True,False,395,4900,NA
A35QYDS8MRV1EX,Mon Dec 04 2017 07:00:32 GMT-0600 (Central Standard Time),Mon Dec 04 2017 07:09:11 GMT-0600 (Central Standard Time),"Mozilla/5.0 (Windows NT 10.0; Win64; x64) AppleWebKit/537.36 (KHTML, like Gecko) Chrome/62.0.3202.94 Safari/537.36",95,"[0.9, 0.5, 0.1]","[0.8, 0.4, 0.2]","[u'black', u'blue', u'red']","[u'left', u'middle', u'right']","[0.8, 0.4, 0.2]","[u'high', u'medium', u'low']",black,49,left,high,False,False,651,4850,NA
A35QYDS8MRV1EX,Mon Dec 04 2017 07:00:32 GMT-0600 (Central Standard Time),Mon Dec 04 2017 07:09:11 GMT-0600 (Central Standard Time),"Mozilla/5.0 (Windows NT 10.0; Win64; x64) AppleWebKit/537.36 (KHTML, like Gecko) Chrome/62.0.3202.94 Safari/537.36",96,"[0.9, 0.5, 0.1]","[0.8, 0.4, 0.2]","[u'black', u'blue', u'red']","[u'left', u'middle', u'right']","[0.8, 0.4, 0.2]","[u'high', u'medium', u'low']",blue,50,middle,medium,False,False,419,4800,NA
A35QYDS8MRV1EX,Mon Dec 04 2017 07:00:32 GMT-0600 (Central Standard Time),Mon Dec 04 2017 07:09:11 GMT-0600 (Central Standard Time),"Mozilla/5.0 (Windows NT 10.0; Win64; x64) AppleWebKit/537.36 (KHTML, like Gecko) Chrome/62.0.3202.94 Safari/537.36",97,"[0.9, 0.5, 0.1]","[0.8, 0.4, 0.2]","[u'black', u'blue', u'red']","[u'left', u'middle', u'right']","[0.8, 0.4, 0.2]","[u'high', u'medium', u'low']",blue,50,middle,medium,False,False,1506,4750,NA
A35QYDS8MRV1EX,Mon Dec 04 2017 07:00:32 GMT-0600 (Central Standard Time),Mon Dec 04 2017 07:09:11 GMT-0600 (Central Standard Time),"Mozilla/5.0 (Windows NT 10.0; Win64; x64) AppleWebKit/537.36 (KHTML, like Gecko) Chrome/62.0.3202.94 Safari/537.36",98,"[0.9, 0.5, 0.1]","[0.8, 0.4, 0.2]","[u'black', u'blue', u'red']","[u'left', u'middle', u'right']","[0.8, 0.4, 0.2]","[u'high', u'medium', u'low']",blue,50,middle,medium,False,False,355,4700,NA
A35QYDS8MRV1EX,Mon Dec 04 2017 07:00:32 GMT-0600 (Central Standard Time),Mon Dec 04 2017 07:09:11 GMT-0600 (Central Standard Time),"Mozilla/5.0 (Windows NT 10.0; Win64; x64) AppleWebKit/537.36 (KHTML, like Gecko) Chrome/62.0.3202.94 Safari/537.36",99,"[0.9, 0.5, 0.1]","[0.8, 0.4, 0.2]","[u'black', u'blue', u'red']","[u'left', u'middle', u'right']","[0.8, 0.4, 0.2]","[u'high', u'medium', u'low']",black,49,left,high,True,False,347,4800,NA
A35QYDS8MRV1EX,Mon Dec 04 2017 07:00:32 GMT-0600 (Central Standard Time),Mon Dec 04 2017 07:09:11 GMT-0600 (Central Standard Time),"Mozilla/5.0 (Windows NT 10.0; Win64; x64) AppleWebKit/537.36 (KHTML, like Gecko) Chrome/62.0.3202.94 Safari/537.36",100,"[0.9, 0.5, 0.1]","[0.8, 0.4, 0.2]","[u'black', u'blue', u'red']","[u'left', u'middle', u'right']","[0.8, 0.4, 0.2]","[u'high', u'medium', u'low']",black,49,left,high,True,False,171,4900,NA
A35QYDS8MRV1EX,Mon Dec 04 2017 07:00:32 GMT-0600 (Central Standard Time),Mon Dec 04 2017 07:09:11 GMT-0600 (Central Standard Time),"Mozilla/5.0 (Windows NT 10.0; Win64; x64) AppleWebKit/537.36 (KHTML, like Gecko) Chrome/62.0.3202.94 Safari/537.36",101,"[0.9, 0.5, 0.1]","[0.8, 0.4, 0.2]","[u'black', u'blue', u'red']","[u'left', u'middle', u'right']","[0.8, 0.4, 0.2]","[u'high', u'medium', u'low']",black,49,left,high,True,False,604,5000,NA
A35QYDS8MRV1EX,Mon Dec 04 2017 07:00:32 GMT-0600 (Central Standard Time),Mon Dec 04 2017 07:09:11 GMT-0600 (Central Standard Time),"Mozilla/5.0 (Windows NT 10.0; Win64; x64) AppleWebKit/537.36 (KHTML, like Gecko) Chrome/62.0.3202.94 Safari/537.36",102,"[0.9, 0.5, 0.1]","[0.8, 0.4, 0.2]","[u'black', u'blue', u'red']","[u'left', u'middle', u'right']","[0.8, 0.4, 0.2]","[u'high', u'medium', u'low']",black,49,left,high,True,False,360,5100,NA
A35QYDS8MRV1EX,Mon Dec 04 2017 07:00:32 GMT-0600 (Central Standard Time),Mon Dec 04 2017 07:09:11 GMT-0600 (Central Standard Time),"Mozilla/5.0 (Windows NT 10.0; Win64; x64) AppleWebKit/537.36 (KHTML, like Gecko) Chrome/62.0.3202.94 Safari/537.36",103,"[0.9, 0.5, 0.1]","[0.8, 0.4, 0.2]","[u'black', u'blue', u'red']","[u'left', u'middle', u'right']","[0.8, 0.4, 0.2]","[u'high', u'medium', u'low']",black,49,left,high,True,False,252,5200,NA
A35QYDS8MRV1EX,Mon Dec 04 2017 07:00:32 GMT-0600 (Central Standard Time),Mon Dec 04 2017 07:09:11 GMT-0600 (Central Standard Time),"Mozilla/5.0 (Windows NT 10.0; Win64; x64) AppleWebKit/537.36 (KHTML, like Gecko) Chrome/62.0.3202.94 Safari/537.36",104,"[0.9, 0.5, 0.1]","[0.8, 0.4, 0.2]","[u'black', u'blue', u'red']","[u'left', u'middle', u'right']","[0.8, 0.4, 0.2]","[u'high', u'medium', u'low']",black,49,left,high,False,False,354,5150,NA
A35QYDS8MRV1EX,Mon Dec 04 2017 07:00:32 GMT-0600 (Central Standard Time),Mon Dec 04 2017 07:09:11 GMT-0600 (Central Standard Time),"Mozilla/5.0 (Windows NT 10.0; Win64; x64) AppleWebKit/537.36 (KHTML, like Gecko) Chrome/62.0.3202.94 Safari/537.36",105,"[0.9, 0.5, 0.1]","[0.8, 0.4, 0.2]","[u'black', u'blue', u'red']","[u'left', u'middle', u'right']","[0.8, 0.4, 0.2]","[u'high', u'medium', u'low']",red,51,right,low,False,False,219,5100,NA
A35QYDS8MRV1EX,Mon Dec 04 2017 07:00:32 GMT-0600 (Central Standard Time),Mon Dec 04 2017 07:09:11 GMT-0600 (Central Standard Time),"Mozilla/5.0 (Windows NT 10.0; Win64; x64) AppleWebKit/537.36 (KHTML, like Gecko) Chrome/62.0.3202.94 Safari/537.36",106,"[0.9, 0.5, 0.1]","[0.8, 0.4, 0.2]","[u'black', u'blue', u'red']","[u'left', u'middle', u'right']","[0.8, 0.4, 0.2]","[u'high', u'medium', u'low']",blue,50,middle,medium,True,False,251,5200,NA
A35QYDS8MRV1EX,Mon Dec 04 2017 07:00:32 GMT-0600 (Central Standard Time),Mon Dec 04 2017 07:09:11 GMT-0600 (Central Standard Time),"Mozilla/5.0 (Windows NT 10.0; Win64; x64) AppleWebKit/537.36 (KHTML, like Gecko) Chrome/62.0.3202.94 Safari/537.36",107,"[0.9, 0.5, 0.1]","[0.8, 0.4, 0.2]","[u'black', u'blue', u'red']","[u'left', u'middle', u'right']","[0.8, 0.4, 0.2]","[u'high', u'medium', u'low']",blue,50,middle,medium,False,False,348,5150,NA
A35QYDS8MRV1EX,Mon Dec 04 2017 07:00:32 GMT-0600 (Central Standard Time),Mon Dec 04 2017 07:09:11 GMT-0600 (Central Standard Time),"Mozilla/5.0 (Windows NT 10.0; Win64; x64) AppleWebKit/537.36 (KHTML, like Gecko) Chrome/62.0.3202.94 Safari/537.36",108,"[0.9, 0.5, 0.1]","[0.8, 0.4, 0.2]","[u'black', u'blue', u'red']","[u'left', u'middle', u'right']","[0.8, 0.4, 0.2]","[u'high', u'medium', u'low']",red,51,right,low,False,False,673,5100,NA
A35QYDS8MRV1EX,Mon Dec 04 2017 07:00:32 GMT-0600 (Central Standard Time),Mon Dec 04 2017 07:09:11 GMT-0600 (Central Standard Time),"Mozilla/5.0 (Windows NT 10.0; Win64; x64) AppleWebKit/537.36 (KHTML, like Gecko) Chrome/62.0.3202.94 Safari/537.36",109,"[0.9, 0.5, 0.1]","[0.8, 0.4, 0.2]","[u'black', u'blue', u'red']","[u'left', u'middle', u'right']","[0.8, 0.4, 0.2]","[u'high', u'medium', u'low']",red,51,right,low,True,False,889,5200,NA
A35QYDS8MRV1EX,Mon Dec 04 2017 07:00:32 GMT-0600 (Central Standard Time),Mon Dec 04 2017 07:09:11 GMT-0600 (Central Standard Time),"Mozilla/5.0 (Windows NT 10.0; Win64; x64) AppleWebKit/537.36 (KHTML, like Gecko) Chrome/62.0.3202.94 Safari/537.36",110,"[0.9, 0.5, 0.1]","[0.8, 0.4, 0.2]","[u'black', u'blue', u'red']","[u'left', u'middle', u'right']","[0.8, 0.4, 0.2]","[u'high', u'medium', u'low']",red,51,right,low,False,False,819,5150,NA
A35QYDS8MRV1EX,Mon Dec 04 2017 07:00:32 GMT-0600 (Central Standard Time),Mon Dec 04 2017 07:09:11 GMT-0600 (Central Standard Time),"Mozilla/5.0 (Windows NT 10.0; Win64; x64) AppleWebKit/537.36 (KHTML, like Gecko) Chrome/62.0.3202.94 Safari/537.36",111,"[0.9, 0.5, 0.1]","[0.8, 0.4, 0.2]","[u'black', u'blue', u'red']","[u'left', u'middle', u'right']","[0.8, 0.4, 0.2]","[u'high', u'medium', u'low']",red,51,right,low,False,False,619,5100,NA
A35QYDS8MRV1EX,Mon Dec 04 2017 07:00:32 GMT-0600 (Central Standard Time),Mon Dec 04 2017 07:09:11 GMT-0600 (Central Standard Time),"Mozilla/5.0 (Windows NT 10.0; Win64; x64) AppleWebKit/537.36 (KHTML, like Gecko) Chrome/62.0.3202.94 Safari/537.36",112,"[0.9, 0.5, 0.1]","[0.8, 0.4, 0.2]","[u'black', u'blue', u'red']","[u'left', u'middle', u'right']","[0.8, 0.4, 0.2]","[u'high', u'medium', u'low']",black,49,left,high,True,False,292,5200,NA
A35QYDS8MRV1EX,Mon Dec 04 2017 07:00:32 GMT-0600 (Central Standard Time),Mon Dec 04 2017 07:09:11 GMT-0600 (Central Standard Time),"Mozilla/5.0 (Windows NT 10.0; Win64; x64) AppleWebKit/537.36 (KHTML, like Gecko) Chrome/62.0.3202.94 Safari/537.36",113,"[0.9, 0.5, 0.1]","[0.8, 0.4, 0.2]","[u'black', u'blue', u'red']","[u'left', u'middle', u'right']","[0.8, 0.4, 0.2]","[u'high', u'medium', u'low']",black,49,left,high,False,False,313,5150,NA
A35QYDS8MRV1EX,Mon Dec 04 2017 07:00:32 GMT-0600 (Central Standard Time),Mon Dec 04 2017 07:09:11 GMT-0600 (Central Standard Time),"Mozilla/5.0 (Windows NT 10.0; Win64; x64) AppleWebKit/537.36 (KHTML, like Gecko) Chrome/62.0.3202.94 Safari/537.36",114,"[0.9, 0.5, 0.1]","[0.8, 0.4, 0.2]","[u'black', u'blue', u'red']","[u'left', u'middle', u'right']","[0.8, 0.4, 0.2]","[u'high', u'medium', u'low']",blue,50,middle,medium,False,False,490,5100,NA
A35QYDS8MRV1EX,Mon Dec 04 2017 07:00:32 GMT-0600 (Central Standard Time),Mon Dec 04 2017 07:09:11 GMT-0600 (Central Standard Time),"Mozilla/5.0 (Windows NT 10.0; Win64; x64) AppleWebKit/537.36 (KHTML, like Gecko) Chrome/62.0.3202.94 Safari/537.36",115,"[0.9, 0.5, 0.1]","[0.8, 0.4, 0.2]","[u'black', u'blue', u'red']","[u'left', u'middle', u'right']","[0.8, 0.4, 0.2]","[u'high', u'medium', u'low']",red,51,right,low,False,False,684,5050,NA
A35QYDS8MRV1EX,Mon Dec 04 2017 07:00:32 GMT-0600 (Central Standard Time),Mon Dec 04 2017 07:09:11 GMT-0600 (Central Standard Time),"Mozilla/5.0 (Windows NT 10.0; Win64; x64) AppleWebKit/537.36 (KHTML, like Gecko) Chrome/62.0.3202.94 Safari/537.36",116,"[0.9, 0.5, 0.1]","[0.8, 0.4, 0.2]","[u'black', u'blue', u'red']","[u'left', u'middle', u'right']","[0.8, 0.4, 0.2]","[u'high', u'medium', u'low']",black,49,left,high,True,False,178,5150,NA
A35QYDS8MRV1EX,Mon Dec 04 2017 07:00:32 GMT-0600 (Central Standard Time),Mon Dec 04 2017 07:09:11 GMT-0600 (Central Standard Time),"Mozilla/5.0 (Windows NT 10.0; Win64; x64) AppleWebKit/537.36 (KHTML, like Gecko) Chrome/62.0.3202.94 Safari/537.36",117,"[0.9, 0.5, 0.1]","[0.8, 0.4, 0.2]","[u'black', u'blue', u'red']","[u'left', u'middle', u'right']","[0.8, 0.4, 0.2]","[u'high', u'medium', u'low']",black,49,left,high,True,False,243,5250,NA
A35QYDS8MRV1EX,Mon Dec 04 2017 07:00:32 GMT-0600 (Central Standard Time),Mon Dec 04 2017 07:09:11 GMT-0600 (Central Standard Time),"Mozilla/5.0 (Windows NT 10.0; Win64; x64) AppleWebKit/537.36 (KHTML, like Gecko) Chrome/62.0.3202.94 Safari/537.36",118,"[0.9, 0.5, 0.1]","[0.8, 0.4, 0.2]","[u'black', u'blue', u'red']","[u'left', u'middle', u'right']","[0.8, 0.4, 0.2]","[u'high', u'medium', u'low']",black,49,left,high,True,False,244,5350,NA
A35QYDS8MRV1EX,Mon Dec 04 2017 07:00:32 GMT-0600 (Central Standard Time),Mon Dec 04 2017 07:09:11 GMT-0600 (Central Standard Time),"Mozilla/5.0 (Windows NT 10.0; Win64; x64) AppleWebKit/537.36 (KHTML, like Gecko) Chrome/62.0.3202.94 Safari/537.36",119,"[0.9, 0.5, 0.1]","[0.8, 0.4, 0.2]","[u'black', u'blue', u'red']","[u'left', u'middle', u'right']","[0.8, 0.4, 0.2]","[u'high', u'medium', u'low']",black,49,left,high,True,False,250,5450,NA
A35QYDS8MRV1EX,Mon Dec 04 2017 07:00:32 GMT-0600 (Central Standard Time),Mon Dec 04 2017 07:09:11 GMT-0600 (Central Standard Time),"Mozilla/5.0 (Windows NT 10.0; Win64; x64) AppleWebKit/537.36 (KHTML, like Gecko) Chrome/62.0.3202.94 Safari/537.36",120,"[0.9, 0.5, 0.1]","[0.8, 0.4, 0.2]","[u'black', u'blue', u'red']","[u'left', u'middle', u'right']","[0.8, 0.4, 0.2]","[u'high', u'medium', u'low']",black,49,left,high,False,False,210,5400,NA
A35QYDS8MRV1EX,Mon Dec 04 2017 07:00:32 GMT-0600 (Central Standard Time),Mon Dec 04 2017 07:09:11 GMT-0600 (Central Standard Time),"Mozilla/5.0 (Windows NT 10.0; Win64; x64) AppleWebKit/537.36 (KHTML, like Gecko) Chrome/62.0.3202.94 Safari/537.36",121,"[0.9, 0.5, 0.1]","[0.8, 0.4, 0.2]","[u'black', u'blue', u'red']","[u'left', u'middle', u'right']","[0.8, 0.4, 0.2]","[u'low', u'high', u'medium']",blue,50,middle,high,True,False,639,5500,NA
A35QYDS8MRV1EX,Mon Dec 04 2017 07:00:32 GMT-0600 (Central Standard Time),Mon Dec 04 2017 07:09:11 GMT-0600 (Central Standard Time),"Mozilla/5.0 (Windows NT 10.0; Win64; x64) AppleWebKit/537.36 (KHTML, like Gecko) Chrome/62.0.3202.94 Safari/537.36",122,"[0.9, 0.5, 0.1]","[0.8, 0.4, 0.2]","[u'black', u'blue', u'red']","[u'left', u'middle', u'right']","[0.8, 0.4, 0.2]","[u'low', u'high', u'medium']",red,51,right,medium,True,False,363,5600,NA
A35QYDS8MRV1EX,Mon Dec 04 2017 07:00:32 GMT-0600 (Central Standard Time),Mon Dec 04 2017 07:09:11 GMT-0600 (Central Standard Time),"Mozilla/5.0 (Windows NT 10.0; Win64; x64) AppleWebKit/537.36 (KHTML, like Gecko) Chrome/62.0.3202.94 Safari/537.36",123,"[0.9, 0.5, 0.1]","[0.8, 0.4, 0.2]","[u'black', u'blue', u'red']","[u'left', u'middle', u'right']","[0.8, 0.4, 0.2]","[u'low', u'high', u'medium']",black,49,left,low,False,False,342,5550,NA
A35QYDS8MRV1EX,Mon Dec 04 2017 07:00:32 GMT-0600 (Central Standard Time),Mon Dec 04 2017 07:09:11 GMT-0600 (Central Standard Time),"Mozilla/5.0 (Windows NT 10.0; Win64; x64) AppleWebKit/537.36 (KHTML, like Gecko) Chrome/62.0.3202.94 Safari/537.36",124,"[0.9, 0.5, 0.1]","[0.8, 0.4, 0.2]","[u'black', u'blue', u'red']","[u'left', u'middle', u'right']","[0.8, 0.4, 0.2]","[u'low', u'high', u'medium']",red,51,right,medium,False,False,1546,5500,NA
A35QYDS8MRV1EX,Mon Dec 04 2017 07:00:32 GMT-0600 (Central Standard Time),Mon Dec 04 2017 07:09:11 GMT-0600 (Central Standard Time),"Mozilla/5.0 (Windows NT 10.0; Win64; x64) AppleWebKit/537.36 (KHTML, like Gecko) Chrome/62.0.3202.94 Safari/537.36",125,"[0.9, 0.5, 0.1]","[0.8, 0.4, 0.2]","[u'black', u'blue', u'red']","[u'left', u'middle', u'right']","[0.8, 0.4, 0.2]","[u'low', u'high', u'medium']",blue,50,middle,high,True,False,426,5600,NA
A35QYDS8MRV1EX,Mon Dec 04 2017 07:00:32 GMT-0600 (Central Standard Time),Mon Dec 04 2017 07:09:11 GMT-0600 (Central Standard Time),"Mozilla/5.0 (Windows NT 10.0; Win64; x64) AppleWebKit/537.36 (KHTML, like Gecko) Chrome/62.0.3202.94 Safari/537.36",126,"[0.9, 0.5, 0.1]","[0.8, 0.4, 0.2]","[u'black', u'blue', u'red']","[u'left', u'middle', u'right']","[0.8, 0.4, 0.2]","[u'low', u'high', u'medium']",red,51,right,medium,False,False,410,5550,NA
A35QYDS8MRV1EX,Mon Dec 04 2017 07:00:32 GMT-0600 (Central Standard Time),Mon Dec 04 2017 07:09:11 GMT-0600 (Central Standard Time),"Mozilla/5.0 (Windows NT 10.0; Win64; x64) AppleWebKit/537.36 (KHTML, like Gecko) Chrome/62.0.3202.94 Safari/537.36",127,"[0.9, 0.5, 0.1]","[0.8, 0.4, 0.2]","[u'black', u'blue', u'red']","[u'left', u'middle', u'right']","[0.8, 0.4, 0.2]","[u'low', u'high', u'medium']",black,49,left,low,True,False,250,5650,NA
A35QYDS8MRV1EX,Mon Dec 04 2017 07:00:32 GMT-0600 (Central Standard Time),Mon Dec 04 2017 07:09:11 GMT-0600 (Central Standard Time),"Mozilla/5.0 (Windows NT 10.0; Win64; x64) AppleWebKit/537.36 (KHTML, like Gecko) Chrome/62.0.3202.94 Safari/537.36",128,"[0.9, 0.5, 0.1]","[0.8, 0.4, 0.2]","[u'black', u'blue', u'red']","[u'left', u'middle', u'right']","[0.8, 0.4, 0.2]","[u'low', u'high', u'medium']",blue,50,middle,high,True,False,291,5750,NA
A35QYDS8MRV1EX,Mon Dec 04 2017 07:00:32 GMT-0600 (Central Standard Time),Mon Dec 04 2017 07:09:11 GMT-0600 (Central Standard Time),"Mozilla/5.0 (Windows NT 10.0; Win64; x64) AppleWebKit/537.36 (KHTML, like Gecko) Chrome/62.0.3202.94 Safari/537.36",129,"[0.9, 0.5, 0.1]","[0.8, 0.4, 0.2]","[u'black', u'blue', u'red']","[u'left', u'middle', u'right']","[0.8, 0.4, 0.2]","[u'low', u'high', u'medium']",black,49,left,low,False,False,259,5700,NA
A35QYDS8MRV1EX,Mon Dec 04 2017 07:00:32 GMT-0600 (Central Standard Time),Mon Dec 04 2017 07:09:11 GMT-0600 (Central Standard Time),"Mozilla/5.0 (Windows NT 10.0; Win64; x64) AppleWebKit/537.36 (KHTML, like Gecko) Chrome/62.0.3202.94 Safari/537.36",130,"[0.9, 0.5, 0.1]","[0.8, 0.4, 0.2]","[u'black', u'blue', u'red']","[u'left', u'middle', u'right']","[0.8, 0.4, 0.2]","[u'low', u'high', u'medium']",blue,50,middle,high,True,False,251,5800,NA
A35QYDS8MRV1EX,Mon Dec 04 2017 07:00:32 GMT-0600 (Central Standard Time),Mon Dec 04 2017 07:09:11 GMT-0600 (Central Standard Time),"Mozilla/5.0 (Windows NT 10.0; Win64; x64) AppleWebKit/537.36 (KHTML, like Gecko) Chrome/62.0.3202.94 Safari/537.36",131,"[0.9, 0.5, 0.1]","[0.8, 0.4, 0.2]","[u'black', u'blue', u'red']","[u'left', u'middle', u'right']","[0.8, 0.4, 0.2]","[u'low', u'high', u'medium']",red,51,right,medium,False,False,370,5750,NA
A35QYDS8MRV1EX,Mon Dec 04 2017 07:00:32 GMT-0600 (Central Standard Time),Mon Dec 04 2017 07:09:11 GMT-0600 (Central Standard Time),"Mozilla/5.0 (Windows NT 10.0; Win64; x64) AppleWebKit/537.36 (KHTML, like Gecko) Chrome/62.0.3202.94 Safari/537.36",132,"[0.9, 0.5, 0.1]","[0.8, 0.4, 0.2]","[u'black', u'blue', u'red']","[u'left', u'middle', u'right']","[0.8, 0.4, 0.2]","[u'low', u'high', u'medium']",red,51,right,medium,False,False,13052,5700,NA
A35QYDS8MRV1EX,Mon Dec 04 2017 07:00:32 GMT-0600 (Central Standard Time),Mon Dec 04 2017 07:09:11 GMT-0600 (Central Standard Time),"Mozilla/5.0 (Windows NT 10.0; Win64; x64) AppleWebKit/537.36 (KHTML, like Gecko) Chrome/62.0.3202.94 Safari/537.36",133,"[0.9, 0.5, 0.1]","[0.8, 0.4, 0.2]","[u'black', u'blue', u'red']","[u'left', u'middle', u'right']","[0.8, 0.4, 0.2]","[u'low', u'high', u'medium']",blue,50,middle,high,True,False,323,5800,NA
A35QYDS8MRV1EX,Mon Dec 04 2017 07:00:32 GMT-0600 (Central Standard Time),Mon Dec 04 2017 07:09:11 GMT-0600 (Central Standard Time),"Mozilla/5.0 (Windows NT 10.0; Win64; x64) AppleWebKit/537.36 (KHTML, like Gecko) Chrome/62.0.3202.94 Safari/537.36",134,"[0.9, 0.5, 0.1]","[0.8, 0.4, 0.2]","[u'black', u'blue', u'red']","[u'left', u'middle', u'right']","[0.8, 0.4, 0.2]","[u'low', u'high', u'medium']",blue,50,middle,high,True,False,245,5900,NA
A35QYDS8MRV1EX,Mon Dec 04 2017 07:00:32 GMT-0600 (Central Standard Time),Mon Dec 04 2017 07:09:11 GMT-0600 (Central Standard Time),"Mozilla/5.0 (Windows NT 10.0; Win64; x64) AppleWebKit/537.36 (KHTML, like Gecko) Chrome/62.0.3202.94 Safari/537.36",135,"[0.9, 0.5, 0.1]","[0.8, 0.4, 0.2]","[u'black', u'blue', u'red']","[u'left', u'middle', u'right']","[0.8, 0.4, 0.2]","[u'low', u'high', u'medium']",blue,50,middle,high,True,False,409,6000,NA
A35QYDS8MRV1EX,Mon Dec 04 2017 07:00:32 GMT-0600 (Central Standard Time),Mon Dec 04 2017 07:09:11 GMT-0600 (Central Standard Time),"Mozilla/5.0 (Windows NT 10.0; Win64; x64) AppleWebKit/537.36 (KHTML, like Gecko) Chrome/62.0.3202.94 Safari/537.36",136,"[0.9, 0.5, 0.1]","[0.8, 0.4, 0.2]","[u'black', u'blue', u'red']","[u'left', u'middle', u'right']","[0.8, 0.4, 0.2]","[u'low', u'high', u'medium']",blue,50,middle,high,True,False,288,6100,NA
A35QYDS8MRV1EX,Mon Dec 04 2017 07:00:32 GMT-0600 (Central Standard Time),Mon Dec 04 2017 07:09:11 GMT-0600 (Central Standard Time),"Mozilla/5.0 (Windows NT 10.0; Win64; x64) AppleWebKit/537.36 (KHTML, like Gecko) Chrome/62.0.3202.94 Safari/537.36",137,"[0.9, 0.5, 0.1]","[0.8, 0.4, 0.2]","[u'black', u'blue', u'red']","[u'left', u'middle', u'right']","[0.8, 0.4, 0.2]","[u'low', u'high', u'medium']",blue,50,middle,high,True,False,306,6200,NA
A35QYDS8MRV1EX,Mon Dec 04 2017 07:00:32 GMT-0600 (Central Standard Time),Mon Dec 04 2017 07:09:11 GMT-0600 (Central Standard Time),"Mozilla/5.0 (Windows NT 10.0; Win64; x64) AppleWebKit/537.36 (KHTML, like Gecko) Chrome/62.0.3202.94 Safari/537.36",138,"[0.9, 0.5, 0.1]","[0.8, 0.4, 0.2]","[u'black', u'blue', u'red']","[u'left', u'middle', u'right']","[0.8, 0.4, 0.2]","[u'low', u'high', u'medium']",blue,50,middle,high,True,False,371,6300,NA
A35QYDS8MRV1EX,Mon Dec 04 2017 07:00:32 GMT-0600 (Central Standard Time),Mon Dec 04 2017 07:09:11 GMT-0600 (Central Standard Time),"Mozilla/5.0 (Windows NT 10.0; Win64; x64) AppleWebKit/537.36 (KHTML, like Gecko) Chrome/62.0.3202.94 Safari/537.36",139,"[0.9, 0.5, 0.1]","[0.8, 0.4, 0.2]","[u'black', u'blue', u'red']","[u'left', u'middle', u'right']","[0.8, 0.4, 0.2]","[u'low', u'high', u'medium']",blue,50,middle,high,True,False,250,6400,NA
A35QYDS8MRV1EX,Mon Dec 04 2017 07:00:32 GMT-0600 (Central Standard Time),Mon Dec 04 2017 07:09:11 GMT-0600 (Central Standard Time),"Mozilla/5.0 (Windows NT 10.0; Win64; x64) AppleWebKit/537.36 (KHTML, like Gecko) Chrome/62.0.3202.94 Safari/537.36",140,"[0.9, 0.5, 0.1]","[0.8, 0.4, 0.2]","[u'black', u'blue', u'red']","[u'left', u'middle', u'right']","[0.8, 0.4, 0.2]","[u'low', u'high', u'medium']",blue,50,middle,high,True,False,277,6500,NA
A35QYDS8MRV1EX,Mon Dec 04 2017 07:00:32 GMT-0600 (Central Standard Time),Mon Dec 04 2017 07:09:11 GMT-0600 (Central Standard Time),"Mozilla/5.0 (Windows NT 10.0; Win64; x64) AppleWebKit/537.36 (KHTML, like Gecko) Chrome/62.0.3202.94 Safari/537.36",141,"[0.9, 0.5, 0.1]","[0.8, 0.4, 0.2]","[u'black', u'blue', u'red']","[u'left', u'middle', u'right']","[0.8, 0.4, 0.2]","[u'low', u'high', u'medium']",blue,50,middle,high,False,True,372,6450,NA
A35QYDS8MRV1EX,Mon Dec 04 2017 07:00:32 GMT-0600 (Central Standard Time),Mon Dec 04 2017 07:09:11 GMT-0600 (Central Standard Time),"Mozilla/5.0 (Windows NT 10.0; Win64; x64) AppleWebKit/537.36 (KHTML, like Gecko) Chrome/62.0.3202.94 Safari/537.36",142,"[0.9, 0.5, 0.1]","[0.8, 0.4, 0.2]","[u'black', u'blue', u'red']","[u'left', u'middle', u'right']","[0.8, 0.4, 0.2]","[u'low', u'medium', u'high']",black,49,left,low,True,False,314,6550,NA
A35QYDS8MRV1EX,Mon Dec 04 2017 07:00:32 GMT-0600 (Central Standard Time),Mon Dec 04 2017 07:09:11 GMT-0600 (Central Standard Time),"Mozilla/5.0 (Windows NT 10.0; Win64; x64) AppleWebKit/537.36 (KHTML, like Gecko) Chrome/62.0.3202.94 Safari/537.36",143,"[0.9, 0.5, 0.1]","[0.8, 0.4, 0.2]","[u'black', u'blue', u'red']","[u'left', u'middle', u'right']","[0.8, 0.4, 0.2]","[u'low', u'medium', u'high']",black,49,left,low,False,False,258,6500,NA
A35QYDS8MRV1EX,Mon Dec 04 2017 07:00:32 GMT-0600 (Central Standard Time),Mon Dec 04 2017 07:09:11 GMT-0600 (Central Standard Time),"Mozilla/5.0 (Windows NT 10.0; Win64; x64) AppleWebKit/537.36 (KHTML, like Gecko) Chrome/62.0.3202.94 Safari/537.36",144,"[0.9, 0.5, 0.1]","[0.8, 0.4, 0.2]","[u'black', u'blue', u'red']","[u'left', u'middle', u'right']","[0.8, 0.4, 0.2]","[u'low', u'medium', u'high']",red,51,right,high,True,False,281,6600,NA
A35QYDS8MRV1EX,Mon Dec 04 2017 07:00:32 GMT-0600 (Central Standard Time),Mon Dec 04 2017 07:09:11 GMT-0600 (Central Standard Time),"Mozilla/5.0 (Windows NT 10.0; Win64; x64) AppleWebKit/537.36 (KHTML, like Gecko) Chrome/62.0.3202.94 Safari/537.36",145,"[0.9, 0.5, 0.1]","[0.8, 0.4, 0.2]","[u'black', u'blue', u'red']","[u'left', u'middle', u'right']","[0.8, 0.4, 0.2]","[u'low', u'medium', u'high']",blue,50,middle,medium,False,False,291,6550,NA
A35QYDS8MRV1EX,Mon Dec 04 2017 07:00:32 GMT-0600 (Central Standard Time),Mon Dec 04 2017 07:09:11 GMT-0600 (Central Standard Time),"Mozilla/5.0 (Windows NT 10.0; Win64; x64) AppleWebKit/537.36 (KHTML, like Gecko) Chrome/62.0.3202.94 Safari/537.36",146,"[0.9, 0.5, 0.1]","[0.8, 0.4, 0.2]","[u'black', u'blue', u'red']","[u'left', u'middle', u'right']","[0.8, 0.4, 0.2]","[u'low', u'medium', u'high']",blue,50,middle,medium,False,False,452,6500,NA
A35QYDS8MRV1EX,Mon Dec 04 2017 07:00:32 GMT-0600 (Central Standard Time),Mon Dec 04 2017 07:09:11 GMT-0600 (Central Standard Time),"Mozilla/5.0 (Windows NT 10.0; Win64; x64) AppleWebKit/537.36 (KHTML, like Gecko) Chrome/62.0.3202.94 Safari/537.36",147,"[0.9, 0.5, 0.1]","[0.8, 0.4, 0.2]","[u'black', u'blue', u'red']","[u'left', u'middle', u'right']","[0.8, 0.4, 0.2]","[u'low', u'medium', u'high']",black,49,left,low,False,False,305,6450,NA
A35QYDS8MRV1EX,Mon Dec 04 2017 07:00:32 GMT-0600 (Central Standard Time),Mon Dec 04 2017 07:09:11 GMT-0600 (Central Standard Time),"Mozilla/5.0 (Windows NT 10.0; Win64; x64) AppleWebKit/537.36 (KHTML, like Gecko) Chrome/62.0.3202.94 Safari/537.36",148,"[0.9, 0.5, 0.1]","[0.8, 0.4, 0.2]","[u'black', u'blue', u'red']","[u'left', u'middle', u'right']","[0.8, 0.4, 0.2]","[u'low', u'medium', u'high']",red,51,right,high,True,False,214,6550,NA
A35QYDS8MRV1EX,Mon Dec 04 2017 07:00:32 GMT-0600 (Central Standard Time),Mon Dec 04 2017 07:09:11 GMT-0600 (Central Standard Time),"Mozilla/5.0 (Windows NT 10.0; Win64; x64) AppleWebKit/537.36 (KHTML, like Gecko) Chrome/62.0.3202.94 Safari/537.36",149,"[0.9, 0.5, 0.1]","[0.8, 0.4, 0.2]","[u'black', u'blue', u'red']","[u'left', u'middle', u'right']","[0.8, 0.4, 0.2]","[u'low', u'medium', u'high']",red,51,right,high,True,False,280,6650,NA
A35QYDS8MRV1EX,Mon Dec 04 2017 07:00:32 GMT-0600 (Central Standard Time),Mon Dec 04 2017 07:09:11 GMT-0600 (Central Standard Time),"Mozilla/5.0 (Windows NT 10.0; Win64; x64) AppleWebKit/537.36 (KHTML, like Gecko) Chrome/62.0.3202.94 Safari/537.36",150,"[0.9, 0.5, 0.1]","[0.8, 0.4, 0.2]","[u'black', u'blue', u'red']","[u'left', u'middle', u'right']","[0.8, 0.4, 0.2]","[u'low', u'medium', u'high']",red,51,right,high,True,False,235,6750,NA
A35QYDS8MRV1EX,Mon Dec 04 2017 07:00:32 GMT-0600 (Central Standard Time),Mon Dec 04 2017 07:09:11 GMT-0600 (Central Standard Time),"Mozilla/5.0 (Windows NT 10.0; Win64; x64) AppleWebKit/537.36 (KHTML, like Gecko) Chrome/62.0.3202.94 Safari/537.36",151,"[0.9, 0.5, 0.1]","[0.8, 0.4, 0.2]","[u'black', u'blue', u'red']","[u'left', u'middle', u'right']","[0.8, 0.4, 0.2]","[u'low', u'medium', u'high']",red,51,right,high,True,False,235,6850,NA
A35QYDS8MRV1EX,Mon Dec 04 2017 07:00:32 GMT-0600 (Central Standard Time),Mon Dec 04 2017 07:09:11 GMT-0600 (Central Standard Time),"Mozilla/5.0 (Windows NT 10.0; Win64; x64) AppleWebKit/537.36 (KHTML, like Gecko) Chrome/62.0.3202.94 Safari/537.36",152,"[0.9, 0.5, 0.1]","[0.8, 0.4, 0.2]","[u'black', u'blue', u'red']","[u'left', u'middle', u'right']","[0.8, 0.4, 0.2]","[u'low', u'medium', u'high']",red,51,right,high,True,False,284,6950,NA
A35QYDS8MRV1EX,Mon Dec 04 2017 07:00:32 GMT-0600 (Central Standard Time),Mon Dec 04 2017 07:09:11 GMT-0600 (Central Standard Time),"Mozilla/5.0 (Windows NT 10.0; Win64; x64) AppleWebKit/537.36 (KHTML, like Gecko) Chrome/62.0.3202.94 Safari/537.36",153,"[0.9, 0.5, 0.1]","[0.8, 0.4, 0.2]","[u'black', u'blue', u'red']","[u'left', u'middle', u'right']","[0.8, 0.4, 0.2]","[u'low', u'medium', u'high']",red,51,right,high,False,False,234,6900,NA
A35QYDS8MRV1EX,Mon Dec 04 2017 07:00:32 GMT-0600 (Central Standard Time),Mon Dec 04 2017 07:09:11 GMT-0600 (Central Standard Time),"Mozilla/5.0 (Windows NT 10.0; Win64; x64) AppleWebKit/537.36 (KHTML, like Gecko) Chrome/62.0.3202.94 Safari/537.36",154,"[0.9, 0.5, 0.1]","[0.8, 0.4, 0.2]","[u'black', u'blue', u'red']","[u'left', u'middle', u'right']","[0.8, 0.4, 0.2]","[u'low', u'medium', u'high']",black,49,left,low,False,False,178,6850,NA
A35QYDS8MRV1EX,Mon Dec 04 2017 07:00:32 GMT-0600 (Central Standard Time),Mon Dec 04 2017 07:09:11 GMT-0600 (Central Standard Time),"Mozilla/5.0 (Windows NT 10.0; Win64; x64) AppleWebKit/537.36 (KHTML, like Gecko) Chrome/62.0.3202.94 Safari/537.36",155,"[0.9, 0.5, 0.1]","[0.8, 0.4, 0.2]","[u'black', u'blue', u'red']","[u'left', u'middle', u'right']","[0.8, 0.4, 0.2]","[u'low', u'medium', u'high']",blue,50,middle,medium,False,False,434,6800,NA
A35QYDS8MRV1EX,Mon Dec 04 2017 07:00:32 GMT-0600 (Central Standard Time),Mon Dec 04 2017 07:09:11 GMT-0600 (Central Standard Time),"Mozilla/5.0 (Windows NT 10.0; Win64; x64) AppleWebKit/537.36 (KHTML, like Gecko) Chrome/62.0.3202.94 Safari/537.36",156,"[0.9, 0.5, 0.1]","[0.8, 0.4, 0.2]","[u'black', u'blue', u'red']","[u'left', u'middle', u'right']","[0.8, 0.4, 0.2]","[u'low', u'medium', u'high']",red,51,right,high,True,False,1161,6900,NA
A35QYDS8MRV1EX,Mon Dec 04 2017 07:00:32 GMT-0600 (Central Standard Time),Mon Dec 04 2017 07:09:11 GMT-0600 (Central Standard Time),"Mozilla/5.0 (Windows NT 10.0; Win64; x64) AppleWebKit/537.36 (KHTML, like Gecko) Chrome/62.0.3202.94 Safari/537.36",157,"[0.9, 0.5, 0.1]","[0.8, 0.4, 0.2]","[u'black', u'blue', u'red']","[u'left', u'middle', u'right']","[0.8, 0.4, 0.2]","[u'low', u'medium', u'high']",red,51,right,high,True,False,218,7000,NA
A35QYDS8MRV1EX,Mon Dec 04 2017 07:00:32 GMT-0600 (Central Standard Time),Mon Dec 04 2017 07:09:11 GMT-0600 (Central Standard Time),"Mozilla/5.0 (Windows NT 10.0; Win64; x64) AppleWebKit/537.36 (KHTML, like Gecko) Chrome/62.0.3202.94 Safari/537.36",158,"[0.9, 0.5, 0.1]","[0.8, 0.4, 0.2]","[u'black', u'blue', u'red']","[u'left', u'middle', u'right']","[0.8, 0.4, 0.2]","[u'low', u'medium', u'high']",red,51,right,high,True,False,252,7100,NA
A35QYDS8MRV1EX,Mon Dec 04 2017 07:00:32 GMT-0600 (Central Standard Time),Mon Dec 04 2017 07:09:11 GMT-0600 (Central Standard Time),"Mozilla/5.0 (Windows NT 10.0; Win64; x64) AppleWebKit/537.36 (KHTML, like Gecko) Chrome/62.0.3202.94 Safari/537.36",159,"[0.9, 0.5, 0.1]","[0.8, 0.4, 0.2]","[u'black', u'blue', u'red']","[u'left', u'middle', u'right']","[0.8, 0.4, 0.2]","[u'low', u'medium', u'high']",red,51,right,high,True,False,240,7200,NA
A35QYDS8MRV1EX,Mon Dec 04 2017 07:00:32 GMT-0600 (Central Standard Time),Mon Dec 04 2017 07:09:11 GMT-0600 (Central Standard Time),"Mozilla/5.0 (Windows NT 10.0; Win64; x64) AppleWebKit/537.36 (KHTML, like Gecko) Chrome/62.0.3202.94 Safari/537.36",160,"[0.9, 0.5, 0.1]","[0.8, 0.4, 0.2]","[u'black', u'blue', u'red']","[u'left', u'middle', u'right']","[0.8, 0.4, 0.2]","[u'low', u'medium', u'high']",red,51,right,high,True,False,267,7300,NA
