A1X3N2ATX5DAJP,Mon Dec 04 2017 07:00:16 GMT-0600 (Central Standard Time),Mon Dec 04 2017 07:07:24 GMT-0600 (Central Standard Time),"Mozilla/5.0 (Windows NT 10.0; Win64; x64) AppleWebKit/537.36 (KHTML, like Gecko) Chrome/62.0.3202.94 Safari/537.36",1,"[0.9, 0.5, 0.1]","[0.8, 0.4, 0.2]","[u'blue', u'red', u'black']","[u'left', u'middle', u'right']","[0.9, 0.5, 0.1]","[u'medium', u'high', u'low']",blue,49,left,medium,False,False,1350,-50,NA
A1X3N2ATX5DAJP,Mon Dec 04 2017 07:00:16 GMT-0600 (Central Standard Time),Mon Dec 04 2017 07:07:24 GMT-0600 (Central Standard Time),"Mozilla/5.0 (Windows NT 10.0; Win64; x64) AppleWebKit/537.36 (KHTML, like Gecko) Chrome/62.0.3202.94 Safari/537.36",2,"[0.9, 0.5, 0.1]","[0.8, 0.4, 0.2]","[u'blue', u'red', u'black']","[u'left', u'middle', u'right']","[0.9, 0.5, 0.1]","[u'medium', u'high', u'low']",black,51,right,low,False,False,96,-100,NA
A1X3N2ATX5DAJP,Mon Dec 04 2017 07:00:16 GMT-0600 (Central Standard Time),Mon Dec 04 2017 07:07:24 GMT-0600 (Central Standard Time),"Mozilla/5.0 (Windows NT 10.0; Win64; x64) AppleWebKit/537.36 (KHTML, like Gecko) Chrome/62.0.3202.94 Safari/537.36",3,"[0.9, 0.5, 0.1]","[0.8, 0.4, 0.2]","[u'blue', u'red', u'black']","[u'left', u'middle', u'right']","[0.9, 0.5, 0.1]","[u'medium', u'high', u'low']",red,50,middle,high,True,False,339,0,NA
A1X3N2ATX5DAJP,Mon Dec 04 2017 07:00:16 GMT-0600 (Central Standard Time),Mon Dec 04 2017 07:07:24 GMT-0600 (Central Standard Time),"Mozilla/5.0 (Windows NT 10.0; Win64; x64) AppleWebKit/537.36 (KHTML, like Gecko) Chrome/62.0.3202.94 Safari/537.36",4,"[0.9, 0.5, 0.1]","[0.8, 0.4, 0.2]","[u'blue', u'red', u'black']","[u'left', u'middle', u'right']","[0.9, 0.5, 0.1]","[u'medium', u'high', u'low']",red,50,middle,high,True,False,410,100,NA
A1X3N2ATX5DAJP,Mon Dec 04 2017 07:00:16 GMT-0600 (Central Standard Time),Mon Dec 04 2017 07:07:24 GMT-0600 (Central Standard Time),"Mozilla/5.0 (Windows NT 10.0; Win64; x64) AppleWebKit/537.36 (KHTML, like Gecko) Chrome/62.0.3202.94 Safari/537.36",5,"[0.9, 0.5, 0.1]","[0.8, 0.4, 0.2]","[u'blue', u'red', u'black']","[u'left', u'middle', u'right']","[0.9, 0.5, 0.1]","[u'medium', u'high', u'low']",red,50,middle,high,True,False,390,200,NA
A1X3N2ATX5DAJP,Mon Dec 04 2017 07:00:16 GMT-0600 (Central Standard Time),Mon Dec 04 2017 07:07:24 GMT-0600 (Central Standard Time),"Mozilla/5.0 (Windows NT 10.0; Win64; x64) AppleWebKit/537.36 (KHTML, like Gecko) Chrome/62.0.3202.94 Safari/537.36",6,"[0.9, 0.5, 0.1]","[0.8, 0.4, 0.2]","[u'blue', u'red', u'black']","[u'left', u'middle', u'right']","[0.9, 0.5, 0.1]","[u'medium', u'high', u'low']",red,50,middle,high,True,False,373,300,NA
A1X3N2ATX5DAJP,Mon Dec 04 2017 07:00:16 GMT-0600 (Central Standard Time),Mon Dec 04 2017 07:07:24 GMT-0600 (Central Standard Time),"Mozilla/5.0 (Windows NT 10.0; Win64; x64) AppleWebKit/537.36 (KHTML, like Gecko) Chrome/62.0.3202.94 Safari/537.36",7,"[0.9, 0.5, 0.1]","[0.8, 0.4, 0.2]","[u'blue', u'red', u'black']","[u'left', u'middle', u'right']","[0.9, 0.5, 0.1]","[u'medium', u'high', u'low']",red,50,middle,high,True,False,359,400,NA
A1X3N2ATX5DAJP,Mon Dec 04 2017 07:00:16 GMT-0600 (Central Standard Time),Mon Dec 04 2017 07:07:24 GMT-0600 (Central Standard Time),"Mozilla/5.0 (Windows NT 10.0; Win64; x64) AppleWebKit/537.36 (KHTML, like Gecko) Chrome/62.0.3202.94 Safari/537.36",8,"[0.9, 0.5, 0.1]","[0.8, 0.4, 0.2]","[u'blue', u'red', u'black']","[u'left', u'middle', u'right']","[0.9, 0.5, 0.1]","[u'medium', u'high', u'low']",red,50,middle,high,True,False,371,500,NA
A1X3N2ATX5DAJP,Mon Dec 04 2017 07:00:16 GMT-0600 (Central Standard Time),Mon Dec 04 2017 07:07:24 GMT-0600 (Central Standard Time),"Mozilla/5.0 (Windows NT 10.0; Win64; x64) AppleWebKit/537.36 (KHTML, like Gecko) Chrome/62.0.3202.94 Safari/537.36",9,"[0.9, 0.5, 0.1]","[0.8, 0.4, 0.2]","[u'blue', u'red', u'black']","[u'left', u'middle', u'right']","[0.9, 0.5, 0.1]","[u'medium', u'high', u'low']",red,50,middle,high,True,False,471,600,NA
A1X3N2ATX5DAJP,Mon Dec 04 2017 07:00:16 GMT-0600 (Central Standard Time),Mon Dec 04 2017 07:07:24 GMT-0600 (Central Standard Time),"Mozilla/5.0 (Windows NT 10.0; Win64; x64) AppleWebKit/537.36 (KHTML, like Gecko) Chrome/62.0.3202.94 Safari/537.36",10,"[0.9, 0.5, 0.1]","[0.8, 0.4, 0.2]","[u'blue', u'red', u'black']","[u'left', u'middle', u'right']","[0.9, 0.5, 0.1]","[u'medium', u'high', u'low']",red,50,middle,high,True,False,371,700,NA
A1X3N2ATX5DAJP,Mon Dec 04 2017 07:00:16 GMT-0600 (Central Standard Time),Mon Dec 04 2017 07:07:24 GMT-0600 (Central Standard Time),"Mozilla/5.0 (Windows NT 10.0; Win64; x64) AppleWebKit/537.36 (KHTML, like Gecko) Chrome/62.0.3202.94 Safari/537.36",11,"[0.9, 0.5, 0.1]","[0.8, 0.4, 0.2]","[u'blue', u'red', u'black']","[u'left', u'middle', u'right']","[0.9, 0.5, 0.1]","[u'medium', u'high', u'low']",red,50,middle,high,True,True,323,800,NA
A1X3N2ATX5DAJP,Mon Dec 04 2017 07:00:16 GMT-0600 (Central Standard Time),Mon Dec 04 2017 07:07:24 GMT-0600 (Central Standard Time),"Mozilla/5.0 (Windows NT 10.0; Win64; x64) AppleWebKit/537.36 (KHTML, like Gecko) Chrome/62.0.3202.94 Safari/537.36",12,"[0.9, 0.5, 0.1]","[0.8, 0.4, 0.2]","[u'blue', u'red', u'black']","[u'left', u'middle', u'right']","[0.9, 0.5, 0.1]","[u'high', u'medium', u'low']",red,50,middle,medium,False,False,303,750,NA
A1X3N2ATX5DAJP,Mon Dec 04 2017 07:00:16 GMT-0600 (Central Standard Time),Mon Dec 04 2017 07:07:24 GMT-0600 (Central Standard Time),"Mozilla/5.0 (Windows NT 10.0; Win64; x64) AppleWebKit/537.36 (KHTML, like Gecko) Chrome/62.0.3202.94 Safari/537.36",13,"[0.9, 0.5, 0.1]","[0.8, 0.4, 0.2]","[u'blue', u'red', u'black']","[u'left', u'middle', u'right']","[0.9, 0.5, 0.1]","[u'high', u'medium', u'low']",blue,49,left,high,True,False,331,850,NA
A1X3N2ATX5DAJP,Mon Dec 04 2017 07:00:16 GMT-0600 (Central Standard Time),Mon Dec 04 2017 07:07:24 GMT-0600 (Central Standard Time),"Mozilla/5.0 (Windows NT 10.0; Win64; x64) AppleWebKit/537.36 (KHTML, like Gecko) Chrome/62.0.3202.94 Safari/537.36",14,"[0.9, 0.5, 0.1]","[0.8, 0.4, 0.2]","[u'blue', u'red', u'black']","[u'left', u'middle', u'right']","[0.9, 0.5, 0.1]","[u'high', u'medium', u'low']",blue,49,left,high,False,False,344,800,NA
A1X3N2ATX5DAJP,Mon Dec 04 2017 07:00:16 GMT-0600 (Central Standard Time),Mon Dec 04 2017 07:07:24 GMT-0600 (Central Standard Time),"Mozilla/5.0 (Windows NT 10.0; Win64; x64) AppleWebKit/537.36 (KHTML, like Gecko) Chrome/62.0.3202.94 Safari/537.36",15,"[0.9, 0.5, 0.1]","[0.8, 0.4, 0.2]","[u'blue', u'red', u'black']","[u'left', u'middle', u'right']","[0.9, 0.5, 0.1]","[u'high', u'medium', u'low']",black,51,right,low,True,False,357,900,NA
A1X3N2ATX5DAJP,Mon Dec 04 2017 07:00:16 GMT-0600 (Central Standard Time),Mon Dec 04 2017 07:07:24 GMT-0600 (Central Standard Time),"Mozilla/5.0 (Windows NT 10.0; Win64; x64) AppleWebKit/537.36 (KHTML, like Gecko) Chrome/62.0.3202.94 Safari/537.36",16,"[0.9, 0.5, 0.1]","[0.8, 0.4, 0.2]","[u'blue', u'red', u'black']","[u'left', u'middle', u'right']","[0.9, 0.5, 0.1]","[u'high', u'medium', u'low']",black,51,right,low,False,False,349,850,NA
A1X3N2ATX5DAJP,Mon Dec 04 2017 07:00:16 GMT-0600 (Central Standard Time),Mon Dec 04 2017 07:07:24 GMT-0600 (Central Standard Time),"Mozilla/5.0 (Windows NT 10.0; Win64; x64) AppleWebKit/537.36 (KHTML, like Gecko) Chrome/62.0.3202.94 Safari/537.36",17,"[0.9, 0.5, 0.1]","[0.8, 0.4, 0.2]","[u'blue', u'red', u'black']","[u'left', u'middle', u'right']","[0.9, 0.5, 0.1]","[u'high', u'medium', u'low']",red,50,middle,medium,False,False,307,800,NA
A1X3N2ATX5DAJP,Mon Dec 04 2017 07:00:16 GMT-0600 (Central Standard Time),Mon Dec 04 2017 07:07:24 GMT-0600 (Central Standard Time),"Mozilla/5.0 (Windows NT 10.0; Win64; x64) AppleWebKit/537.36 (KHTML, like Gecko) Chrome/62.0.3202.94 Safari/537.36",18,"[0.9, 0.5, 0.1]","[0.8, 0.4, 0.2]","[u'blue', u'red', u'black']","[u'left', u'middle', u'right']","[0.9, 0.5, 0.1]","[u'high', u'medium', u'low']",blue,49,left,high,True,False,328,900,NA
A1X3N2ATX5DAJP,Mon Dec 04 2017 07:00:16 GMT-0600 (Central Standard Time),Mon Dec 04 2017 07:07:24 GMT-0600 (Central Standard Time),"Mozilla/5.0 (Windows NT 10.0; Win64; x64) AppleWebKit/537.36 (KHTML, like Gecko) Chrome/62.0.3202.94 Safari/537.36",19,"[0.9, 0.5, 0.1]","[0.8, 0.4, 0.2]","[u'blue', u'red', u'black']","[u'left', u'middle', u'right']","[0.9, 0.5, 0.1]","[u'high', u'medium', u'low']",blue,49,left,high,True,False,293,1000,NA
A1X3N2ATX5DAJP,Mon Dec 04 2017 07:00:16 GMT-0600 (Central Standard Time),Mon Dec 04 2017 07:07:24 GMT-0600 (Central Standard Time),"Mozilla/5.0 (Windows NT 10.0; Win64; x64) AppleWebKit/537.36 (KHTML, like Gecko) Chrome/62.0.3202.94 Safari/537.36",20,"[0.9, 0.5, 0.1]","[0.8, 0.4, 0.2]","[u'blue', u'red', u'black']","[u'left', u'middle', u'right']","[0.9, 0.5, 0.1]","[u'high', u'medium', u'low']",blue,49,left,high,True,False,300,1100,NA
A1X3N2ATX5DAJP,Mon Dec 04 2017 07:00:16 GMT-0600 (Central Standard Time),Mon Dec 04 2017 07:07:24 GMT-0600 (Central Standard Time),"Mozilla/5.0 (Windows NT 10.0; Win64; x64) AppleWebKit/537.36 (KHTML, like Gecko) Chrome/62.0.3202.94 Safari/537.36",21,"[0.9, 0.5, 0.1]","[0.8, 0.4, 0.2]","[u'blue', u'red', u'black']","[u'left', u'middle', u'right']","[0.9, 0.5, 0.1]","[u'high', u'medium', u'low']",blue,49,left,high,True,False,280,1200,NA
A1X3N2ATX5DAJP,Mon Dec 04 2017 07:00:16 GMT-0600 (Central Standard Time),Mon Dec 04 2017 07:07:24 GMT-0600 (Central Standard Time),"Mozilla/5.0 (Windows NT 10.0; Win64; x64) AppleWebKit/537.36 (KHTML, like Gecko) Chrome/62.0.3202.94 Safari/537.36",22,"[0.9, 0.5, 0.1]","[0.8, 0.4, 0.2]","[u'blue', u'red', u'black']","[u'left', u'middle', u'right']","[0.9, 0.5, 0.1]","[u'high', u'medium', u'low']",blue,49,left,high,True,False,212,1300,NA
A1X3N2ATX5DAJP,Mon Dec 04 2017 07:00:16 GMT-0600 (Central Standard Time),Mon Dec 04 2017 07:07:24 GMT-0600 (Central Standard Time),"Mozilla/5.0 (Windows NT 10.0; Win64; x64) AppleWebKit/537.36 (KHTML, like Gecko) Chrome/62.0.3202.94 Safari/537.36",23,"[0.9, 0.5, 0.1]","[0.8, 0.4, 0.2]","[u'blue', u'red', u'black']","[u'left', u'middle', u'right']","[0.9, 0.5, 0.1]","[u'high', u'medium', u'low']",blue,49,left,high,True,False,293,1400,NA
A1X3N2ATX5DAJP,Mon Dec 04 2017 07:00:16 GMT-0600 (Central Standard Time),Mon Dec 04 2017 07:07:24 GMT-0600 (Central Standard Time),"Mozilla/5.0 (Windows NT 10.0; Win64; x64) AppleWebKit/537.36 (KHTML, like Gecko) Chrome/62.0.3202.94 Safari/537.36",24,"[0.9, 0.5, 0.1]","[0.8, 0.4, 0.2]","[u'blue', u'red', u'black']","[u'left', u'middle', u'right']","[0.9, 0.5, 0.1]","[u'high', u'medium', u'low']",blue,49,left,high,True,False,227,1500,NA
A1X3N2ATX5DAJP,Mon Dec 04 2017 07:00:16 GMT-0600 (Central Standard Time),Mon Dec 04 2017 07:07:24 GMT-0600 (Central Standard Time),"Mozilla/5.0 (Windows NT 10.0; Win64; x64) AppleWebKit/537.36 (KHTML, like Gecko) Chrome/62.0.3202.94 Safari/537.36",25,"[0.9, 0.5, 0.1]","[0.8, 0.4, 0.2]","[u'blue', u'red', u'black']","[u'left', u'middle', u'right']","[0.9, 0.5, 0.1]","[u'high', u'medium', u'low']",blue,49,left,high,True,False,229,1600,NA
A1X3N2ATX5DAJP,Mon Dec 04 2017 07:00:16 GMT-0600 (Central Standard Time),Mon Dec 04 2017 07:07:24 GMT-0600 (Central Standard Time),"Mozilla/5.0 (Windows NT 10.0; Win64; x64) AppleWebKit/537.36 (KHTML, like Gecko) Chrome/62.0.3202.94 Safari/537.36",26,"[0.9, 0.5, 0.1]","[0.8, 0.4, 0.2]","[u'blue', u'red', u'black']","[u'left', u'middle', u'right']","[0.9, 0.5, 0.1]","[u'high', u'medium', u'low']",blue,49,left,high,True,True,227,1700,NA
A1X3N2ATX5DAJP,Mon Dec 04 2017 07:00:16 GMT-0600 (Central Standard Time),Mon Dec 04 2017 07:07:24 GMT-0600 (Central Standard Time),"Mozilla/5.0 (Windows NT 10.0; Win64; x64) AppleWebKit/537.36 (KHTML, like Gecko) Chrome/62.0.3202.94 Safari/537.36",27,"[0.9, 0.5, 0.1]","[0.8, 0.4, 0.2]","[u'blue', u'red', u'black']","[u'left', u'middle', u'right']","[0.9, 0.5, 0.1]","[u'medium', u'low', u'high']",blue,49,left,medium,False,False,299,1650,NA
A1X3N2ATX5DAJP,Mon Dec 04 2017 07:00:16 GMT-0600 (Central Standard Time),Mon Dec 04 2017 07:07:24 GMT-0600 (Central Standard Time),"Mozilla/5.0 (Windows NT 10.0; Win64; x64) AppleWebKit/537.36 (KHTML, like Gecko) Chrome/62.0.3202.94 Safari/537.36",28,"[0.9, 0.5, 0.1]","[0.8, 0.4, 0.2]","[u'blue', u'red', u'black']","[u'left', u'middle', u'right']","[0.9, 0.5, 0.1]","[u'medium', u'low', u'high']",red,50,middle,low,False,False,527,1600,NA
A1X3N2ATX5DAJP,Mon Dec 04 2017 07:00:16 GMT-0600 (Central Standard Time),Mon Dec 04 2017 07:07:24 GMT-0600 (Central Standard Time),"Mozilla/5.0 (Windows NT 10.0; Win64; x64) AppleWebKit/537.36 (KHTML, like Gecko) Chrome/62.0.3202.94 Safari/537.36",29,"[0.9, 0.5, 0.1]","[0.8, 0.4, 0.2]","[u'blue', u'red', u'black']","[u'left', u'middle', u'right']","[0.9, 0.5, 0.1]","[u'medium', u'low', u'high']",black,51,right,high,False,False,313,1550,NA
A1X3N2ATX5DAJP,Mon Dec 04 2017 07:00:16 GMT-0600 (Central Standard Time),Mon Dec 04 2017 07:07:24 GMT-0600 (Central Standard Time),"Mozilla/5.0 (Windows NT 10.0; Win64; x64) AppleWebKit/537.36 (KHTML, like Gecko) Chrome/62.0.3202.94 Safari/537.36",30,"[0.9, 0.5, 0.1]","[0.8, 0.4, 0.2]","[u'blue', u'red', u'black']","[u'left', u'middle', u'right']","[0.9, 0.5, 0.1]","[u'medium', u'low', u'high']",blue,49,left,medium,False,False,159,1500,NA
A1X3N2ATX5DAJP,Mon Dec 04 2017 07:00:16 GMT-0600 (Central Standard Time),Mon Dec 04 2017 07:07:24 GMT-0600 (Central Standard Time),"Mozilla/5.0 (Windows NT 10.0; Win64; x64) AppleWebKit/537.36 (KHTML, like Gecko) Chrome/62.0.3202.94 Safari/537.36",31,"[0.9, 0.5, 0.1]","[0.8, 0.4, 0.2]","[u'blue', u'red', u'black']","[u'left', u'middle', u'right']","[0.9, 0.5, 0.1]","[u'medium', u'low', u'high']",red,50,middle,low,False,False,290,1450,NA
A1X3N2ATX5DAJP,Mon Dec 04 2017 07:00:16 GMT-0600 (Central Standard Time),Mon Dec 04 2017 07:07:24 GMT-0600 (Central Standard Time),"Mozilla/5.0 (Windows NT 10.0; Win64; x64) AppleWebKit/537.36 (KHTML, like Gecko) Chrome/62.0.3202.94 Safari/537.36",32,"[0.9, 0.5, 0.1]","[0.8, 0.4, 0.2]","[u'blue', u'red', u'black']","[u'left', u'middle', u'right']","[0.9, 0.5, 0.1]","[u'medium', u'low', u'high']",black,51,right,high,True,False,255,1550,NA
A1X3N2ATX5DAJP,Mon Dec 04 2017 07:00:16 GMT-0600 (Central Standard Time),Mon Dec 04 2017 07:07:24 GMT-0600 (Central Standard Time),"Mozilla/5.0 (Windows NT 10.0; Win64; x64) AppleWebKit/537.36 (KHTML, like Gecko) Chrome/62.0.3202.94 Safari/537.36",33,"[0.9, 0.5, 0.1]","[0.8, 0.4, 0.2]","[u'blue', u'red', u'black']","[u'left', u'middle', u'right']","[0.9, 0.5, 0.1]","[u'medium', u'low', u'high']",black,51,right,high,True,False,324,1650,NA
A1X3N2ATX5DAJP,Mon Dec 04 2017 07:00:16 GMT-0600 (Central Standard Time),Mon Dec 04 2017 07:07:24 GMT-0600 (Central Standard Time),"Mozilla/5.0 (Windows NT 10.0; Win64; x64) AppleWebKit/537.36 (KHTML, like Gecko) Chrome/62.0.3202.94 Safari/537.36",34,"[0.9, 0.5, 0.1]","[0.8, 0.4, 0.2]","[u'blue', u'red', u'black']","[u'left', u'middle', u'right']","[0.9, 0.5, 0.1]","[u'medium', u'low', u'high']",black,51,right,high,True,False,285,1750,NA
A1X3N2ATX5DAJP,Mon Dec 04 2017 07:00:16 GMT-0600 (Central Standard Time),Mon Dec 04 2017 07:07:24 GMT-0600 (Central Standard Time),"Mozilla/5.0 (Windows NT 10.0; Win64; x64) AppleWebKit/537.36 (KHTML, like Gecko) Chrome/62.0.3202.94 Safari/537.36",35,"[0.9, 0.5, 0.1]","[0.8, 0.4, 0.2]","[u'blue', u'red', u'black']","[u'left', u'middle', u'right']","[0.9, 0.5, 0.1]","[u'medium', u'low', u'high']",black,51,right,high,True,False,519,1850,NA
A1X3N2ATX5DAJP,Mon Dec 04 2017 07:00:16 GMT-0600 (Central Standard Time),Mon Dec 04 2017 07:07:24 GMT-0600 (Central Standard Time),"Mozilla/5.0 (Windows NT 10.0; Win64; x64) AppleWebKit/537.36 (KHTML, like Gecko) Chrome/62.0.3202.94 Safari/537.36",36,"[0.9, 0.5, 0.1]","[0.8, 0.4, 0.2]","[u'blue', u'red', u'black']","[u'left', u'middle', u'right']","[0.9, 0.5, 0.1]","[u'medium', u'low', u'high']",black,51,right,high,True,False,309,1950,NA
A1X3N2ATX5DAJP,Mon Dec 04 2017 07:00:16 GMT-0600 (Central Standard Time),Mon Dec 04 2017 07:07:24 GMT-0600 (Central Standard Time),"Mozilla/5.0 (Windows NT 10.0; Win64; x64) AppleWebKit/537.36 (KHTML, like Gecko) Chrome/62.0.3202.94 Safari/537.36",37,"[0.9, 0.5, 0.1]","[0.8, 0.4, 0.2]","[u'blue', u'red', u'black']","[u'left', u'middle', u'right']","[0.9, 0.5, 0.1]","[u'medium', u'low', u'high']",black,51,right,high,True,False,342,2050,NA
A1X3N2ATX5DAJP,Mon Dec 04 2017 07:00:16 GMT-0600 (Central Standard Time),Mon Dec 04 2017 07:07:24 GMT-0600 (Central Standard Time),"Mozilla/5.0 (Windows NT 10.0; Win64; x64) AppleWebKit/537.36 (KHTML, like Gecko) Chrome/62.0.3202.94 Safari/537.36",38,"[0.9, 0.5, 0.1]","[0.8, 0.4, 0.2]","[u'blue', u'red', u'black']","[u'left', u'middle', u'right']","[0.9, 0.5, 0.1]","[u'medium', u'low', u'high']",black,51,right,high,True,False,213,2150,NA
A1X3N2ATX5DAJP,Mon Dec 04 2017 07:00:16 GMT-0600 (Central Standard Time),Mon Dec 04 2017 07:07:24 GMT-0600 (Central Standard Time),"Mozilla/5.0 (Windows NT 10.0; Win64; x64) AppleWebKit/537.36 (KHTML, like Gecko) Chrome/62.0.3202.94 Safari/537.36",39,"[0.9, 0.5, 0.1]","[0.8, 0.4, 0.2]","[u'blue', u'red', u'black']","[u'left', u'middle', u'right']","[0.9, 0.5, 0.1]","[u'medium', u'low', u'high']",black,51,right,high,True,False,239,2250,NA
A1X3N2ATX5DAJP,Mon Dec 04 2017 07:00:16 GMT-0600 (Central Standard Time),Mon Dec 04 2017 07:07:24 GMT-0600 (Central Standard Time),"Mozilla/5.0 (Windows NT 10.0; Win64; x64) AppleWebKit/537.36 (KHTML, like Gecko) Chrome/62.0.3202.94 Safari/537.36",40,"[0.9, 0.5, 0.1]","[0.8, 0.4, 0.2]","[u'blue', u'red', u'black']","[u'left', u'middle', u'right']","[0.9, 0.5, 0.1]","[u'medium', u'low', u'high']",black,51,right,high,True,True,327,2350,NA
A1X3N2ATX5DAJP,Mon Dec 04 2017 07:00:16 GMT-0600 (Central Standard Time),Mon Dec 04 2017 07:07:24 GMT-0600 (Central Standard Time),"Mozilla/5.0 (Windows NT 10.0; Win64; x64) AppleWebKit/537.36 (KHTML, like Gecko) Chrome/62.0.3202.94 Safari/537.36",41,"[0.9, 0.5, 0.1]","[0.8, 0.4, 0.2]","[u'blue', u'red', u'black']","[u'left', u'middle', u'right']","[0.9, 0.5, 0.1]","[u'high', u'low', u'medium']",black,51,right,medium,False,False,443,2300,NA
A1X3N2ATX5DAJP,Mon Dec 04 2017 07:00:16 GMT-0600 (Central Standard Time),Mon Dec 04 2017 07:07:24 GMT-0600 (Central Standard Time),"Mozilla/5.0 (Windows NT 10.0; Win64; x64) AppleWebKit/537.36 (KHTML, like Gecko) Chrome/62.0.3202.94 Safari/537.36",42,"[0.9, 0.5, 0.1]","[0.8, 0.4, 0.2]","[u'blue', u'red', u'black']","[u'left', u'middle', u'right']","[0.9, 0.5, 0.1]","[u'high', u'low', u'medium']",red,50,middle,low,True,False,324,2400,NA
A1X3N2ATX5DAJP,Mon Dec 04 2017 07:00:16 GMT-0600 (Central Standard Time),Mon Dec 04 2017 07:07:24 GMT-0600 (Central Standard Time),"Mozilla/5.0 (Windows NT 10.0; Win64; x64) AppleWebKit/537.36 (KHTML, like Gecko) Chrome/62.0.3202.94 Safari/537.36",43,"[0.9, 0.5, 0.1]","[0.8, 0.4, 0.2]","[u'blue', u'red', u'black']","[u'left', u'middle', u'right']","[0.9, 0.5, 0.1]","[u'high', u'low', u'medium']",red,50,middle,low,True,False,364,2500,NA
A1X3N2ATX5DAJP,Mon Dec 04 2017 07:00:16 GMT-0600 (Central Standard Time),Mon Dec 04 2017 07:07:24 GMT-0600 (Central Standard Time),"Mozilla/5.0 (Windows NT 10.0; Win64; x64) AppleWebKit/537.36 (KHTML, like Gecko) Chrome/62.0.3202.94 Safari/537.36",44,"[0.9, 0.5, 0.1]","[0.8, 0.4, 0.2]","[u'blue', u'red', u'black']","[u'left', u'middle', u'right']","[0.9, 0.5, 0.1]","[u'high', u'low', u'medium']",red,50,middle,low,False,False,312,2450,NA
A1X3N2ATX5DAJP,Mon Dec 04 2017 07:00:16 GMT-0600 (Central Standard Time),Mon Dec 04 2017 07:07:24 GMT-0600 (Central Standard Time),"Mozilla/5.0 (Windows NT 10.0; Win64; x64) AppleWebKit/537.36 (KHTML, like Gecko) Chrome/62.0.3202.94 Safari/537.36",45,"[0.9, 0.5, 0.1]","[0.8, 0.4, 0.2]","[u'blue', u'red', u'black']","[u'left', u'middle', u'right']","[0.9, 0.5, 0.1]","[u'high', u'low', u'medium']",blue,49,left,high,True,False,361,2550,NA
A1X3N2ATX5DAJP,Mon Dec 04 2017 07:00:16 GMT-0600 (Central Standard Time),Mon Dec 04 2017 07:07:24 GMT-0600 (Central Standard Time),"Mozilla/5.0 (Windows NT 10.0; Win64; x64) AppleWebKit/537.36 (KHTML, like Gecko) Chrome/62.0.3202.94 Safari/537.36",46,"[0.9, 0.5, 0.1]","[0.8, 0.4, 0.2]","[u'blue', u'red', u'black']","[u'left', u'middle', u'right']","[0.9, 0.5, 0.1]","[u'high', u'low', u'medium']",blue,49,left,high,True,False,300,2650,NA
A1X3N2ATX5DAJP,Mon Dec 04 2017 07:00:16 GMT-0600 (Central Standard Time),Mon Dec 04 2017 07:07:24 GMT-0600 (Central Standard Time),"Mozilla/5.0 (Windows NT 10.0; Win64; x64) AppleWebKit/537.36 (KHTML, like Gecko) Chrome/62.0.3202.94 Safari/537.36",47,"[0.9, 0.5, 0.1]","[0.8, 0.4, 0.2]","[u'blue', u'red', u'black']","[u'left', u'middle', u'right']","[0.9, 0.5, 0.1]","[u'high', u'low', u'medium']",blue,49,left,high,True,False,217,2750,NA
A1X3N2ATX5DAJP,Mon Dec 04 2017 07:00:16 GMT-0600 (Central Standard Time),Mon Dec 04 2017 07:07:24 GMT-0600 (Central Standard Time),"Mozilla/5.0 (Windows NT 10.0; Win64; x64) AppleWebKit/537.36 (KHTML, like Gecko) Chrome/62.0.3202.94 Safari/537.36",48,"[0.9, 0.5, 0.1]","[0.8, 0.4, 0.2]","[u'blue', u'red', u'black']","[u'left', u'middle', u'right']","[0.9, 0.5, 0.1]","[u'high', u'low', u'medium']",blue,49,left,high,True,False,340,2850,NA
A1X3N2ATX5DAJP,Mon Dec 04 2017 07:00:16 GMT-0600 (Central Standard Time),Mon Dec 04 2017 07:07:24 GMT-0600 (Central Standard Time),"Mozilla/5.0 (Windows NT 10.0; Win64; x64) AppleWebKit/537.36 (KHTML, like Gecko) Chrome/62.0.3202.94 Safari/537.36",49,"[0.9, 0.5, 0.1]","[0.8, 0.4, 0.2]","[u'blue', u'red', u'black']","[u'left', u'middle', u'right']","[0.9, 0.5, 0.1]","[u'high', u'low', u'medium']",blue,49,left,high,True,False,326,2950,NA
A1X3N2ATX5DAJP,Mon Dec 04 2017 07:00:16 GMT-0600 (Central Standard Time),Mon Dec 04 2017 07:07:24 GMT-0600 (Central Standard Time),"Mozilla/5.0 (Windows NT 10.0; Win64; x64) AppleWebKit/537.36 (KHTML, like Gecko) Chrome/62.0.3202.94 Safari/537.36",50,"[0.9, 0.5, 0.1]","[0.8, 0.4, 0.2]","[u'blue', u'red', u'black']","[u'left', u'middle', u'right']","[0.9, 0.5, 0.1]","[u'high', u'low', u'medium']",blue,49,left,high,True,False,287,3050,NA
A1X3N2ATX5DAJP,Mon Dec 04 2017 07:00:16 GMT-0600 (Central Standard Time),Mon Dec 04 2017 07:07:24 GMT-0600 (Central Standard Time),"Mozilla/5.0 (Windows NT 10.0; Win64; x64) AppleWebKit/537.36 (KHTML, like Gecko) Chrome/62.0.3202.94 Safari/537.36",51,"[0.9, 0.5, 0.1]","[0.8, 0.4, 0.2]","[u'blue', u'red', u'black']","[u'left', u'middle', u'right']","[0.9, 0.5, 0.1]","[u'high', u'low', u'medium']",blue,49,left,high,True,False,310,3150,NA
A1X3N2ATX5DAJP,Mon Dec 04 2017 07:00:16 GMT-0600 (Central Standard Time),Mon Dec 04 2017 07:07:24 GMT-0600 (Central Standard Time),"Mozilla/5.0 (Windows NT 10.0; Win64; x64) AppleWebKit/537.36 (KHTML, like Gecko) Chrome/62.0.3202.94 Safari/537.36",52,"[0.9, 0.5, 0.1]","[0.8, 0.4, 0.2]","[u'blue', u'red', u'black']","[u'left', u'middle', u'right']","[0.9, 0.5, 0.1]","[u'high', u'low', u'medium']",blue,49,left,high,True,False,301,3250,NA
A1X3N2ATX5DAJP,Mon Dec 04 2017 07:00:16 GMT-0600 (Central Standard Time),Mon Dec 04 2017 07:07:24 GMT-0600 (Central Standard Time),"Mozilla/5.0 (Windows NT 10.0; Win64; x64) AppleWebKit/537.36 (KHTML, like Gecko) Chrome/62.0.3202.94 Safari/537.36",53,"[0.9, 0.5, 0.1]","[0.8, 0.4, 0.2]","[u'blue', u'red', u'black']","[u'left', u'middle', u'right']","[0.9, 0.5, 0.1]","[u'high', u'low', u'medium']",blue,49,left,high,True,True,306,3350,NA
A1X3N2ATX5DAJP,Mon Dec 04 2017 07:00:16 GMT-0600 (Central Standard Time),Mon Dec 04 2017 07:07:24 GMT-0600 (Central Standard Time),"Mozilla/5.0 (Windows NT 10.0; Win64; x64) AppleWebKit/537.36 (KHTML, like Gecko) Chrome/62.0.3202.94 Safari/537.36",54,"[0.9, 0.5, 0.1]","[0.8, 0.4, 0.2]","[u'blue', u'red', u'black']","[u'left', u'middle', u'right']","[0.9, 0.5, 0.1]","[u'low', u'high', u'medium']",blue,49,left,low,False,False,347,3300,NA
A1X3N2ATX5DAJP,Mon Dec 04 2017 07:00:16 GMT-0600 (Central Standard Time),Mon Dec 04 2017 07:07:24 GMT-0600 (Central Standard Time),"Mozilla/5.0 (Windows NT 10.0; Win64; x64) AppleWebKit/537.36 (KHTML, like Gecko) Chrome/62.0.3202.94 Safari/537.36",55,"[0.9, 0.5, 0.1]","[0.8, 0.4, 0.2]","[u'blue', u'red', u'black']","[u'left', u'middle', u'right']","[0.9, 0.5, 0.1]","[u'low', u'high', u'medium']",red,50,middle,high,True,False,269,3400,NA
A1X3N2ATX5DAJP,Mon Dec 04 2017 07:00:16 GMT-0600 (Central Standard Time),Mon Dec 04 2017 07:07:24 GMT-0600 (Central Standard Time),"Mozilla/5.0 (Windows NT 10.0; Win64; x64) AppleWebKit/537.36 (KHTML, like Gecko) Chrome/62.0.3202.94 Safari/537.36",56,"[0.9, 0.5, 0.1]","[0.8, 0.4, 0.2]","[u'blue', u'red', u'black']","[u'left', u'middle', u'right']","[0.9, 0.5, 0.1]","[u'low', u'high', u'medium']",red,50,middle,high,True,False,306,3500,NA
A1X3N2ATX5DAJP,Mon Dec 04 2017 07:00:16 GMT-0600 (Central Standard Time),Mon Dec 04 2017 07:07:24 GMT-0600 (Central Standard Time),"Mozilla/5.0 (Windows NT 10.0; Win64; x64) AppleWebKit/537.36 (KHTML, like Gecko) Chrome/62.0.3202.94 Safari/537.36",57,"[0.9, 0.5, 0.1]","[0.8, 0.4, 0.2]","[u'blue', u'red', u'black']","[u'left', u'middle', u'right']","[0.9, 0.5, 0.1]","[u'low', u'high', u'medium']",red,50,middle,high,True,False,295,3600,NA
A1X3N2ATX5DAJP,Mon Dec 04 2017 07:00:16 GMT-0600 (Central Standard Time),Mon Dec 04 2017 07:07:24 GMT-0600 (Central Standard Time),"Mozilla/5.0 (Windows NT 10.0; Win64; x64) AppleWebKit/537.36 (KHTML, like Gecko) Chrome/62.0.3202.94 Safari/537.36",58,"[0.9, 0.5, 0.1]","[0.8, 0.4, 0.2]","[u'blue', u'red', u'black']","[u'left', u'middle', u'right']","[0.9, 0.5, 0.1]","[u'low', u'high', u'medium']",red,50,middle,high,True,False,277,3700,NA
A1X3N2ATX5DAJP,Mon Dec 04 2017 07:00:16 GMT-0600 (Central Standard Time),Mon Dec 04 2017 07:07:24 GMT-0600 (Central Standard Time),"Mozilla/5.0 (Windows NT 10.0; Win64; x64) AppleWebKit/537.36 (KHTML, like Gecko) Chrome/62.0.3202.94 Safari/537.36",59,"[0.9, 0.5, 0.1]","[0.8, 0.4, 0.2]","[u'blue', u'red', u'black']","[u'left', u'middle', u'right']","[0.9, 0.5, 0.1]","[u'low', u'high', u'medium']",red,50,middle,high,True,False,250,3800,NA
A1X3N2ATX5DAJP,Mon Dec 04 2017 07:00:16 GMT-0600 (Central Standard Time),Mon Dec 04 2017 07:07:24 GMT-0600 (Central Standard Time),"Mozilla/5.0 (Windows NT 10.0; Win64; x64) AppleWebKit/537.36 (KHTML, like Gecko) Chrome/62.0.3202.94 Safari/537.36",60,"[0.9, 0.5, 0.1]","[0.8, 0.4, 0.2]","[u'blue', u'red', u'black']","[u'left', u'middle', u'right']","[0.9, 0.5, 0.1]","[u'low', u'high', u'medium']",red,50,middle,high,True,False,278,3900,NA
A1X3N2ATX5DAJP,Mon Dec 04 2017 07:00:16 GMT-0600 (Central Standard Time),Mon Dec 04 2017 07:07:24 GMT-0600 (Central Standard Time),"Mozilla/5.0 (Windows NT 10.0; Win64; x64) AppleWebKit/537.36 (KHTML, like Gecko) Chrome/62.0.3202.94 Safari/537.36",61,"[0.9, 0.5, 0.1]","[0.8, 0.4, 0.2]","[u'blue', u'red', u'black']","[u'left', u'middle', u'right']","[0.9, 0.5, 0.1]","[u'low', u'high', u'medium']",red,50,middle,high,True,False,353,4000,NA
A1X3N2ATX5DAJP,Mon Dec 04 2017 07:00:16 GMT-0600 (Central Standard Time),Mon Dec 04 2017 07:07:24 GMT-0600 (Central Standard Time),"Mozilla/5.0 (Windows NT 10.0; Win64; x64) AppleWebKit/537.36 (KHTML, like Gecko) Chrome/62.0.3202.94 Safari/537.36",62,"[0.9, 0.5, 0.1]","[0.8, 0.4, 0.2]","[u'blue', u'red', u'black']","[u'left', u'middle', u'right']","[0.9, 0.5, 0.1]","[u'low', u'high', u'medium']",red,50,middle,high,False,False,292,3950,NA
A1X3N2ATX5DAJP,Mon Dec 04 2017 07:00:16 GMT-0600 (Central Standard Time),Mon Dec 04 2017 07:07:24 GMT-0600 (Central Standard Time),"Mozilla/5.0 (Windows NT 10.0; Win64; x64) AppleWebKit/537.36 (KHTML, like Gecko) Chrome/62.0.3202.94 Safari/537.36",63,"[0.9, 0.5, 0.1]","[0.8, 0.4, 0.2]","[u'blue', u'red', u'black']","[u'left', u'middle', u'right']","[0.9, 0.5, 0.1]","[u'low', u'high', u'medium']",black,51,right,medium,False,False,258,3900,NA
A1X3N2ATX5DAJP,Mon Dec 04 2017 07:00:16 GMT-0600 (Central Standard Time),Mon Dec 04 2017 07:07:24 GMT-0600 (Central Standard Time),"Mozilla/5.0 (Windows NT 10.0; Win64; x64) AppleWebKit/537.36 (KHTML, like Gecko) Chrome/62.0.3202.94 Safari/537.36",64,"[0.9, 0.5, 0.1]","[0.8, 0.4, 0.2]","[u'blue', u'red', u'black']","[u'left', u'middle', u'right']","[0.9, 0.5, 0.1]","[u'low', u'high', u'medium']",blue,49,left,low,False,False,285,3850,NA
A1X3N2ATX5DAJP,Mon Dec 04 2017 07:00:16 GMT-0600 (Central Standard Time),Mon Dec 04 2017 07:07:24 GMT-0600 (Central Standard Time),"Mozilla/5.0 (Windows NT 10.0; Win64; x64) AppleWebKit/537.36 (KHTML, like Gecko) Chrome/62.0.3202.94 Safari/537.36",65,"[0.9, 0.5, 0.1]","[0.8, 0.4, 0.2]","[u'blue', u'red', u'black']","[u'left', u'middle', u'right']","[0.9, 0.5, 0.1]","[u'low', u'high', u'medium']",red,50,middle,high,True,False,202,3950,NA
A1X3N2ATX5DAJP,Mon Dec 04 2017 07:00:16 GMT-0600 (Central Standard Time),Mon Dec 04 2017 07:07:24 GMT-0600 (Central Standard Time),"Mozilla/5.0 (Windows NT 10.0; Win64; x64) AppleWebKit/537.36 (KHTML, like Gecko) Chrome/62.0.3202.94 Safari/537.36",66,"[0.9, 0.5, 0.1]","[0.8, 0.4, 0.2]","[u'blue', u'red', u'black']","[u'left', u'middle', u'right']","[0.9, 0.5, 0.1]","[u'low', u'high', u'medium']",red,50,middle,high,True,False,212,4050,NA
A1X3N2ATX5DAJP,Mon Dec 04 2017 07:00:16 GMT-0600 (Central Standard Time),Mon Dec 04 2017 07:07:24 GMT-0600 (Central Standard Time),"Mozilla/5.0 (Windows NT 10.0; Win64; x64) AppleWebKit/537.36 (KHTML, like Gecko) Chrome/62.0.3202.94 Safari/537.36",67,"[0.9, 0.5, 0.1]","[0.8, 0.4, 0.2]","[u'blue', u'red', u'black']","[u'left', u'middle', u'right']","[0.9, 0.5, 0.1]","[u'low', u'high', u'medium']",red,50,middle,high,True,False,185,4150,NA
A1X3N2ATX5DAJP,Mon Dec 04 2017 07:00:16 GMT-0600 (Central Standard Time),Mon Dec 04 2017 07:07:24 GMT-0600 (Central Standard Time),"Mozilla/5.0 (Windows NT 10.0; Win64; x64) AppleWebKit/537.36 (KHTML, like Gecko) Chrome/62.0.3202.94 Safari/537.36",68,"[0.9, 0.5, 0.1]","[0.8, 0.4, 0.2]","[u'blue', u'red', u'black']","[u'left', u'middle', u'right']","[0.9, 0.5, 0.1]","[u'low', u'high', u'medium']",red,50,middle,high,True,False,114,4250,NA
A1X3N2ATX5DAJP,Mon Dec 04 2017 07:00:16 GMT-0600 (Central Standard Time),Mon Dec 04 2017 07:07:24 GMT-0600 (Central Standard Time),"Mozilla/5.0 (Windows NT 10.0; Win64; x64) AppleWebKit/537.36 (KHTML, like Gecko) Chrome/62.0.3202.94 Safari/537.36",69,"[0.9, 0.5, 0.1]","[0.8, 0.4, 0.2]","[u'blue', u'red', u'black']","[u'left', u'middle', u'right']","[0.9, 0.5, 0.1]","[u'low', u'high', u'medium']",red,50,middle,high,True,False,292,4350,NA
A1X3N2ATX5DAJP,Mon Dec 04 2017 07:00:16 GMT-0600 (Central Standard Time),Mon Dec 04 2017 07:07:24 GMT-0600 (Central Standard Time),"Mozilla/5.0 (Windows NT 10.0; Win64; x64) AppleWebKit/537.36 (KHTML, like Gecko) Chrome/62.0.3202.94 Safari/537.36",70,"[0.9, 0.5, 0.1]","[0.8, 0.4, 0.2]","[u'blue', u'red', u'black']","[u'left', u'middle', u'right']","[0.9, 0.5, 0.1]","[u'low', u'high', u'medium']",red,50,middle,high,True,False,306,4450,NA
A1X3N2ATX5DAJP,Mon Dec 04 2017 07:00:16 GMT-0600 (Central Standard Time),Mon Dec 04 2017 07:07:24 GMT-0600 (Central Standard Time),"Mozilla/5.0 (Windows NT 10.0; Win64; x64) AppleWebKit/537.36 (KHTML, like Gecko) Chrome/62.0.3202.94 Safari/537.36",71,"[0.9, 0.5, 0.1]","[0.8, 0.4, 0.2]","[u'blue', u'red', u'black']","[u'left', u'middle', u'right']","[0.9, 0.5, 0.1]","[u'low', u'high', u'medium']",red,50,middle,high,True,False,210,4550,NA
A1X3N2ATX5DAJP,Mon Dec 04 2017 07:00:16 GMT-0600 (Central Standard Time),Mon Dec 04 2017 07:07:24 GMT-0600 (Central Standard Time),"Mozilla/5.0 (Windows NT 10.0; Win64; x64) AppleWebKit/537.36 (KHTML, like Gecko) Chrome/62.0.3202.94 Safari/537.36",72,"[0.9, 0.5, 0.1]","[0.8, 0.4, 0.2]","[u'blue', u'red', u'black']","[u'left', u'middle', u'right']","[0.9, 0.5, 0.1]","[u'low', u'high', u'medium']",red,50,middle,high,True,False,169,4650,NA
A1X3N2ATX5DAJP,Mon Dec 04 2017 07:00:16 GMT-0600 (Central Standard Time),Mon Dec 04 2017 07:07:24 GMT-0600 (Central Standard Time),"Mozilla/5.0 (Windows NT 10.0; Win64; x64) AppleWebKit/537.36 (KHTML, like Gecko) Chrome/62.0.3202.94 Safari/537.36",73,"[0.9, 0.5, 0.1]","[0.8, 0.4, 0.2]","[u'blue', u'red', u'black']","[u'left', u'middle', u'right']","[0.9, 0.5, 0.1]","[u'low', u'high', u'medium']",red,50,middle,high,True,True,302,4750,NA
A1X3N2ATX5DAJP,Mon Dec 04 2017 07:00:16 GMT-0600 (Central Standard Time),Mon Dec 04 2017 07:07:24 GMT-0600 (Central Standard Time),"Mozilla/5.0 (Windows NT 10.0; Win64; x64) AppleWebKit/537.36 (KHTML, like Gecko) Chrome/62.0.3202.94 Safari/537.36",74,"[0.9, 0.5, 0.1]","[0.8, 0.4, 0.2]","[u'blue', u'red', u'black']","[u'left', u'middle', u'right']","[0.9, 0.5, 0.1]","[u'low', u'medium', u'high']",red,50,middle,medium,False,False,259,4700,NA
A1X3N2ATX5DAJP,Mon Dec 04 2017 07:00:16 GMT-0600 (Central Standard Time),Mon Dec 04 2017 07:07:24 GMT-0600 (Central Standard Time),"Mozilla/5.0 (Windows NT 10.0; Win64; x64) AppleWebKit/537.36 (KHTML, like Gecko) Chrome/62.0.3202.94 Safari/537.36",75,"[0.9, 0.5, 0.1]","[0.8, 0.4, 0.2]","[u'blue', u'red', u'black']","[u'left', u'middle', u'right']","[0.9, 0.5, 0.1]","[u'low', u'medium', u'high']",black,51,right,high,False,False,298,4650,NA
A1X3N2ATX5DAJP,Mon Dec 04 2017 07:00:16 GMT-0600 (Central Standard Time),Mon Dec 04 2017 07:07:24 GMT-0600 (Central Standard Time),"Mozilla/5.0 (Windows NT 10.0; Win64; x64) AppleWebKit/537.36 (KHTML, like Gecko) Chrome/62.0.3202.94 Safari/537.36",76,"[0.9, 0.5, 0.1]","[0.8, 0.4, 0.2]","[u'blue', u'red', u'black']","[u'left', u'middle', u'right']","[0.9, 0.5, 0.1]","[u'low', u'medium', u'high']",blue,49,left,low,False,False,244,4600,NA
A1X3N2ATX5DAJP,Mon Dec 04 2017 07:00:16 GMT-0600 (Central Standard Time),Mon Dec 04 2017 07:07:24 GMT-0600 (Central Standard Time),"Mozilla/5.0 (Windows NT 10.0; Win64; x64) AppleWebKit/537.36 (KHTML, like Gecko) Chrome/62.0.3202.94 Safari/537.36",77,"[0.9, 0.5, 0.1]","[0.8, 0.4, 0.2]","[u'blue', u'red', u'black']","[u'left', u'middle', u'right']","[0.9, 0.5, 0.1]","[u'low', u'medium', u'high']",red,50,middle,medium,False,False,178,4550,NA
A1X3N2ATX5DAJP,Mon Dec 04 2017 07:00:16 GMT-0600 (Central Standard Time),Mon Dec 04 2017 07:07:24 GMT-0600 (Central Standard Time),"Mozilla/5.0 (Windows NT 10.0; Win64; x64) AppleWebKit/537.36 (KHTML, like Gecko) Chrome/62.0.3202.94 Safari/537.36",78,"[0.9, 0.5, 0.1]","[0.8, 0.4, 0.2]","[u'blue', u'red', u'black']","[u'left', u'middle', u'right']","[0.9, 0.5, 0.1]","[u'low', u'medium', u'high']",black,51,right,high,True,False,132,4650,NA
A1X3N2ATX5DAJP,Mon Dec 04 2017 07:00:16 GMT-0600 (Central Standard Time),Mon Dec 04 2017 07:07:24 GMT-0600 (Central Standard Time),"Mozilla/5.0 (Windows NT 10.0; Win64; x64) AppleWebKit/537.36 (KHTML, like Gecko) Chrome/62.0.3202.94 Safari/537.36",79,"[0.9, 0.5, 0.1]","[0.8, 0.4, 0.2]","[u'blue', u'red', u'black']","[u'left', u'middle', u'right']","[0.9, 0.5, 0.1]","[u'low', u'medium', u'high']",black,51,right,high,True,False,223,4750,NA
A1X3N2ATX5DAJP,Mon Dec 04 2017 07:00:16 GMT-0600 (Central Standard Time),Mon Dec 04 2017 07:07:24 GMT-0600 (Central Standard Time),"Mozilla/5.0 (Windows NT 10.0; Win64; x64) AppleWebKit/537.36 (KHTML, like Gecko) Chrome/62.0.3202.94 Safari/537.36",80,"[0.9, 0.5, 0.1]","[0.8, 0.4, 0.2]","[u'blue', u'red', u'black']","[u'left', u'middle', u'right']","[0.9, 0.5, 0.1]","[u'low', u'medium', u'high']",black,51,right,high,True,False,276,4850,NA
A1X3N2ATX5DAJP,Mon Dec 04 2017 07:00:16 GMT-0600 (Central Standard Time),Mon Dec 04 2017 07:07:24 GMT-0600 (Central Standard Time),"Mozilla/5.0 (Windows NT 10.0; Win64; x64) AppleWebKit/537.36 (KHTML, like Gecko) Chrome/62.0.3202.94 Safari/537.36",81,"[0.9, 0.5, 0.1]","[0.8, 0.4, 0.2]","[u'blue', u'red', u'black']","[u'left', u'middle', u'right']","[0.8, 0.4, 0.2]","[u'high', u'medium', u'low']",black,51,right,low,False,False,361,4800,NA
A1X3N2ATX5DAJP,Mon Dec 04 2017 07:00:16 GMT-0600 (Central Standard Time),Mon Dec 04 2017 07:07:24 GMT-0600 (Central Standard Time),"Mozilla/5.0 (Windows NT 10.0; Win64; x64) AppleWebKit/537.36 (KHTML, like Gecko) Chrome/62.0.3202.94 Safari/537.36",82,"[0.9, 0.5, 0.1]","[0.8, 0.4, 0.2]","[u'blue', u'red', u'black']","[u'left', u'middle', u'right']","[0.8, 0.4, 0.2]","[u'high', u'medium', u'low']",blue,49,left,high,True,False,297,4900,NA
A1X3N2ATX5DAJP,Mon Dec 04 2017 07:00:16 GMT-0600 (Central Standard Time),Mon Dec 04 2017 07:07:24 GMT-0600 (Central Standard Time),"Mozilla/5.0 (Windows NT 10.0; Win64; x64) AppleWebKit/537.36 (KHTML, like Gecko) Chrome/62.0.3202.94 Safari/537.36",83,"[0.9, 0.5, 0.1]","[0.8, 0.4, 0.2]","[u'blue', u'red', u'black']","[u'left', u'middle', u'right']","[0.8, 0.4, 0.2]","[u'high', u'medium', u'low']",blue,49,left,high,True,False,290,5000,NA
A1X3N2ATX5DAJP,Mon Dec 04 2017 07:00:16 GMT-0600 (Central Standard Time),Mon Dec 04 2017 07:07:24 GMT-0600 (Central Standard Time),"Mozilla/5.0 (Windows NT 10.0; Win64; x64) AppleWebKit/537.36 (KHTML, like Gecko) Chrome/62.0.3202.94 Safari/537.36",84,"[0.9, 0.5, 0.1]","[0.8, 0.4, 0.2]","[u'blue', u'red', u'black']","[u'left', u'middle', u'right']","[0.8, 0.4, 0.2]","[u'high', u'medium', u'low']",blue,49,left,high,True,False,275,5100,NA
A1X3N2ATX5DAJP,Mon Dec 04 2017 07:00:16 GMT-0600 (Central Standard Time),Mon Dec 04 2017 07:07:24 GMT-0600 (Central Standard Time),"Mozilla/5.0 (Windows NT 10.0; Win64; x64) AppleWebKit/537.36 (KHTML, like Gecko) Chrome/62.0.3202.94 Safari/537.36",85,"[0.9, 0.5, 0.1]","[0.8, 0.4, 0.2]","[u'blue', u'red', u'black']","[u'left', u'middle', u'right']","[0.8, 0.4, 0.2]","[u'high', u'medium', u'low']",blue,49,left,high,True,False,306,5200,NA
A1X3N2ATX5DAJP,Mon Dec 04 2017 07:00:16 GMT-0600 (Central Standard Time),Mon Dec 04 2017 07:07:24 GMT-0600 (Central Standard Time),"Mozilla/5.0 (Windows NT 10.0; Win64; x64) AppleWebKit/537.36 (KHTML, like Gecko) Chrome/62.0.3202.94 Safari/537.36",86,"[0.9, 0.5, 0.1]","[0.8, 0.4, 0.2]","[u'blue', u'red', u'black']","[u'left', u'middle', u'right']","[0.8, 0.4, 0.2]","[u'high', u'medium', u'low']",blue,49,left,high,True,False,307,5300,NA
A1X3N2ATX5DAJP,Mon Dec 04 2017 07:00:16 GMT-0600 (Central Standard Time),Mon Dec 04 2017 07:07:24 GMT-0600 (Central Standard Time),"Mozilla/5.0 (Windows NT 10.0; Win64; x64) AppleWebKit/537.36 (KHTML, like Gecko) Chrome/62.0.3202.94 Safari/537.36",87,"[0.9, 0.5, 0.1]","[0.8, 0.4, 0.2]","[u'blue', u'red', u'black']","[u'left', u'middle', u'right']","[0.8, 0.4, 0.2]","[u'high', u'medium', u'low']",blue,49,left,high,True,False,137,5400,NA
A1X3N2ATX5DAJP,Mon Dec 04 2017 07:00:16 GMT-0600 (Central Standard Time),Mon Dec 04 2017 07:07:24 GMT-0600 (Central Standard Time),"Mozilla/5.0 (Windows NT 10.0; Win64; x64) AppleWebKit/537.36 (KHTML, like Gecko) Chrome/62.0.3202.94 Safari/537.36",88,"[0.9, 0.5, 0.1]","[0.8, 0.4, 0.2]","[u'blue', u'red', u'black']","[u'left', u'middle', u'right']","[0.8, 0.4, 0.2]","[u'high', u'medium', u'low']",blue,49,left,high,True,False,354,5500,NA
A1X3N2ATX5DAJP,Mon Dec 04 2017 07:00:16 GMT-0600 (Central Standard Time),Mon Dec 04 2017 07:07:24 GMT-0600 (Central Standard Time),"Mozilla/5.0 (Windows NT 10.0; Win64; x64) AppleWebKit/537.36 (KHTML, like Gecko) Chrome/62.0.3202.94 Safari/537.36",89,"[0.9, 0.5, 0.1]","[0.8, 0.4, 0.2]","[u'blue', u'red', u'black']","[u'left', u'middle', u'right']","[0.8, 0.4, 0.2]","[u'high', u'medium', u'low']",blue,49,left,high,False,False,178,5450,NA
A1X3N2ATX5DAJP,Mon Dec 04 2017 07:00:16 GMT-0600 (Central Standard Time),Mon Dec 04 2017 07:07:24 GMT-0600 (Central Standard Time),"Mozilla/5.0 (Windows NT 10.0; Win64; x64) AppleWebKit/537.36 (KHTML, like Gecko) Chrome/62.0.3202.94 Safari/537.36",90,"[0.9, 0.5, 0.1]","[0.8, 0.4, 0.2]","[u'blue', u'red', u'black']","[u'left', u'middle', u'right']","[0.8, 0.4, 0.2]","[u'high', u'medium', u'low']",red,50,middle,medium,True,False,313,5550,NA
A1X3N2ATX5DAJP,Mon Dec 04 2017 07:00:16 GMT-0600 (Central Standard Time),Mon Dec 04 2017 07:07:24 GMT-0600 (Central Standard Time),"Mozilla/5.0 (Windows NT 10.0; Win64; x64) AppleWebKit/537.36 (KHTML, like Gecko) Chrome/62.0.3202.94 Safari/537.36",91,"[0.9, 0.5, 0.1]","[0.8, 0.4, 0.2]","[u'blue', u'red', u'black']","[u'left', u'middle', u'right']","[0.8, 0.4, 0.2]","[u'high', u'medium', u'low']",red,50,middle,medium,True,False,345,5650,NA
A1X3N2ATX5DAJP,Mon Dec 04 2017 07:00:16 GMT-0600 (Central Standard Time),Mon Dec 04 2017 07:07:24 GMT-0600 (Central Standard Time),"Mozilla/5.0 (Windows NT 10.0; Win64; x64) AppleWebKit/537.36 (KHTML, like Gecko) Chrome/62.0.3202.94 Safari/537.36",92,"[0.9, 0.5, 0.1]","[0.8, 0.4, 0.2]","[u'blue', u'red', u'black']","[u'left', u'middle', u'right']","[0.8, 0.4, 0.2]","[u'high', u'medium', u'low']",red,50,middle,medium,True,False,365,5750,NA
A1X3N2ATX5DAJP,Mon Dec 04 2017 07:00:16 GMT-0600 (Central Standard Time),Mon Dec 04 2017 07:07:24 GMT-0600 (Central Standard Time),"Mozilla/5.0 (Windows NT 10.0; Win64; x64) AppleWebKit/537.36 (KHTML, like Gecko) Chrome/62.0.3202.94 Safari/537.36",93,"[0.9, 0.5, 0.1]","[0.8, 0.4, 0.2]","[u'blue', u'red', u'black']","[u'left', u'middle', u'right']","[0.8, 0.4, 0.2]","[u'high', u'medium', u'low']",red,50,middle,medium,True,False,250,5850,NA
A1X3N2ATX5DAJP,Mon Dec 04 2017 07:00:16 GMT-0600 (Central Standard Time),Mon Dec 04 2017 07:07:24 GMT-0600 (Central Standard Time),"Mozilla/5.0 (Windows NT 10.0; Win64; x64) AppleWebKit/537.36 (KHTML, like Gecko) Chrome/62.0.3202.94 Safari/537.36",94,"[0.9, 0.5, 0.1]","[0.8, 0.4, 0.2]","[u'blue', u'red', u'black']","[u'left', u'middle', u'right']","[0.8, 0.4, 0.2]","[u'high', u'medium', u'low']",red,50,middle,medium,False,False,301,5800,NA
A1X3N2ATX5DAJP,Mon Dec 04 2017 07:00:16 GMT-0600 (Central Standard Time),Mon Dec 04 2017 07:07:24 GMT-0600 (Central Standard Time),"Mozilla/5.0 (Windows NT 10.0; Win64; x64) AppleWebKit/537.36 (KHTML, like Gecko) Chrome/62.0.3202.94 Safari/537.36",95,"[0.9, 0.5, 0.1]","[0.8, 0.4, 0.2]","[u'blue', u'red', u'black']","[u'left', u'middle', u'right']","[0.8, 0.4, 0.2]","[u'high', u'medium', u'low']",black,51,right,low,True,False,332,5900,NA
A1X3N2ATX5DAJP,Mon Dec 04 2017 07:00:16 GMT-0600 (Central Standard Time),Mon Dec 04 2017 07:07:24 GMT-0600 (Central Standard Time),"Mozilla/5.0 (Windows NT 10.0; Win64; x64) AppleWebKit/537.36 (KHTML, like Gecko) Chrome/62.0.3202.94 Safari/537.36",96,"[0.9, 0.5, 0.1]","[0.8, 0.4, 0.2]","[u'blue', u'red', u'black']","[u'left', u'middle', u'right']","[0.8, 0.4, 0.2]","[u'high', u'medium', u'low']",black,51,right,low,False,False,317,5850,NA
A1X3N2ATX5DAJP,Mon Dec 04 2017 07:00:16 GMT-0600 (Central Standard Time),Mon Dec 04 2017 07:07:24 GMT-0600 (Central Standard Time),"Mozilla/5.0 (Windows NT 10.0; Win64; x64) AppleWebKit/537.36 (KHTML, like Gecko) Chrome/62.0.3202.94 Safari/537.36",97,"[0.9, 0.5, 0.1]","[0.8, 0.4, 0.2]","[u'blue', u'red', u'black']","[u'left', u'middle', u'right']","[0.8, 0.4, 0.2]","[u'high', u'medium', u'low']",blue,49,left,high,True,False,261,5950,NA
A1X3N2ATX5DAJP,Mon Dec 04 2017 07:00:16 GMT-0600 (Central Standard Time),Mon Dec 04 2017 07:07:24 GMT-0600 (Central Standard Time),"Mozilla/5.0 (Windows NT 10.0; Win64; x64) AppleWebKit/537.36 (KHTML, like Gecko) Chrome/62.0.3202.94 Safari/537.36",98,"[0.9, 0.5, 0.1]","[0.8, 0.4, 0.2]","[u'blue', u'red', u'black']","[u'left', u'middle', u'right']","[0.8, 0.4, 0.2]","[u'high', u'medium', u'low']",blue,49,left,high,True,False,300,6050,NA
A1X3N2ATX5DAJP,Mon Dec 04 2017 07:00:16 GMT-0600 (Central Standard Time),Mon Dec 04 2017 07:07:24 GMT-0600 (Central Standard Time),"Mozilla/5.0 (Windows NT 10.0; Win64; x64) AppleWebKit/537.36 (KHTML, like Gecko) Chrome/62.0.3202.94 Safari/537.36",99,"[0.9, 0.5, 0.1]","[0.8, 0.4, 0.2]","[u'blue', u'red', u'black']","[u'left', u'middle', u'right']","[0.8, 0.4, 0.2]","[u'high', u'medium', u'low']",blue,49,left,high,False,False,66,6000,NA
A1X3N2ATX5DAJP,Mon Dec 04 2017 07:00:16 GMT-0600 (Central Standard Time),Mon Dec 04 2017 07:07:24 GMT-0600 (Central Standard Time),"Mozilla/5.0 (Windows NT 10.0; Win64; x64) AppleWebKit/537.36 (KHTML, like Gecko) Chrome/62.0.3202.94 Safari/537.36",100,"[0.9, 0.5, 0.1]","[0.8, 0.4, 0.2]","[u'blue', u'red', u'black']","[u'left', u'middle', u'right']","[0.8, 0.4, 0.2]","[u'high', u'medium', u'low']",red,50,middle,medium,False,False,281,5950,NA
A1X3N2ATX5DAJP,Mon Dec 04 2017 07:00:16 GMT-0600 (Central Standard Time),Mon Dec 04 2017 07:07:24 GMT-0600 (Central Standard Time),"Mozilla/5.0 (Windows NT 10.0; Win64; x64) AppleWebKit/537.36 (KHTML, like Gecko) Chrome/62.0.3202.94 Safari/537.36",101,"[0.9, 0.5, 0.1]","[0.8, 0.4, 0.2]","[u'blue', u'red', u'black']","[u'left', u'middle', u'right']","[0.8, 0.4, 0.2]","[u'high', u'medium', u'low']",black,51,right,low,False,False,439,5900,NA
A1X3N2ATX5DAJP,Mon Dec 04 2017 07:00:16 GMT-0600 (Central Standard Time),Mon Dec 04 2017 07:07:24 GMT-0600 (Central Standard Time),"Mozilla/5.0 (Windows NT 10.0; Win64; x64) AppleWebKit/537.36 (KHTML, like Gecko) Chrome/62.0.3202.94 Safari/537.36",102,"[0.9, 0.5, 0.1]","[0.8, 0.4, 0.2]","[u'blue', u'red', u'black']","[u'left', u'middle', u'right']","[0.8, 0.4, 0.2]","[u'high', u'medium', u'low']",blue,49,left,high,False,False,276,5850,NA
A1X3N2ATX5DAJP,Mon Dec 04 2017 07:00:16 GMT-0600 (Central Standard Time),Mon Dec 04 2017 07:07:24 GMT-0600 (Central Standard Time),"Mozilla/5.0 (Windows NT 10.0; Win64; x64) AppleWebKit/537.36 (KHTML, like Gecko) Chrome/62.0.3202.94 Safari/537.36",103,"[0.9, 0.5, 0.1]","[0.8, 0.4, 0.2]","[u'blue', u'red', u'black']","[u'left', u'middle', u'right']","[0.8, 0.4, 0.2]","[u'high', u'medium', u'low']",red,50,middle,medium,True,False,68,5950,NA
A1X3N2ATX5DAJP,Mon Dec 04 2017 07:00:16 GMT-0600 (Central Standard Time),Mon Dec 04 2017 07:07:24 GMT-0600 (Central Standard Time),"Mozilla/5.0 (Windows NT 10.0; Win64; x64) AppleWebKit/537.36 (KHTML, like Gecko) Chrome/62.0.3202.94 Safari/537.36",104,"[0.9, 0.5, 0.1]","[0.8, 0.4, 0.2]","[u'blue', u'red', u'black']","[u'left', u'middle', u'right']","[0.8, 0.4, 0.2]","[u'high', u'medium', u'low']",red,50,middle,medium,False,False,280,5900,NA
A1X3N2ATX5DAJP,Mon Dec 04 2017 07:00:16 GMT-0600 (Central Standard Time),Mon Dec 04 2017 07:07:24 GMT-0600 (Central Standard Time),"Mozilla/5.0 (Windows NT 10.0; Win64; x64) AppleWebKit/537.36 (KHTML, like Gecko) Chrome/62.0.3202.94 Safari/537.36",105,"[0.9, 0.5, 0.1]","[0.8, 0.4, 0.2]","[u'blue', u'red', u'black']","[u'left', u'middle', u'right']","[0.8, 0.4, 0.2]","[u'high', u'medium', u'low']",black,51,right,low,True,False,317,6000,NA
A1X3N2ATX5DAJP,Mon Dec 04 2017 07:00:16 GMT-0600 (Central Standard Time),Mon Dec 04 2017 07:07:24 GMT-0600 (Central Standard Time),"Mozilla/5.0 (Windows NT 10.0; Win64; x64) AppleWebKit/537.36 (KHTML, like Gecko) Chrome/62.0.3202.94 Safari/537.36",106,"[0.9, 0.5, 0.1]","[0.8, 0.4, 0.2]","[u'blue', u'red', u'black']","[u'left', u'middle', u'right']","[0.8, 0.4, 0.2]","[u'high', u'medium', u'low']",black,51,right,low,True,False,297,6100,NA
A1X3N2ATX5DAJP,Mon Dec 04 2017 07:00:16 GMT-0600 (Central Standard Time),Mon Dec 04 2017 07:07:24 GMT-0600 (Central Standard Time),"Mozilla/5.0 (Windows NT 10.0; Win64; x64) AppleWebKit/537.36 (KHTML, like Gecko) Chrome/62.0.3202.94 Safari/537.36",107,"[0.9, 0.5, 0.1]","[0.8, 0.4, 0.2]","[u'blue', u'red', u'black']","[u'left', u'middle', u'right']","[0.8, 0.4, 0.2]","[u'high', u'medium', u'low']",black,51,right,low,False,False,315,6050,NA
A1X3N2ATX5DAJP,Mon Dec 04 2017 07:00:16 GMT-0600 (Central Standard Time),Mon Dec 04 2017 07:07:24 GMT-0600 (Central Standard Time),"Mozilla/5.0 (Windows NT 10.0; Win64; x64) AppleWebKit/537.36 (KHTML, like Gecko) Chrome/62.0.3202.94 Safari/537.36",108,"[0.9, 0.5, 0.1]","[0.8, 0.4, 0.2]","[u'blue', u'red', u'black']","[u'left', u'middle', u'right']","[0.8, 0.4, 0.2]","[u'high', u'medium', u'low']",blue,49,left,high,True,False,308,6150,NA
A1X3N2ATX5DAJP,Mon Dec 04 2017 07:00:16 GMT-0600 (Central Standard Time),Mon Dec 04 2017 07:07:24 GMT-0600 (Central Standard Time),"Mozilla/5.0 (Windows NT 10.0; Win64; x64) AppleWebKit/537.36 (KHTML, like Gecko) Chrome/62.0.3202.94 Safari/537.36",109,"[0.9, 0.5, 0.1]","[0.8, 0.4, 0.2]","[u'blue', u'red', u'black']","[u'left', u'middle', u'right']","[0.8, 0.4, 0.2]","[u'high', u'medium', u'low']",blue,49,left,high,True,False,226,6250,NA
A1X3N2ATX5DAJP,Mon Dec 04 2017 07:00:16 GMT-0600 (Central Standard Time),Mon Dec 04 2017 07:07:24 GMT-0600 (Central Standard Time),"Mozilla/5.0 (Windows NT 10.0; Win64; x64) AppleWebKit/537.36 (KHTML, like Gecko) Chrome/62.0.3202.94 Safari/537.36",110,"[0.9, 0.5, 0.1]","[0.8, 0.4, 0.2]","[u'blue', u'red', u'black']","[u'left', u'middle', u'right']","[0.8, 0.4, 0.2]","[u'high', u'medium', u'low']",blue,49,left,high,True,False,300,6350,NA
A1X3N2ATX5DAJP,Mon Dec 04 2017 07:00:16 GMT-0600 (Central Standard Time),Mon Dec 04 2017 07:07:24 GMT-0600 (Central Standard Time),"Mozilla/5.0 (Windows NT 10.0; Win64; x64) AppleWebKit/537.36 (KHTML, like Gecko) Chrome/62.0.3202.94 Safari/537.36",111,"[0.9, 0.5, 0.1]","[0.8, 0.4, 0.2]","[u'blue', u'red', u'black']","[u'left', u'middle', u'right']","[0.8, 0.4, 0.2]","[u'high', u'medium', u'low']",blue,49,left,high,False,False,213,6300,NA
A1X3N2ATX5DAJP,Mon Dec 04 2017 07:00:16 GMT-0600 (Central Standard Time),Mon Dec 04 2017 07:07:24 GMT-0600 (Central Standard Time),"Mozilla/5.0 (Windows NT 10.0; Win64; x64) AppleWebKit/537.36 (KHTML, like Gecko) Chrome/62.0.3202.94 Safari/537.36",112,"[0.9, 0.5, 0.1]","[0.8, 0.4, 0.2]","[u'blue', u'red', u'black']","[u'left', u'middle', u'right']","[0.8, 0.4, 0.2]","[u'high', u'medium', u'low']",red,50,middle,medium,False,False,276,6250,NA
A1X3N2ATX5DAJP,Mon Dec 04 2017 07:00:16 GMT-0600 (Central Standard Time),Mon Dec 04 2017 07:07:24 GMT-0600 (Central Standard Time),"Mozilla/5.0 (Windows NT 10.0; Win64; x64) AppleWebKit/537.36 (KHTML, like Gecko) Chrome/62.0.3202.94 Safari/537.36",113,"[0.9, 0.5, 0.1]","[0.8, 0.4, 0.2]","[u'blue', u'red', u'black']","[u'left', u'middle', u'right']","[0.8, 0.4, 0.2]","[u'high', u'medium', u'low']",black,51,right,low,False,False,15,6200,NA
A1X3N2ATX5DAJP,Mon Dec 04 2017 07:00:16 GMT-0600 (Central Standard Time),Mon Dec 04 2017 07:07:24 GMT-0600 (Central Standard Time),"Mozilla/5.0 (Windows NT 10.0; Win64; x64) AppleWebKit/537.36 (KHTML, like Gecko) Chrome/62.0.3202.94 Safari/537.36",114,"[0.9, 0.5, 0.1]","[0.8, 0.4, 0.2]","[u'blue', u'red', u'black']","[u'left', u'middle', u'right']","[0.8, 0.4, 0.2]","[u'high', u'medium', u'low']",blue,49,left,high,False,False,96,6150,NA
A1X3N2ATX5DAJP,Mon Dec 04 2017 07:00:16 GMT-0600 (Central Standard Time),Mon Dec 04 2017 07:07:24 GMT-0600 (Central Standard Time),"Mozilla/5.0 (Windows NT 10.0; Win64; x64) AppleWebKit/537.36 (KHTML, like Gecko) Chrome/62.0.3202.94 Safari/537.36",115,"[0.9, 0.5, 0.1]","[0.8, 0.4, 0.2]","[u'blue', u'red', u'black']","[u'left', u'middle', u'right']","[0.8, 0.4, 0.2]","[u'high', u'medium', u'low']",red,50,middle,medium,False,False,63,6100,NA
A1X3N2ATX5DAJP,Mon Dec 04 2017 07:00:16 GMT-0600 (Central Standard Time),Mon Dec 04 2017 07:07:24 GMT-0600 (Central Standard Time),"Mozilla/5.0 (Windows NT 10.0; Win64; x64) AppleWebKit/537.36 (KHTML, like Gecko) Chrome/62.0.3202.94 Safari/537.36",116,"[0.9, 0.5, 0.1]","[0.8, 0.4, 0.2]","[u'blue', u'red', u'black']","[u'left', u'middle', u'right']","[0.8, 0.4, 0.2]","[u'high', u'medium', u'low']",black,51,right,low,False,False,418,6050,NA
A1X3N2ATX5DAJP,Mon Dec 04 2017 07:00:16 GMT-0600 (Central Standard Time),Mon Dec 04 2017 07:07:24 GMT-0600 (Central Standard Time),"Mozilla/5.0 (Windows NT 10.0; Win64; x64) AppleWebKit/537.36 (KHTML, like Gecko) Chrome/62.0.3202.94 Safari/537.36",117,"[0.9, 0.5, 0.1]","[0.8, 0.4, 0.2]","[u'blue', u'red', u'black']","[u'left', u'middle', u'right']","[0.8, 0.4, 0.2]","[u'high', u'medium', u'low']",blue,49,left,high,False,False,204,6000,NA
A1X3N2ATX5DAJP,Mon Dec 04 2017 07:00:16 GMT-0600 (Central Standard Time),Mon Dec 04 2017 07:07:24 GMT-0600 (Central Standard Time),"Mozilla/5.0 (Windows NT 10.0; Win64; x64) AppleWebKit/537.36 (KHTML, like Gecko) Chrome/62.0.3202.94 Safari/537.36",118,"[0.9, 0.5, 0.1]","[0.8, 0.4, 0.2]","[u'blue', u'red', u'black']","[u'left', u'middle', u'right']","[0.8, 0.4, 0.2]","[u'high', u'medium', u'low']",red,50,middle,medium,False,False,301,5950,NA
A1X3N2ATX5DAJP,Mon Dec 04 2017 07:00:16 GMT-0600 (Central Standard Time),Mon Dec 04 2017 07:07:24 GMT-0600 (Central Standard Time),"Mozilla/5.0 (Windows NT 10.0; Win64; x64) AppleWebKit/537.36 (KHTML, like Gecko) Chrome/62.0.3202.94 Safari/537.36",119,"[0.9, 0.5, 0.1]","[0.8, 0.4, 0.2]","[u'blue', u'red', u'black']","[u'left', u'middle', u'right']","[0.8, 0.4, 0.2]","[u'high', u'medium', u'low']",black,51,right,low,False,False,256,5900,NA
A1X3N2ATX5DAJP,Mon Dec 04 2017 07:00:16 GMT-0600 (Central Standard Time),Mon Dec 04 2017 07:07:24 GMT-0600 (Central Standard Time),"Mozilla/5.0 (Windows NT 10.0; Win64; x64) AppleWebKit/537.36 (KHTML, like Gecko) Chrome/62.0.3202.94 Safari/537.36",120,"[0.9, 0.5, 0.1]","[0.8, 0.4, 0.2]","[u'blue', u'red', u'black']","[u'left', u'middle', u'right']","[0.8, 0.4, 0.2]","[u'high', u'medium', u'low']",black,51,right,low,True,False,187,6000,NA
A1X3N2ATX5DAJP,Mon Dec 04 2017 07:00:16 GMT-0600 (Central Standard Time),Mon Dec 04 2017 07:07:24 GMT-0600 (Central Standard Time),"Mozilla/5.0 (Windows NT 10.0; Win64; x64) AppleWebKit/537.36 (KHTML, like Gecko) Chrome/62.0.3202.94 Safari/537.36",121,"[0.9, 0.5, 0.1]","[0.8, 0.4, 0.2]","[u'blue', u'red', u'black']","[u'left', u'middle', u'right']","[0.8, 0.4, 0.2]","[u'medium', u'high', u'low']",black,51,right,low,False,False,446,5950,NA
A1X3N2ATX5DAJP,Mon Dec 04 2017 07:00:16 GMT-0600 (Central Standard Time),Mon Dec 04 2017 07:07:24 GMT-0600 (Central Standard Time),"Mozilla/5.0 (Windows NT 10.0; Win64; x64) AppleWebKit/537.36 (KHTML, like Gecko) Chrome/62.0.3202.94 Safari/537.36",122,"[0.9, 0.5, 0.1]","[0.8, 0.4, 0.2]","[u'blue', u'red', u'black']","[u'left', u'middle', u'right']","[0.8, 0.4, 0.2]","[u'medium', u'high', u'low']",black,51,right,low,False,False,372,5900,NA
A1X3N2ATX5DAJP,Mon Dec 04 2017 07:00:16 GMT-0600 (Central Standard Time),Mon Dec 04 2017 07:07:24 GMT-0600 (Central Standard Time),"Mozilla/5.0 (Windows NT 10.0; Win64; x64) AppleWebKit/537.36 (KHTML, like Gecko) Chrome/62.0.3202.94 Safari/537.36",123,"[0.9, 0.5, 0.1]","[0.8, 0.4, 0.2]","[u'blue', u'red', u'black']","[u'left', u'middle', u'right']","[0.8, 0.4, 0.2]","[u'medium', u'high', u'low']",blue,49,left,medium,False,False,255,5850,NA
A1X3N2ATX5DAJP,Mon Dec 04 2017 07:00:16 GMT-0600 (Central Standard Time),Mon Dec 04 2017 07:07:24 GMT-0600 (Central Standard Time),"Mozilla/5.0 (Windows NT 10.0; Win64; x64) AppleWebKit/537.36 (KHTML, like Gecko) Chrome/62.0.3202.94 Safari/537.36",124,"[0.9, 0.5, 0.1]","[0.8, 0.4, 0.2]","[u'blue', u'red', u'black']","[u'left', u'middle', u'right']","[0.8, 0.4, 0.2]","[u'medium', u'high', u'low']",blue,49,left,medium,True,False,312,5950,NA
A1X3N2ATX5DAJP,Mon Dec 04 2017 07:00:16 GMT-0600 (Central Standard Time),Mon Dec 04 2017 07:07:24 GMT-0600 (Central Standard Time),"Mozilla/5.0 (Windows NT 10.0; Win64; x64) AppleWebKit/537.36 (KHTML, like Gecko) Chrome/62.0.3202.94 Safari/537.36",125,"[0.9, 0.5, 0.1]","[0.8, 0.4, 0.2]","[u'blue', u'red', u'black']","[u'left', u'middle', u'right']","[0.8, 0.4, 0.2]","[u'medium', u'high', u'low']",blue,49,left,medium,False,False,326,5900,NA
A1X3N2ATX5DAJP,Mon Dec 04 2017 07:00:16 GMT-0600 (Central Standard Time),Mon Dec 04 2017 07:07:24 GMT-0600 (Central Standard Time),"Mozilla/5.0 (Windows NT 10.0; Win64; x64) AppleWebKit/537.36 (KHTML, like Gecko) Chrome/62.0.3202.94 Safari/537.36",126,"[0.9, 0.5, 0.1]","[0.8, 0.4, 0.2]","[u'blue', u'red', u'black']","[u'left', u'middle', u'right']","[0.8, 0.4, 0.2]","[u'medium', u'high', u'low']",red,50,middle,high,True,False,323,6000,NA
A1X3N2ATX5DAJP,Mon Dec 04 2017 07:00:16 GMT-0600 (Central Standard Time),Mon Dec 04 2017 07:07:24 GMT-0600 (Central Standard Time),"Mozilla/5.0 (Windows NT 10.0; Win64; x64) AppleWebKit/537.36 (KHTML, like Gecko) Chrome/62.0.3202.94 Safari/537.36",127,"[0.9, 0.5, 0.1]","[0.8, 0.4, 0.2]","[u'blue', u'red', u'black']","[u'left', u'middle', u'right']","[0.8, 0.4, 0.2]","[u'medium', u'high', u'low']",red,50,middle,high,True,False,354,6100,NA
A1X3N2ATX5DAJP,Mon Dec 04 2017 07:00:16 GMT-0600 (Central Standard Time),Mon Dec 04 2017 07:07:24 GMT-0600 (Central Standard Time),"Mozilla/5.0 (Windows NT 10.0; Win64; x64) AppleWebKit/537.36 (KHTML, like Gecko) Chrome/62.0.3202.94 Safari/537.36",128,"[0.9, 0.5, 0.1]","[0.8, 0.4, 0.2]","[u'blue', u'red', u'black']","[u'left', u'middle', u'right']","[0.8, 0.4, 0.2]","[u'medium', u'high', u'low']",red,50,middle,high,True,False,277,6200,NA
A1X3N2ATX5DAJP,Mon Dec 04 2017 07:00:16 GMT-0600 (Central Standard Time),Mon Dec 04 2017 07:07:24 GMT-0600 (Central Standard Time),"Mozilla/5.0 (Windows NT 10.0; Win64; x64) AppleWebKit/537.36 (KHTML, like Gecko) Chrome/62.0.3202.94 Safari/537.36",129,"[0.9, 0.5, 0.1]","[0.8, 0.4, 0.2]","[u'blue', u'red', u'black']","[u'left', u'middle', u'right']","[0.8, 0.4, 0.2]","[u'medium', u'high', u'low']",red,50,middle,high,True,False,267,6300,NA
A1X3N2ATX5DAJP,Mon Dec 04 2017 07:00:16 GMT-0600 (Central Standard Time),Mon Dec 04 2017 07:07:24 GMT-0600 (Central Standard Time),"Mozilla/5.0 (Windows NT 10.0; Win64; x64) AppleWebKit/537.36 (KHTML, like Gecko) Chrome/62.0.3202.94 Safari/537.36",130,"[0.9, 0.5, 0.1]","[0.8, 0.4, 0.2]","[u'blue', u'red', u'black']","[u'left', u'middle', u'right']","[0.8, 0.4, 0.2]","[u'medium', u'high', u'low']",red,50,middle,high,True,False,288,6400,NA
A1X3N2ATX5DAJP,Mon Dec 04 2017 07:00:16 GMT-0600 (Central Standard Time),Mon Dec 04 2017 07:07:24 GMT-0600 (Central Standard Time),"Mozilla/5.0 (Windows NT 10.0; Win64; x64) AppleWebKit/537.36 (KHTML, like Gecko) Chrome/62.0.3202.94 Safari/537.36",131,"[0.9, 0.5, 0.1]","[0.8, 0.4, 0.2]","[u'blue', u'red', u'black']","[u'left', u'middle', u'right']","[0.8, 0.4, 0.2]","[u'medium', u'high', u'low']",red,50,middle,high,True,False,280,6500,NA
A1X3N2ATX5DAJP,Mon Dec 04 2017 07:00:16 GMT-0600 (Central Standard Time),Mon Dec 04 2017 07:07:24 GMT-0600 (Central Standard Time),"Mozilla/5.0 (Windows NT 10.0; Win64; x64) AppleWebKit/537.36 (KHTML, like Gecko) Chrome/62.0.3202.94 Safari/537.36",132,"[0.9, 0.5, 0.1]","[0.8, 0.4, 0.2]","[u'blue', u'red', u'black']","[u'left', u'middle', u'right']","[0.8, 0.4, 0.2]","[u'medium', u'high', u'low']",red,50,middle,high,False,False,243,6450,NA
A1X3N2ATX5DAJP,Mon Dec 04 2017 07:00:16 GMT-0600 (Central Standard Time),Mon Dec 04 2017 07:07:24 GMT-0600 (Central Standard Time),"Mozilla/5.0 (Windows NT 10.0; Win64; x64) AppleWebKit/537.36 (KHTML, like Gecko) Chrome/62.0.3202.94 Safari/537.36",133,"[0.9, 0.5, 0.1]","[0.8, 0.4, 0.2]","[u'blue', u'red', u'black']","[u'left', u'middle', u'right']","[0.8, 0.4, 0.2]","[u'medium', u'high', u'low']",red,50,middle,high,True,False,314,6550,NA
A1X3N2ATX5DAJP,Mon Dec 04 2017 07:00:16 GMT-0600 (Central Standard Time),Mon Dec 04 2017 07:07:24 GMT-0600 (Central Standard Time),"Mozilla/5.0 (Windows NT 10.0; Win64; x64) AppleWebKit/537.36 (KHTML, like Gecko) Chrome/62.0.3202.94 Safari/537.36",134,"[0.9, 0.5, 0.1]","[0.8, 0.4, 0.2]","[u'blue', u'red', u'black']","[u'left', u'middle', u'right']","[0.8, 0.4, 0.2]","[u'medium', u'high', u'low']",red,50,middle,high,True,True,362,6650,NA
A1X3N2ATX5DAJP,Mon Dec 04 2017 07:00:16 GMT-0600 (Central Standard Time),Mon Dec 04 2017 07:07:24 GMT-0600 (Central Standard Time),"Mozilla/5.0 (Windows NT 10.0; Win64; x64) AppleWebKit/537.36 (KHTML, like Gecko) Chrome/62.0.3202.94 Safari/537.36",135,"[0.9, 0.5, 0.1]","[0.8, 0.4, 0.2]","[u'blue', u'red', u'black']","[u'left', u'middle', u'right']","[0.8, 0.4, 0.2]","[u'high', u'medium', u'low']",red,50,middle,medium,False,False,299,6600,NA
A1X3N2ATX5DAJP,Mon Dec 04 2017 07:00:16 GMT-0600 (Central Standard Time),Mon Dec 04 2017 07:07:24 GMT-0600 (Central Standard Time),"Mozilla/5.0 (Windows NT 10.0; Win64; x64) AppleWebKit/537.36 (KHTML, like Gecko) Chrome/62.0.3202.94 Safari/537.36",136,"[0.9, 0.5, 0.1]","[0.8, 0.4, 0.2]","[u'blue', u'red', u'black']","[u'left', u'middle', u'right']","[0.8, 0.4, 0.2]","[u'high', u'medium', u'low']",red,50,middle,medium,False,False,298,6550,NA
A1X3N2ATX5DAJP,Mon Dec 04 2017 07:00:16 GMT-0600 (Central Standard Time),Mon Dec 04 2017 07:07:24 GMT-0600 (Central Standard Time),"Mozilla/5.0 (Windows NT 10.0; Win64; x64) AppleWebKit/537.36 (KHTML, like Gecko) Chrome/62.0.3202.94 Safari/537.36",137,"[0.9, 0.5, 0.1]","[0.8, 0.4, 0.2]","[u'blue', u'red', u'black']","[u'left', u'middle', u'right']","[0.8, 0.4, 0.2]","[u'high', u'medium', u'low']",black,51,right,low,False,False,147,6500,NA
A1X3N2ATX5DAJP,Mon Dec 04 2017 07:00:16 GMT-0600 (Central Standard Time),Mon Dec 04 2017 07:07:24 GMT-0600 (Central Standard Time),"Mozilla/5.0 (Windows NT 10.0; Win64; x64) AppleWebKit/537.36 (KHTML, like Gecko) Chrome/62.0.3202.94 Safari/537.36",138,"[0.9, 0.5, 0.1]","[0.8, 0.4, 0.2]","[u'blue', u'red', u'black']","[u'left', u'middle', u'right']","[0.8, 0.4, 0.2]","[u'high', u'medium', u'low']",black,51,right,low,False,False,169,6450,NA
A1X3N2ATX5DAJP,Mon Dec 04 2017 07:00:16 GMT-0600 (Central Standard Time),Mon Dec 04 2017 07:07:24 GMT-0600 (Central Standard Time),"Mozilla/5.0 (Windows NT 10.0; Win64; x64) AppleWebKit/537.36 (KHTML, like Gecko) Chrome/62.0.3202.94 Safari/537.36",139,"[0.9, 0.5, 0.1]","[0.8, 0.4, 0.2]","[u'blue', u'red', u'black']","[u'left', u'middle', u'right']","[0.8, 0.4, 0.2]","[u'high', u'medium', u'low']",blue,49,left,high,True,False,32,6550,NA
A1X3N2ATX5DAJP,Mon Dec 04 2017 07:00:16 GMT-0600 (Central Standard Time),Mon Dec 04 2017 07:07:24 GMT-0600 (Central Standard Time),"Mozilla/5.0 (Windows NT 10.0; Win64; x64) AppleWebKit/537.36 (KHTML, like Gecko) Chrome/62.0.3202.94 Safari/537.36",140,"[0.9, 0.5, 0.1]","[0.8, 0.4, 0.2]","[u'blue', u'red', u'black']","[u'left', u'middle', u'right']","[0.8, 0.4, 0.2]","[u'high', u'medium', u'low']",blue,49,left,high,True,False,293,6650,NA
A1X3N2ATX5DAJP,Mon Dec 04 2017 07:00:16 GMT-0600 (Central Standard Time),Mon Dec 04 2017 07:07:24 GMT-0600 (Central Standard Time),"Mozilla/5.0 (Windows NT 10.0; Win64; x64) AppleWebKit/537.36 (KHTML, like Gecko) Chrome/62.0.3202.94 Safari/537.36",141,"[0.9, 0.5, 0.1]","[0.8, 0.4, 0.2]","[u'blue', u'red', u'black']","[u'left', u'middle', u'right']","[0.8, 0.4, 0.2]","[u'high', u'medium', u'low']",blue,49,left,high,True,False,193,6750,NA
A1X3N2ATX5DAJP,Mon Dec 04 2017 07:00:16 GMT-0600 (Central Standard Time),Mon Dec 04 2017 07:07:24 GMT-0600 (Central Standard Time),"Mozilla/5.0 (Windows NT 10.0; Win64; x64) AppleWebKit/537.36 (KHTML, like Gecko) Chrome/62.0.3202.94 Safari/537.36",142,"[0.9, 0.5, 0.1]","[0.8, 0.4, 0.2]","[u'blue', u'red', u'black']","[u'left', u'middle', u'right']","[0.8, 0.4, 0.2]","[u'high', u'medium', u'low']",blue,49,left,high,False,False,41,6700,NA
A1X3N2ATX5DAJP,Mon Dec 04 2017 07:00:16 GMT-0600 (Central Standard Time),Mon Dec 04 2017 07:07:24 GMT-0600 (Central Standard Time),"Mozilla/5.0 (Windows NT 10.0; Win64; x64) AppleWebKit/537.36 (KHTML, like Gecko) Chrome/62.0.3202.94 Safari/537.36",143,"[0.9, 0.5, 0.1]","[0.8, 0.4, 0.2]","[u'blue', u'red', u'black']","[u'left', u'middle', u'right']","[0.8, 0.4, 0.2]","[u'high', u'medium', u'low']",blue,49,left,high,True,False,170,6800,NA
A1X3N2ATX5DAJP,Mon Dec 04 2017 07:00:16 GMT-0600 (Central Standard Time),Mon Dec 04 2017 07:07:24 GMT-0600 (Central Standard Time),"Mozilla/5.0 (Windows NT 10.0; Win64; x64) AppleWebKit/537.36 (KHTML, like Gecko) Chrome/62.0.3202.94 Safari/537.36",144,"[0.9, 0.5, 0.1]","[0.8, 0.4, 0.2]","[u'blue', u'red', u'black']","[u'left', u'middle', u'right']","[0.8, 0.4, 0.2]","[u'high', u'medium', u'low']",blue,49,left,high,False,False,262,6750,NA
A1X3N2ATX5DAJP,Mon Dec 04 2017 07:00:16 GMT-0600 (Central Standard Time),Mon Dec 04 2017 07:07:24 GMT-0600 (Central Standard Time),"Mozilla/5.0 (Windows NT 10.0; Win64; x64) AppleWebKit/537.36 (KHTML, like Gecko) Chrome/62.0.3202.94 Safari/537.36",145,"[0.9, 0.5, 0.1]","[0.8, 0.4, 0.2]","[u'blue', u'red', u'black']","[u'left', u'middle', u'right']","[0.8, 0.4, 0.2]","[u'high', u'medium', u'low']",blue,49,left,high,True,False,259,6850,NA
A1X3N2ATX5DAJP,Mon Dec 04 2017 07:00:16 GMT-0600 (Central Standard Time),Mon Dec 04 2017 07:07:24 GMT-0600 (Central Standard Time),"Mozilla/5.0 (Windows NT 10.0; Win64; x64) AppleWebKit/537.36 (KHTML, like Gecko) Chrome/62.0.3202.94 Safari/537.36",146,"[0.9, 0.5, 0.1]","[0.8, 0.4, 0.2]","[u'blue', u'red', u'black']","[u'left', u'middle', u'right']","[0.8, 0.4, 0.2]","[u'high', u'medium', u'low']",blue,49,left,high,True,False,298,6950,NA
A1X3N2ATX5DAJP,Mon Dec 04 2017 07:00:16 GMT-0600 (Central Standard Time),Mon Dec 04 2017 07:07:24 GMT-0600 (Central Standard Time),"Mozilla/5.0 (Windows NT 10.0; Win64; x64) AppleWebKit/537.36 (KHTML, like Gecko) Chrome/62.0.3202.94 Safari/537.36",147,"[0.9, 0.5, 0.1]","[0.8, 0.4, 0.2]","[u'blue', u'red', u'black']","[u'left', u'middle', u'right']","[0.8, 0.4, 0.2]","[u'high', u'medium', u'low']",blue,49,left,high,False,True,194,6900,NA
A1X3N2ATX5DAJP,Mon Dec 04 2017 07:00:16 GMT-0600 (Central Standard Time),Mon Dec 04 2017 07:07:24 GMT-0600 (Central Standard Time),"Mozilla/5.0 (Windows NT 10.0; Win64; x64) AppleWebKit/537.36 (KHTML, like Gecko) Chrome/62.0.3202.94 Safari/537.36",148,"[0.9, 0.5, 0.1]","[0.8, 0.4, 0.2]","[u'blue', u'red', u'black']","[u'left', u'middle', u'right']","[0.8, 0.4, 0.2]","[u'medium', u'high', u'low']",blue,49,left,medium,False,False,195,6850,NA
A1X3N2ATX5DAJP,Mon Dec 04 2017 07:00:16 GMT-0600 (Central Standard Time),Mon Dec 04 2017 07:07:24 GMT-0600 (Central Standard Time),"Mozilla/5.0 (Windows NT 10.0; Win64; x64) AppleWebKit/537.36 (KHTML, like Gecko) Chrome/62.0.3202.94 Safari/537.36",149,"[0.9, 0.5, 0.1]","[0.8, 0.4, 0.2]","[u'blue', u'red', u'black']","[u'left', u'middle', u'right']","[0.8, 0.4, 0.2]","[u'medium', u'high', u'low']",blue,49,left,medium,False,False,52,6800,NA
A1X3N2ATX5DAJP,Mon Dec 04 2017 07:00:16 GMT-0600 (Central Standard Time),Mon Dec 04 2017 07:07:24 GMT-0600 (Central Standard Time),"Mozilla/5.0 (Windows NT 10.0; Win64; x64) AppleWebKit/537.36 (KHTML, like Gecko) Chrome/62.0.3202.94 Safari/537.36",150,"[0.9, 0.5, 0.1]","[0.8, 0.4, 0.2]","[u'blue', u'red', u'black']","[u'left', u'middle', u'right']","[0.8, 0.4, 0.2]","[u'medium', u'high', u'low']",red,50,middle,high,True,False,1,6900,NA
A1X3N2ATX5DAJP,Mon Dec 04 2017 07:00:16 GMT-0600 (Central Standard Time),Mon Dec 04 2017 07:07:24 GMT-0600 (Central Standard Time),"Mozilla/5.0 (Windows NT 10.0; Win64; x64) AppleWebKit/537.36 (KHTML, like Gecko) Chrome/62.0.3202.94 Safari/537.36",151,"[0.9, 0.5, 0.1]","[0.8, 0.4, 0.2]","[u'blue', u'red', u'black']","[u'left', u'middle', u'right']","[0.8, 0.4, 0.2]","[u'medium', u'high', u'low']",red,50,middle,high,True,False,23,7000,NA
A1X3N2ATX5DAJP,Mon Dec 04 2017 07:00:16 GMT-0600 (Central Standard Time),Mon Dec 04 2017 07:07:24 GMT-0600 (Central Standard Time),"Mozilla/5.0 (Windows NT 10.0; Win64; x64) AppleWebKit/537.36 (KHTML, like Gecko) Chrome/62.0.3202.94 Safari/537.36",152,"[0.9, 0.5, 0.1]","[0.8, 0.4, 0.2]","[u'blue', u'red', u'black']","[u'left', u'middle', u'right']","[0.8, 0.4, 0.2]","[u'medium', u'high', u'low']",red,50,middle,high,True,False,36,7100,NA
A1X3N2ATX5DAJP,Mon Dec 04 2017 07:00:16 GMT-0600 (Central Standard Time),Mon Dec 04 2017 07:07:24 GMT-0600 (Central Standard Time),"Mozilla/5.0 (Windows NT 10.0; Win64; x64) AppleWebKit/537.36 (KHTML, like Gecko) Chrome/62.0.3202.94 Safari/537.36",153,"[0.9, 0.5, 0.1]","[0.8, 0.4, 0.2]","[u'blue', u'red', u'black']","[u'left', u'middle', u'right']","[0.8, 0.4, 0.2]","[u'medium', u'high', u'low']",red,50,middle,high,True,False,211,7200,NA
A1X3N2ATX5DAJP,Mon Dec 04 2017 07:00:16 GMT-0600 (Central Standard Time),Mon Dec 04 2017 07:07:24 GMT-0600 (Central Standard Time),"Mozilla/5.0 (Windows NT 10.0; Win64; x64) AppleWebKit/537.36 (KHTML, like Gecko) Chrome/62.0.3202.94 Safari/537.36",154,"[0.9, 0.5, 0.1]","[0.8, 0.4, 0.2]","[u'blue', u'red', u'black']","[u'left', u'middle', u'right']","[0.8, 0.4, 0.2]","[u'medium', u'high', u'low']",red,50,middle,high,False,False,34,7150,NA
A1X3N2ATX5DAJP,Mon Dec 04 2017 07:00:16 GMT-0600 (Central Standard Time),Mon Dec 04 2017 07:07:24 GMT-0600 (Central Standard Time),"Mozilla/5.0 (Windows NT 10.0; Win64; x64) AppleWebKit/537.36 (KHTML, like Gecko) Chrome/62.0.3202.94 Safari/537.36",155,"[0.9, 0.5, 0.1]","[0.8, 0.4, 0.2]","[u'blue', u'red', u'black']","[u'left', u'middle', u'right']","[0.8, 0.4, 0.2]","[u'medium', u'high', u'low']",red,50,middle,high,True,False,229,7250,NA
A1X3N2ATX5DAJP,Mon Dec 04 2017 07:00:16 GMT-0600 (Central Standard Time),Mon Dec 04 2017 07:07:24 GMT-0600 (Central Standard Time),"Mozilla/5.0 (Windows NT 10.0; Win64; x64) AppleWebKit/537.36 (KHTML, like Gecko) Chrome/62.0.3202.94 Safari/537.36",156,"[0.9, 0.5, 0.1]","[0.8, 0.4, 0.2]","[u'blue', u'red', u'black']","[u'left', u'middle', u'right']","[0.8, 0.4, 0.2]","[u'medium', u'high', u'low']",red,50,middle,high,True,False,276,7350,NA
A1X3N2ATX5DAJP,Mon Dec 04 2017 07:00:16 GMT-0600 (Central Standard Time),Mon Dec 04 2017 07:07:24 GMT-0600 (Central Standard Time),"Mozilla/5.0 (Windows NT 10.0; Win64; x64) AppleWebKit/537.36 (KHTML, like Gecko) Chrome/62.0.3202.94 Safari/537.36",157,"[0.9, 0.5, 0.1]","[0.8, 0.4, 0.2]","[u'blue', u'red', u'black']","[u'left', u'middle', u'right']","[0.8, 0.4, 0.2]","[u'medium', u'high', u'low']",red,50,middle,high,False,False,239,7300,NA
A1X3N2ATX5DAJP,Mon Dec 04 2017 07:00:16 GMT-0600 (Central Standard Time),Mon Dec 04 2017 07:07:24 GMT-0600 (Central Standard Time),"Mozilla/5.0 (Windows NT 10.0; Win64; x64) AppleWebKit/537.36 (KHTML, like Gecko) Chrome/62.0.3202.94 Safari/537.36",158,"[0.9, 0.5, 0.1]","[0.8, 0.4, 0.2]","[u'blue', u'red', u'black']","[u'left', u'middle', u'right']","[0.8, 0.4, 0.2]","[u'medium', u'high', u'low']",red,50,middle,high,True,True,258,7400,NA
A1X3N2ATX5DAJP,Mon Dec 04 2017 07:00:16 GMT-0600 (Central Standard Time),Mon Dec 04 2017 07:07:24 GMT-0600 (Central Standard Time),"Mozilla/5.0 (Windows NT 10.0; Win64; x64) AppleWebKit/537.36 (KHTML, like Gecko) Chrome/62.0.3202.94 Safari/537.36",159,"[0.9, 0.5, 0.1]","[0.8, 0.4, 0.2]","[u'blue', u'red', u'black']","[u'left', u'middle', u'right']","[0.8, 0.4, 0.2]","[u'high', u'medium', u'low']",red,50,middle,medium,True,False,279,7500,NA
A1X3N2ATX5DAJP,Mon Dec 04 2017 07:00:16 GMT-0600 (Central Standard Time),Mon Dec 04 2017 07:07:24 GMT-0600 (Central Standard Time),"Mozilla/5.0 (Windows NT 10.0; Win64; x64) AppleWebKit/537.36 (KHTML, like Gecko) Chrome/62.0.3202.94 Safari/537.36",160,"[0.9, 0.5, 0.1]","[0.8, 0.4, 0.2]","[u'blue', u'red', u'black']","[u'left', u'middle', u'right']","[0.8, 0.4, 0.2]","[u'high', u'medium', u'low']",red,50,middle,medium,False,False,290,7450,NA
