A1A7KL0CEERE60,Wed May 30 2018 17:34:37 GMT-0400 (Eastern Daylight Time),Wed May 30 2018 17:45:25 GMT-0400 (Eastern Daylight Time),"Mozilla/5.0 (Windows NT 10.0; Win64; x64) AppleWebKit/537.36 (KHTML, like Gecko) Chrome/66.0.3359.181 Safari/537.36",1,"[0.9, 0.5, 0.1]","[0.9, 0.5, 0.1]","[u'red', u'blue', u'black']","[u'left', u'middle', u'right']","[0.9, 0.5, 0.1]","[u'medium', u'high', u'low']",red,49,left,medium,False,False,925,-50,NA
A1A7KL0CEERE60,Wed May 30 2018 17:34:37 GMT-0400 (Eastern Daylight Time),Wed May 30 2018 17:45:25 GMT-0400 (Eastern Daylight Time),"Mozilla/5.0 (Windows NT 10.0; Win64; x64) AppleWebKit/537.36 (KHTML, like Gecko) Chrome/66.0.3359.181 Safari/537.36",2,"[0.9, 0.5, 0.1]","[0.9, 0.5, 0.1]","[u'red', u'blue', u'black']","[u'left', u'middle', u'right']","[0.9, 0.5, 0.1]","[u'medium', u'high', u'low']",blue,50,middle,high,True,False,33,50,NA
A1A7KL0CEERE60,Wed May 30 2018 17:34:37 GMT-0400 (Eastern Daylight Time),Wed May 30 2018 17:45:25 GMT-0400 (Eastern Daylight Time),"Mozilla/5.0 (Windows NT 10.0; Win64; x64) AppleWebKit/537.36 (KHTML, like Gecko) Chrome/66.0.3359.181 Safari/537.36",3,"[0.9, 0.5, 0.1]","[0.9, 0.5, 0.1]","[u'red', u'blue', u'black']","[u'left', u'middle', u'right']","[0.9, 0.5, 0.1]","[u'medium', u'high', u'low']",blue,50,middle,high,True,False,418,150,NA
A1A7KL0CEERE60,Wed May 30 2018 17:34:37 GMT-0400 (Eastern Daylight Time),Wed May 30 2018 17:45:25 GMT-0400 (Eastern Daylight Time),"Mozilla/5.0 (Windows NT 10.0; Win64; x64) AppleWebKit/537.36 (KHTML, like Gecko) Chrome/66.0.3359.181 Safari/537.36",4,"[0.9, 0.5, 0.1]","[0.9, 0.5, 0.1]","[u'red', u'blue', u'black']","[u'left', u'middle', u'right']","[0.9, 0.5, 0.1]","[u'medium', u'high', u'low']",blue,50,middle,high,True,False,442,250,NA
A1A7KL0CEERE60,Wed May 30 2018 17:34:37 GMT-0400 (Eastern Daylight Time),Wed May 30 2018 17:45:25 GMT-0400 (Eastern Daylight Time),"Mozilla/5.0 (Windows NT 10.0; Win64; x64) AppleWebKit/537.36 (KHTML, like Gecko) Chrome/66.0.3359.181 Safari/537.36",5,"[0.9, 0.5, 0.1]","[0.9, 0.5, 0.1]","[u'red', u'blue', u'black']","[u'left', u'middle', u'right']","[0.9, 0.5, 0.1]","[u'medium', u'high', u'low']",blue,50,middle,high,True,False,387,350,NA
A1A7KL0CEERE60,Wed May 30 2018 17:34:37 GMT-0400 (Eastern Daylight Time),Wed May 30 2018 17:45:25 GMT-0400 (Eastern Daylight Time),"Mozilla/5.0 (Windows NT 10.0; Win64; x64) AppleWebKit/537.36 (KHTML, like Gecko) Chrome/66.0.3359.181 Safari/537.36",6,"[0.9, 0.5, 0.1]","[0.9, 0.5, 0.1]","[u'red', u'blue', u'black']","[u'left', u'middle', u'right']","[0.9, 0.5, 0.1]","[u'medium', u'high', u'low']",blue,50,middle,high,True,False,427,450,NA
A1A7KL0CEERE60,Wed May 30 2018 17:34:37 GMT-0400 (Eastern Daylight Time),Wed May 30 2018 17:45:25 GMT-0400 (Eastern Daylight Time),"Mozilla/5.0 (Windows NT 10.0; Win64; x64) AppleWebKit/537.36 (KHTML, like Gecko) Chrome/66.0.3359.181 Safari/537.36",7,"[0.9, 0.5, 0.1]","[0.9, 0.5, 0.1]","[u'red', u'blue', u'black']","[u'left', u'middle', u'right']","[0.9, 0.5, 0.1]","[u'medium', u'high', u'low']",blue,50,middle,high,True,False,418,550,NA
A1A7KL0CEERE60,Wed May 30 2018 17:34:37 GMT-0400 (Eastern Daylight Time),Wed May 30 2018 17:45:25 GMT-0400 (Eastern Daylight Time),"Mozilla/5.0 (Windows NT 10.0; Win64; x64) AppleWebKit/537.36 (KHTML, like Gecko) Chrome/66.0.3359.181 Safari/537.36",8,"[0.9, 0.5, 0.1]","[0.9, 0.5, 0.1]","[u'red', u'blue', u'black']","[u'left', u'middle', u'right']","[0.9, 0.5, 0.1]","[u'medium', u'high', u'low']",blue,50,middle,high,True,False,379,650,NA
A1A7KL0CEERE60,Wed May 30 2018 17:34:37 GMT-0400 (Eastern Daylight Time),Wed May 30 2018 17:45:25 GMT-0400 (Eastern Daylight Time),"Mozilla/5.0 (Windows NT 10.0; Win64; x64) AppleWebKit/537.36 (KHTML, like Gecko) Chrome/66.0.3359.181 Safari/537.36",9,"[0.9, 0.5, 0.1]","[0.9, 0.5, 0.1]","[u'red', u'blue', u'black']","[u'left', u'middle', u'right']","[0.9, 0.5, 0.1]","[u'medium', u'high', u'low']",blue,50,middle,high,False,False,314,600,NA
A1A7KL0CEERE60,Wed May 30 2018 17:34:37 GMT-0400 (Eastern Daylight Time),Wed May 30 2018 17:45:25 GMT-0400 (Eastern Daylight Time),"Mozilla/5.0 (Windows NT 10.0; Win64; x64) AppleWebKit/537.36 (KHTML, like Gecko) Chrome/66.0.3359.181 Safari/537.36",10,"[0.9, 0.5, 0.1]","[0.9, 0.5, 0.1]","[u'red', u'blue', u'black']","[u'left', u'middle', u'right']","[0.9, 0.5, 0.1]","[u'medium', u'high', u'low']",black,51,right,low,False,False,835,550,NA
A1A7KL0CEERE60,Wed May 30 2018 17:34:37 GMT-0400 (Eastern Daylight Time),Wed May 30 2018 17:45:25 GMT-0400 (Eastern Daylight Time),"Mozilla/5.0 (Windows NT 10.0; Win64; x64) AppleWebKit/537.36 (KHTML, like Gecko) Chrome/66.0.3359.181 Safari/537.36",11,"[0.9, 0.5, 0.1]","[0.9, 0.5, 0.1]","[u'red', u'blue', u'black']","[u'left', u'middle', u'right']","[0.9, 0.5, 0.1]","[u'medium', u'high', u'low']",blue,50,middle,high,True,True,386,650,NA
A1A7KL0CEERE60,Wed May 30 2018 17:34:37 GMT-0400 (Eastern Daylight Time),Wed May 30 2018 17:45:25 GMT-0400 (Eastern Daylight Time),"Mozilla/5.0 (Windows NT 10.0; Win64; x64) AppleWebKit/537.36 (KHTML, like Gecko) Chrome/66.0.3359.181 Safari/537.36",12,"[0.9, 0.5, 0.1]","[0.9, 0.5, 0.1]","[u'red', u'blue', u'black']","[u'left', u'middle', u'right']","[0.9, 0.5, 0.1]","[u'high', u'medium', u'low']",blue,50,middle,medium,False,False,371,600,NA
A1A7KL0CEERE60,Wed May 30 2018 17:34:37 GMT-0400 (Eastern Daylight Time),Wed May 30 2018 17:45:25 GMT-0400 (Eastern Daylight Time),"Mozilla/5.0 (Windows NT 10.0; Win64; x64) AppleWebKit/537.36 (KHTML, like Gecko) Chrome/66.0.3359.181 Safari/537.36",13,"[0.9, 0.5, 0.1]","[0.9, 0.5, 0.1]","[u'red', u'blue', u'black']","[u'left', u'middle', u'right']","[0.9, 0.5, 0.1]","[u'high', u'medium', u'low']",blue,50,middle,medium,False,False,63,550,NA
A1A7KL0CEERE60,Wed May 30 2018 17:34:37 GMT-0400 (Eastern Daylight Time),Wed May 30 2018 17:45:25 GMT-0400 (Eastern Daylight Time),"Mozilla/5.0 (Windows NT 10.0; Win64; x64) AppleWebKit/537.36 (KHTML, like Gecko) Chrome/66.0.3359.181 Safari/537.36",14,"[0.9, 0.5, 0.1]","[0.9, 0.5, 0.1]","[u'red', u'blue', u'black']","[u'left', u'middle', u'right']","[0.9, 0.5, 0.1]","[u'high', u'medium', u'low']",red,49,left,high,True,False,275,650,NA
A1A7KL0CEERE60,Wed May 30 2018 17:34:37 GMT-0400 (Eastern Daylight Time),Wed May 30 2018 17:45:25 GMT-0400 (Eastern Daylight Time),"Mozilla/5.0 (Windows NT 10.0; Win64; x64) AppleWebKit/537.36 (KHTML, like Gecko) Chrome/66.0.3359.181 Safari/537.36",15,"[0.9, 0.5, 0.1]","[0.9, 0.5, 0.1]","[u'red', u'blue', u'black']","[u'left', u'middle', u'right']","[0.9, 0.5, 0.1]","[u'high', u'medium', u'low']",red,49,left,high,True,False,387,750,NA
A1A7KL0CEERE60,Wed May 30 2018 17:34:37 GMT-0400 (Eastern Daylight Time),Wed May 30 2018 17:45:25 GMT-0400 (Eastern Daylight Time),"Mozilla/5.0 (Windows NT 10.0; Win64; x64) AppleWebKit/537.36 (KHTML, like Gecko) Chrome/66.0.3359.181 Safari/537.36",16,"[0.9, 0.5, 0.1]","[0.9, 0.5, 0.1]","[u'red', u'blue', u'black']","[u'left', u'middle', u'right']","[0.9, 0.5, 0.1]","[u'high', u'medium', u'low']",red,49,left,high,True,False,353,850,NA
A1A7KL0CEERE60,Wed May 30 2018 17:34:37 GMT-0400 (Eastern Daylight Time),Wed May 30 2018 17:45:25 GMT-0400 (Eastern Daylight Time),"Mozilla/5.0 (Windows NT 10.0; Win64; x64) AppleWebKit/537.36 (KHTML, like Gecko) Chrome/66.0.3359.181 Safari/537.36",17,"[0.9, 0.5, 0.1]","[0.9, 0.5, 0.1]","[u'red', u'blue', u'black']","[u'left', u'middle', u'right']","[0.9, 0.5, 0.1]","[u'high', u'medium', u'low']",red,49,left,high,True,False,434,950,NA
A1A7KL0CEERE60,Wed May 30 2018 17:34:37 GMT-0400 (Eastern Daylight Time),Wed May 30 2018 17:45:25 GMT-0400 (Eastern Daylight Time),"Mozilla/5.0 (Windows NT 10.0; Win64; x64) AppleWebKit/537.36 (KHTML, like Gecko) Chrome/66.0.3359.181 Safari/537.36",18,"[0.9, 0.5, 0.1]","[0.9, 0.5, 0.1]","[u'red', u'blue', u'black']","[u'left', u'middle', u'right']","[0.9, 0.5, 0.1]","[u'high', u'medium', u'low']",red,49,left,high,True,False,395,1050,NA
A1A7KL0CEERE60,Wed May 30 2018 17:34:37 GMT-0400 (Eastern Daylight Time),Wed May 30 2018 17:45:25 GMT-0400 (Eastern Daylight Time),"Mozilla/5.0 (Windows NT 10.0; Win64; x64) AppleWebKit/537.36 (KHTML, like Gecko) Chrome/66.0.3359.181 Safari/537.36",19,"[0.9, 0.5, 0.1]","[0.9, 0.5, 0.1]","[u'red', u'blue', u'black']","[u'left', u'middle', u'right']","[0.9, 0.5, 0.1]","[u'high', u'medium', u'low']",red,49,left,high,True,False,656,1150,NA
A1A7KL0CEERE60,Wed May 30 2018 17:34:37 GMT-0400 (Eastern Daylight Time),Wed May 30 2018 17:45:25 GMT-0400 (Eastern Daylight Time),"Mozilla/5.0 (Windows NT 10.0; Win64; x64) AppleWebKit/537.36 (KHTML, like Gecko) Chrome/66.0.3359.181 Safari/537.36",20,"[0.9, 0.5, 0.1]","[0.9, 0.5, 0.1]","[u'red', u'blue', u'black']","[u'left', u'middle', u'right']","[0.9, 0.5, 0.1]","[u'high', u'medium', u'low']",red,49,left,high,True,False,520,1250,NA
A1A7KL0CEERE60,Wed May 30 2018 17:34:37 GMT-0400 (Eastern Daylight Time),Wed May 30 2018 17:45:25 GMT-0400 (Eastern Daylight Time),"Mozilla/5.0 (Windows NT 10.0; Win64; x64) AppleWebKit/537.36 (KHTML, like Gecko) Chrome/66.0.3359.181 Safari/537.36",21,"[0.9, 0.5, 0.1]","[0.9, 0.5, 0.1]","[u'red', u'blue', u'black']","[u'left', u'middle', u'right']","[0.9, 0.5, 0.1]","[u'high', u'medium', u'low']",red,49,left,high,True,False,537,1350,NA
A1A7KL0CEERE60,Wed May 30 2018 17:34:37 GMT-0400 (Eastern Daylight Time),Wed May 30 2018 17:45:25 GMT-0400 (Eastern Daylight Time),"Mozilla/5.0 (Windows NT 10.0; Win64; x64) AppleWebKit/537.36 (KHTML, like Gecko) Chrome/66.0.3359.181 Safari/537.36",22,"[0.9, 0.5, 0.1]","[0.9, 0.5, 0.1]","[u'red', u'blue', u'black']","[u'left', u'middle', u'right']","[0.9, 0.5, 0.1]","[u'high', u'medium', u'low']",red,49,left,high,True,True,506,1450,NA
A1A7KL0CEERE60,Wed May 30 2018 17:34:37 GMT-0400 (Eastern Daylight Time),Wed May 30 2018 17:45:25 GMT-0400 (Eastern Daylight Time),"Mozilla/5.0 (Windows NT 10.0; Win64; x64) AppleWebKit/537.36 (KHTML, like Gecko) Chrome/66.0.3359.181 Safari/537.36",23,"[0.9, 0.5, 0.1]","[0.9, 0.5, 0.1]","[u'red', u'blue', u'black']","[u'left', u'middle', u'right']","[0.9, 0.5, 0.1]","[u'medium', u'low', u'high']",red,49,left,medium,False,False,532,1400,NA
A1A7KL0CEERE60,Wed May 30 2018 17:34:37 GMT-0400 (Eastern Daylight Time),Wed May 30 2018 17:45:25 GMT-0400 (Eastern Daylight Time),"Mozilla/5.0 (Windows NT 10.0; Win64; x64) AppleWebKit/537.36 (KHTML, like Gecko) Chrome/66.0.3359.181 Safari/537.36",24,"[0.9, 0.5, 0.1]","[0.9, 0.5, 0.1]","[u'red', u'blue', u'black']","[u'left', u'middle', u'right']","[0.9, 0.5, 0.1]","[u'medium', u'low', u'high']",red,49,left,medium,True,False,394,1500,NA
A1A7KL0CEERE60,Wed May 30 2018 17:34:37 GMT-0400 (Eastern Daylight Time),Wed May 30 2018 17:45:25 GMT-0400 (Eastern Daylight Time),"Mozilla/5.0 (Windows NT 10.0; Win64; x64) AppleWebKit/537.36 (KHTML, like Gecko) Chrome/66.0.3359.181 Safari/537.36",25,"[0.9, 0.5, 0.1]","[0.9, 0.5, 0.1]","[u'red', u'blue', u'black']","[u'left', u'middle', u'right']","[0.9, 0.5, 0.1]","[u'medium', u'low', u'high']",red,49,left,medium,True,False,548,1600,NA
A1A7KL0CEERE60,Wed May 30 2018 17:34:37 GMT-0400 (Eastern Daylight Time),Wed May 30 2018 17:45:25 GMT-0400 (Eastern Daylight Time),"Mozilla/5.0 (Windows NT 10.0; Win64; x64) AppleWebKit/537.36 (KHTML, like Gecko) Chrome/66.0.3359.181 Safari/537.36",26,"[0.9, 0.5, 0.1]","[0.9, 0.5, 0.1]","[u'red', u'blue', u'black']","[u'left', u'middle', u'right']","[0.9, 0.5, 0.1]","[u'medium', u'low', u'high']",red,49,left,medium,False,False,561,1550,NA
A1A7KL0CEERE60,Wed May 30 2018 17:34:37 GMT-0400 (Eastern Daylight Time),Wed May 30 2018 17:45:25 GMT-0400 (Eastern Daylight Time),"Mozilla/5.0 (Windows NT 10.0; Win64; x64) AppleWebKit/537.36 (KHTML, like Gecko) Chrome/66.0.3359.181 Safari/537.36",27,"[0.9, 0.5, 0.1]","[0.9, 0.5, 0.1]","[u'red', u'blue', u'black']","[u'left', u'middle', u'right']","[0.9, 0.5, 0.1]","[u'medium', u'low', u'high']",red,49,left,medium,False,False,883,1500,NA
A1A7KL0CEERE60,Wed May 30 2018 17:34:37 GMT-0400 (Eastern Daylight Time),Wed May 30 2018 17:45:25 GMT-0400 (Eastern Daylight Time),"Mozilla/5.0 (Windows NT 10.0; Win64; x64) AppleWebKit/537.36 (KHTML, like Gecko) Chrome/66.0.3359.181 Safari/537.36",28,"[0.9, 0.5, 0.1]","[0.9, 0.5, 0.1]","[u'red', u'blue', u'black']","[u'left', u'middle', u'right']","[0.9, 0.5, 0.1]","[u'medium', u'low', u'high']",blue,50,middle,low,False,False,404,1450,NA
A1A7KL0CEERE60,Wed May 30 2018 17:34:37 GMT-0400 (Eastern Daylight Time),Wed May 30 2018 17:45:25 GMT-0400 (Eastern Daylight Time),"Mozilla/5.0 (Windows NT 10.0; Win64; x64) AppleWebKit/537.36 (KHTML, like Gecko) Chrome/66.0.3359.181 Safari/537.36",29,"[0.9, 0.5, 0.1]","[0.9, 0.5, 0.1]","[u'red', u'blue', u'black']","[u'left', u'middle', u'right']","[0.9, 0.5, 0.1]","[u'medium', u'low', u'high']",black,51,right,high,True,False,488,1550,NA
A1A7KL0CEERE60,Wed May 30 2018 17:34:37 GMT-0400 (Eastern Daylight Time),Wed May 30 2018 17:45:25 GMT-0400 (Eastern Daylight Time),"Mozilla/5.0 (Windows NT 10.0; Win64; x64) AppleWebKit/537.36 (KHTML, like Gecko) Chrome/66.0.3359.181 Safari/537.36",30,"[0.9, 0.5, 0.1]","[0.9, 0.5, 0.1]","[u'red', u'blue', u'black']","[u'left', u'middle', u'right']","[0.9, 0.5, 0.1]","[u'medium', u'low', u'high']",black,51,right,high,True,False,595,1650,NA
A1A7KL0CEERE60,Wed May 30 2018 17:34:37 GMT-0400 (Eastern Daylight Time),Wed May 30 2018 17:45:25 GMT-0400 (Eastern Daylight Time),"Mozilla/5.0 (Windows NT 10.0; Win64; x64) AppleWebKit/537.36 (KHTML, like Gecko) Chrome/66.0.3359.181 Safari/537.36",31,"[0.9, 0.5, 0.1]","[0.9, 0.5, 0.1]","[u'red', u'blue', u'black']","[u'left', u'middle', u'right']","[0.9, 0.5, 0.1]","[u'medium', u'low', u'high']",black,51,right,high,True,False,475,1750,NA
A1A7KL0CEERE60,Wed May 30 2018 17:34:37 GMT-0400 (Eastern Daylight Time),Wed May 30 2018 17:45:25 GMT-0400 (Eastern Daylight Time),"Mozilla/5.0 (Windows NT 10.0; Win64; x64) AppleWebKit/537.36 (KHTML, like Gecko) Chrome/66.0.3359.181 Safari/537.36",32,"[0.9, 0.5, 0.1]","[0.9, 0.5, 0.1]","[u'red', u'blue', u'black']","[u'left', u'middle', u'right']","[0.9, 0.5, 0.1]","[u'medium', u'low', u'high']",black,51,right,high,True,False,475,1850,NA
A1A7KL0CEERE60,Wed May 30 2018 17:34:37 GMT-0400 (Eastern Daylight Time),Wed May 30 2018 17:45:25 GMT-0400 (Eastern Daylight Time),"Mozilla/5.0 (Windows NT 10.0; Win64; x64) AppleWebKit/537.36 (KHTML, like Gecko) Chrome/66.0.3359.181 Safari/537.36",33,"[0.9, 0.5, 0.1]","[0.9, 0.5, 0.1]","[u'red', u'blue', u'black']","[u'left', u'middle', u'right']","[0.9, 0.5, 0.1]","[u'medium', u'low', u'high']",black,51,right,high,True,False,525,1950,NA
A1A7KL0CEERE60,Wed May 30 2018 17:34:37 GMT-0400 (Eastern Daylight Time),Wed May 30 2018 17:45:25 GMT-0400 (Eastern Daylight Time),"Mozilla/5.0 (Windows NT 10.0; Win64; x64) AppleWebKit/537.36 (KHTML, like Gecko) Chrome/66.0.3359.181 Safari/537.36",34,"[0.9, 0.5, 0.1]","[0.9, 0.5, 0.1]","[u'red', u'blue', u'black']","[u'left', u'middle', u'right']","[0.9, 0.5, 0.1]","[u'medium', u'low', u'high']",black,51,right,high,True,False,567,2050,NA
A1A7KL0CEERE60,Wed May 30 2018 17:34:37 GMT-0400 (Eastern Daylight Time),Wed May 30 2018 17:45:25 GMT-0400 (Eastern Daylight Time),"Mozilla/5.0 (Windows NT 10.0; Win64; x64) AppleWebKit/537.36 (KHTML, like Gecko) Chrome/66.0.3359.181 Safari/537.36",35,"[0.9, 0.5, 0.1]","[0.9, 0.5, 0.1]","[u'red', u'blue', u'black']","[u'left', u'middle', u'right']","[0.9, 0.5, 0.1]","[u'medium', u'low', u'high']",black,51,right,high,True,False,547,2150,NA
A1A7KL0CEERE60,Wed May 30 2018 17:34:37 GMT-0400 (Eastern Daylight Time),Wed May 30 2018 17:45:25 GMT-0400 (Eastern Daylight Time),"Mozilla/5.0 (Windows NT 10.0; Win64; x64) AppleWebKit/537.36 (KHTML, like Gecko) Chrome/66.0.3359.181 Safari/537.36",36,"[0.9, 0.5, 0.1]","[0.9, 0.5, 0.1]","[u'red', u'blue', u'black']","[u'left', u'middle', u'right']","[0.9, 0.5, 0.1]","[u'medium', u'low', u'high']",black,51,right,high,True,False,611,2250,NA
A1A7KL0CEERE60,Wed May 30 2018 17:34:37 GMT-0400 (Eastern Daylight Time),Wed May 30 2018 17:45:25 GMT-0400 (Eastern Daylight Time),"Mozilla/5.0 (Windows NT 10.0; Win64; x64) AppleWebKit/537.36 (KHTML, like Gecko) Chrome/66.0.3359.181 Safari/537.36",37,"[0.9, 0.5, 0.1]","[0.9, 0.5, 0.1]","[u'red', u'blue', u'black']","[u'left', u'middle', u'right']","[0.9, 0.5, 0.1]","[u'medium', u'low', u'high']",black,51,right,high,True,True,618,2350,NA
A1A7KL0CEERE60,Wed May 30 2018 17:34:37 GMT-0400 (Eastern Daylight Time),Wed May 30 2018 17:45:25 GMT-0400 (Eastern Daylight Time),"Mozilla/5.0 (Windows NT 10.0; Win64; x64) AppleWebKit/537.36 (KHTML, like Gecko) Chrome/66.0.3359.181 Safari/537.36",38,"[0.9, 0.5, 0.1]","[0.9, 0.5, 0.1]","[u'red', u'blue', u'black']","[u'left', u'middle', u'right']","[0.9, 0.5, 0.1]","[u'medium', u'high', u'low']",black,51,right,low,False,False,516,2300,NA
A1A7KL0CEERE60,Wed May 30 2018 17:34:37 GMT-0400 (Eastern Daylight Time),Wed May 30 2018 17:45:25 GMT-0400 (Eastern Daylight Time),"Mozilla/5.0 (Windows NT 10.0; Win64; x64) AppleWebKit/537.36 (KHTML, like Gecko) Chrome/66.0.3359.181 Safari/537.36",39,"[0.9, 0.5, 0.1]","[0.9, 0.5, 0.1]","[u'red', u'blue', u'black']","[u'left', u'middle', u'right']","[0.9, 0.5, 0.1]","[u'medium', u'high', u'low']",black,51,right,low,False,False,401,2250,NA
A1A7KL0CEERE60,Wed May 30 2018 17:34:37 GMT-0400 (Eastern Daylight Time),Wed May 30 2018 17:45:25 GMT-0400 (Eastern Daylight Time),"Mozilla/5.0 (Windows NT 10.0; Win64; x64) AppleWebKit/537.36 (KHTML, like Gecko) Chrome/66.0.3359.181 Safari/537.36",40,"[0.9, 0.5, 0.1]","[0.9, 0.5, 0.1]","[u'red', u'blue', u'black']","[u'left', u'middle', u'right']","[0.9, 0.5, 0.1]","[u'medium', u'high', u'low']",blue,50,middle,high,True,False,396,2350,NA
A1A7KL0CEERE60,Wed May 30 2018 17:34:37 GMT-0400 (Eastern Daylight Time),Wed May 30 2018 17:45:25 GMT-0400 (Eastern Daylight Time),"Mozilla/5.0 (Windows NT 10.0; Win64; x64) AppleWebKit/537.36 (KHTML, like Gecko) Chrome/66.0.3359.181 Safari/537.36",41,"[0.9, 0.5, 0.1]","[0.9, 0.5, 0.1]","[u'red', u'blue', u'black']","[u'left', u'middle', u'right']","[0.9, 0.5, 0.1]","[u'high', u'low', u'medium']",red,49,left,high,True,False,934,2450,NA
A1A7KL0CEERE60,Wed May 30 2018 17:34:37 GMT-0400 (Eastern Daylight Time),Wed May 30 2018 17:45:25 GMT-0400 (Eastern Daylight Time),"Mozilla/5.0 (Windows NT 10.0; Win64; x64) AppleWebKit/537.36 (KHTML, like Gecko) Chrome/66.0.3359.181 Safari/537.36",42,"[0.9, 0.5, 0.1]","[0.9, 0.5, 0.1]","[u'red', u'blue', u'black']","[u'left', u'middle', u'right']","[0.9, 0.5, 0.1]","[u'high', u'low', u'medium']",red,49,left,high,True,False,418,2550,NA
A1A7KL0CEERE60,Wed May 30 2018 17:34:37 GMT-0400 (Eastern Daylight Time),Wed May 30 2018 17:45:25 GMT-0400 (Eastern Daylight Time),"Mozilla/5.0 (Windows NT 10.0; Win64; x64) AppleWebKit/537.36 (KHTML, like Gecko) Chrome/66.0.3359.181 Safari/537.36",43,"[0.9, 0.5, 0.1]","[0.9, 0.5, 0.1]","[u'red', u'blue', u'black']","[u'left', u'middle', u'right']","[0.9, 0.5, 0.1]","[u'high', u'low', u'medium']",red,49,left,high,True,False,529,2650,NA
A1A7KL0CEERE60,Wed May 30 2018 17:34:37 GMT-0400 (Eastern Daylight Time),Wed May 30 2018 17:45:25 GMT-0400 (Eastern Daylight Time),"Mozilla/5.0 (Windows NT 10.0; Win64; x64) AppleWebKit/537.36 (KHTML, like Gecko) Chrome/66.0.3359.181 Safari/537.36",44,"[0.9, 0.5, 0.1]","[0.9, 0.5, 0.1]","[u'red', u'blue', u'black']","[u'left', u'middle', u'right']","[0.9, 0.5, 0.1]","[u'high', u'low', u'medium']",red,49,left,high,True,False,490,2750,NA
A1A7KL0CEERE60,Wed May 30 2018 17:34:37 GMT-0400 (Eastern Daylight Time),Wed May 30 2018 17:45:25 GMT-0400 (Eastern Daylight Time),"Mozilla/5.0 (Windows NT 10.0; Win64; x64) AppleWebKit/537.36 (KHTML, like Gecko) Chrome/66.0.3359.181 Safari/537.36",45,"[0.9, 0.5, 0.1]","[0.9, 0.5, 0.1]","[u'red', u'blue', u'black']","[u'left', u'middle', u'right']","[0.9, 0.5, 0.1]","[u'high', u'low', u'medium']",red,49,left,high,True,False,611,2850,NA
A1A7KL0CEERE60,Wed May 30 2018 17:34:37 GMT-0400 (Eastern Daylight Time),Wed May 30 2018 17:45:25 GMT-0400 (Eastern Daylight Time),"Mozilla/5.0 (Windows NT 10.0; Win64; x64) AppleWebKit/537.36 (KHTML, like Gecko) Chrome/66.0.3359.181 Safari/537.36",46,"[0.9, 0.5, 0.1]","[0.9, 0.5, 0.1]","[u'red', u'blue', u'black']","[u'left', u'middle', u'right']","[0.9, 0.5, 0.1]","[u'high', u'low', u'medium']",red,49,left,high,True,False,644,2950,NA
A1A7KL0CEERE60,Wed May 30 2018 17:34:37 GMT-0400 (Eastern Daylight Time),Wed May 30 2018 17:45:25 GMT-0400 (Eastern Daylight Time),"Mozilla/5.0 (Windows NT 10.0; Win64; x64) AppleWebKit/537.36 (KHTML, like Gecko) Chrome/66.0.3359.181 Safari/537.36",47,"[0.9, 0.5, 0.1]","[0.9, 0.5, 0.1]","[u'red', u'blue', u'black']","[u'left', u'middle', u'right']","[0.9, 0.5, 0.1]","[u'high', u'low', u'medium']",red,49,left,high,False,False,962,2900,NA
A1A7KL0CEERE60,Wed May 30 2018 17:34:37 GMT-0400 (Eastern Daylight Time),Wed May 30 2018 17:45:25 GMT-0400 (Eastern Daylight Time),"Mozilla/5.0 (Windows NT 10.0; Win64; x64) AppleWebKit/537.36 (KHTML, like Gecko) Chrome/66.0.3359.181 Safari/537.36",48,"[0.9, 0.5, 0.1]","[0.9, 0.5, 0.1]","[u'red', u'blue', u'black']","[u'left', u'middle', u'right']","[0.9, 0.5, 0.1]","[u'high', u'low', u'medium']",blue,50,middle,low,False,False,579,2850,NA
A1A7KL0CEERE60,Wed May 30 2018 17:34:37 GMT-0400 (Eastern Daylight Time),Wed May 30 2018 17:45:25 GMT-0400 (Eastern Daylight Time),"Mozilla/5.0 (Windows NT 10.0; Win64; x64) AppleWebKit/537.36 (KHTML, like Gecko) Chrome/66.0.3359.181 Safari/537.36",49,"[0.9, 0.5, 0.1]","[0.9, 0.5, 0.1]","[u'red', u'blue', u'black']","[u'left', u'middle', u'right']","[0.9, 0.5, 0.1]","[u'high', u'low', u'medium']",black,51,right,medium,True,False,491,2950,NA
A1A7KL0CEERE60,Wed May 30 2018 17:34:37 GMT-0400 (Eastern Daylight Time),Wed May 30 2018 17:45:25 GMT-0400 (Eastern Daylight Time),"Mozilla/5.0 (Windows NT 10.0; Win64; x64) AppleWebKit/537.36 (KHTML, like Gecko) Chrome/66.0.3359.181 Safari/537.36",50,"[0.9, 0.5, 0.1]","[0.9, 0.5, 0.1]","[u'red', u'blue', u'black']","[u'left', u'middle', u'right']","[0.9, 0.5, 0.1]","[u'high', u'low', u'medium']",black,51,right,medium,True,False,747,3050,NA
A1A7KL0CEERE60,Wed May 30 2018 17:34:37 GMT-0400 (Eastern Daylight Time),Wed May 30 2018 17:45:25 GMT-0400 (Eastern Daylight Time),"Mozilla/5.0 (Windows NT 10.0; Win64; x64) AppleWebKit/537.36 (KHTML, like Gecko) Chrome/66.0.3359.181 Safari/537.36",51,"[0.9, 0.5, 0.1]","[0.9, 0.5, 0.1]","[u'red', u'blue', u'black']","[u'left', u'middle', u'right']","[0.9, 0.5, 0.1]","[u'high', u'low', u'medium']",black,51,right,medium,False,False,509,3000,NA
A1A7KL0CEERE60,Wed May 30 2018 17:34:37 GMT-0400 (Eastern Daylight Time),Wed May 30 2018 17:45:25 GMT-0400 (Eastern Daylight Time),"Mozilla/5.0 (Windows NT 10.0; Win64; x64) AppleWebKit/537.36 (KHTML, like Gecko) Chrome/66.0.3359.181 Safari/537.36",52,"[0.9, 0.5, 0.1]","[0.9, 0.5, 0.1]","[u'red', u'blue', u'black']","[u'left', u'middle', u'right']","[0.9, 0.5, 0.1]","[u'high', u'low', u'medium']",black,51,right,medium,True,False,1743,3100,NA
A1A7KL0CEERE60,Wed May 30 2018 17:34:37 GMT-0400 (Eastern Daylight Time),Wed May 30 2018 17:45:25 GMT-0400 (Eastern Daylight Time),"Mozilla/5.0 (Windows NT 10.0; Win64; x64) AppleWebKit/537.36 (KHTML, like Gecko) Chrome/66.0.3359.181 Safari/537.36",53,"[0.9, 0.5, 0.1]","[0.9, 0.5, 0.1]","[u'red', u'blue', u'black']","[u'left', u'middle', u'right']","[0.9, 0.5, 0.1]","[u'high', u'low', u'medium']",black,51,right,medium,True,False,713,3200,NA
A1A7KL0CEERE60,Wed May 30 2018 17:34:37 GMT-0400 (Eastern Daylight Time),Wed May 30 2018 17:45:25 GMT-0400 (Eastern Daylight Time),"Mozilla/5.0 (Windows NT 10.0; Win64; x64) AppleWebKit/537.36 (KHTML, like Gecko) Chrome/66.0.3359.181 Safari/537.36",54,"[0.9, 0.5, 0.1]","[0.9, 0.5, 0.1]","[u'red', u'blue', u'black']","[u'left', u'middle', u'right']","[0.9, 0.5, 0.1]","[u'high', u'low', u'medium']",black,51,right,medium,True,False,569,3300,NA
A1A7KL0CEERE60,Wed May 30 2018 17:34:37 GMT-0400 (Eastern Daylight Time),Wed May 30 2018 17:45:25 GMT-0400 (Eastern Daylight Time),"Mozilla/5.0 (Windows NT 10.0; Win64; x64) AppleWebKit/537.36 (KHTML, like Gecko) Chrome/66.0.3359.181 Safari/537.36",55,"[0.9, 0.5, 0.1]","[0.9, 0.5, 0.1]","[u'red', u'blue', u'black']","[u'left', u'middle', u'right']","[0.9, 0.5, 0.1]","[u'high', u'low', u'medium']",black,51,right,medium,False,False,618,3250,NA
A1A7KL0CEERE60,Wed May 30 2018 17:34:37 GMT-0400 (Eastern Daylight Time),Wed May 30 2018 17:45:25 GMT-0400 (Eastern Daylight Time),"Mozilla/5.0 (Windows NT 10.0; Win64; x64) AppleWebKit/537.36 (KHTML, like Gecko) Chrome/66.0.3359.181 Safari/537.36",56,"[0.9, 0.5, 0.1]","[0.9, 0.5, 0.1]","[u'red', u'blue', u'black']","[u'left', u'middle', u'right']","[0.9, 0.5, 0.1]","[u'high', u'low', u'medium']",black,51,right,medium,True,False,468,3350,NA
A1A7KL0CEERE60,Wed May 30 2018 17:34:37 GMT-0400 (Eastern Daylight Time),Wed May 30 2018 17:45:25 GMT-0400 (Eastern Daylight Time),"Mozilla/5.0 (Windows NT 10.0; Win64; x64) AppleWebKit/537.36 (KHTML, like Gecko) Chrome/66.0.3359.181 Safari/537.36",57,"[0.9, 0.5, 0.1]","[0.9, 0.5, 0.1]","[u'red', u'blue', u'black']","[u'left', u'middle', u'right']","[0.9, 0.5, 0.1]","[u'high', u'low', u'medium']",black,51,right,medium,False,False,512,3300,NA
A1A7KL0CEERE60,Wed May 30 2018 17:34:37 GMT-0400 (Eastern Daylight Time),Wed May 30 2018 17:45:25 GMT-0400 (Eastern Daylight Time),"Mozilla/5.0 (Windows NT 10.0; Win64; x64) AppleWebKit/537.36 (KHTML, like Gecko) Chrome/66.0.3359.181 Safari/537.36",58,"[0.9, 0.5, 0.1]","[0.9, 0.5, 0.1]","[u'red', u'blue', u'black']","[u'left', u'middle', u'right']","[0.9, 0.5, 0.1]","[u'high', u'low', u'medium']",blue,50,middle,low,False,False,1433,3250,NA
A1A7KL0CEERE60,Wed May 30 2018 17:34:37 GMT-0400 (Eastern Daylight Time),Wed May 30 2018 17:45:25 GMT-0400 (Eastern Daylight Time),"Mozilla/5.0 (Windows NT 10.0; Win64; x64) AppleWebKit/537.36 (KHTML, like Gecko) Chrome/66.0.3359.181 Safari/537.36",59,"[0.9, 0.5, 0.1]","[0.9, 0.5, 0.1]","[u'red', u'blue', u'black']","[u'left', u'middle', u'right']","[0.9, 0.5, 0.1]","[u'high', u'low', u'medium']",red,49,left,high,True,False,529,3350,NA
A1A7KL0CEERE60,Wed May 30 2018 17:34:37 GMT-0400 (Eastern Daylight Time),Wed May 30 2018 17:45:25 GMT-0400 (Eastern Daylight Time),"Mozilla/5.0 (Windows NT 10.0; Win64; x64) AppleWebKit/537.36 (KHTML, like Gecko) Chrome/66.0.3359.181 Safari/537.36",60,"[0.9, 0.5, 0.1]","[0.9, 0.5, 0.1]","[u'red', u'blue', u'black']","[u'left', u'middle', u'right']","[0.9, 0.5, 0.1]","[u'high', u'low', u'medium']",red,49,left,high,True,False,947,3450,NA
A1A7KL0CEERE60,Wed May 30 2018 17:34:37 GMT-0400 (Eastern Daylight Time),Wed May 30 2018 17:45:25 GMT-0400 (Eastern Daylight Time),"Mozilla/5.0 (Windows NT 10.0; Win64; x64) AppleWebKit/537.36 (KHTML, like Gecko) Chrome/66.0.3359.181 Safari/537.36",61,"[0.9, 0.5, 0.1]","[0.9, 0.5, 0.1]","[u'red', u'blue', u'black']","[u'left', u'middle', u'right']","[0.9, 0.5, 0.1]","[u'high', u'low', u'medium']",red,49,left,high,True,False,629,3550,NA
A1A7KL0CEERE60,Wed May 30 2018 17:34:37 GMT-0400 (Eastern Daylight Time),Wed May 30 2018 17:45:25 GMT-0400 (Eastern Daylight Time),"Mozilla/5.0 (Windows NT 10.0; Win64; x64) AppleWebKit/537.36 (KHTML, like Gecko) Chrome/66.0.3359.181 Safari/537.36",62,"[0.9, 0.5, 0.1]","[0.9, 0.5, 0.1]","[u'red', u'blue', u'black']","[u'left', u'middle', u'right']","[0.9, 0.5, 0.1]","[u'high', u'low', u'medium']",red,49,left,high,True,False,624,3650,NA
A1A7KL0CEERE60,Wed May 30 2018 17:34:37 GMT-0400 (Eastern Daylight Time),Wed May 30 2018 17:45:25 GMT-0400 (Eastern Daylight Time),"Mozilla/5.0 (Windows NT 10.0; Win64; x64) AppleWebKit/537.36 (KHTML, like Gecko) Chrome/66.0.3359.181 Safari/537.36",63,"[0.9, 0.5, 0.1]","[0.9, 0.5, 0.1]","[u'red', u'blue', u'black']","[u'left', u'middle', u'right']","[0.9, 0.5, 0.1]","[u'high', u'low', u'medium']",red,49,left,high,True,False,754,3750,NA
A1A7KL0CEERE60,Wed May 30 2018 17:34:37 GMT-0400 (Eastern Daylight Time),Wed May 30 2018 17:45:25 GMT-0400 (Eastern Daylight Time),"Mozilla/5.0 (Windows NT 10.0; Win64; x64) AppleWebKit/537.36 (KHTML, like Gecko) Chrome/66.0.3359.181 Safari/537.36",64,"[0.9, 0.5, 0.1]","[0.9, 0.5, 0.1]","[u'red', u'blue', u'black']","[u'left', u'middle', u'right']","[0.9, 0.5, 0.1]","[u'high', u'low', u'medium']",red,49,left,high,True,False,570,3850,NA
A1A7KL0CEERE60,Wed May 30 2018 17:34:37 GMT-0400 (Eastern Daylight Time),Wed May 30 2018 17:45:25 GMT-0400 (Eastern Daylight Time),"Mozilla/5.0 (Windows NT 10.0; Win64; x64) AppleWebKit/537.36 (KHTML, like Gecko) Chrome/66.0.3359.181 Safari/537.36",65,"[0.9, 0.5, 0.1]","[0.9, 0.5, 0.1]","[u'red', u'blue', u'black']","[u'left', u'middle', u'right']","[0.9, 0.5, 0.1]","[u'high', u'low', u'medium']",red,49,left,high,False,False,883,3800,NA
A1A7KL0CEERE60,Wed May 30 2018 17:34:37 GMT-0400 (Eastern Daylight Time),Wed May 30 2018 17:45:25 GMT-0400 (Eastern Daylight Time),"Mozilla/5.0 (Windows NT 10.0; Win64; x64) AppleWebKit/537.36 (KHTML, like Gecko) Chrome/66.0.3359.181 Safari/537.36",66,"[0.9, 0.5, 0.1]","[0.9, 0.5, 0.1]","[u'red', u'blue', u'black']","[u'left', u'middle', u'right']","[0.9, 0.5, 0.1]","[u'high', u'low', u'medium']",red,49,left,high,True,False,404,3900,NA
A1A7KL0CEERE60,Wed May 30 2018 17:34:37 GMT-0400 (Eastern Daylight Time),Wed May 30 2018 17:45:25 GMT-0400 (Eastern Daylight Time),"Mozilla/5.0 (Windows NT 10.0; Win64; x64) AppleWebKit/537.36 (KHTML, like Gecko) Chrome/66.0.3359.181 Safari/537.36",67,"[0.9, 0.5, 0.1]","[0.9, 0.5, 0.1]","[u'red', u'blue', u'black']","[u'left', u'middle', u'right']","[0.9, 0.5, 0.1]","[u'high', u'low', u'medium']",red,49,left,high,True,True,736,4000,NA
A1A7KL0CEERE60,Wed May 30 2018 17:34:37 GMT-0400 (Eastern Daylight Time),Wed May 30 2018 17:45:25 GMT-0400 (Eastern Daylight Time),"Mozilla/5.0 (Windows NT 10.0; Win64; x64) AppleWebKit/537.36 (KHTML, like Gecko) Chrome/66.0.3359.181 Safari/537.36",68,"[0.9, 0.5, 0.1]","[0.9, 0.5, 0.1]","[u'red', u'blue', u'black']","[u'left', u'middle', u'right']","[0.9, 0.5, 0.1]","[u'medium', u'low', u'high']",red,49,left,medium,False,False,643,3950,NA
A1A7KL0CEERE60,Wed May 30 2018 17:34:37 GMT-0400 (Eastern Daylight Time),Wed May 30 2018 17:45:25 GMT-0400 (Eastern Daylight Time),"Mozilla/5.0 (Windows NT 10.0; Win64; x64) AppleWebKit/537.36 (KHTML, like Gecko) Chrome/66.0.3359.181 Safari/537.36",69,"[0.9, 0.5, 0.1]","[0.9, 0.5, 0.1]","[u'red', u'blue', u'black']","[u'left', u'middle', u'right']","[0.9, 0.5, 0.1]","[u'medium', u'low', u'high']",blue,50,middle,low,False,False,209,3900,NA
A1A7KL0CEERE60,Wed May 30 2018 17:34:37 GMT-0400 (Eastern Daylight Time),Wed May 30 2018 17:45:25 GMT-0400 (Eastern Daylight Time),"Mozilla/5.0 (Windows NT 10.0; Win64; x64) AppleWebKit/537.36 (KHTML, like Gecko) Chrome/66.0.3359.181 Safari/537.36",70,"[0.9, 0.5, 0.1]","[0.9, 0.5, 0.1]","[u'red', u'blue', u'black']","[u'left', u'middle', u'right']","[0.9, 0.5, 0.1]","[u'medium', u'low', u'high']",black,51,right,high,True,False,386,4000,NA
A1A7KL0CEERE60,Wed May 30 2018 17:34:37 GMT-0400 (Eastern Daylight Time),Wed May 30 2018 17:45:25 GMT-0400 (Eastern Daylight Time),"Mozilla/5.0 (Windows NT 10.0; Win64; x64) AppleWebKit/537.36 (KHTML, like Gecko) Chrome/66.0.3359.181 Safari/537.36",71,"[0.9, 0.5, 0.1]","[0.9, 0.5, 0.1]","[u'red', u'blue', u'black']","[u'left', u'middle', u'right']","[0.9, 0.5, 0.1]","[u'medium', u'low', u'high']",black,51,right,high,True,False,564,4100,NA
A1A7KL0CEERE60,Wed May 30 2018 17:34:37 GMT-0400 (Eastern Daylight Time),Wed May 30 2018 17:45:25 GMT-0400 (Eastern Daylight Time),"Mozilla/5.0 (Windows NT 10.0; Win64; x64) AppleWebKit/537.36 (KHTML, like Gecko) Chrome/66.0.3359.181 Safari/537.36",72,"[0.9, 0.5, 0.1]","[0.9, 0.5, 0.1]","[u'red', u'blue', u'black']","[u'left', u'middle', u'right']","[0.9, 0.5, 0.1]","[u'medium', u'low', u'high']",black,51,right,high,True,False,703,4200,NA
A1A7KL0CEERE60,Wed May 30 2018 17:34:37 GMT-0400 (Eastern Daylight Time),Wed May 30 2018 17:45:25 GMT-0400 (Eastern Daylight Time),"Mozilla/5.0 (Windows NT 10.0; Win64; x64) AppleWebKit/537.36 (KHTML, like Gecko) Chrome/66.0.3359.181 Safari/537.36",73,"[0.9, 0.5, 0.1]","[0.9, 0.5, 0.1]","[u'red', u'blue', u'black']","[u'left', u'middle', u'right']","[0.9, 0.5, 0.1]","[u'medium', u'low', u'high']",black,51,right,high,True,False,601,4300,NA
A1A7KL0CEERE60,Wed May 30 2018 17:34:37 GMT-0400 (Eastern Daylight Time),Wed May 30 2018 17:45:25 GMT-0400 (Eastern Daylight Time),"Mozilla/5.0 (Windows NT 10.0; Win64; x64) AppleWebKit/537.36 (KHTML, like Gecko) Chrome/66.0.3359.181 Safari/537.36",74,"[0.9, 0.5, 0.1]","[0.9, 0.5, 0.1]","[u'red', u'blue', u'black']","[u'left', u'middle', u'right']","[0.9, 0.5, 0.1]","[u'medium', u'low', u'high']",black,51,right,high,False,False,723,4250,NA
A1A7KL0CEERE60,Wed May 30 2018 17:34:37 GMT-0400 (Eastern Daylight Time),Wed May 30 2018 17:45:25 GMT-0400 (Eastern Daylight Time),"Mozilla/5.0 (Windows NT 10.0; Win64; x64) AppleWebKit/537.36 (KHTML, like Gecko) Chrome/66.0.3359.181 Safari/537.36",75,"[0.9, 0.5, 0.1]","[0.9, 0.5, 0.1]","[u'red', u'blue', u'black']","[u'left', u'middle', u'right']","[0.9, 0.5, 0.1]","[u'medium', u'low', u'high']",black,51,right,high,False,False,483,4200,NA
A1A7KL0CEERE60,Wed May 30 2018 17:34:37 GMT-0400 (Eastern Daylight Time),Wed May 30 2018 17:45:25 GMT-0400 (Eastern Daylight Time),"Mozilla/5.0 (Windows NT 10.0; Win64; x64) AppleWebKit/537.36 (KHTML, like Gecko) Chrome/66.0.3359.181 Safari/537.36",76,"[0.9, 0.5, 0.1]","[0.9, 0.5, 0.1]","[u'red', u'blue', u'black']","[u'left', u'middle', u'right']","[0.9, 0.5, 0.1]","[u'medium', u'low', u'high']",blue,50,middle,low,False,False,396,4150,NA
A1A7KL0CEERE60,Wed May 30 2018 17:34:37 GMT-0400 (Eastern Daylight Time),Wed May 30 2018 17:45:25 GMT-0400 (Eastern Daylight Time),"Mozilla/5.0 (Windows NT 10.0; Win64; x64) AppleWebKit/537.36 (KHTML, like Gecko) Chrome/66.0.3359.181 Safari/537.36",77,"[0.9, 0.5, 0.1]","[0.9, 0.5, 0.1]","[u'red', u'blue', u'black']","[u'left', u'middle', u'right']","[0.9, 0.5, 0.1]","[u'medium', u'low', u'high']",red,49,left,medium,False,False,433,4100,NA
A1A7KL0CEERE60,Wed May 30 2018 17:34:37 GMT-0400 (Eastern Daylight Time),Wed May 30 2018 17:45:25 GMT-0400 (Eastern Daylight Time),"Mozilla/5.0 (Windows NT 10.0; Win64; x64) AppleWebKit/537.36 (KHTML, like Gecko) Chrome/66.0.3359.181 Safari/537.36",78,"[0.9, 0.5, 0.1]","[0.9, 0.5, 0.1]","[u'red', u'blue', u'black']","[u'left', u'middle', u'right']","[0.9, 0.5, 0.1]","[u'medium', u'low', u'high']",blue,50,middle,low,False,False,738,4050,NA
A1A7KL0CEERE60,Wed May 30 2018 17:34:37 GMT-0400 (Eastern Daylight Time),Wed May 30 2018 17:45:25 GMT-0400 (Eastern Daylight Time),"Mozilla/5.0 (Windows NT 10.0; Win64; x64) AppleWebKit/537.36 (KHTML, like Gecko) Chrome/66.0.3359.181 Safari/537.36",79,"[0.9, 0.5, 0.1]","[0.9, 0.5, 0.1]","[u'red', u'blue', u'black']","[u'left', u'middle', u'right']","[0.9, 0.5, 0.1]","[u'medium', u'low', u'high']",black,51,right,high,True,False,410,4150,NA
A1A7KL0CEERE60,Wed May 30 2018 17:34:37 GMT-0400 (Eastern Daylight Time),Wed May 30 2018 17:45:25 GMT-0400 (Eastern Daylight Time),"Mozilla/5.0 (Windows NT 10.0; Win64; x64) AppleWebKit/537.36 (KHTML, like Gecko) Chrome/66.0.3359.181 Safari/537.36",80,"[0.9, 0.5, 0.1]","[0.9, 0.5, 0.1]","[u'red', u'blue', u'black']","[u'left', u'middle', u'right']","[0.9, 0.5, 0.1]","[u'medium', u'low', u'high']",black,51,right,high,True,False,754,4250,NA
A1A7KL0CEERE60,Wed May 30 2018 17:34:37 GMT-0400 (Eastern Daylight Time),Wed May 30 2018 17:45:25 GMT-0400 (Eastern Daylight Time),"Mozilla/5.0 (Windows NT 10.0; Win64; x64) AppleWebKit/537.36 (KHTML, like Gecko) Chrome/66.0.3359.181 Safari/537.36",81,"[0.9, 0.5, 0.1]","[0.9, 0.5, 0.1]","[u'red', u'blue', u'black']","[u'left', u'middle', u'right']","[0.9, 0.5, 0.1]","[u'high', u'low', u'medium']",black,51,right,medium,True,False,825,4350,NA
A1A7KL0CEERE60,Wed May 30 2018 17:34:37 GMT-0400 (Eastern Daylight Time),Wed May 30 2018 17:45:25 GMT-0400 (Eastern Daylight Time),"Mozilla/5.0 (Windows NT 10.0; Win64; x64) AppleWebKit/537.36 (KHTML, like Gecko) Chrome/66.0.3359.181 Safari/537.36",82,"[0.9, 0.5, 0.1]","[0.9, 0.5, 0.1]","[u'red', u'blue', u'black']","[u'left', u'middle', u'right']","[0.9, 0.5, 0.1]","[u'high', u'low', u'medium']",black,51,right,medium,True,False,595,4450,NA
A1A7KL0CEERE60,Wed May 30 2018 17:34:37 GMT-0400 (Eastern Daylight Time),Wed May 30 2018 17:45:25 GMT-0400 (Eastern Daylight Time),"Mozilla/5.0 (Windows NT 10.0; Win64; x64) AppleWebKit/537.36 (KHTML, like Gecko) Chrome/66.0.3359.181 Safari/537.36",83,"[0.9, 0.5, 0.1]","[0.9, 0.5, 0.1]","[u'red', u'blue', u'black']","[u'left', u'middle', u'right']","[0.9, 0.5, 0.1]","[u'high', u'low', u'medium']",black,51,right,medium,False,False,946,4400,NA
A1A7KL0CEERE60,Wed May 30 2018 17:34:37 GMT-0400 (Eastern Daylight Time),Wed May 30 2018 17:45:25 GMT-0400 (Eastern Daylight Time),"Mozilla/5.0 (Windows NT 10.0; Win64; x64) AppleWebKit/537.36 (KHTML, like Gecko) Chrome/66.0.3359.181 Safari/537.36",84,"[0.9, 0.5, 0.1]","[0.9, 0.5, 0.1]","[u'red', u'blue', u'black']","[u'left', u'middle', u'right']","[0.9, 0.5, 0.1]","[u'high', u'low', u'medium']",black,51,right,medium,True,False,403,4500,NA
A1A7KL0CEERE60,Wed May 30 2018 17:34:37 GMT-0400 (Eastern Daylight Time),Wed May 30 2018 17:45:25 GMT-0400 (Eastern Daylight Time),"Mozilla/5.0 (Windows NT 10.0; Win64; x64) AppleWebKit/537.36 (KHTML, like Gecko) Chrome/66.0.3359.181 Safari/537.36",85,"[0.9, 0.5, 0.1]","[0.9, 0.5, 0.1]","[u'red', u'blue', u'black']","[u'left', u'middle', u'right']","[0.9, 0.5, 0.1]","[u'high', u'low', u'medium']",blue,50,middle,low,True,False,563,4600,NA
A1A7KL0CEERE60,Wed May 30 2018 17:34:37 GMT-0400 (Eastern Daylight Time),Wed May 30 2018 17:45:25 GMT-0400 (Eastern Daylight Time),"Mozilla/5.0 (Windows NT 10.0; Win64; x64) AppleWebKit/537.36 (KHTML, like Gecko) Chrome/66.0.3359.181 Safari/537.36",86,"[0.9, 0.5, 0.1]","[0.9, 0.5, 0.1]","[u'red', u'blue', u'black']","[u'left', u'middle', u'right']","[0.9, 0.5, 0.1]","[u'high', u'low', u'medium']",blue,50,middle,low,False,False,572,4550,NA
A1A7KL0CEERE60,Wed May 30 2018 17:34:37 GMT-0400 (Eastern Daylight Time),Wed May 30 2018 17:45:25 GMT-0400 (Eastern Daylight Time),"Mozilla/5.0 (Windows NT 10.0; Win64; x64) AppleWebKit/537.36 (KHTML, like Gecko) Chrome/66.0.3359.181 Safari/537.36",87,"[0.9, 0.5, 0.1]","[0.9, 0.5, 0.1]","[u'red', u'blue', u'black']","[u'left', u'middle', u'right']","[0.9, 0.5, 0.1]","[u'high', u'low', u'medium']",blue,50,middle,low,False,False,458,4500,NA
A1A7KL0CEERE60,Wed May 30 2018 17:34:37 GMT-0400 (Eastern Daylight Time),Wed May 30 2018 17:45:25 GMT-0400 (Eastern Daylight Time),"Mozilla/5.0 (Windows NT 10.0; Win64; x64) AppleWebKit/537.36 (KHTML, like Gecko) Chrome/66.0.3359.181 Safari/537.36",88,"[0.9, 0.5, 0.1]","[0.9, 0.5, 0.1]","[u'red', u'blue', u'black']","[u'left', u'middle', u'right']","[0.9, 0.5, 0.1]","[u'high', u'low', u'medium']",red,49,left,high,True,False,362,4600,NA
A1A7KL0CEERE60,Wed May 30 2018 17:34:37 GMT-0400 (Eastern Daylight Time),Wed May 30 2018 17:45:25 GMT-0400 (Eastern Daylight Time),"Mozilla/5.0 (Windows NT 10.0; Win64; x64) AppleWebKit/537.36 (KHTML, like Gecko) Chrome/66.0.3359.181 Safari/537.36",89,"[0.9, 0.5, 0.1]","[0.9, 0.5, 0.1]","[u'red', u'blue', u'black']","[u'left', u'middle', u'right']","[0.9, 0.5, 0.1]","[u'high', u'low', u'medium']",red,49,left,high,True,False,457,4700,NA
A1A7KL0CEERE60,Wed May 30 2018 17:34:37 GMT-0400 (Eastern Daylight Time),Wed May 30 2018 17:45:25 GMT-0400 (Eastern Daylight Time),"Mozilla/5.0 (Windows NT 10.0; Win64; x64) AppleWebKit/537.36 (KHTML, like Gecko) Chrome/66.0.3359.181 Safari/537.36",90,"[0.9, 0.5, 0.1]","[0.9, 0.5, 0.1]","[u'red', u'blue', u'black']","[u'left', u'middle', u'right']","[0.9, 0.5, 0.1]","[u'high', u'low', u'medium']",red,49,left,high,True,False,778,4800,NA
A1A7KL0CEERE60,Wed May 30 2018 17:34:37 GMT-0400 (Eastern Daylight Time),Wed May 30 2018 17:45:25 GMT-0400 (Eastern Daylight Time),"Mozilla/5.0 (Windows NT 10.0; Win64; x64) AppleWebKit/537.36 (KHTML, like Gecko) Chrome/66.0.3359.181 Safari/537.36",91,"[0.9, 0.5, 0.1]","[0.9, 0.5, 0.1]","[u'red', u'blue', u'black']","[u'left', u'middle', u'right']","[0.9, 0.5, 0.1]","[u'high', u'low', u'medium']",red,49,left,high,True,False,1036,4900,NA
A1A7KL0CEERE60,Wed May 30 2018 17:34:37 GMT-0400 (Eastern Daylight Time),Wed May 30 2018 17:45:25 GMT-0400 (Eastern Daylight Time),"Mozilla/5.0 (Windows NT 10.0; Win64; x64) AppleWebKit/537.36 (KHTML, like Gecko) Chrome/66.0.3359.181 Safari/537.36",92,"[0.9, 0.5, 0.1]","[0.9, 0.5, 0.1]","[u'red', u'blue', u'black']","[u'left', u'middle', u'right']","[0.9, 0.5, 0.1]","[u'high', u'low', u'medium']",red,49,left,high,True,False,663,5000,NA
A1A7KL0CEERE60,Wed May 30 2018 17:34:37 GMT-0400 (Eastern Daylight Time),Wed May 30 2018 17:45:25 GMT-0400 (Eastern Daylight Time),"Mozilla/5.0 (Windows NT 10.0; Win64; x64) AppleWebKit/537.36 (KHTML, like Gecko) Chrome/66.0.3359.181 Safari/537.36",93,"[0.9, 0.5, 0.1]","[0.9, 0.5, 0.1]","[u'red', u'blue', u'black']","[u'left', u'middle', u'right']","[0.9, 0.5, 0.1]","[u'high', u'low', u'medium']",red,49,left,high,True,False,593,5100,NA
A1A7KL0CEERE60,Wed May 30 2018 17:34:37 GMT-0400 (Eastern Daylight Time),Wed May 30 2018 17:45:25 GMT-0400 (Eastern Daylight Time),"Mozilla/5.0 (Windows NT 10.0; Win64; x64) AppleWebKit/537.36 (KHTML, like Gecko) Chrome/66.0.3359.181 Safari/537.36",94,"[0.9, 0.5, 0.1]","[0.9, 0.5, 0.1]","[u'red', u'blue', u'black']","[u'left', u'middle', u'right']","[0.9, 0.5, 0.1]","[u'high', u'low', u'medium']",red,49,left,high,False,False,633,5050,NA
A1A7KL0CEERE60,Wed May 30 2018 17:34:37 GMT-0400 (Eastern Daylight Time),Wed May 30 2018 17:45:25 GMT-0400 (Eastern Daylight Time),"Mozilla/5.0 (Windows NT 10.0; Win64; x64) AppleWebKit/537.36 (KHTML, like Gecko) Chrome/66.0.3359.181 Safari/537.36",95,"[0.9, 0.5, 0.1]","[0.9, 0.5, 0.1]","[u'red', u'blue', u'black']","[u'left', u'middle', u'right']","[0.9, 0.5, 0.1]","[u'high', u'low', u'medium']",red,49,left,high,True,False,1689,5150,NA
A1A7KL0CEERE60,Wed May 30 2018 17:34:37 GMT-0400 (Eastern Daylight Time),Wed May 30 2018 17:45:25 GMT-0400 (Eastern Daylight Time),"Mozilla/5.0 (Windows NT 10.0; Win64; x64) AppleWebKit/537.36 (KHTML, like Gecko) Chrome/66.0.3359.181 Safari/537.36",96,"[0.9, 0.5, 0.1]","[0.9, 0.5, 0.1]","[u'red', u'blue', u'black']","[u'left', u'middle', u'right']","[0.9, 0.5, 0.1]","[u'high', u'low', u'medium']",blue,50,middle,low,False,False,501,5100,NA
A1A7KL0CEERE60,Wed May 30 2018 17:34:37 GMT-0400 (Eastern Daylight Time),Wed May 30 2018 17:45:25 GMT-0400 (Eastern Daylight Time),"Mozilla/5.0 (Windows NT 10.0; Win64; x64) AppleWebKit/537.36 (KHTML, like Gecko) Chrome/66.0.3359.181 Safari/537.36",97,"[0.9, 0.5, 0.1]","[0.9, 0.5, 0.1]","[u'red', u'blue', u'black']","[u'left', u'middle', u'right']","[0.9, 0.5, 0.1]","[u'high', u'low', u'medium']",black,51,right,medium,True,False,408,5200,NA
A1A7KL0CEERE60,Wed May 30 2018 17:34:37 GMT-0400 (Eastern Daylight Time),Wed May 30 2018 17:45:25 GMT-0400 (Eastern Daylight Time),"Mozilla/5.0 (Windows NT 10.0; Win64; x64) AppleWebKit/537.36 (KHTML, like Gecko) Chrome/66.0.3359.181 Safari/537.36",98,"[0.9, 0.5, 0.1]","[0.9, 0.5, 0.1]","[u'red', u'blue', u'black']","[u'left', u'middle', u'right']","[0.9, 0.5, 0.1]","[u'high', u'low', u'medium']",black,51,right,medium,False,False,594,5150,NA
A1A7KL0CEERE60,Wed May 30 2018 17:34:37 GMT-0400 (Eastern Daylight Time),Wed May 30 2018 17:45:25 GMT-0400 (Eastern Daylight Time),"Mozilla/5.0 (Windows NT 10.0; Win64; x64) AppleWebKit/537.36 (KHTML, like Gecko) Chrome/66.0.3359.181 Safari/537.36",99,"[0.9, 0.5, 0.1]","[0.9, 0.5, 0.1]","[u'red', u'blue', u'black']","[u'left', u'middle', u'right']","[0.9, 0.5, 0.1]","[u'high', u'low', u'medium']",black,51,right,medium,True,False,425,5250,NA
A1A7KL0CEERE60,Wed May 30 2018 17:34:37 GMT-0400 (Eastern Daylight Time),Wed May 30 2018 17:45:25 GMT-0400 (Eastern Daylight Time),"Mozilla/5.0 (Windows NT 10.0; Win64; x64) AppleWebKit/537.36 (KHTML, like Gecko) Chrome/66.0.3359.181 Safari/537.36",100,"[0.9, 0.5, 0.1]","[0.9, 0.5, 0.1]","[u'red', u'blue', u'black']","[u'left', u'middle', u'right']","[0.9, 0.5, 0.1]","[u'high', u'low', u'medium']",black,51,right,medium,False,False,543,5200,NA
A1A7KL0CEERE60,Wed May 30 2018 17:34:37 GMT-0400 (Eastern Daylight Time),Wed May 30 2018 17:45:25 GMT-0400 (Eastern Daylight Time),"Mozilla/5.0 (Windows NT 10.0; Win64; x64) AppleWebKit/537.36 (KHTML, like Gecko) Chrome/66.0.3359.181 Safari/537.36",101,"[0.9, 0.5, 0.1]","[0.9, 0.5, 0.1]","[u'red', u'blue', u'black']","[u'left', u'middle', u'right']","[0.9, 0.5, 0.1]","[u'high', u'low', u'medium']",blue,50,middle,low,False,False,483,5150,NA
A1A7KL0CEERE60,Wed May 30 2018 17:34:37 GMT-0400 (Eastern Daylight Time),Wed May 30 2018 17:45:25 GMT-0400 (Eastern Daylight Time),"Mozilla/5.0 (Windows NT 10.0; Win64; x64) AppleWebKit/537.36 (KHTML, like Gecko) Chrome/66.0.3359.181 Safari/537.36",102,"[0.9, 0.5, 0.1]","[0.9, 0.5, 0.1]","[u'red', u'blue', u'black']","[u'left', u'middle', u'right']","[0.9, 0.5, 0.1]","[u'high', u'low', u'medium']",red,49,left,high,False,False,391,5100,NA
A1A7KL0CEERE60,Wed May 30 2018 17:34:37 GMT-0400 (Eastern Daylight Time),Wed May 30 2018 17:45:25 GMT-0400 (Eastern Daylight Time),"Mozilla/5.0 (Windows NT 10.0; Win64; x64) AppleWebKit/537.36 (KHTML, like Gecko) Chrome/66.0.3359.181 Safari/537.36",103,"[0.9, 0.5, 0.1]","[0.9, 0.5, 0.1]","[u'red', u'blue', u'black']","[u'left', u'middle', u'right']","[0.9, 0.5, 0.1]","[u'high', u'low', u'medium']",blue,50,middle,low,False,False,434,5050,NA
A1A7KL0CEERE60,Wed May 30 2018 17:34:37 GMT-0400 (Eastern Daylight Time),Wed May 30 2018 17:45:25 GMT-0400 (Eastern Daylight Time),"Mozilla/5.0 (Windows NT 10.0; Win64; x64) AppleWebKit/537.36 (KHTML, like Gecko) Chrome/66.0.3359.181 Safari/537.36",104,"[0.9, 0.5, 0.1]","[0.9, 0.5, 0.1]","[u'red', u'blue', u'black']","[u'left', u'middle', u'right']","[0.9, 0.5, 0.1]","[u'high', u'low', u'medium']",black,51,right,medium,True,False,434,5150,NA
A1A7KL0CEERE60,Wed May 30 2018 17:34:37 GMT-0400 (Eastern Daylight Time),Wed May 30 2018 17:45:25 GMT-0400 (Eastern Daylight Time),"Mozilla/5.0 (Windows NT 10.0; Win64; x64) AppleWebKit/537.36 (KHTML, like Gecko) Chrome/66.0.3359.181 Safari/537.36",105,"[0.9, 0.5, 0.1]","[0.9, 0.5, 0.1]","[u'red', u'blue', u'black']","[u'left', u'middle', u'right']","[0.9, 0.5, 0.1]","[u'high', u'low', u'medium']",black,51,right,medium,True,False,401,5250,NA
A1A7KL0CEERE60,Wed May 30 2018 17:34:37 GMT-0400 (Eastern Daylight Time),Wed May 30 2018 17:45:25 GMT-0400 (Eastern Daylight Time),"Mozilla/5.0 (Windows NT 10.0; Win64; x64) AppleWebKit/537.36 (KHTML, like Gecko) Chrome/66.0.3359.181 Safari/537.36",106,"[0.9, 0.5, 0.1]","[0.9, 0.5, 0.1]","[u'red', u'blue', u'black']","[u'left', u'middle', u'right']","[0.9, 0.5, 0.1]","[u'high', u'low', u'medium']",black,51,right,medium,True,False,555,5350,NA
A1A7KL0CEERE60,Wed May 30 2018 17:34:37 GMT-0400 (Eastern Daylight Time),Wed May 30 2018 17:45:25 GMT-0400 (Eastern Daylight Time),"Mozilla/5.0 (Windows NT 10.0; Win64; x64) AppleWebKit/537.36 (KHTML, like Gecko) Chrome/66.0.3359.181 Safari/537.36",107,"[0.9, 0.5, 0.1]","[0.9, 0.5, 0.1]","[u'red', u'blue', u'black']","[u'left', u'middle', u'right']","[0.9, 0.5, 0.1]","[u'high', u'low', u'medium']",black,51,right,medium,True,False,514,5450,NA
A1A7KL0CEERE60,Wed May 30 2018 17:34:37 GMT-0400 (Eastern Daylight Time),Wed May 30 2018 17:45:25 GMT-0400 (Eastern Daylight Time),"Mozilla/5.0 (Windows NT 10.0; Win64; x64) AppleWebKit/537.36 (KHTML, like Gecko) Chrome/66.0.3359.181 Safari/537.36",108,"[0.9, 0.5, 0.1]","[0.9, 0.5, 0.1]","[u'red', u'blue', u'black']","[u'left', u'middle', u'right']","[0.9, 0.5, 0.1]","[u'high', u'low', u'medium']",black,51,right,medium,True,False,684,5550,NA
A1A7KL0CEERE60,Wed May 30 2018 17:34:37 GMT-0400 (Eastern Daylight Time),Wed May 30 2018 17:45:25 GMT-0400 (Eastern Daylight Time),"Mozilla/5.0 (Windows NT 10.0; Win64; x64) AppleWebKit/537.36 (KHTML, like Gecko) Chrome/66.0.3359.181 Safari/537.36",109,"[0.9, 0.5, 0.1]","[0.9, 0.5, 0.1]","[u'red', u'blue', u'black']","[u'left', u'middle', u'right']","[0.9, 0.5, 0.1]","[u'high', u'low', u'medium']",black,51,right,medium,True,False,576,5650,NA
A1A7KL0CEERE60,Wed May 30 2018 17:34:37 GMT-0400 (Eastern Daylight Time),Wed May 30 2018 17:45:25 GMT-0400 (Eastern Daylight Time),"Mozilla/5.0 (Windows NT 10.0; Win64; x64) AppleWebKit/537.36 (KHTML, like Gecko) Chrome/66.0.3359.181 Safari/537.36",110,"[0.9, 0.5, 0.1]","[0.9, 0.5, 0.1]","[u'red', u'blue', u'black']","[u'left', u'middle', u'right']","[0.9, 0.5, 0.1]","[u'high', u'low', u'medium']",black,51,right,medium,True,False,578,5750,NA
A1A7KL0CEERE60,Wed May 30 2018 17:34:37 GMT-0400 (Eastern Daylight Time),Wed May 30 2018 17:45:25 GMT-0400 (Eastern Daylight Time),"Mozilla/5.0 (Windows NT 10.0; Win64; x64) AppleWebKit/537.36 (KHTML, like Gecko) Chrome/66.0.3359.181 Safari/537.36",111,"[0.9, 0.5, 0.1]","[0.9, 0.5, 0.1]","[u'red', u'blue', u'black']","[u'left', u'middle', u'right']","[0.9, 0.5, 0.1]","[u'high', u'low', u'medium']",black,51,right,medium,True,False,642,5850,NA
A1A7KL0CEERE60,Wed May 30 2018 17:34:37 GMT-0400 (Eastern Daylight Time),Wed May 30 2018 17:45:25 GMT-0400 (Eastern Daylight Time),"Mozilla/5.0 (Windows NT 10.0; Win64; x64) AppleWebKit/537.36 (KHTML, like Gecko) Chrome/66.0.3359.181 Safari/537.36",112,"[0.9, 0.5, 0.1]","[0.9, 0.5, 0.1]","[u'red', u'blue', u'black']","[u'left', u'middle', u'right']","[0.9, 0.5, 0.1]","[u'high', u'low', u'medium']",black,51,right,medium,False,False,587,5800,NA
A1A7KL0CEERE60,Wed May 30 2018 17:34:37 GMT-0400 (Eastern Daylight Time),Wed May 30 2018 17:45:25 GMT-0400 (Eastern Daylight Time),"Mozilla/5.0 (Windows NT 10.0; Win64; x64) AppleWebKit/537.36 (KHTML, like Gecko) Chrome/66.0.3359.181 Safari/537.36",113,"[0.9, 0.5, 0.1]","[0.9, 0.5, 0.1]","[u'red', u'blue', u'black']","[u'left', u'middle', u'right']","[0.9, 0.5, 0.1]","[u'high', u'low', u'medium']",black,51,right,medium,True,False,492,5900,NA
A1A7KL0CEERE60,Wed May 30 2018 17:34:37 GMT-0400 (Eastern Daylight Time),Wed May 30 2018 17:45:25 GMT-0400 (Eastern Daylight Time),"Mozilla/5.0 (Windows NT 10.0; Win64; x64) AppleWebKit/537.36 (KHTML, like Gecko) Chrome/66.0.3359.181 Safari/537.36",114,"[0.9, 0.5, 0.1]","[0.9, 0.5, 0.1]","[u'red', u'blue', u'black']","[u'left', u'middle', u'right']","[0.9, 0.5, 0.1]","[u'high', u'low', u'medium']",blue,50,middle,low,False,False,648,5850,NA
A1A7KL0CEERE60,Wed May 30 2018 17:34:37 GMT-0400 (Eastern Daylight Time),Wed May 30 2018 17:45:25 GMT-0400 (Eastern Daylight Time),"Mozilla/5.0 (Windows NT 10.0; Win64; x64) AppleWebKit/537.36 (KHTML, like Gecko) Chrome/66.0.3359.181 Safari/537.36",115,"[0.9, 0.5, 0.1]","[0.9, 0.5, 0.1]","[u'red', u'blue', u'black']","[u'left', u'middle', u'right']","[0.9, 0.5, 0.1]","[u'high', u'low', u'medium']",red,49,left,high,True,False,508,5950,NA
A1A7KL0CEERE60,Wed May 30 2018 17:34:37 GMT-0400 (Eastern Daylight Time),Wed May 30 2018 17:45:25 GMT-0400 (Eastern Daylight Time),"Mozilla/5.0 (Windows NT 10.0; Win64; x64) AppleWebKit/537.36 (KHTML, like Gecko) Chrome/66.0.3359.181 Safari/537.36",116,"[0.9, 0.5, 0.1]","[0.9, 0.5, 0.1]","[u'red', u'blue', u'black']","[u'left', u'middle', u'right']","[0.9, 0.5, 0.1]","[u'high', u'low', u'medium']",red,49,left,high,True,False,697,6050,NA
A1A7KL0CEERE60,Wed May 30 2018 17:34:37 GMT-0400 (Eastern Daylight Time),Wed May 30 2018 17:45:25 GMT-0400 (Eastern Daylight Time),"Mozilla/5.0 (Windows NT 10.0; Win64; x64) AppleWebKit/537.36 (KHTML, like Gecko) Chrome/66.0.3359.181 Safari/537.36",117,"[0.9, 0.5, 0.1]","[0.9, 0.5, 0.1]","[u'red', u'blue', u'black']","[u'left', u'middle', u'right']","[0.9, 0.5, 0.1]","[u'high', u'low', u'medium']",red,49,left,high,True,False,530,6150,NA
A1A7KL0CEERE60,Wed May 30 2018 17:34:37 GMT-0400 (Eastern Daylight Time),Wed May 30 2018 17:45:25 GMT-0400 (Eastern Daylight Time),"Mozilla/5.0 (Windows NT 10.0; Win64; x64) AppleWebKit/537.36 (KHTML, like Gecko) Chrome/66.0.3359.181 Safari/537.36",118,"[0.9, 0.5, 0.1]","[0.9, 0.5, 0.1]","[u'red', u'blue', u'black']","[u'left', u'middle', u'right']","[0.9, 0.5, 0.1]","[u'high', u'low', u'medium']",red,49,left,high,True,False,546,6250,NA
A1A7KL0CEERE60,Wed May 30 2018 17:34:37 GMT-0400 (Eastern Daylight Time),Wed May 30 2018 17:45:25 GMT-0400 (Eastern Daylight Time),"Mozilla/5.0 (Windows NT 10.0; Win64; x64) AppleWebKit/537.36 (KHTML, like Gecko) Chrome/66.0.3359.181 Safari/537.36",119,"[0.9, 0.5, 0.1]","[0.9, 0.5, 0.1]","[u'red', u'blue', u'black']","[u'left', u'middle', u'right']","[0.9, 0.5, 0.1]","[u'high', u'low', u'medium']",red,49,left,high,True,False,648,6350,NA
A1A7KL0CEERE60,Wed May 30 2018 17:34:37 GMT-0400 (Eastern Daylight Time),Wed May 30 2018 17:45:25 GMT-0400 (Eastern Daylight Time),"Mozilla/5.0 (Windows NT 10.0; Win64; x64) AppleWebKit/537.36 (KHTML, like Gecko) Chrome/66.0.3359.181 Safari/537.36",120,"[0.9, 0.5, 0.1]","[0.9, 0.5, 0.1]","[u'red', u'blue', u'black']","[u'left', u'middle', u'right']","[0.9, 0.5, 0.1]","[u'high', u'low', u'medium']",red,49,left,high,True,False,673,6450,NA
A1A7KL0CEERE60,Wed May 30 2018 17:34:37 GMT-0400 (Eastern Daylight Time),Wed May 30 2018 17:45:25 GMT-0400 (Eastern Daylight Time),"Mozilla/5.0 (Windows NT 10.0; Win64; x64) AppleWebKit/537.36 (KHTML, like Gecko) Chrome/66.0.3359.181 Safari/537.36",121,"[0.9, 0.5, 0.1]","[0.9, 0.5, 0.1]","[u'red', u'blue', u'black']","[u'left', u'middle', u'right']","[0.9, 0.5, 0.1]","[u'low', u'high', u'medium']",red,49,left,low,False,False,1324,6400,NA
A1A7KL0CEERE60,Wed May 30 2018 17:34:37 GMT-0400 (Eastern Daylight Time),Wed May 30 2018 17:45:25 GMT-0400 (Eastern Daylight Time),"Mozilla/5.0 (Windows NT 10.0; Win64; x64) AppleWebKit/537.36 (KHTML, like Gecko) Chrome/66.0.3359.181 Safari/537.36",122,"[0.9, 0.5, 0.1]","[0.9, 0.5, 0.1]","[u'red', u'blue', u'black']","[u'left', u'middle', u'right']","[0.9, 0.5, 0.1]","[u'low', u'high', u'medium']",blue,50,middle,high,True,False,360,6500,NA
A1A7KL0CEERE60,Wed May 30 2018 17:34:37 GMT-0400 (Eastern Daylight Time),Wed May 30 2018 17:45:25 GMT-0400 (Eastern Daylight Time),"Mozilla/5.0 (Windows NT 10.0; Win64; x64) AppleWebKit/537.36 (KHTML, like Gecko) Chrome/66.0.3359.181 Safari/537.36",123,"[0.9, 0.5, 0.1]","[0.9, 0.5, 0.1]","[u'red', u'blue', u'black']","[u'left', u'middle', u'right']","[0.9, 0.5, 0.1]","[u'low', u'high', u'medium']",blue,50,middle,high,True,False,730,6600,NA
A1A7KL0CEERE60,Wed May 30 2018 17:34:37 GMT-0400 (Eastern Daylight Time),Wed May 30 2018 17:45:25 GMT-0400 (Eastern Daylight Time),"Mozilla/5.0 (Windows NT 10.0; Win64; x64) AppleWebKit/537.36 (KHTML, like Gecko) Chrome/66.0.3359.181 Safari/537.36",124,"[0.9, 0.5, 0.1]","[0.9, 0.5, 0.1]","[u'red', u'blue', u'black']","[u'left', u'middle', u'right']","[0.9, 0.5, 0.1]","[u'low', u'high', u'medium']",blue,50,middle,high,True,False,818,6700,NA
A1A7KL0CEERE60,Wed May 30 2018 17:34:37 GMT-0400 (Eastern Daylight Time),Wed May 30 2018 17:45:25 GMT-0400 (Eastern Daylight Time),"Mozilla/5.0 (Windows NT 10.0; Win64; x64) AppleWebKit/537.36 (KHTML, like Gecko) Chrome/66.0.3359.181 Safari/537.36",125,"[0.9, 0.5, 0.1]","[0.9, 0.5, 0.1]","[u'red', u'blue', u'black']","[u'left', u'middle', u'right']","[0.9, 0.5, 0.1]","[u'low', u'high', u'medium']",blue,50,middle,high,True,False,699,6800,NA
A1A7KL0CEERE60,Wed May 30 2018 17:34:37 GMT-0400 (Eastern Daylight Time),Wed May 30 2018 17:45:25 GMT-0400 (Eastern Daylight Time),"Mozilla/5.0 (Windows NT 10.0; Win64; x64) AppleWebKit/537.36 (KHTML, like Gecko) Chrome/66.0.3359.181 Safari/537.36",126,"[0.9, 0.5, 0.1]","[0.9, 0.5, 0.1]","[u'red', u'blue', u'black']","[u'left', u'middle', u'right']","[0.9, 0.5, 0.1]","[u'low', u'high', u'medium']",blue,50,middle,high,True,False,628,6900,NA
A1A7KL0CEERE60,Wed May 30 2018 17:34:37 GMT-0400 (Eastern Daylight Time),Wed May 30 2018 17:45:25 GMT-0400 (Eastern Daylight Time),"Mozilla/5.0 (Windows NT 10.0; Win64; x64) AppleWebKit/537.36 (KHTML, like Gecko) Chrome/66.0.3359.181 Safari/537.36",127,"[0.9, 0.5, 0.1]","[0.9, 0.5, 0.1]","[u'red', u'blue', u'black']","[u'left', u'middle', u'right']","[0.9, 0.5, 0.1]","[u'low', u'high', u'medium']",blue,50,middle,high,True,False,527,7000,NA
A1A7KL0CEERE60,Wed May 30 2018 17:34:37 GMT-0400 (Eastern Daylight Time),Wed May 30 2018 17:45:25 GMT-0400 (Eastern Daylight Time),"Mozilla/5.0 (Windows NT 10.0; Win64; x64) AppleWebKit/537.36 (KHTML, like Gecko) Chrome/66.0.3359.181 Safari/537.36",128,"[0.9, 0.5, 0.1]","[0.9, 0.5, 0.1]","[u'red', u'blue', u'black']","[u'left', u'middle', u'right']","[0.9, 0.5, 0.1]","[u'low', u'high', u'medium']",blue,50,middle,high,True,False,715,7100,NA
A1A7KL0CEERE60,Wed May 30 2018 17:34:37 GMT-0400 (Eastern Daylight Time),Wed May 30 2018 17:45:25 GMT-0400 (Eastern Daylight Time),"Mozilla/5.0 (Windows NT 10.0; Win64; x64) AppleWebKit/537.36 (KHTML, like Gecko) Chrome/66.0.3359.181 Safari/537.36",129,"[0.9, 0.5, 0.1]","[0.9, 0.5, 0.1]","[u'red', u'blue', u'black']","[u'left', u'middle', u'right']","[0.9, 0.5, 0.1]","[u'low', u'high', u'medium']",blue,50,middle,high,False,False,610,7050,NA
A1A7KL0CEERE60,Wed May 30 2018 17:34:37 GMT-0400 (Eastern Daylight Time),Wed May 30 2018 17:45:25 GMT-0400 (Eastern Daylight Time),"Mozilla/5.0 (Windows NT 10.0; Win64; x64) AppleWebKit/537.36 (KHTML, like Gecko) Chrome/66.0.3359.181 Safari/537.36",130,"[0.9, 0.5, 0.1]","[0.9, 0.5, 0.1]","[u'red', u'blue', u'black']","[u'left', u'middle', u'right']","[0.9, 0.5, 0.1]","[u'low', u'high', u'medium']",blue,50,middle,high,True,True,442,7150,NA
A1A7KL0CEERE60,Wed May 30 2018 17:34:37 GMT-0400 (Eastern Daylight Time),Wed May 30 2018 17:45:25 GMT-0400 (Eastern Daylight Time),"Mozilla/5.0 (Windows NT 10.0; Win64; x64) AppleWebKit/537.36 (KHTML, like Gecko) Chrome/66.0.3359.181 Safari/537.36",131,"[0.9, 0.5, 0.1]","[0.9, 0.5, 0.1]","[u'red', u'blue', u'black']","[u'left', u'middle', u'right']","[0.9, 0.5, 0.1]","[u'high', u'low', u'medium']",black,51,right,medium,False,False,571,7100,NA
A1A7KL0CEERE60,Wed May 30 2018 17:34:37 GMT-0400 (Eastern Daylight Time),Wed May 30 2018 17:45:25 GMT-0400 (Eastern Daylight Time),"Mozilla/5.0 (Windows NT 10.0; Win64; x64) AppleWebKit/537.36 (KHTML, like Gecko) Chrome/66.0.3359.181 Safari/537.36",132,"[0.9, 0.5, 0.1]","[0.9, 0.5, 0.1]","[u'red', u'blue', u'black']","[u'left', u'middle', u'right']","[0.9, 0.5, 0.1]","[u'high', u'low', u'medium']",red,49,left,high,True,False,425,7200,NA
A1A7KL0CEERE60,Wed May 30 2018 17:34:37 GMT-0400 (Eastern Daylight Time),Wed May 30 2018 17:45:25 GMT-0400 (Eastern Daylight Time),"Mozilla/5.0 (Windows NT 10.0; Win64; x64) AppleWebKit/537.36 (KHTML, like Gecko) Chrome/66.0.3359.181 Safari/537.36",133,"[0.9, 0.5, 0.1]","[0.9, 0.5, 0.1]","[u'red', u'blue', u'black']","[u'left', u'middle', u'right']","[0.9, 0.5, 0.1]","[u'high', u'low', u'medium']",red,49,left,high,True,False,667,7300,NA
A1A7KL0CEERE60,Wed May 30 2018 17:34:37 GMT-0400 (Eastern Daylight Time),Wed May 30 2018 17:45:25 GMT-0400 (Eastern Daylight Time),"Mozilla/5.0 (Windows NT 10.0; Win64; x64) AppleWebKit/537.36 (KHTML, like Gecko) Chrome/66.0.3359.181 Safari/537.36",134,"[0.9, 0.5, 0.1]","[0.9, 0.5, 0.1]","[u'red', u'blue', u'black']","[u'left', u'middle', u'right']","[0.9, 0.5, 0.1]","[u'high', u'low', u'medium']",red,49,left,high,True,False,873,7400,NA
A1A7KL0CEERE60,Wed May 30 2018 17:34:37 GMT-0400 (Eastern Daylight Time),Wed May 30 2018 17:45:25 GMT-0400 (Eastern Daylight Time),"Mozilla/5.0 (Windows NT 10.0; Win64; x64) AppleWebKit/537.36 (KHTML, like Gecko) Chrome/66.0.3359.181 Safari/537.36",135,"[0.9, 0.5, 0.1]","[0.9, 0.5, 0.1]","[u'red', u'blue', u'black']","[u'left', u'middle', u'right']","[0.9, 0.5, 0.1]","[u'high', u'low', u'medium']",red,49,left,high,True,False,666,7500,NA
A1A7KL0CEERE60,Wed May 30 2018 17:34:37 GMT-0400 (Eastern Daylight Time),Wed May 30 2018 17:45:25 GMT-0400 (Eastern Daylight Time),"Mozilla/5.0 (Windows NT 10.0; Win64; x64) AppleWebKit/537.36 (KHTML, like Gecko) Chrome/66.0.3359.181 Safari/537.36",136,"[0.9, 0.5, 0.1]","[0.9, 0.5, 0.1]","[u'red', u'blue', u'black']","[u'left', u'middle', u'right']","[0.9, 0.5, 0.1]","[u'high', u'low', u'medium']",red,49,left,high,True,False,739,7600,NA
A1A7KL0CEERE60,Wed May 30 2018 17:34:37 GMT-0400 (Eastern Daylight Time),Wed May 30 2018 17:45:25 GMT-0400 (Eastern Daylight Time),"Mozilla/5.0 (Windows NT 10.0; Win64; x64) AppleWebKit/537.36 (KHTML, like Gecko) Chrome/66.0.3359.181 Safari/537.36",137,"[0.9, 0.5, 0.1]","[0.9, 0.5, 0.1]","[u'red', u'blue', u'black']","[u'left', u'middle', u'right']","[0.9, 0.5, 0.1]","[u'high', u'low', u'medium']",red,49,left,high,True,False,546,7700,NA
A1A7KL0CEERE60,Wed May 30 2018 17:34:37 GMT-0400 (Eastern Daylight Time),Wed May 30 2018 17:45:25 GMT-0400 (Eastern Daylight Time),"Mozilla/5.0 (Windows NT 10.0; Win64; x64) AppleWebKit/537.36 (KHTML, like Gecko) Chrome/66.0.3359.181 Safari/537.36",138,"[0.9, 0.5, 0.1]","[0.9, 0.5, 0.1]","[u'red', u'blue', u'black']","[u'left', u'middle', u'right']","[0.9, 0.5, 0.1]","[u'high', u'low', u'medium']",red,49,left,high,True,False,595,7800,NA
A1A7KL0CEERE60,Wed May 30 2018 17:34:37 GMT-0400 (Eastern Daylight Time),Wed May 30 2018 17:45:25 GMT-0400 (Eastern Daylight Time),"Mozilla/5.0 (Windows NT 10.0; Win64; x64) AppleWebKit/537.36 (KHTML, like Gecko) Chrome/66.0.3359.181 Safari/537.36",139,"[0.9, 0.5, 0.1]","[0.9, 0.5, 0.1]","[u'red', u'blue', u'black']","[u'left', u'middle', u'right']","[0.9, 0.5, 0.1]","[u'high', u'low', u'medium']",red,49,left,high,True,False,667,7900,NA
A1A7KL0CEERE60,Wed May 30 2018 17:34:37 GMT-0400 (Eastern Daylight Time),Wed May 30 2018 17:45:25 GMT-0400 (Eastern Daylight Time),"Mozilla/5.0 (Windows NT 10.0; Win64; x64) AppleWebKit/537.36 (KHTML, like Gecko) Chrome/66.0.3359.181 Safari/537.36",140,"[0.9, 0.5, 0.1]","[0.9, 0.5, 0.1]","[u'red', u'blue', u'black']","[u'left', u'middle', u'right']","[0.9, 0.5, 0.1]","[u'high', u'low', u'medium']",red,49,left,high,True,True,658,8000,NA
A1A7KL0CEERE60,Wed May 30 2018 17:34:37 GMT-0400 (Eastern Daylight Time),Wed May 30 2018 17:45:25 GMT-0400 (Eastern Daylight Time),"Mozilla/5.0 (Windows NT 10.0; Win64; x64) AppleWebKit/537.36 (KHTML, like Gecko) Chrome/66.0.3359.181 Safari/537.36",141,"[0.9, 0.5, 0.1]","[0.9, 0.5, 0.1]","[u'red', u'blue', u'black']","[u'left', u'middle', u'right']","[0.9, 0.5, 0.1]","[u'low', u'high', u'medium']",red,49,left,low,False,False,1139,7950,NA
A1A7KL0CEERE60,Wed May 30 2018 17:34:37 GMT-0400 (Eastern Daylight Time),Wed May 30 2018 17:45:25 GMT-0400 (Eastern Daylight Time),"Mozilla/5.0 (Windows NT 10.0; Win64; x64) AppleWebKit/537.36 (KHTML, like Gecko) Chrome/66.0.3359.181 Safari/537.36",142,"[0.9, 0.5, 0.1]","[0.9, 0.5, 0.1]","[u'red', u'blue', u'black']","[u'left', u'middle', u'right']","[0.9, 0.5, 0.1]","[u'low', u'high', u'medium']",red,49,left,low,False,False,482,7900,NA
A1A7KL0CEERE60,Wed May 30 2018 17:34:37 GMT-0400 (Eastern Daylight Time),Wed May 30 2018 17:45:25 GMT-0400 (Eastern Daylight Time),"Mozilla/5.0 (Windows NT 10.0; Win64; x64) AppleWebKit/537.36 (KHTML, like Gecko) Chrome/66.0.3359.181 Safari/537.36",143,"[0.9, 0.5, 0.1]","[0.9, 0.5, 0.1]","[u'red', u'blue', u'black']","[u'left', u'middle', u'right']","[0.9, 0.5, 0.1]","[u'low', u'high', u'medium']",blue,50,middle,high,True,False,801,8000,NA
A1A7KL0CEERE60,Wed May 30 2018 17:34:37 GMT-0400 (Eastern Daylight Time),Wed May 30 2018 17:45:25 GMT-0400 (Eastern Daylight Time),"Mozilla/5.0 (Windows NT 10.0; Win64; x64) AppleWebKit/537.36 (KHTML, like Gecko) Chrome/66.0.3359.181 Safari/537.36",144,"[0.9, 0.5, 0.1]","[0.9, 0.5, 0.1]","[u'red', u'blue', u'black']","[u'left', u'middle', u'right']","[0.9, 0.5, 0.1]","[u'low', u'high', u'medium']",blue,50,middle,high,False,False,643,7950,NA
A1A7KL0CEERE60,Wed May 30 2018 17:34:37 GMT-0400 (Eastern Daylight Time),Wed May 30 2018 17:45:25 GMT-0400 (Eastern Daylight Time),"Mozilla/5.0 (Windows NT 10.0; Win64; x64) AppleWebKit/537.36 (KHTML, like Gecko) Chrome/66.0.3359.181 Safari/537.36",145,"[0.9, 0.5, 0.1]","[0.9, 0.5, 0.1]","[u'red', u'blue', u'black']","[u'left', u'middle', u'right']","[0.9, 0.5, 0.1]","[u'low', u'high', u'medium']",blue,50,middle,high,True,False,546,8050,NA
A1A7KL0CEERE60,Wed May 30 2018 17:34:37 GMT-0400 (Eastern Daylight Time),Wed May 30 2018 17:45:25 GMT-0400 (Eastern Daylight Time),"Mozilla/5.0 (Windows NT 10.0; Win64; x64) AppleWebKit/537.36 (KHTML, like Gecko) Chrome/66.0.3359.181 Safari/537.36",146,"[0.9, 0.5, 0.1]","[0.9, 0.5, 0.1]","[u'red', u'blue', u'black']","[u'left', u'middle', u'right']","[0.9, 0.5, 0.1]","[u'low', u'high', u'medium']",blue,50,middle,high,True,False,669,8150,NA
A1A7KL0CEERE60,Wed May 30 2018 17:34:37 GMT-0400 (Eastern Daylight Time),Wed May 30 2018 17:45:25 GMT-0400 (Eastern Daylight Time),"Mozilla/5.0 (Windows NT 10.0; Win64; x64) AppleWebKit/537.36 (KHTML, like Gecko) Chrome/66.0.3359.181 Safari/537.36",147,"[0.9, 0.5, 0.1]","[0.9, 0.5, 0.1]","[u'red', u'blue', u'black']","[u'left', u'middle', u'right']","[0.9, 0.5, 0.1]","[u'low', u'high', u'medium']",blue,50,middle,high,True,False,543,8250,NA
A1A7KL0CEERE60,Wed May 30 2018 17:34:37 GMT-0400 (Eastern Daylight Time),Wed May 30 2018 17:45:25 GMT-0400 (Eastern Daylight Time),"Mozilla/5.0 (Windows NT 10.0; Win64; x64) AppleWebKit/537.36 (KHTML, like Gecko) Chrome/66.0.3359.181 Safari/537.36",148,"[0.9, 0.5, 0.1]","[0.9, 0.5, 0.1]","[u'red', u'blue', u'black']","[u'left', u'middle', u'right']","[0.9, 0.5, 0.1]","[u'low', u'high', u'medium']",blue,50,middle,high,True,False,765,8350,NA
A1A7KL0CEERE60,Wed May 30 2018 17:34:37 GMT-0400 (Eastern Daylight Time),Wed May 30 2018 17:45:25 GMT-0400 (Eastern Daylight Time),"Mozilla/5.0 (Windows NT 10.0; Win64; x64) AppleWebKit/537.36 (KHTML, like Gecko) Chrome/66.0.3359.181 Safari/537.36",149,"[0.9, 0.5, 0.1]","[0.9, 0.5, 0.1]","[u'red', u'blue', u'black']","[u'left', u'middle', u'right']","[0.9, 0.5, 0.1]","[u'low', u'high', u'medium']",blue,50,middle,high,True,False,657,8450,NA
A1A7KL0CEERE60,Wed May 30 2018 17:34:37 GMT-0400 (Eastern Daylight Time),Wed May 30 2018 17:45:25 GMT-0400 (Eastern Daylight Time),"Mozilla/5.0 (Windows NT 10.0; Win64; x64) AppleWebKit/537.36 (KHTML, like Gecko) Chrome/66.0.3359.181 Safari/537.36",150,"[0.9, 0.5, 0.1]","[0.9, 0.5, 0.1]","[u'red', u'blue', u'black']","[u'left', u'middle', u'right']","[0.9, 0.5, 0.1]","[u'low', u'high', u'medium']",blue,50,middle,high,True,False,712,8550,NA
A1A7KL0CEERE60,Wed May 30 2018 17:34:37 GMT-0400 (Eastern Daylight Time),Wed May 30 2018 17:45:25 GMT-0400 (Eastern Daylight Time),"Mozilla/5.0 (Windows NT 10.0; Win64; x64) AppleWebKit/537.36 (KHTML, like Gecko) Chrome/66.0.3359.181 Safari/537.36",151,"[0.9, 0.5, 0.1]","[0.9, 0.5, 0.1]","[u'red', u'blue', u'black']","[u'left', u'middle', u'right']","[0.9, 0.5, 0.1]","[u'low', u'high', u'medium']",blue,50,middle,high,True,True,789,8650,NA
A1A7KL0CEERE60,Wed May 30 2018 17:34:37 GMT-0400 (Eastern Daylight Time),Wed May 30 2018 17:45:25 GMT-0400 (Eastern Daylight Time),"Mozilla/5.0 (Windows NT 10.0; Win64; x64) AppleWebKit/537.36 (KHTML, like Gecko) Chrome/66.0.3359.181 Safari/537.36",152,"[0.9, 0.5, 0.1]","[0.9, 0.5, 0.1]","[u'red', u'blue', u'black']","[u'left', u'middle', u'right']","[0.9, 0.5, 0.1]","[u'low', u'medium', u'high']",blue,50,middle,medium,True,False,681,8750,NA
A1A7KL0CEERE60,Wed May 30 2018 17:34:37 GMT-0400 (Eastern Daylight Time),Wed May 30 2018 17:45:25 GMT-0400 (Eastern Daylight Time),"Mozilla/5.0 (Windows NT 10.0; Win64; x64) AppleWebKit/537.36 (KHTML, like Gecko) Chrome/66.0.3359.181 Safari/537.36",153,"[0.9, 0.5, 0.1]","[0.9, 0.5, 0.1]","[u'red', u'blue', u'black']","[u'left', u'middle', u'right']","[0.9, 0.5, 0.1]","[u'low', u'medium', u'high']",blue,50,middle,medium,True,False,474,8850,NA
A1A7KL0CEERE60,Wed May 30 2018 17:34:37 GMT-0400 (Eastern Daylight Time),Wed May 30 2018 17:45:25 GMT-0400 (Eastern Daylight Time),"Mozilla/5.0 (Windows NT 10.0; Win64; x64) AppleWebKit/537.36 (KHTML, like Gecko) Chrome/66.0.3359.181 Safari/537.36",154,"[0.9, 0.5, 0.1]","[0.9, 0.5, 0.1]","[u'red', u'blue', u'black']","[u'left', u'middle', u'right']","[0.9, 0.5, 0.1]","[u'low', u'medium', u'high']",blue,50,middle,medium,True,False,585,8950,NA
A1A7KL0CEERE60,Wed May 30 2018 17:34:37 GMT-0400 (Eastern Daylight Time),Wed May 30 2018 17:45:25 GMT-0400 (Eastern Daylight Time),"Mozilla/5.0 (Windows NT 10.0; Win64; x64) AppleWebKit/537.36 (KHTML, like Gecko) Chrome/66.0.3359.181 Safari/537.36",155,"[0.9, 0.5, 0.1]","[0.9, 0.5, 0.1]","[u'red', u'blue', u'black']","[u'left', u'middle', u'right']","[0.9, 0.5, 0.1]","[u'low', u'medium', u'high']",blue,50,middle,medium,False,False,546,8900,NA
A1A7KL0CEERE60,Wed May 30 2018 17:34:37 GMT-0400 (Eastern Daylight Time),Wed May 30 2018 17:45:25 GMT-0400 (Eastern Daylight Time),"Mozilla/5.0 (Windows NT 10.0; Win64; x64) AppleWebKit/537.36 (KHTML, like Gecko) Chrome/66.0.3359.181 Safari/537.36",156,"[0.9, 0.5, 0.1]","[0.9, 0.5, 0.1]","[u'red', u'blue', u'black']","[u'left', u'middle', u'right']","[0.9, 0.5, 0.1]","[u'low', u'medium', u'high']",blue,50,middle,medium,True,False,390,9000,NA
A1A7KL0CEERE60,Wed May 30 2018 17:34:37 GMT-0400 (Eastern Daylight Time),Wed May 30 2018 17:45:25 GMT-0400 (Eastern Daylight Time),"Mozilla/5.0 (Windows NT 10.0; Win64; x64) AppleWebKit/537.36 (KHTML, like Gecko) Chrome/66.0.3359.181 Safari/537.36",157,"[0.9, 0.5, 0.1]","[0.9, 0.5, 0.1]","[u'red', u'blue', u'black']","[u'left', u'middle', u'right']","[0.9, 0.5, 0.1]","[u'low', u'medium', u'high']",black,51,right,high,True,False,536,9100,NA
A1A7KL0CEERE60,Wed May 30 2018 17:34:37 GMT-0400 (Eastern Daylight Time),Wed May 30 2018 17:45:25 GMT-0400 (Eastern Daylight Time),"Mozilla/5.0 (Windows NT 10.0; Win64; x64) AppleWebKit/537.36 (KHTML, like Gecko) Chrome/66.0.3359.181 Safari/537.36",158,"[0.9, 0.5, 0.1]","[0.9, 0.5, 0.1]","[u'red', u'blue', u'black']","[u'left', u'middle', u'right']","[0.9, 0.5, 0.1]","[u'low', u'medium', u'high']",black,51,right,high,True,False,611,9200,NA
A1A7KL0CEERE60,Wed May 30 2018 17:34:37 GMT-0400 (Eastern Daylight Time),Wed May 30 2018 17:45:25 GMT-0400 (Eastern Daylight Time),"Mozilla/5.0 (Windows NT 10.0; Win64; x64) AppleWebKit/537.36 (KHTML, like Gecko) Chrome/66.0.3359.181 Safari/537.36",159,"[0.9, 0.5, 0.1]","[0.9, 0.5, 0.1]","[u'red', u'blue', u'black']","[u'left', u'middle', u'right']","[0.9, 0.5, 0.1]","[u'low', u'medium', u'high']",black,51,right,high,True,False,802,9300,NA
A1A7KL0CEERE60,Wed May 30 2018 17:34:37 GMT-0400 (Eastern Daylight Time),Wed May 30 2018 17:45:25 GMT-0400 (Eastern Daylight Time),"Mozilla/5.0 (Windows NT 10.0; Win64; x64) AppleWebKit/537.36 (KHTML, like Gecko) Chrome/66.0.3359.181 Safari/537.36",160,"[0.9, 0.5, 0.1]","[0.9, 0.5, 0.1]","[u'red', u'blue', u'black']","[u'left', u'middle', u'right']","[0.9, 0.5, 0.1]","[u'low', u'medium', u'high']",black,51,right,high,True,False,762,9400,NA
