A10DEO061A6L3O,Sat Jun 09 2018 00:54:36 GMT-0400 (Eastern Daylight Time),Sat Jun 09 2018 01:02:27 GMT-0400 (Eastern Daylight Time),"Mozilla/5.0 (Windows NT 10.0; Win64; x64) AppleWebKit/537.36 (KHTML, like Gecko) Chrome/67.0.3396.79 Safari/537.36",1,"[0.9, 0.5, 0.1]","[0.9, 0.5, 0.1]","[u'black', u'red', u'blue']","[u'left', u'middle', u'right']","[0.9, 0.5, 0.1]","[u'medium', u'low', u'high']",black,49,left,medium,False,False,696,-50,NA
A10DEO061A6L3O,Sat Jun 09 2018 00:54:36 GMT-0400 (Eastern Daylight Time),Sat Jun 09 2018 01:02:27 GMT-0400 (Eastern Daylight Time),"Mozilla/5.0 (Windows NT 10.0; Win64; x64) AppleWebKit/537.36 (KHTML, like Gecko) Chrome/67.0.3396.79 Safari/537.36",2,"[0.9, 0.5, 0.1]","[0.9, 0.5, 0.1]","[u'black', u'red', u'blue']","[u'left', u'middle', u'right']","[0.9, 0.5, 0.1]","[u'medium', u'low', u'high']",red,50,middle,low,False,False,402,-100,NA
A10DEO061A6L3O,Sat Jun 09 2018 00:54:36 GMT-0400 (Eastern Daylight Time),Sat Jun 09 2018 01:02:27 GMT-0400 (Eastern Daylight Time),"Mozilla/5.0 (Windows NT 10.0; Win64; x64) AppleWebKit/537.36 (KHTML, like Gecko) Chrome/67.0.3396.79 Safari/537.36",3,"[0.9, 0.5, 0.1]","[0.9, 0.5, 0.1]","[u'black', u'red', u'blue']","[u'left', u'middle', u'right']","[0.9, 0.5, 0.1]","[u'medium', u'low', u'high']",blue,51,right,high,True,False,291,0,NA
A10DEO061A6L3O,Sat Jun 09 2018 00:54:36 GMT-0400 (Eastern Daylight Time),Sat Jun 09 2018 01:02:27 GMT-0400 (Eastern Daylight Time),"Mozilla/5.0 (Windows NT 10.0; Win64; x64) AppleWebKit/537.36 (KHTML, like Gecko) Chrome/67.0.3396.79 Safari/537.36",4,"[0.9, 0.5, 0.1]","[0.9, 0.5, 0.1]","[u'black', u'red', u'blue']","[u'left', u'middle', u'right']","[0.9, 0.5, 0.1]","[u'medium', u'low', u'high']",blue,51,right,high,True,False,459,100,NA
A10DEO061A6L3O,Sat Jun 09 2018 00:54:36 GMT-0400 (Eastern Daylight Time),Sat Jun 09 2018 01:02:27 GMT-0400 (Eastern Daylight Time),"Mozilla/5.0 (Windows NT 10.0; Win64; x64) AppleWebKit/537.36 (KHTML, like Gecko) Chrome/67.0.3396.79 Safari/537.36",5,"[0.9, 0.5, 0.1]","[0.9, 0.5, 0.1]","[u'black', u'red', u'blue']","[u'left', u'middle', u'right']","[0.9, 0.5, 0.1]","[u'medium', u'low', u'high']",blue,51,right,high,True,False,283,200,NA
A10DEO061A6L3O,Sat Jun 09 2018 00:54:36 GMT-0400 (Eastern Daylight Time),Sat Jun 09 2018 01:02:27 GMT-0400 (Eastern Daylight Time),"Mozilla/5.0 (Windows NT 10.0; Win64; x64) AppleWebKit/537.36 (KHTML, like Gecko) Chrome/67.0.3396.79 Safari/537.36",6,"[0.9, 0.5, 0.1]","[0.9, 0.5, 0.1]","[u'black', u'red', u'blue']","[u'left', u'middle', u'right']","[0.9, 0.5, 0.1]","[u'medium', u'low', u'high']",blue,51,right,high,True,False,325,300,NA
A10DEO061A6L3O,Sat Jun 09 2018 00:54:36 GMT-0400 (Eastern Daylight Time),Sat Jun 09 2018 01:02:27 GMT-0400 (Eastern Daylight Time),"Mozilla/5.0 (Windows NT 10.0; Win64; x64) AppleWebKit/537.36 (KHTML, like Gecko) Chrome/67.0.3396.79 Safari/537.36",7,"[0.9, 0.5, 0.1]","[0.9, 0.5, 0.1]","[u'black', u'red', u'blue']","[u'left', u'middle', u'right']","[0.9, 0.5, 0.1]","[u'medium', u'low', u'high']",blue,51,right,high,True,False,307,400,NA
A10DEO061A6L3O,Sat Jun 09 2018 00:54:36 GMT-0400 (Eastern Daylight Time),Sat Jun 09 2018 01:02:27 GMT-0400 (Eastern Daylight Time),"Mozilla/5.0 (Windows NT 10.0; Win64; x64) AppleWebKit/537.36 (KHTML, like Gecko) Chrome/67.0.3396.79 Safari/537.36",8,"[0.9, 0.5, 0.1]","[0.9, 0.5, 0.1]","[u'black', u'red', u'blue']","[u'left', u'middle', u'right']","[0.9, 0.5, 0.1]","[u'medium', u'low', u'high']",blue,51,right,high,True,False,348,500,NA
A10DEO061A6L3O,Sat Jun 09 2018 00:54:36 GMT-0400 (Eastern Daylight Time),Sat Jun 09 2018 01:02:27 GMT-0400 (Eastern Daylight Time),"Mozilla/5.0 (Windows NT 10.0; Win64; x64) AppleWebKit/537.36 (KHTML, like Gecko) Chrome/67.0.3396.79 Safari/537.36",9,"[0.9, 0.5, 0.1]","[0.9, 0.5, 0.1]","[u'black', u'red', u'blue']","[u'left', u'middle', u'right']","[0.9, 0.5, 0.1]","[u'medium', u'low', u'high']",blue,51,right,high,True,False,379,600,NA
A10DEO061A6L3O,Sat Jun 09 2018 00:54:36 GMT-0400 (Eastern Daylight Time),Sat Jun 09 2018 01:02:27 GMT-0400 (Eastern Daylight Time),"Mozilla/5.0 (Windows NT 10.0; Win64; x64) AppleWebKit/537.36 (KHTML, like Gecko) Chrome/67.0.3396.79 Safari/537.36",10,"[0.9, 0.5, 0.1]","[0.9, 0.5, 0.1]","[u'black', u'red', u'blue']","[u'left', u'middle', u'right']","[0.9, 0.5, 0.1]","[u'medium', u'low', u'high']",blue,51,right,high,True,False,411,700,NA
A10DEO061A6L3O,Sat Jun 09 2018 00:54:36 GMT-0400 (Eastern Daylight Time),Sat Jun 09 2018 01:02:27 GMT-0400 (Eastern Daylight Time),"Mozilla/5.0 (Windows NT 10.0; Win64; x64) AppleWebKit/537.36 (KHTML, like Gecko) Chrome/67.0.3396.79 Safari/537.36",11,"[0.9, 0.5, 0.1]","[0.9, 0.5, 0.1]","[u'black', u'red', u'blue']","[u'left', u'middle', u'right']","[0.9, 0.5, 0.1]","[u'medium', u'low', u'high']",blue,51,right,high,True,True,451,800,NA
A10DEO061A6L3O,Sat Jun 09 2018 00:54:36 GMT-0400 (Eastern Daylight Time),Sat Jun 09 2018 01:02:27 GMT-0400 (Eastern Daylight Time),"Mozilla/5.0 (Windows NT 10.0; Win64; x64) AppleWebKit/537.36 (KHTML, like Gecko) Chrome/67.0.3396.79 Safari/537.36",12,"[0.9, 0.5, 0.1]","[0.9, 0.5, 0.1]","[u'black', u'red', u'blue']","[u'left', u'middle', u'right']","[0.9, 0.5, 0.1]","[u'high', u'low', u'medium']",blue,51,right,medium,True,False,356,900,NA
A10DEO061A6L3O,Sat Jun 09 2018 00:54:36 GMT-0400 (Eastern Daylight Time),Sat Jun 09 2018 01:02:27 GMT-0400 (Eastern Daylight Time),"Mozilla/5.0 (Windows NT 10.0; Win64; x64) AppleWebKit/537.36 (KHTML, like Gecko) Chrome/67.0.3396.79 Safari/537.36",13,"[0.9, 0.5, 0.1]","[0.9, 0.5, 0.1]","[u'black', u'red', u'blue']","[u'left', u'middle', u'right']","[0.9, 0.5, 0.1]","[u'high', u'low', u'medium']",blue,51,right,medium,True,False,419,1000,NA
A10DEO061A6L3O,Sat Jun 09 2018 00:54:36 GMT-0400 (Eastern Daylight Time),Sat Jun 09 2018 01:02:27 GMT-0400 (Eastern Daylight Time),"Mozilla/5.0 (Windows NT 10.0; Win64; x64) AppleWebKit/537.36 (KHTML, like Gecko) Chrome/67.0.3396.79 Safari/537.36",14,"[0.9, 0.5, 0.1]","[0.9, 0.5, 0.1]","[u'black', u'red', u'blue']","[u'left', u'middle', u'right']","[0.9, 0.5, 0.1]","[u'high', u'low', u'medium']",blue,51,right,medium,False,False,539,950,NA
A10DEO061A6L3O,Sat Jun 09 2018 00:54:36 GMT-0400 (Eastern Daylight Time),Sat Jun 09 2018 01:02:27 GMT-0400 (Eastern Daylight Time),"Mozilla/5.0 (Windows NT 10.0; Win64; x64) AppleWebKit/537.36 (KHTML, like Gecko) Chrome/67.0.3396.79 Safari/537.36",15,"[0.9, 0.5, 0.1]","[0.9, 0.5, 0.1]","[u'black', u'red', u'blue']","[u'left', u'middle', u'right']","[0.9, 0.5, 0.1]","[u'high', u'low', u'medium']",red,50,middle,low,False,False,907,900,NA
A10DEO061A6L3O,Sat Jun 09 2018 00:54:36 GMT-0400 (Eastern Daylight Time),Sat Jun 09 2018 01:02:27 GMT-0400 (Eastern Daylight Time),"Mozilla/5.0 (Windows NT 10.0; Win64; x64) AppleWebKit/537.36 (KHTML, like Gecko) Chrome/67.0.3396.79 Safari/537.36",16,"[0.9, 0.5, 0.1]","[0.9, 0.5, 0.1]","[u'black', u'red', u'blue']","[u'left', u'middle', u'right']","[0.9, 0.5, 0.1]","[u'high', u'low', u'medium']",black,49,left,high,False,False,379,850,NA
A10DEO061A6L3O,Sat Jun 09 2018 00:54:36 GMT-0400 (Eastern Daylight Time),Sat Jun 09 2018 01:02:27 GMT-0400 (Eastern Daylight Time),"Mozilla/5.0 (Windows NT 10.0; Win64; x64) AppleWebKit/537.36 (KHTML, like Gecko) Chrome/67.0.3396.79 Safari/537.36",17,"[0.9, 0.5, 0.1]","[0.9, 0.5, 0.1]","[u'black', u'red', u'blue']","[u'left', u'middle', u'right']","[0.9, 0.5, 0.1]","[u'high', u'low', u'medium']",blue,51,right,medium,False,False,235,800,NA
A10DEO061A6L3O,Sat Jun 09 2018 00:54:36 GMT-0400 (Eastern Daylight Time),Sat Jun 09 2018 01:02:27 GMT-0400 (Eastern Daylight Time),"Mozilla/5.0 (Windows NT 10.0; Win64; x64) AppleWebKit/537.36 (KHTML, like Gecko) Chrome/67.0.3396.79 Safari/537.36",18,"[0.9, 0.5, 0.1]","[0.9, 0.5, 0.1]","[u'black', u'red', u'blue']","[u'left', u'middle', u'right']","[0.9, 0.5, 0.1]","[u'high', u'low', u'medium']",red,50,middle,low,False,False,419,750,NA
A10DEO061A6L3O,Sat Jun 09 2018 00:54:36 GMT-0400 (Eastern Daylight Time),Sat Jun 09 2018 01:02:27 GMT-0400 (Eastern Daylight Time),"Mozilla/5.0 (Windows NT 10.0; Win64; x64) AppleWebKit/537.36 (KHTML, like Gecko) Chrome/67.0.3396.79 Safari/537.36",19,"[0.9, 0.5, 0.1]","[0.9, 0.5, 0.1]","[u'black', u'red', u'blue']","[u'left', u'middle', u'right']","[0.9, 0.5, 0.1]","[u'high', u'low', u'medium']",black,49,left,high,True,False,299,850,NA
A10DEO061A6L3O,Sat Jun 09 2018 00:54:36 GMT-0400 (Eastern Daylight Time),Sat Jun 09 2018 01:02:27 GMT-0400 (Eastern Daylight Time),"Mozilla/5.0 (Windows NT 10.0; Win64; x64) AppleWebKit/537.36 (KHTML, like Gecko) Chrome/67.0.3396.79 Safari/537.36",20,"[0.9, 0.5, 0.1]","[0.9, 0.5, 0.1]","[u'black', u'red', u'blue']","[u'left', u'middle', u'right']","[0.9, 0.5, 0.1]","[u'high', u'low', u'medium']",black,49,left,high,True,False,372,950,NA
A10DEO061A6L3O,Sat Jun 09 2018 00:54:36 GMT-0400 (Eastern Daylight Time),Sat Jun 09 2018 01:02:27 GMT-0400 (Eastern Daylight Time),"Mozilla/5.0 (Windows NT 10.0; Win64; x64) AppleWebKit/537.36 (KHTML, like Gecko) Chrome/67.0.3396.79 Safari/537.36",21,"[0.9, 0.5, 0.1]","[0.9, 0.5, 0.1]","[u'black', u'red', u'blue']","[u'left', u'middle', u'right']","[0.9, 0.5, 0.1]","[u'high', u'low', u'medium']",black,49,left,high,True,False,155,1050,NA
A10DEO061A6L3O,Sat Jun 09 2018 00:54:36 GMT-0400 (Eastern Daylight Time),Sat Jun 09 2018 01:02:27 GMT-0400 (Eastern Daylight Time),"Mozilla/5.0 (Windows NT 10.0; Win64; x64) AppleWebKit/537.36 (KHTML, like Gecko) Chrome/67.0.3396.79 Safari/537.36",22,"[0.9, 0.5, 0.1]","[0.9, 0.5, 0.1]","[u'black', u'red', u'blue']","[u'left', u'middle', u'right']","[0.9, 0.5, 0.1]","[u'high', u'low', u'medium']",black,49,left,high,True,False,283,1150,NA
A10DEO061A6L3O,Sat Jun 09 2018 00:54:36 GMT-0400 (Eastern Daylight Time),Sat Jun 09 2018 01:02:27 GMT-0400 (Eastern Daylight Time),"Mozilla/5.0 (Windows NT 10.0; Win64; x64) AppleWebKit/537.36 (KHTML, like Gecko) Chrome/67.0.3396.79 Safari/537.36",23,"[0.9, 0.5, 0.1]","[0.9, 0.5, 0.1]","[u'black', u'red', u'blue']","[u'left', u'middle', u'right']","[0.9, 0.5, 0.1]","[u'high', u'low', u'medium']",black,49,left,high,True,False,346,1250,NA
A10DEO061A6L3O,Sat Jun 09 2018 00:54:36 GMT-0400 (Eastern Daylight Time),Sat Jun 09 2018 01:02:27 GMT-0400 (Eastern Daylight Time),"Mozilla/5.0 (Windows NT 10.0; Win64; x64) AppleWebKit/537.36 (KHTML, like Gecko) Chrome/67.0.3396.79 Safari/537.36",24,"[0.9, 0.5, 0.1]","[0.9, 0.5, 0.1]","[u'black', u'red', u'blue']","[u'left', u'middle', u'right']","[0.9, 0.5, 0.1]","[u'high', u'low', u'medium']",black,49,left,high,True,False,389,1350,NA
A10DEO061A6L3O,Sat Jun 09 2018 00:54:36 GMT-0400 (Eastern Daylight Time),Sat Jun 09 2018 01:02:27 GMT-0400 (Eastern Daylight Time),"Mozilla/5.0 (Windows NT 10.0; Win64; x64) AppleWebKit/537.36 (KHTML, like Gecko) Chrome/67.0.3396.79 Safari/537.36",25,"[0.9, 0.5, 0.1]","[0.9, 0.5, 0.1]","[u'black', u'red', u'blue']","[u'left', u'middle', u'right']","[0.9, 0.5, 0.1]","[u'high', u'low', u'medium']",black,49,left,high,True,False,491,1450,NA
A10DEO061A6L3O,Sat Jun 09 2018 00:54:36 GMT-0400 (Eastern Daylight Time),Sat Jun 09 2018 01:02:27 GMT-0400 (Eastern Daylight Time),"Mozilla/5.0 (Windows NT 10.0; Win64; x64) AppleWebKit/537.36 (KHTML, like Gecko) Chrome/67.0.3396.79 Safari/537.36",26,"[0.9, 0.5, 0.1]","[0.9, 0.5, 0.1]","[u'black', u'red', u'blue']","[u'left', u'middle', u'right']","[0.9, 0.5, 0.1]","[u'high', u'low', u'medium']",black,49,left,high,True,False,435,1550,NA
A10DEO061A6L3O,Sat Jun 09 2018 00:54:36 GMT-0400 (Eastern Daylight Time),Sat Jun 09 2018 01:02:27 GMT-0400 (Eastern Daylight Time),"Mozilla/5.0 (Windows NT 10.0; Win64; x64) AppleWebKit/537.36 (KHTML, like Gecko) Chrome/67.0.3396.79 Safari/537.36",27,"[0.9, 0.5, 0.1]","[0.9, 0.5, 0.1]","[u'black', u'red', u'blue']","[u'left', u'middle', u'right']","[0.9, 0.5, 0.1]","[u'high', u'low', u'medium']",black,49,left,high,True,True,355,1650,NA
A10DEO061A6L3O,Sat Jun 09 2018 00:54:36 GMT-0400 (Eastern Daylight Time),Sat Jun 09 2018 01:02:27 GMT-0400 (Eastern Daylight Time),"Mozilla/5.0 (Windows NT 10.0; Win64; x64) AppleWebKit/537.36 (KHTML, like Gecko) Chrome/67.0.3396.79 Safari/537.36",28,"[0.9, 0.5, 0.1]","[0.9, 0.5, 0.1]","[u'black', u'red', u'blue']","[u'left', u'middle', u'right']","[0.9, 0.5, 0.1]","[u'medium', u'low', u'high']",black,49,left,medium,True,False,283,1750,NA
A10DEO061A6L3O,Sat Jun 09 2018 00:54:36 GMT-0400 (Eastern Daylight Time),Sat Jun 09 2018 01:02:27 GMT-0400 (Eastern Daylight Time),"Mozilla/5.0 (Windows NT 10.0; Win64; x64) AppleWebKit/537.36 (KHTML, like Gecko) Chrome/67.0.3396.79 Safari/537.36",29,"[0.9, 0.5, 0.1]","[0.9, 0.5, 0.1]","[u'black', u'red', u'blue']","[u'left', u'middle', u'right']","[0.9, 0.5, 0.1]","[u'medium', u'low', u'high']",black,49,left,medium,False,False,363,1700,NA
A10DEO061A6L3O,Sat Jun 09 2018 00:54:36 GMT-0400 (Eastern Daylight Time),Sat Jun 09 2018 01:02:27 GMT-0400 (Eastern Daylight Time),"Mozilla/5.0 (Windows NT 10.0; Win64; x64) AppleWebKit/537.36 (KHTML, like Gecko) Chrome/67.0.3396.79 Safari/537.36",30,"[0.9, 0.5, 0.1]","[0.9, 0.5, 0.1]","[u'black', u'red', u'blue']","[u'left', u'middle', u'right']","[0.9, 0.5, 0.1]","[u'medium', u'low', u'high']",black,49,left,medium,False,False,732,1650,NA
A10DEO061A6L3O,Sat Jun 09 2018 00:54:36 GMT-0400 (Eastern Daylight Time),Sat Jun 09 2018 01:02:27 GMT-0400 (Eastern Daylight Time),"Mozilla/5.0 (Windows NT 10.0; Win64; x64) AppleWebKit/537.36 (KHTML, like Gecko) Chrome/67.0.3396.79 Safari/537.36",31,"[0.9, 0.5, 0.1]","[0.9, 0.5, 0.1]","[u'black', u'red', u'blue']","[u'left', u'middle', u'right']","[0.9, 0.5, 0.1]","[u'medium', u'low', u'high']",red,50,middle,low,False,False,258,1600,NA
A10DEO061A6L3O,Sat Jun 09 2018 00:54:36 GMT-0400 (Eastern Daylight Time),Sat Jun 09 2018 01:02:27 GMT-0400 (Eastern Daylight Time),"Mozilla/5.0 (Windows NT 10.0; Win64; x64) AppleWebKit/537.36 (KHTML, like Gecko) Chrome/67.0.3396.79 Safari/537.36",32,"[0.9, 0.5, 0.1]","[0.9, 0.5, 0.1]","[u'black', u'red', u'blue']","[u'left', u'middle', u'right']","[0.9, 0.5, 0.1]","[u'medium', u'low', u'high']",blue,51,right,high,True,False,289,1700,NA
A10DEO061A6L3O,Sat Jun 09 2018 00:54:36 GMT-0400 (Eastern Daylight Time),Sat Jun 09 2018 01:02:27 GMT-0400 (Eastern Daylight Time),"Mozilla/5.0 (Windows NT 10.0; Win64; x64) AppleWebKit/537.36 (KHTML, like Gecko) Chrome/67.0.3396.79 Safari/537.36",33,"[0.9, 0.5, 0.1]","[0.9, 0.5, 0.1]","[u'black', u'red', u'blue']","[u'left', u'middle', u'right']","[0.9, 0.5, 0.1]","[u'medium', u'low', u'high']",blue,51,right,high,True,False,60,1800,NA
A10DEO061A6L3O,Sat Jun 09 2018 00:54:36 GMT-0400 (Eastern Daylight Time),Sat Jun 09 2018 01:02:27 GMT-0400 (Eastern Daylight Time),"Mozilla/5.0 (Windows NT 10.0; Win64; x64) AppleWebKit/537.36 (KHTML, like Gecko) Chrome/67.0.3396.79 Safari/537.36",34,"[0.9, 0.5, 0.1]","[0.9, 0.5, 0.1]","[u'black', u'red', u'blue']","[u'left', u'middle', u'right']","[0.9, 0.5, 0.1]","[u'medium', u'low', u'high']",blue,51,right,high,True,False,292,1900,NA
A10DEO061A6L3O,Sat Jun 09 2018 00:54:36 GMT-0400 (Eastern Daylight Time),Sat Jun 09 2018 01:02:27 GMT-0400 (Eastern Daylight Time),"Mozilla/5.0 (Windows NT 10.0; Win64; x64) AppleWebKit/537.36 (KHTML, like Gecko) Chrome/67.0.3396.79 Safari/537.36",35,"[0.9, 0.5, 0.1]","[0.9, 0.5, 0.1]","[u'black', u'red', u'blue']","[u'left', u'middle', u'right']","[0.9, 0.5, 0.1]","[u'medium', u'low', u'high']",blue,51,right,high,True,False,627,2000,NA
A10DEO061A6L3O,Sat Jun 09 2018 00:54:36 GMT-0400 (Eastern Daylight Time),Sat Jun 09 2018 01:02:27 GMT-0400 (Eastern Daylight Time),"Mozilla/5.0 (Windows NT 10.0; Win64; x64) AppleWebKit/537.36 (KHTML, like Gecko) Chrome/67.0.3396.79 Safari/537.36",36,"[0.9, 0.5, 0.1]","[0.9, 0.5, 0.1]","[u'black', u'red', u'blue']","[u'left', u'middle', u'right']","[0.9, 0.5, 0.1]","[u'medium', u'low', u'high']",blue,51,right,high,True,False,338,2100,NA
A10DEO061A6L3O,Sat Jun 09 2018 00:54:36 GMT-0400 (Eastern Daylight Time),Sat Jun 09 2018 01:02:27 GMT-0400 (Eastern Daylight Time),"Mozilla/5.0 (Windows NT 10.0; Win64; x64) AppleWebKit/537.36 (KHTML, like Gecko) Chrome/67.0.3396.79 Safari/537.36",37,"[0.9, 0.5, 0.1]","[0.9, 0.5, 0.1]","[u'black', u'red', u'blue']","[u'left', u'middle', u'right']","[0.9, 0.5, 0.1]","[u'medium', u'low', u'high']",blue,51,right,high,False,False,339,2050,NA
A10DEO061A6L3O,Sat Jun 09 2018 00:54:36 GMT-0400 (Eastern Daylight Time),Sat Jun 09 2018 01:02:27 GMT-0400 (Eastern Daylight Time),"Mozilla/5.0 (Windows NT 10.0; Win64; x64) AppleWebKit/537.36 (KHTML, like Gecko) Chrome/67.0.3396.79 Safari/537.36",38,"[0.9, 0.5, 0.1]","[0.9, 0.5, 0.1]","[u'black', u'red', u'blue']","[u'left', u'middle', u'right']","[0.9, 0.5, 0.1]","[u'medium', u'low', u'high']",red,50,middle,low,True,False,211,2150,NA
A10DEO061A6L3O,Sat Jun 09 2018 00:54:36 GMT-0400 (Eastern Daylight Time),Sat Jun 09 2018 01:02:27 GMT-0400 (Eastern Daylight Time),"Mozilla/5.0 (Windows NT 10.0; Win64; x64) AppleWebKit/537.36 (KHTML, like Gecko) Chrome/67.0.3396.79 Safari/537.36",39,"[0.9, 0.5, 0.1]","[0.9, 0.5, 0.1]","[u'black', u'red', u'blue']","[u'left', u'middle', u'right']","[0.9, 0.5, 0.1]","[u'medium', u'low', u'high']",red,50,middle,low,False,False,290,2100,NA
A10DEO061A6L3O,Sat Jun 09 2018 00:54:36 GMT-0400 (Eastern Daylight Time),Sat Jun 09 2018 01:02:27 GMT-0400 (Eastern Daylight Time),"Mozilla/5.0 (Windows NT 10.0; Win64; x64) AppleWebKit/537.36 (KHTML, like Gecko) Chrome/67.0.3396.79 Safari/537.36",40,"[0.9, 0.5, 0.1]","[0.9, 0.5, 0.1]","[u'black', u'red', u'blue']","[u'left', u'middle', u'right']","[0.9, 0.5, 0.1]","[u'medium', u'low', u'high']",black,49,left,medium,False,False,540,2050,NA
A10DEO061A6L3O,Sat Jun 09 2018 00:54:36 GMT-0400 (Eastern Daylight Time),Sat Jun 09 2018 01:02:27 GMT-0400 (Eastern Daylight Time),"Mozilla/5.0 (Windows NT 10.0; Win64; x64) AppleWebKit/537.36 (KHTML, like Gecko) Chrome/67.0.3396.79 Safari/537.36",41,"[0.9, 0.5, 0.1]","[0.9, 0.5, 0.1]","[u'black', u'red', u'blue']","[u'left', u'middle', u'right']","[0.9, 0.5, 0.1]","[u'low', u'high', u'medium']",red,50,middle,high,True,False,1122,2150,NA
A10DEO061A6L3O,Sat Jun 09 2018 00:54:36 GMT-0400 (Eastern Daylight Time),Sat Jun 09 2018 01:02:27 GMT-0400 (Eastern Daylight Time),"Mozilla/5.0 (Windows NT 10.0; Win64; x64) AppleWebKit/537.36 (KHTML, like Gecko) Chrome/67.0.3396.79 Safari/537.36",42,"[0.9, 0.5, 0.1]","[0.9, 0.5, 0.1]","[u'black', u'red', u'blue']","[u'left', u'middle', u'right']","[0.9, 0.5, 0.1]","[u'low', u'high', u'medium']",red,50,middle,high,True,False,291,2250,NA
A10DEO061A6L3O,Sat Jun 09 2018 00:54:36 GMT-0400 (Eastern Daylight Time),Sat Jun 09 2018 01:02:27 GMT-0400 (Eastern Daylight Time),"Mozilla/5.0 (Windows NT 10.0; Win64; x64) AppleWebKit/537.36 (KHTML, like Gecko) Chrome/67.0.3396.79 Safari/537.36",43,"[0.9, 0.5, 0.1]","[0.9, 0.5, 0.1]","[u'black', u'red', u'blue']","[u'left', u'middle', u'right']","[0.9, 0.5, 0.1]","[u'low', u'high', u'medium']",red,50,middle,high,True,False,331,2350,NA
A10DEO061A6L3O,Sat Jun 09 2018 00:54:36 GMT-0400 (Eastern Daylight Time),Sat Jun 09 2018 01:02:27 GMT-0400 (Eastern Daylight Time),"Mozilla/5.0 (Windows NT 10.0; Win64; x64) AppleWebKit/537.36 (KHTML, like Gecko) Chrome/67.0.3396.79 Safari/537.36",44,"[0.9, 0.5, 0.1]","[0.9, 0.5, 0.1]","[u'black', u'red', u'blue']","[u'left', u'middle', u'right']","[0.9, 0.5, 0.1]","[u'low', u'high', u'medium']",red,50,middle,high,True,False,275,2450,NA
A10DEO061A6L3O,Sat Jun 09 2018 00:54:36 GMT-0400 (Eastern Daylight Time),Sat Jun 09 2018 01:02:27 GMT-0400 (Eastern Daylight Time),"Mozilla/5.0 (Windows NT 10.0; Win64; x64) AppleWebKit/537.36 (KHTML, like Gecko) Chrome/67.0.3396.79 Safari/537.36",45,"[0.9, 0.5, 0.1]","[0.9, 0.5, 0.1]","[u'black', u'red', u'blue']","[u'left', u'middle', u'right']","[0.9, 0.5, 0.1]","[u'low', u'high', u'medium']",red,50,middle,high,True,False,130,2550,NA
A10DEO061A6L3O,Sat Jun 09 2018 00:54:36 GMT-0400 (Eastern Daylight Time),Sat Jun 09 2018 01:02:27 GMT-0400 (Eastern Daylight Time),"Mozilla/5.0 (Windows NT 10.0; Win64; x64) AppleWebKit/537.36 (KHTML, like Gecko) Chrome/67.0.3396.79 Safari/537.36",46,"[0.9, 0.5, 0.1]","[0.9, 0.5, 0.1]","[u'black', u'red', u'blue']","[u'left', u'middle', u'right']","[0.9, 0.5, 0.1]","[u'low', u'high', u'medium']",red,50,middle,high,True,False,357,2650,NA
A10DEO061A6L3O,Sat Jun 09 2018 00:54:36 GMT-0400 (Eastern Daylight Time),Sat Jun 09 2018 01:02:27 GMT-0400 (Eastern Daylight Time),"Mozilla/5.0 (Windows NT 10.0; Win64; x64) AppleWebKit/537.36 (KHTML, like Gecko) Chrome/67.0.3396.79 Safari/537.36",47,"[0.9, 0.5, 0.1]","[0.9, 0.5, 0.1]","[u'black', u'red', u'blue']","[u'left', u'middle', u'right']","[0.9, 0.5, 0.1]","[u'low', u'high', u'medium']",red,50,middle,high,True,False,603,2750,NA
A10DEO061A6L3O,Sat Jun 09 2018 00:54:36 GMT-0400 (Eastern Daylight Time),Sat Jun 09 2018 01:02:27 GMT-0400 (Eastern Daylight Time),"Mozilla/5.0 (Windows NT 10.0; Win64; x64) AppleWebKit/537.36 (KHTML, like Gecko) Chrome/67.0.3396.79 Safari/537.36",48,"[0.9, 0.5, 0.1]","[0.9, 0.5, 0.1]","[u'black', u'red', u'blue']","[u'left', u'middle', u'right']","[0.9, 0.5, 0.1]","[u'low', u'high', u'medium']",red,50,middle,high,True,False,484,2850,NA
A10DEO061A6L3O,Sat Jun 09 2018 00:54:36 GMT-0400 (Eastern Daylight Time),Sat Jun 09 2018 01:02:27 GMT-0400 (Eastern Daylight Time),"Mozilla/5.0 (Windows NT 10.0; Win64; x64) AppleWebKit/537.36 (KHTML, like Gecko) Chrome/67.0.3396.79 Safari/537.36",49,"[0.9, 0.5, 0.1]","[0.9, 0.5, 0.1]","[u'black', u'red', u'blue']","[u'left', u'middle', u'right']","[0.9, 0.5, 0.1]","[u'low', u'high', u'medium']",red,50,middle,high,True,True,756,2950,NA
A10DEO061A6L3O,Sat Jun 09 2018 00:54:36 GMT-0400 (Eastern Daylight Time),Sat Jun 09 2018 01:02:27 GMT-0400 (Eastern Daylight Time),"Mozilla/5.0 (Windows NT 10.0; Win64; x64) AppleWebKit/537.36 (KHTML, like Gecko) Chrome/67.0.3396.79 Safari/537.36",50,"[0.9, 0.5, 0.1]","[0.9, 0.5, 0.1]","[u'black', u'red', u'blue']","[u'left', u'middle', u'right']","[0.9, 0.5, 0.1]","[u'medium', u'low', u'high']",red,50,middle,low,False,False,666,2900,NA
A10DEO061A6L3O,Sat Jun 09 2018 00:54:36 GMT-0400 (Eastern Daylight Time),Sat Jun 09 2018 01:02:27 GMT-0400 (Eastern Daylight Time),"Mozilla/5.0 (Windows NT 10.0; Win64; x64) AppleWebKit/537.36 (KHTML, like Gecko) Chrome/67.0.3396.79 Safari/537.36",51,"[0.9, 0.5, 0.1]","[0.9, 0.5, 0.1]","[u'black', u'red', u'blue']","[u'left', u'middle', u'right']","[0.9, 0.5, 0.1]","[u'medium', u'low', u'high']",blue,51,right,high,True,False,418,3000,NA
A10DEO061A6L3O,Sat Jun 09 2018 00:54:36 GMT-0400 (Eastern Daylight Time),Sat Jun 09 2018 01:02:27 GMT-0400 (Eastern Daylight Time),"Mozilla/5.0 (Windows NT 10.0; Win64; x64) AppleWebKit/537.36 (KHTML, like Gecko) Chrome/67.0.3396.79 Safari/537.36",52,"[0.9, 0.5, 0.1]","[0.9, 0.5, 0.1]","[u'black', u'red', u'blue']","[u'left', u'middle', u'right']","[0.9, 0.5, 0.1]","[u'medium', u'low', u'high']",blue,51,right,high,True,False,522,3100,NA
A10DEO061A6L3O,Sat Jun 09 2018 00:54:36 GMT-0400 (Eastern Daylight Time),Sat Jun 09 2018 01:02:27 GMT-0400 (Eastern Daylight Time),"Mozilla/5.0 (Windows NT 10.0; Win64; x64) AppleWebKit/537.36 (KHTML, like Gecko) Chrome/67.0.3396.79 Safari/537.36",53,"[0.9, 0.5, 0.1]","[0.9, 0.5, 0.1]","[u'black', u'red', u'blue']","[u'left', u'middle', u'right']","[0.9, 0.5, 0.1]","[u'medium', u'low', u'high']",blue,51,right,high,True,False,514,3200,NA
A10DEO061A6L3O,Sat Jun 09 2018 00:54:36 GMT-0400 (Eastern Daylight Time),Sat Jun 09 2018 01:02:27 GMT-0400 (Eastern Daylight Time),"Mozilla/5.0 (Windows NT 10.0; Win64; x64) AppleWebKit/537.36 (KHTML, like Gecko) Chrome/67.0.3396.79 Safari/537.36",54,"[0.9, 0.5, 0.1]","[0.9, 0.5, 0.1]","[u'black', u'red', u'blue']","[u'left', u'middle', u'right']","[0.9, 0.5, 0.1]","[u'medium', u'low', u'high']",blue,51,right,high,True,False,667,3300,NA
A10DEO061A6L3O,Sat Jun 09 2018 00:54:36 GMT-0400 (Eastern Daylight Time),Sat Jun 09 2018 01:02:27 GMT-0400 (Eastern Daylight Time),"Mozilla/5.0 (Windows NT 10.0; Win64; x64) AppleWebKit/537.36 (KHTML, like Gecko) Chrome/67.0.3396.79 Safari/537.36",55,"[0.9, 0.5, 0.1]","[0.9, 0.5, 0.1]","[u'black', u'red', u'blue']","[u'left', u'middle', u'right']","[0.9, 0.5, 0.1]","[u'medium', u'low', u'high']",blue,51,right,high,True,False,611,3400,NA
A10DEO061A6L3O,Sat Jun 09 2018 00:54:36 GMT-0400 (Eastern Daylight Time),Sat Jun 09 2018 01:02:27 GMT-0400 (Eastern Daylight Time),"Mozilla/5.0 (Windows NT 10.0; Win64; x64) AppleWebKit/537.36 (KHTML, like Gecko) Chrome/67.0.3396.79 Safari/537.36",56,"[0.9, 0.5, 0.1]","[0.9, 0.5, 0.1]","[u'black', u'red', u'blue']","[u'left', u'middle', u'right']","[0.9, 0.5, 0.1]","[u'medium', u'low', u'high']",blue,51,right,high,True,False,524,3500,NA
A10DEO061A6L3O,Sat Jun 09 2018 00:54:36 GMT-0400 (Eastern Daylight Time),Sat Jun 09 2018 01:02:27 GMT-0400 (Eastern Daylight Time),"Mozilla/5.0 (Windows NT 10.0; Win64; x64) AppleWebKit/537.36 (KHTML, like Gecko) Chrome/67.0.3396.79 Safari/537.36",57,"[0.9, 0.5, 0.1]","[0.9, 0.5, 0.1]","[u'black', u'red', u'blue']","[u'left', u'middle', u'right']","[0.9, 0.5, 0.1]","[u'medium', u'low', u'high']",blue,51,right,high,True,False,491,3600,NA
A10DEO061A6L3O,Sat Jun 09 2018 00:54:36 GMT-0400 (Eastern Daylight Time),Sat Jun 09 2018 01:02:27 GMT-0400 (Eastern Daylight Time),"Mozilla/5.0 (Windows NT 10.0; Win64; x64) AppleWebKit/537.36 (KHTML, like Gecko) Chrome/67.0.3396.79 Safari/537.36",58,"[0.9, 0.5, 0.1]","[0.9, 0.5, 0.1]","[u'black', u'red', u'blue']","[u'left', u'middle', u'right']","[0.9, 0.5, 0.1]","[u'medium', u'low', u'high']",blue,51,right,high,True,False,379,3700,NA
A10DEO061A6L3O,Sat Jun 09 2018 00:54:36 GMT-0400 (Eastern Daylight Time),Sat Jun 09 2018 01:02:27 GMT-0400 (Eastern Daylight Time),"Mozilla/5.0 (Windows NT 10.0; Win64; x64) AppleWebKit/537.36 (KHTML, like Gecko) Chrome/67.0.3396.79 Safari/537.36",59,"[0.9, 0.5, 0.1]","[0.9, 0.5, 0.1]","[u'black', u'red', u'blue']","[u'left', u'middle', u'right']","[0.9, 0.5, 0.1]","[u'medium', u'low', u'high']",blue,51,right,high,True,True,299,3800,NA
A10DEO061A6L3O,Sat Jun 09 2018 00:54:36 GMT-0400 (Eastern Daylight Time),Sat Jun 09 2018 01:02:27 GMT-0400 (Eastern Daylight Time),"Mozilla/5.0 (Windows NT 10.0; Win64; x64) AppleWebKit/537.36 (KHTML, like Gecko) Chrome/67.0.3396.79 Safari/537.36",60,"[0.9, 0.5, 0.1]","[0.9, 0.5, 0.1]","[u'black', u'red', u'blue']","[u'left', u'middle', u'right']","[0.9, 0.5, 0.1]","[u'high', u'medium', u'low']",blue,51,right,low,False,False,403,3750,NA
A10DEO061A6L3O,Sat Jun 09 2018 00:54:36 GMT-0400 (Eastern Daylight Time),Sat Jun 09 2018 01:02:27 GMT-0400 (Eastern Daylight Time),"Mozilla/5.0 (Windows NT 10.0; Win64; x64) AppleWebKit/537.36 (KHTML, like Gecko) Chrome/67.0.3396.79 Safari/537.36",61,"[0.9, 0.5, 0.1]","[0.9, 0.5, 0.1]","[u'black', u'red', u'blue']","[u'left', u'middle', u'right']","[0.9, 0.5, 0.1]","[u'high', u'medium', u'low']",black,49,left,high,False,False,308,3700,NA
A10DEO061A6L3O,Sat Jun 09 2018 00:54:36 GMT-0400 (Eastern Daylight Time),Sat Jun 09 2018 01:02:27 GMT-0400 (Eastern Daylight Time),"Mozilla/5.0 (Windows NT 10.0; Win64; x64) AppleWebKit/537.36 (KHTML, like Gecko) Chrome/67.0.3396.79 Safari/537.36",62,"[0.9, 0.5, 0.1]","[0.9, 0.5, 0.1]","[u'black', u'red', u'blue']","[u'left', u'middle', u'right']","[0.9, 0.5, 0.1]","[u'high', u'medium', u'low']",black,49,left,high,True,False,341,3800,NA
A10DEO061A6L3O,Sat Jun 09 2018 00:54:36 GMT-0400 (Eastern Daylight Time),Sat Jun 09 2018 01:02:27 GMT-0400 (Eastern Daylight Time),"Mozilla/5.0 (Windows NT 10.0; Win64; x64) AppleWebKit/537.36 (KHTML, like Gecko) Chrome/67.0.3396.79 Safari/537.36",63,"[0.9, 0.5, 0.1]","[0.9, 0.5, 0.1]","[u'black', u'red', u'blue']","[u'left', u'middle', u'right']","[0.9, 0.5, 0.1]","[u'high', u'medium', u'low']",black,49,left,high,True,False,564,3900,NA
A10DEO061A6L3O,Sat Jun 09 2018 00:54:36 GMT-0400 (Eastern Daylight Time),Sat Jun 09 2018 01:02:27 GMT-0400 (Eastern Daylight Time),"Mozilla/5.0 (Windows NT 10.0; Win64; x64) AppleWebKit/537.36 (KHTML, like Gecko) Chrome/67.0.3396.79 Safari/537.36",64,"[0.9, 0.5, 0.1]","[0.9, 0.5, 0.1]","[u'black', u'red', u'blue']","[u'left', u'middle', u'right']","[0.9, 0.5, 0.1]","[u'high', u'medium', u'low']",black,49,left,high,True,False,323,4000,NA
A10DEO061A6L3O,Sat Jun 09 2018 00:54:36 GMT-0400 (Eastern Daylight Time),Sat Jun 09 2018 01:02:27 GMT-0400 (Eastern Daylight Time),"Mozilla/5.0 (Windows NT 10.0; Win64; x64) AppleWebKit/537.36 (KHTML, like Gecko) Chrome/67.0.3396.79 Safari/537.36",65,"[0.9, 0.5, 0.1]","[0.9, 0.5, 0.1]","[u'black', u'red', u'blue']","[u'left', u'middle', u'right']","[0.9, 0.5, 0.1]","[u'high', u'medium', u'low']",black,49,left,high,True,False,389,4100,NA
A10DEO061A6L3O,Sat Jun 09 2018 00:54:36 GMT-0400 (Eastern Daylight Time),Sat Jun 09 2018 01:02:27 GMT-0400 (Eastern Daylight Time),"Mozilla/5.0 (Windows NT 10.0; Win64; x64) AppleWebKit/537.36 (KHTML, like Gecko) Chrome/67.0.3396.79 Safari/537.36",66,"[0.9, 0.5, 0.1]","[0.9, 0.5, 0.1]","[u'black', u'red', u'blue']","[u'left', u'middle', u'right']","[0.9, 0.5, 0.1]","[u'high', u'medium', u'low']",black,49,left,high,True,False,354,4200,NA
A10DEO061A6L3O,Sat Jun 09 2018 00:54:36 GMT-0400 (Eastern Daylight Time),Sat Jun 09 2018 01:02:27 GMT-0400 (Eastern Daylight Time),"Mozilla/5.0 (Windows NT 10.0; Win64; x64) AppleWebKit/537.36 (KHTML, like Gecko) Chrome/67.0.3396.79 Safari/537.36",67,"[0.9, 0.5, 0.1]","[0.9, 0.5, 0.1]","[u'black', u'red', u'blue']","[u'left', u'middle', u'right']","[0.9, 0.5, 0.1]","[u'high', u'medium', u'low']",black,49,left,high,True,False,955,4300,NA
A10DEO061A6L3O,Sat Jun 09 2018 00:54:36 GMT-0400 (Eastern Daylight Time),Sat Jun 09 2018 01:02:27 GMT-0400 (Eastern Daylight Time),"Mozilla/5.0 (Windows NT 10.0; Win64; x64) AppleWebKit/537.36 (KHTML, like Gecko) Chrome/67.0.3396.79 Safari/537.36",68,"[0.9, 0.5, 0.1]","[0.9, 0.5, 0.1]","[u'black', u'red', u'blue']","[u'left', u'middle', u'right']","[0.9, 0.5, 0.1]","[u'high', u'medium', u'low']",black,49,left,high,True,False,395,4400,NA
A10DEO061A6L3O,Sat Jun 09 2018 00:54:36 GMT-0400 (Eastern Daylight Time),Sat Jun 09 2018 01:02:27 GMT-0400 (Eastern Daylight Time),"Mozilla/5.0 (Windows NT 10.0; Win64; x64) AppleWebKit/537.36 (KHTML, like Gecko) Chrome/67.0.3396.79 Safari/537.36",69,"[0.9, 0.5, 0.1]","[0.9, 0.5, 0.1]","[u'black', u'red', u'blue']","[u'left', u'middle', u'right']","[0.9, 0.5, 0.1]","[u'high', u'medium', u'low']",black,49,left,high,True,True,332,4500,NA
A10DEO061A6L3O,Sat Jun 09 2018 00:54:36 GMT-0400 (Eastern Daylight Time),Sat Jun 09 2018 01:02:27 GMT-0400 (Eastern Daylight Time),"Mozilla/5.0 (Windows NT 10.0; Win64; x64) AppleWebKit/537.36 (KHTML, like Gecko) Chrome/67.0.3396.79 Safari/537.36",70,"[0.9, 0.5, 0.1]","[0.9, 0.5, 0.1]","[u'black', u'red', u'blue']","[u'left', u'middle', u'right']","[0.9, 0.5, 0.1]","[u'low', u'high', u'medium']",black,49,left,low,False,False,435,4450,NA
A10DEO061A6L3O,Sat Jun 09 2018 00:54:36 GMT-0400 (Eastern Daylight Time),Sat Jun 09 2018 01:02:27 GMT-0400 (Eastern Daylight Time),"Mozilla/5.0 (Windows NT 10.0; Win64; x64) AppleWebKit/537.36 (KHTML, like Gecko) Chrome/67.0.3396.79 Safari/537.36",71,"[0.9, 0.5, 0.1]","[0.9, 0.5, 0.1]","[u'black', u'red', u'blue']","[u'left', u'middle', u'right']","[0.9, 0.5, 0.1]","[u'low', u'high', u'medium']",blue,51,right,medium,True,False,771,4550,NA
A10DEO061A6L3O,Sat Jun 09 2018 00:54:36 GMT-0400 (Eastern Daylight Time),Sat Jun 09 2018 01:02:27 GMT-0400 (Eastern Daylight Time),"Mozilla/5.0 (Windows NT 10.0; Win64; x64) AppleWebKit/537.36 (KHTML, like Gecko) Chrome/67.0.3396.79 Safari/537.36",72,"[0.9, 0.5, 0.1]","[0.9, 0.5, 0.1]","[u'black', u'red', u'blue']","[u'left', u'middle', u'right']","[0.9, 0.5, 0.1]","[u'low', u'high', u'medium']",blue,51,right,medium,True,False,330,4650,NA
A10DEO061A6L3O,Sat Jun 09 2018 00:54:36 GMT-0400 (Eastern Daylight Time),Sat Jun 09 2018 01:02:27 GMT-0400 (Eastern Daylight Time),"Mozilla/5.0 (Windows NT 10.0; Win64; x64) AppleWebKit/537.36 (KHTML, like Gecko) Chrome/67.0.3396.79 Safari/537.36",73,"[0.9, 0.5, 0.1]","[0.9, 0.5, 0.1]","[u'black', u'red', u'blue']","[u'left', u'middle', u'right']","[0.9, 0.5, 0.1]","[u'low', u'high', u'medium']",blue,51,right,medium,True,False,300,4750,NA
A10DEO061A6L3O,Sat Jun 09 2018 00:54:36 GMT-0400 (Eastern Daylight Time),Sat Jun 09 2018 01:02:27 GMT-0400 (Eastern Daylight Time),"Mozilla/5.0 (Windows NT 10.0; Win64; x64) AppleWebKit/537.36 (KHTML, like Gecko) Chrome/67.0.3396.79 Safari/537.36",74,"[0.9, 0.5, 0.1]","[0.9, 0.5, 0.1]","[u'black', u'red', u'blue']","[u'left', u'middle', u'right']","[0.9, 0.5, 0.1]","[u'low', u'high', u'medium']",blue,51,right,medium,True,False,283,4850,NA
A10DEO061A6L3O,Sat Jun 09 2018 00:54:36 GMT-0400 (Eastern Daylight Time),Sat Jun 09 2018 01:02:27 GMT-0400 (Eastern Daylight Time),"Mozilla/5.0 (Windows NT 10.0; Win64; x64) AppleWebKit/537.36 (KHTML, like Gecko) Chrome/67.0.3396.79 Safari/537.36",75,"[0.9, 0.5, 0.1]","[0.9, 0.5, 0.1]","[u'black', u'red', u'blue']","[u'left', u'middle', u'right']","[0.9, 0.5, 0.1]","[u'low', u'high', u'medium']",blue,51,right,medium,False,False,492,4800,NA
A10DEO061A6L3O,Sat Jun 09 2018 00:54:36 GMT-0400 (Eastern Daylight Time),Sat Jun 09 2018 01:02:27 GMT-0400 (Eastern Daylight Time),"Mozilla/5.0 (Windows NT 10.0; Win64; x64) AppleWebKit/537.36 (KHTML, like Gecko) Chrome/67.0.3396.79 Safari/537.36",76,"[0.9, 0.5, 0.1]","[0.9, 0.5, 0.1]","[u'black', u'red', u'blue']","[u'left', u'middle', u'right']","[0.9, 0.5, 0.1]","[u'low', u'high', u'medium']",red,50,middle,high,True,False,178,4900,NA
A10DEO061A6L3O,Sat Jun 09 2018 00:54:36 GMT-0400 (Eastern Daylight Time),Sat Jun 09 2018 01:02:27 GMT-0400 (Eastern Daylight Time),"Mozilla/5.0 (Windows NT 10.0; Win64; x64) AppleWebKit/537.36 (KHTML, like Gecko) Chrome/67.0.3396.79 Safari/537.36",77,"[0.9, 0.5, 0.1]","[0.9, 0.5, 0.1]","[u'black', u'red', u'blue']","[u'left', u'middle', u'right']","[0.9, 0.5, 0.1]","[u'low', u'high', u'medium']",red,50,middle,high,True,False,364,5000,NA
A10DEO061A6L3O,Sat Jun 09 2018 00:54:36 GMT-0400 (Eastern Daylight Time),Sat Jun 09 2018 01:02:27 GMT-0400 (Eastern Daylight Time),"Mozilla/5.0 (Windows NT 10.0; Win64; x64) AppleWebKit/537.36 (KHTML, like Gecko) Chrome/67.0.3396.79 Safari/537.36",78,"[0.9, 0.5, 0.1]","[0.9, 0.5, 0.1]","[u'black', u'red', u'blue']","[u'left', u'middle', u'right']","[0.9, 0.5, 0.1]","[u'low', u'high', u'medium']",red,50,middle,high,True,False,323,5100,NA
A10DEO061A6L3O,Sat Jun 09 2018 00:54:36 GMT-0400 (Eastern Daylight Time),Sat Jun 09 2018 01:02:27 GMT-0400 (Eastern Daylight Time),"Mozilla/5.0 (Windows NT 10.0; Win64; x64) AppleWebKit/537.36 (KHTML, like Gecko) Chrome/67.0.3396.79 Safari/537.36",79,"[0.9, 0.5, 0.1]","[0.9, 0.5, 0.1]","[u'black', u'red', u'blue']","[u'left', u'middle', u'right']","[0.9, 0.5, 0.1]","[u'low', u'high', u'medium']",red,50,middle,high,True,False,356,5200,NA
A10DEO061A6L3O,Sat Jun 09 2018 00:54:36 GMT-0400 (Eastern Daylight Time),Sat Jun 09 2018 01:02:27 GMT-0400 (Eastern Daylight Time),"Mozilla/5.0 (Windows NT 10.0; Win64; x64) AppleWebKit/537.36 (KHTML, like Gecko) Chrome/67.0.3396.79 Safari/537.36",80,"[0.9, 0.5, 0.1]","[0.9, 0.5, 0.1]","[u'black', u'red', u'blue']","[u'left', u'middle', u'right']","[0.9, 0.5, 0.1]","[u'low', u'high', u'medium']",red,50,middle,high,True,False,363,5300,NA
A10DEO061A6L3O,Sat Jun 09 2018 00:54:36 GMT-0400 (Eastern Daylight Time),Sat Jun 09 2018 01:02:27 GMT-0400 (Eastern Daylight Time),"Mozilla/5.0 (Windows NT 10.0; Win64; x64) AppleWebKit/537.36 (KHTML, like Gecko) Chrome/67.0.3396.79 Safari/537.36",81,"[0.9, 0.5, 0.1]","[0.9, 0.5, 0.1]","[u'black', u'red', u'blue']","[u'left', u'middle', u'right']","[0.9, 0.5, 0.1]","[u'low', u'medium', u'high']",red,50,middle,medium,True,False,1290,5400,NA
A10DEO061A6L3O,Sat Jun 09 2018 00:54:36 GMT-0400 (Eastern Daylight Time),Sat Jun 09 2018 01:02:27 GMT-0400 (Eastern Daylight Time),"Mozilla/5.0 (Windows NT 10.0; Win64; x64) AppleWebKit/537.36 (KHTML, like Gecko) Chrome/67.0.3396.79 Safari/537.36",82,"[0.9, 0.5, 0.1]","[0.9, 0.5, 0.1]","[u'black', u'red', u'blue']","[u'left', u'middle', u'right']","[0.9, 0.5, 0.1]","[u'low', u'medium', u'high']",red,50,middle,medium,True,False,322,5500,NA
A10DEO061A6L3O,Sat Jun 09 2018 00:54:36 GMT-0400 (Eastern Daylight Time),Sat Jun 09 2018 01:02:27 GMT-0400 (Eastern Daylight Time),"Mozilla/5.0 (Windows NT 10.0; Win64; x64) AppleWebKit/537.36 (KHTML, like Gecko) Chrome/67.0.3396.79 Safari/537.36",83,"[0.9, 0.5, 0.1]","[0.9, 0.5, 0.1]","[u'black', u'red', u'blue']","[u'left', u'middle', u'right']","[0.9, 0.5, 0.1]","[u'low', u'medium', u'high']",red,50,middle,medium,True,False,314,5600,NA
A10DEO061A6L3O,Sat Jun 09 2018 00:54:36 GMT-0400 (Eastern Daylight Time),Sat Jun 09 2018 01:02:27 GMT-0400 (Eastern Daylight Time),"Mozilla/5.0 (Windows NT 10.0; Win64; x64) AppleWebKit/537.36 (KHTML, like Gecko) Chrome/67.0.3396.79 Safari/537.36",84,"[0.9, 0.5, 0.1]","[0.9, 0.5, 0.1]","[u'black', u'red', u'blue']","[u'left', u'middle', u'right']","[0.9, 0.5, 0.1]","[u'low', u'medium', u'high']",red,50,middle,medium,True,False,388,5700,NA
A10DEO061A6L3O,Sat Jun 09 2018 00:54:36 GMT-0400 (Eastern Daylight Time),Sat Jun 09 2018 01:02:27 GMT-0400 (Eastern Daylight Time),"Mozilla/5.0 (Windows NT 10.0; Win64; x64) AppleWebKit/537.36 (KHTML, like Gecko) Chrome/67.0.3396.79 Safari/537.36",85,"[0.9, 0.5, 0.1]","[0.9, 0.5, 0.1]","[u'black', u'red', u'blue']","[u'left', u'middle', u'right']","[0.9, 0.5, 0.1]","[u'low', u'medium', u'high']",red,50,middle,medium,True,False,355,5800,NA
A10DEO061A6L3O,Sat Jun 09 2018 00:54:36 GMT-0400 (Eastern Daylight Time),Sat Jun 09 2018 01:02:27 GMT-0400 (Eastern Daylight Time),"Mozilla/5.0 (Windows NT 10.0; Win64; x64) AppleWebKit/537.36 (KHTML, like Gecko) Chrome/67.0.3396.79 Safari/537.36",86,"[0.9, 0.5, 0.1]","[0.9, 0.5, 0.1]","[u'black', u'red', u'blue']","[u'left', u'middle', u'right']","[0.9, 0.5, 0.1]","[u'low', u'medium', u'high']",red,50,middle,medium,False,False,355,5750,NA
A10DEO061A6L3O,Sat Jun 09 2018 00:54:36 GMT-0400 (Eastern Daylight Time),Sat Jun 09 2018 01:02:27 GMT-0400 (Eastern Daylight Time),"Mozilla/5.0 (Windows NT 10.0; Win64; x64) AppleWebKit/537.36 (KHTML, like Gecko) Chrome/67.0.3396.79 Safari/537.36",87,"[0.9, 0.5, 0.1]","[0.9, 0.5, 0.1]","[u'black', u'red', u'blue']","[u'left', u'middle', u'right']","[0.9, 0.5, 0.1]","[u'low', u'medium', u'high']",black,49,left,low,False,False,299,5700,NA
A10DEO061A6L3O,Sat Jun 09 2018 00:54:36 GMT-0400 (Eastern Daylight Time),Sat Jun 09 2018 01:02:27 GMT-0400 (Eastern Daylight Time),"Mozilla/5.0 (Windows NT 10.0; Win64; x64) AppleWebKit/537.36 (KHTML, like Gecko) Chrome/67.0.3396.79 Safari/537.36",88,"[0.9, 0.5, 0.1]","[0.9, 0.5, 0.1]","[u'black', u'red', u'blue']","[u'left', u'middle', u'right']","[0.9, 0.5, 0.1]","[u'low', u'medium', u'high']",blue,51,right,high,True,False,299,5800,NA
A10DEO061A6L3O,Sat Jun 09 2018 00:54:36 GMT-0400 (Eastern Daylight Time),Sat Jun 09 2018 01:02:27 GMT-0400 (Eastern Daylight Time),"Mozilla/5.0 (Windows NT 10.0; Win64; x64) AppleWebKit/537.36 (KHTML, like Gecko) Chrome/67.0.3396.79 Safari/537.36",89,"[0.9, 0.5, 0.1]","[0.9, 0.5, 0.1]","[u'black', u'red', u'blue']","[u'left', u'middle', u'right']","[0.9, 0.5, 0.1]","[u'low', u'medium', u'high']",blue,51,right,high,True,False,333,5900,NA
A10DEO061A6L3O,Sat Jun 09 2018 00:54:36 GMT-0400 (Eastern Daylight Time),Sat Jun 09 2018 01:02:27 GMT-0400 (Eastern Daylight Time),"Mozilla/5.0 (Windows NT 10.0; Win64; x64) AppleWebKit/537.36 (KHTML, like Gecko) Chrome/67.0.3396.79 Safari/537.36",90,"[0.9, 0.5, 0.1]","[0.9, 0.5, 0.1]","[u'black', u'red', u'blue']","[u'left', u'middle', u'right']","[0.9, 0.5, 0.1]","[u'low', u'medium', u'high']",blue,51,right,high,True,False,316,6000,NA
A10DEO061A6L3O,Sat Jun 09 2018 00:54:36 GMT-0400 (Eastern Daylight Time),Sat Jun 09 2018 01:02:27 GMT-0400 (Eastern Daylight Time),"Mozilla/5.0 (Windows NT 10.0; Win64; x64) AppleWebKit/537.36 (KHTML, like Gecko) Chrome/67.0.3396.79 Safari/537.36",91,"[0.9, 0.5, 0.1]","[0.9, 0.5, 0.1]","[u'black', u'red', u'blue']","[u'left', u'middle', u'right']","[0.9, 0.5, 0.1]","[u'low', u'medium', u'high']",blue,51,right,high,True,False,307,6100,NA
A10DEO061A6L3O,Sat Jun 09 2018 00:54:36 GMT-0400 (Eastern Daylight Time),Sat Jun 09 2018 01:02:27 GMT-0400 (Eastern Daylight Time),"Mozilla/5.0 (Windows NT 10.0; Win64; x64) AppleWebKit/537.36 (KHTML, like Gecko) Chrome/67.0.3396.79 Safari/537.36",92,"[0.9, 0.5, 0.1]","[0.9, 0.5, 0.1]","[u'black', u'red', u'blue']","[u'left', u'middle', u'right']","[0.9, 0.5, 0.1]","[u'low', u'medium', u'high']",blue,51,right,high,True,False,362,6200,NA
A10DEO061A6L3O,Sat Jun 09 2018 00:54:36 GMT-0400 (Eastern Daylight Time),Sat Jun 09 2018 01:02:27 GMT-0400 (Eastern Daylight Time),"Mozilla/5.0 (Windows NT 10.0; Win64; x64) AppleWebKit/537.36 (KHTML, like Gecko) Chrome/67.0.3396.79 Safari/537.36",93,"[0.9, 0.5, 0.1]","[0.9, 0.5, 0.1]","[u'black', u'red', u'blue']","[u'left', u'middle', u'right']","[0.9, 0.5, 0.1]","[u'low', u'medium', u'high']",blue,51,right,high,True,False,299,6300,NA
A10DEO061A6L3O,Sat Jun 09 2018 00:54:36 GMT-0400 (Eastern Daylight Time),Sat Jun 09 2018 01:02:27 GMT-0400 (Eastern Daylight Time),"Mozilla/5.0 (Windows NT 10.0; Win64; x64) AppleWebKit/537.36 (KHTML, like Gecko) Chrome/67.0.3396.79 Safari/537.36",94,"[0.9, 0.5, 0.1]","[0.9, 0.5, 0.1]","[u'black', u'red', u'blue']","[u'left', u'middle', u'right']","[0.9, 0.5, 0.1]","[u'low', u'medium', u'high']",blue,51,right,high,True,False,282,6400,NA
A10DEO061A6L3O,Sat Jun 09 2018 00:54:36 GMT-0400 (Eastern Daylight Time),Sat Jun 09 2018 01:02:27 GMT-0400 (Eastern Daylight Time),"Mozilla/5.0 (Windows NT 10.0; Win64; x64) AppleWebKit/537.36 (KHTML, like Gecko) Chrome/67.0.3396.79 Safari/537.36",95,"[0.9, 0.5, 0.1]","[0.9, 0.5, 0.1]","[u'black', u'red', u'blue']","[u'left', u'middle', u'right']","[0.9, 0.5, 0.1]","[u'low', u'medium', u'high']",blue,51,right,high,True,False,613,6500,NA
A10DEO061A6L3O,Sat Jun 09 2018 00:54:36 GMT-0400 (Eastern Daylight Time),Sat Jun 09 2018 01:02:27 GMT-0400 (Eastern Daylight Time),"Mozilla/5.0 (Windows NT 10.0; Win64; x64) AppleWebKit/537.36 (KHTML, like Gecko) Chrome/67.0.3396.79 Safari/537.36",96,"[0.9, 0.5, 0.1]","[0.9, 0.5, 0.1]","[u'black', u'red', u'blue']","[u'left', u'middle', u'right']","[0.9, 0.5, 0.1]","[u'low', u'medium', u'high']",blue,51,right,high,True,True,354,6600,NA
A10DEO061A6L3O,Sat Jun 09 2018 00:54:36 GMT-0400 (Eastern Daylight Time),Sat Jun 09 2018 01:02:27 GMT-0400 (Eastern Daylight Time),"Mozilla/5.0 (Windows NT 10.0; Win64; x64) AppleWebKit/537.36 (KHTML, like Gecko) Chrome/67.0.3396.79 Safari/537.36",97,"[0.9, 0.5, 0.1]","[0.9, 0.5, 0.1]","[u'black', u'red', u'blue']","[u'left', u'middle', u'right']","[0.9, 0.5, 0.1]","[u'medium', u'high', u'low']",blue,51,right,low,False,False,299,6550,NA
A10DEO061A6L3O,Sat Jun 09 2018 00:54:36 GMT-0400 (Eastern Daylight Time),Sat Jun 09 2018 01:02:27 GMT-0400 (Eastern Daylight Time),"Mozilla/5.0 (Windows NT 10.0; Win64; x64) AppleWebKit/537.36 (KHTML, like Gecko) Chrome/67.0.3396.79 Safari/537.36",98,"[0.9, 0.5, 0.1]","[0.9, 0.5, 0.1]","[u'black', u'red', u'blue']","[u'left', u'middle', u'right']","[0.9, 0.5, 0.1]","[u'medium', u'high', u'low']",red,50,middle,high,True,False,1690,6650,NA
A10DEO061A6L3O,Sat Jun 09 2018 00:54:36 GMT-0400 (Eastern Daylight Time),Sat Jun 09 2018 01:02:27 GMT-0400 (Eastern Daylight Time),"Mozilla/5.0 (Windows NT 10.0; Win64; x64) AppleWebKit/537.36 (KHTML, like Gecko) Chrome/67.0.3396.79 Safari/537.36",99,"[0.9, 0.5, 0.1]","[0.9, 0.5, 0.1]","[u'black', u'red', u'blue']","[u'left', u'middle', u'right']","[0.9, 0.5, 0.1]","[u'medium', u'high', u'low']",red,50,middle,high,True,False,163,6750,NA
A10DEO061A6L3O,Sat Jun 09 2018 00:54:36 GMT-0400 (Eastern Daylight Time),Sat Jun 09 2018 01:02:27 GMT-0400 (Eastern Daylight Time),"Mozilla/5.0 (Windows NT 10.0; Win64; x64) AppleWebKit/537.36 (KHTML, like Gecko) Chrome/67.0.3396.79 Safari/537.36",100,"[0.9, 0.5, 0.1]","[0.9, 0.5, 0.1]","[u'black', u'red', u'blue']","[u'left', u'middle', u'right']","[0.9, 0.5, 0.1]","[u'medium', u'high', u'low']",red,50,middle,high,True,False,355,6850,NA
A10DEO061A6L3O,Sat Jun 09 2018 00:54:36 GMT-0400 (Eastern Daylight Time),Sat Jun 09 2018 01:02:27 GMT-0400 (Eastern Daylight Time),"Mozilla/5.0 (Windows NT 10.0; Win64; x64) AppleWebKit/537.36 (KHTML, like Gecko) Chrome/67.0.3396.79 Safari/537.36",101,"[0.9, 0.5, 0.1]","[0.9, 0.5, 0.1]","[u'black', u'red', u'blue']","[u'left', u'middle', u'right']","[0.9, 0.5, 0.1]","[u'medium', u'high', u'low']",red,50,middle,high,True,False,330,6950,NA
A10DEO061A6L3O,Sat Jun 09 2018 00:54:36 GMT-0400 (Eastern Daylight Time),Sat Jun 09 2018 01:02:27 GMT-0400 (Eastern Daylight Time),"Mozilla/5.0 (Windows NT 10.0; Win64; x64) AppleWebKit/537.36 (KHTML, like Gecko) Chrome/67.0.3396.79 Safari/537.36",102,"[0.9, 0.5, 0.1]","[0.9, 0.5, 0.1]","[u'black', u'red', u'blue']","[u'left', u'middle', u'right']","[0.9, 0.5, 0.1]","[u'medium', u'high', u'low']",red,50,middle,high,True,False,427,7050,NA
A10DEO061A6L3O,Sat Jun 09 2018 00:54:36 GMT-0400 (Eastern Daylight Time),Sat Jun 09 2018 01:02:27 GMT-0400 (Eastern Daylight Time),"Mozilla/5.0 (Windows NT 10.0; Win64; x64) AppleWebKit/537.36 (KHTML, like Gecko) Chrome/67.0.3396.79 Safari/537.36",103,"[0.9, 0.5, 0.1]","[0.9, 0.5, 0.1]","[u'black', u'red', u'blue']","[u'left', u'middle', u'right']","[0.9, 0.5, 0.1]","[u'medium', u'high', u'low']",red,50,middle,high,False,False,356,7000,NA
A10DEO061A6L3O,Sat Jun 09 2018 00:54:36 GMT-0400 (Eastern Daylight Time),Sat Jun 09 2018 01:02:27 GMT-0400 (Eastern Daylight Time),"Mozilla/5.0 (Windows NT 10.0; Win64; x64) AppleWebKit/537.36 (KHTML, like Gecko) Chrome/67.0.3396.79 Safari/537.36",104,"[0.9, 0.5, 0.1]","[0.9, 0.5, 0.1]","[u'black', u'red', u'blue']","[u'left', u'middle', u'right']","[0.9, 0.5, 0.1]","[u'medium', u'high', u'low']",black,49,left,medium,True,False,297,7100,NA
A10DEO061A6L3O,Sat Jun 09 2018 00:54:36 GMT-0400 (Eastern Daylight Time),Sat Jun 09 2018 01:02:27 GMT-0400 (Eastern Daylight Time),"Mozilla/5.0 (Windows NT 10.0; Win64; x64) AppleWebKit/537.36 (KHTML, like Gecko) Chrome/67.0.3396.79 Safari/537.36",105,"[0.9, 0.5, 0.1]","[0.9, 0.5, 0.1]","[u'black', u'red', u'blue']","[u'left', u'middle', u'right']","[0.9, 0.5, 0.1]","[u'medium', u'high', u'low']",black,49,left,medium,True,False,268,7200,NA
A10DEO061A6L3O,Sat Jun 09 2018 00:54:36 GMT-0400 (Eastern Daylight Time),Sat Jun 09 2018 01:02:27 GMT-0400 (Eastern Daylight Time),"Mozilla/5.0 (Windows NT 10.0; Win64; x64) AppleWebKit/537.36 (KHTML, like Gecko) Chrome/67.0.3396.79 Safari/537.36",106,"[0.9, 0.5, 0.1]","[0.9, 0.5, 0.1]","[u'black', u'red', u'blue']","[u'left', u'middle', u'right']","[0.9, 0.5, 0.1]","[u'medium', u'high', u'low']",black,49,left,medium,True,False,331,7300,NA
A10DEO061A6L3O,Sat Jun 09 2018 00:54:36 GMT-0400 (Eastern Daylight Time),Sat Jun 09 2018 01:02:27 GMT-0400 (Eastern Daylight Time),"Mozilla/5.0 (Windows NT 10.0; Win64; x64) AppleWebKit/537.36 (KHTML, like Gecko) Chrome/67.0.3396.79 Safari/537.36",107,"[0.9, 0.5, 0.1]","[0.9, 0.5, 0.1]","[u'black', u'red', u'blue']","[u'left', u'middle', u'right']","[0.9, 0.5, 0.1]","[u'medium', u'high', u'low']",black,49,left,medium,True,False,298,7400,NA
A10DEO061A6L3O,Sat Jun 09 2018 00:54:36 GMT-0400 (Eastern Daylight Time),Sat Jun 09 2018 01:02:27 GMT-0400 (Eastern Daylight Time),"Mozilla/5.0 (Windows NT 10.0; Win64; x64) AppleWebKit/537.36 (KHTML, like Gecko) Chrome/67.0.3396.79 Safari/537.36",108,"[0.9, 0.5, 0.1]","[0.9, 0.5, 0.1]","[u'black', u'red', u'blue']","[u'left', u'middle', u'right']","[0.9, 0.5, 0.1]","[u'medium', u'high', u'low']",black,49,left,medium,False,False,162,7350,NA
A10DEO061A6L3O,Sat Jun 09 2018 00:54:36 GMT-0400 (Eastern Daylight Time),Sat Jun 09 2018 01:02:27 GMT-0400 (Eastern Daylight Time),"Mozilla/5.0 (Windows NT 10.0; Win64; x64) AppleWebKit/537.36 (KHTML, like Gecko) Chrome/67.0.3396.79 Safari/537.36",109,"[0.9, 0.5, 0.1]","[0.9, 0.5, 0.1]","[u'black', u'red', u'blue']","[u'left', u'middle', u'right']","[0.9, 0.5, 0.1]","[u'medium', u'high', u'low']",blue,51,right,low,False,False,291,7300,NA
A10DEO061A6L3O,Sat Jun 09 2018 00:54:36 GMT-0400 (Eastern Daylight Time),Sat Jun 09 2018 01:02:27 GMT-0400 (Eastern Daylight Time),"Mozilla/5.0 (Windows NT 10.0; Win64; x64) AppleWebKit/537.36 (KHTML, like Gecko) Chrome/67.0.3396.79 Safari/537.36",110,"[0.9, 0.5, 0.1]","[0.9, 0.5, 0.1]","[u'black', u'red', u'blue']","[u'left', u'middle', u'right']","[0.9, 0.5, 0.1]","[u'medium', u'high', u'low']",red,50,middle,high,True,False,539,7400,NA
A10DEO061A6L3O,Sat Jun 09 2018 00:54:36 GMT-0400 (Eastern Daylight Time),Sat Jun 09 2018 01:02:27 GMT-0400 (Eastern Daylight Time),"Mozilla/5.0 (Windows NT 10.0; Win64; x64) AppleWebKit/537.36 (KHTML, like Gecko) Chrome/67.0.3396.79 Safari/537.36",111,"[0.9, 0.5, 0.1]","[0.9, 0.5, 0.1]","[u'black', u'red', u'blue']","[u'left', u'middle', u'right']","[0.9, 0.5, 0.1]","[u'medium', u'high', u'low']",red,50,middle,high,False,False,1861,7350,NA
A10DEO061A6L3O,Sat Jun 09 2018 00:54:36 GMT-0400 (Eastern Daylight Time),Sat Jun 09 2018 01:02:27 GMT-0400 (Eastern Daylight Time),"Mozilla/5.0 (Windows NT 10.0; Win64; x64) AppleWebKit/537.36 (KHTML, like Gecko) Chrome/67.0.3396.79 Safari/537.36",112,"[0.9, 0.5, 0.1]","[0.9, 0.5, 0.1]","[u'black', u'red', u'blue']","[u'left', u'middle', u'right']","[0.9, 0.5, 0.1]","[u'medium', u'high', u'low']",black,49,left,medium,True,False,315,7450,NA
A10DEO061A6L3O,Sat Jun 09 2018 00:54:36 GMT-0400 (Eastern Daylight Time),Sat Jun 09 2018 01:02:27 GMT-0400 (Eastern Daylight Time),"Mozilla/5.0 (Windows NT 10.0; Win64; x64) AppleWebKit/537.36 (KHTML, like Gecko) Chrome/67.0.3396.79 Safari/537.36",113,"[0.9, 0.5, 0.1]","[0.9, 0.5, 0.1]","[u'black', u'red', u'blue']","[u'left', u'middle', u'right']","[0.9, 0.5, 0.1]","[u'medium', u'high', u'low']",black,49,left,medium,False,False,404,7400,NA
A10DEO061A6L3O,Sat Jun 09 2018 00:54:36 GMT-0400 (Eastern Daylight Time),Sat Jun 09 2018 01:02:27 GMT-0400 (Eastern Daylight Time),"Mozilla/5.0 (Windows NT 10.0; Win64; x64) AppleWebKit/537.36 (KHTML, like Gecko) Chrome/67.0.3396.79 Safari/537.36",114,"[0.9, 0.5, 0.1]","[0.9, 0.5, 0.1]","[u'black', u'red', u'blue']","[u'left', u'middle', u'right']","[0.9, 0.5, 0.1]","[u'medium', u'high', u'low']",red,50,middle,high,True,False,723,7500,NA
A10DEO061A6L3O,Sat Jun 09 2018 00:54:36 GMT-0400 (Eastern Daylight Time),Sat Jun 09 2018 01:02:27 GMT-0400 (Eastern Daylight Time),"Mozilla/5.0 (Windows NT 10.0; Win64; x64) AppleWebKit/537.36 (KHTML, like Gecko) Chrome/67.0.3396.79 Safari/537.36",115,"[0.9, 0.5, 0.1]","[0.9, 0.5, 0.1]","[u'black', u'red', u'blue']","[u'left', u'middle', u'right']","[0.9, 0.5, 0.1]","[u'medium', u'high', u'low']",black,49,left,medium,True,False,339,7600,NA
A10DEO061A6L3O,Sat Jun 09 2018 00:54:36 GMT-0400 (Eastern Daylight Time),Sat Jun 09 2018 01:02:27 GMT-0400 (Eastern Daylight Time),"Mozilla/5.0 (Windows NT 10.0; Win64; x64) AppleWebKit/537.36 (KHTML, like Gecko) Chrome/67.0.3396.79 Safari/537.36",116,"[0.9, 0.5, 0.1]","[0.9, 0.5, 0.1]","[u'black', u'red', u'blue']","[u'left', u'middle', u'right']","[0.9, 0.5, 0.1]","[u'medium', u'high', u'low']",blue,51,right,low,False,False,371,7550,NA
A10DEO061A6L3O,Sat Jun 09 2018 00:54:36 GMT-0400 (Eastern Daylight Time),Sat Jun 09 2018 01:02:27 GMT-0400 (Eastern Daylight Time),"Mozilla/5.0 (Windows NT 10.0; Win64; x64) AppleWebKit/537.36 (KHTML, like Gecko) Chrome/67.0.3396.79 Safari/537.36",117,"[0.9, 0.5, 0.1]","[0.9, 0.5, 0.1]","[u'black', u'red', u'blue']","[u'left', u'middle', u'right']","[0.9, 0.5, 0.1]","[u'medium', u'high', u'low']",red,50,middle,high,True,False,325,7650,NA
A10DEO061A6L3O,Sat Jun 09 2018 00:54:36 GMT-0400 (Eastern Daylight Time),Sat Jun 09 2018 01:02:27 GMT-0400 (Eastern Daylight Time),"Mozilla/5.0 (Windows NT 10.0; Win64; x64) AppleWebKit/537.36 (KHTML, like Gecko) Chrome/67.0.3396.79 Safari/537.36",118,"[0.9, 0.5, 0.1]","[0.9, 0.5, 0.1]","[u'black', u'red', u'blue']","[u'left', u'middle', u'right']","[0.9, 0.5, 0.1]","[u'medium', u'high', u'low']",black,49,left,medium,False,False,355,7600,NA
A10DEO061A6L3O,Sat Jun 09 2018 00:54:36 GMT-0400 (Eastern Daylight Time),Sat Jun 09 2018 01:02:27 GMT-0400 (Eastern Daylight Time),"Mozilla/5.0 (Windows NT 10.0; Win64; x64) AppleWebKit/537.36 (KHTML, like Gecko) Chrome/67.0.3396.79 Safari/537.36",119,"[0.9, 0.5, 0.1]","[0.9, 0.5, 0.1]","[u'black', u'red', u'blue']","[u'left', u'middle', u'right']","[0.9, 0.5, 0.1]","[u'medium', u'high', u'low']",black,49,left,medium,False,False,507,7550,NA
A10DEO061A6L3O,Sat Jun 09 2018 00:54:36 GMT-0400 (Eastern Daylight Time),Sat Jun 09 2018 01:02:27 GMT-0400 (Eastern Daylight Time),"Mozilla/5.0 (Windows NT 10.0; Win64; x64) AppleWebKit/537.36 (KHTML, like Gecko) Chrome/67.0.3396.79 Safari/537.36",120,"[0.9, 0.5, 0.1]","[0.9, 0.5, 0.1]","[u'black', u'red', u'blue']","[u'left', u'middle', u'right']","[0.9, 0.5, 0.1]","[u'medium', u'high', u'low']",red,50,middle,high,True,False,795,7650,NA
A10DEO061A6L3O,Sat Jun 09 2018 00:54:36 GMT-0400 (Eastern Daylight Time),Sat Jun 09 2018 01:02:27 GMT-0400 (Eastern Daylight Time),"Mozilla/5.0 (Windows NT 10.0; Win64; x64) AppleWebKit/537.36 (KHTML, like Gecko) Chrome/67.0.3396.79 Safari/537.36",121,"[0.9, 0.5, 0.1]","[0.9, 0.5, 0.1]","[u'black', u'red', u'blue']","[u'left', u'middle', u'right']","[0.9, 0.5, 0.1]","[u'high', u'medium', u'low']",red,50,middle,medium,False,False,1147,7600,NA
A10DEO061A6L3O,Sat Jun 09 2018 00:54:36 GMT-0400 (Eastern Daylight Time),Sat Jun 09 2018 01:02:27 GMT-0400 (Eastern Daylight Time),"Mozilla/5.0 (Windows NT 10.0; Win64; x64) AppleWebKit/537.36 (KHTML, like Gecko) Chrome/67.0.3396.79 Safari/537.36",122,"[0.9, 0.5, 0.1]","[0.9, 0.5, 0.1]","[u'black', u'red', u'blue']","[u'left', u'middle', u'right']","[0.9, 0.5, 0.1]","[u'high', u'medium', u'low']",blue,51,right,low,True,False,339,7700,NA
A10DEO061A6L3O,Sat Jun 09 2018 00:54:36 GMT-0400 (Eastern Daylight Time),Sat Jun 09 2018 01:02:27 GMT-0400 (Eastern Daylight Time),"Mozilla/5.0 (Windows NT 10.0; Win64; x64) AppleWebKit/537.36 (KHTML, like Gecko) Chrome/67.0.3396.79 Safari/537.36",123,"[0.9, 0.5, 0.1]","[0.9, 0.5, 0.1]","[u'black', u'red', u'blue']","[u'left', u'middle', u'right']","[0.9, 0.5, 0.1]","[u'high', u'medium', u'low']",blue,51,right,low,False,False,315,7650,NA
A10DEO061A6L3O,Sat Jun 09 2018 00:54:36 GMT-0400 (Eastern Daylight Time),Sat Jun 09 2018 01:02:27 GMT-0400 (Eastern Daylight Time),"Mozilla/5.0 (Windows NT 10.0; Win64; x64) AppleWebKit/537.36 (KHTML, like Gecko) Chrome/67.0.3396.79 Safari/537.36",124,"[0.9, 0.5, 0.1]","[0.9, 0.5, 0.1]","[u'black', u'red', u'blue']","[u'left', u'middle', u'right']","[0.9, 0.5, 0.1]","[u'high', u'medium', u'low']",black,49,left,high,True,False,620,7750,NA
A10DEO061A6L3O,Sat Jun 09 2018 00:54:36 GMT-0400 (Eastern Daylight Time),Sat Jun 09 2018 01:02:27 GMT-0400 (Eastern Daylight Time),"Mozilla/5.0 (Windows NT 10.0; Win64; x64) AppleWebKit/537.36 (KHTML, like Gecko) Chrome/67.0.3396.79 Safari/537.36",125,"[0.9, 0.5, 0.1]","[0.9, 0.5, 0.1]","[u'black', u'red', u'blue']","[u'left', u'middle', u'right']","[0.9, 0.5, 0.1]","[u'high', u'medium', u'low']",black,49,left,high,True,False,355,7850,NA
A10DEO061A6L3O,Sat Jun 09 2018 00:54:36 GMT-0400 (Eastern Daylight Time),Sat Jun 09 2018 01:02:27 GMT-0400 (Eastern Daylight Time),"Mozilla/5.0 (Windows NT 10.0; Win64; x64) AppleWebKit/537.36 (KHTML, like Gecko) Chrome/67.0.3396.79 Safari/537.36",126,"[0.9, 0.5, 0.1]","[0.9, 0.5, 0.1]","[u'black', u'red', u'blue']","[u'left', u'middle', u'right']","[0.9, 0.5, 0.1]","[u'high', u'medium', u'low']",black,49,left,high,True,False,356,7950,NA
A10DEO061A6L3O,Sat Jun 09 2018 00:54:36 GMT-0400 (Eastern Daylight Time),Sat Jun 09 2018 01:02:27 GMT-0400 (Eastern Daylight Time),"Mozilla/5.0 (Windows NT 10.0; Win64; x64) AppleWebKit/537.36 (KHTML, like Gecko) Chrome/67.0.3396.79 Safari/537.36",127,"[0.9, 0.5, 0.1]","[0.9, 0.5, 0.1]","[u'black', u'red', u'blue']","[u'left', u'middle', u'right']","[0.9, 0.5, 0.1]","[u'high', u'medium', u'low']",black,49,left,high,True,False,275,8050,NA
A10DEO061A6L3O,Sat Jun 09 2018 00:54:36 GMT-0400 (Eastern Daylight Time),Sat Jun 09 2018 01:02:27 GMT-0400 (Eastern Daylight Time),"Mozilla/5.0 (Windows NT 10.0; Win64; x64) AppleWebKit/537.36 (KHTML, like Gecko) Chrome/67.0.3396.79 Safari/537.36",128,"[0.9, 0.5, 0.1]","[0.9, 0.5, 0.1]","[u'black', u'red', u'blue']","[u'left', u'middle', u'right']","[0.9, 0.5, 0.1]","[u'high', u'medium', u'low']",black,49,left,high,False,False,315,8000,NA
A10DEO061A6L3O,Sat Jun 09 2018 00:54:36 GMT-0400 (Eastern Daylight Time),Sat Jun 09 2018 01:02:27 GMT-0400 (Eastern Daylight Time),"Mozilla/5.0 (Windows NT 10.0; Win64; x64) AppleWebKit/537.36 (KHTML, like Gecko) Chrome/67.0.3396.79 Safari/537.36",129,"[0.9, 0.5, 0.1]","[0.9, 0.5, 0.1]","[u'black', u'red', u'blue']","[u'left', u'middle', u'right']","[0.9, 0.5, 0.1]","[u'high', u'medium', u'low']",red,50,middle,medium,True,False,298,8100,NA
A10DEO061A6L3O,Sat Jun 09 2018 00:54:36 GMT-0400 (Eastern Daylight Time),Sat Jun 09 2018 01:02:27 GMT-0400 (Eastern Daylight Time),"Mozilla/5.0 (Windows NT 10.0; Win64; x64) AppleWebKit/537.36 (KHTML, like Gecko) Chrome/67.0.3396.79 Safari/537.36",130,"[0.9, 0.5, 0.1]","[0.9, 0.5, 0.1]","[u'black', u'red', u'blue']","[u'left', u'middle', u'right']","[0.9, 0.5, 0.1]","[u'high', u'medium', u'low']",red,50,middle,medium,True,False,324,8200,NA
A10DEO061A6L3O,Sat Jun 09 2018 00:54:36 GMT-0400 (Eastern Daylight Time),Sat Jun 09 2018 01:02:27 GMT-0400 (Eastern Daylight Time),"Mozilla/5.0 (Windows NT 10.0; Win64; x64) AppleWebKit/537.36 (KHTML, like Gecko) Chrome/67.0.3396.79 Safari/537.36",131,"[0.9, 0.5, 0.1]","[0.9, 0.5, 0.1]","[u'black', u'red', u'blue']","[u'left', u'middle', u'right']","[0.9, 0.5, 0.1]","[u'high', u'medium', u'low']",red,50,middle,medium,True,False,354,8300,NA
A10DEO061A6L3O,Sat Jun 09 2018 00:54:36 GMT-0400 (Eastern Daylight Time),Sat Jun 09 2018 01:02:27 GMT-0400 (Eastern Daylight Time),"Mozilla/5.0 (Windows NT 10.0; Win64; x64) AppleWebKit/537.36 (KHTML, like Gecko) Chrome/67.0.3396.79 Safari/537.36",132,"[0.9, 0.5, 0.1]","[0.9, 0.5, 0.1]","[u'black', u'red', u'blue']","[u'left', u'middle', u'right']","[0.9, 0.5, 0.1]","[u'high', u'medium', u'low']",red,50,middle,medium,True,False,474,8400,NA
A10DEO061A6L3O,Sat Jun 09 2018 00:54:36 GMT-0400 (Eastern Daylight Time),Sat Jun 09 2018 01:02:27 GMT-0400 (Eastern Daylight Time),"Mozilla/5.0 (Windows NT 10.0; Win64; x64) AppleWebKit/537.36 (KHTML, like Gecko) Chrome/67.0.3396.79 Safari/537.36",133,"[0.9, 0.5, 0.1]","[0.9, 0.5, 0.1]","[u'black', u'red', u'blue']","[u'left', u'middle', u'right']","[0.9, 0.5, 0.1]","[u'high', u'medium', u'low']",red,50,middle,medium,True,False,380,8500,NA
A10DEO061A6L3O,Sat Jun 09 2018 00:54:36 GMT-0400 (Eastern Daylight Time),Sat Jun 09 2018 01:02:27 GMT-0400 (Eastern Daylight Time),"Mozilla/5.0 (Windows NT 10.0; Win64; x64) AppleWebKit/537.36 (KHTML, like Gecko) Chrome/67.0.3396.79 Safari/537.36",134,"[0.9, 0.5, 0.1]","[0.9, 0.5, 0.1]","[u'black', u'red', u'blue']","[u'left', u'middle', u'right']","[0.9, 0.5, 0.1]","[u'high', u'medium', u'low']",red,50,middle,medium,False,False,305,8450,NA
A10DEO061A6L3O,Sat Jun 09 2018 00:54:36 GMT-0400 (Eastern Daylight Time),Sat Jun 09 2018 01:02:27 GMT-0400 (Eastern Daylight Time),"Mozilla/5.0 (Windows NT 10.0; Win64; x64) AppleWebKit/537.36 (KHTML, like Gecko) Chrome/67.0.3396.79 Safari/537.36",135,"[0.9, 0.5, 0.1]","[0.9, 0.5, 0.1]","[u'black', u'red', u'blue']","[u'left', u'middle', u'right']","[0.9, 0.5, 0.1]","[u'high', u'medium', u'low']",blue,51,right,low,False,False,588,8400,NA
A10DEO061A6L3O,Sat Jun 09 2018 00:54:36 GMT-0400 (Eastern Daylight Time),Sat Jun 09 2018 01:02:27 GMT-0400 (Eastern Daylight Time),"Mozilla/5.0 (Windows NT 10.0; Win64; x64) AppleWebKit/537.36 (KHTML, like Gecko) Chrome/67.0.3396.79 Safari/537.36",136,"[0.9, 0.5, 0.1]","[0.9, 0.5, 0.1]","[u'black', u'red', u'blue']","[u'left', u'middle', u'right']","[0.9, 0.5, 0.1]","[u'high', u'medium', u'low']",red,50,middle,medium,False,False,387,8350,NA
A10DEO061A6L3O,Sat Jun 09 2018 00:54:36 GMT-0400 (Eastern Daylight Time),Sat Jun 09 2018 01:02:27 GMT-0400 (Eastern Daylight Time),"Mozilla/5.0 (Windows NT 10.0; Win64; x64) AppleWebKit/537.36 (KHTML, like Gecko) Chrome/67.0.3396.79 Safari/537.36",137,"[0.9, 0.5, 0.1]","[0.9, 0.5, 0.1]","[u'black', u'red', u'blue']","[u'left', u'middle', u'right']","[0.9, 0.5, 0.1]","[u'high', u'medium', u'low']",black,49,left,high,True,False,202,8450,NA
A10DEO061A6L3O,Sat Jun 09 2018 00:54:36 GMT-0400 (Eastern Daylight Time),Sat Jun 09 2018 01:02:27 GMT-0400 (Eastern Daylight Time),"Mozilla/5.0 (Windows NT 10.0; Win64; x64) AppleWebKit/537.36 (KHTML, like Gecko) Chrome/67.0.3396.79 Safari/537.36",138,"[0.9, 0.5, 0.1]","[0.9, 0.5, 0.1]","[u'black', u'red', u'blue']","[u'left', u'middle', u'right']","[0.9, 0.5, 0.1]","[u'high', u'medium', u'low']",black,49,left,high,False,False,316,8400,NA
A10DEO061A6L3O,Sat Jun 09 2018 00:54:36 GMT-0400 (Eastern Daylight Time),Sat Jun 09 2018 01:02:27 GMT-0400 (Eastern Daylight Time),"Mozilla/5.0 (Windows NT 10.0; Win64; x64) AppleWebKit/537.36 (KHTML, like Gecko) Chrome/67.0.3396.79 Safari/537.36",139,"[0.9, 0.5, 0.1]","[0.9, 0.5, 0.1]","[u'black', u'red', u'blue']","[u'left', u'middle', u'right']","[0.9, 0.5, 0.1]","[u'high', u'medium', u'low']",red,50,middle,medium,True,False,723,8500,NA
A10DEO061A6L3O,Sat Jun 09 2018 00:54:36 GMT-0400 (Eastern Daylight Time),Sat Jun 09 2018 01:02:27 GMT-0400 (Eastern Daylight Time),"Mozilla/5.0 (Windows NT 10.0; Win64; x64) AppleWebKit/537.36 (KHTML, like Gecko) Chrome/67.0.3396.79 Safari/537.36",140,"[0.9, 0.5, 0.1]","[0.9, 0.5, 0.1]","[u'black', u'red', u'blue']","[u'left', u'middle', u'right']","[0.9, 0.5, 0.1]","[u'high', u'medium', u'low']",red,50,middle,medium,True,False,371,8600,NA
A10DEO061A6L3O,Sat Jun 09 2018 00:54:36 GMT-0400 (Eastern Daylight Time),Sat Jun 09 2018 01:02:27 GMT-0400 (Eastern Daylight Time),"Mozilla/5.0 (Windows NT 10.0; Win64; x64) AppleWebKit/537.36 (KHTML, like Gecko) Chrome/67.0.3396.79 Safari/537.36",141,"[0.9, 0.5, 0.1]","[0.9, 0.5, 0.1]","[u'black', u'red', u'blue']","[u'left', u'middle', u'right']","[0.9, 0.5, 0.1]","[u'high', u'medium', u'low']",red,50,middle,medium,False,False,338,8550,NA
A10DEO061A6L3O,Sat Jun 09 2018 00:54:36 GMT-0400 (Eastern Daylight Time),Sat Jun 09 2018 01:02:27 GMT-0400 (Eastern Daylight Time),"Mozilla/5.0 (Windows NT 10.0; Win64; x64) AppleWebKit/537.36 (KHTML, like Gecko) Chrome/67.0.3396.79 Safari/537.36",142,"[0.9, 0.5, 0.1]","[0.9, 0.5, 0.1]","[u'black', u'red', u'blue']","[u'left', u'middle', u'right']","[0.9, 0.5, 0.1]","[u'high', u'medium', u'low']",blue,51,right,low,False,False,1044,8500,NA
A10DEO061A6L3O,Sat Jun 09 2018 00:54:36 GMT-0400 (Eastern Daylight Time),Sat Jun 09 2018 01:02:27 GMT-0400 (Eastern Daylight Time),"Mozilla/5.0 (Windows NT 10.0; Win64; x64) AppleWebKit/537.36 (KHTML, like Gecko) Chrome/67.0.3396.79 Safari/537.36",143,"[0.9, 0.5, 0.1]","[0.9, 0.5, 0.1]","[u'black', u'red', u'blue']","[u'left', u'middle', u'right']","[0.9, 0.5, 0.1]","[u'high', u'medium', u'low']",red,50,middle,medium,True,False,276,8600,NA
A10DEO061A6L3O,Sat Jun 09 2018 00:54:36 GMT-0400 (Eastern Daylight Time),Sat Jun 09 2018 01:02:27 GMT-0400 (Eastern Daylight Time),"Mozilla/5.0 (Windows NT 10.0; Win64; x64) AppleWebKit/537.36 (KHTML, like Gecko) Chrome/67.0.3396.79 Safari/537.36",144,"[0.9, 0.5, 0.1]","[0.9, 0.5, 0.1]","[u'black', u'red', u'blue']","[u'left', u'middle', u'right']","[0.9, 0.5, 0.1]","[u'high', u'medium', u'low']",red,50,middle,medium,True,False,315,8700,NA
A10DEO061A6L3O,Sat Jun 09 2018 00:54:36 GMT-0400 (Eastern Daylight Time),Sat Jun 09 2018 01:02:27 GMT-0400 (Eastern Daylight Time),"Mozilla/5.0 (Windows NT 10.0; Win64; x64) AppleWebKit/537.36 (KHTML, like Gecko) Chrome/67.0.3396.79 Safari/537.36",145,"[0.9, 0.5, 0.1]","[0.9, 0.5, 0.1]","[u'black', u'red', u'blue']","[u'left', u'middle', u'right']","[0.9, 0.5, 0.1]","[u'high', u'medium', u'low']",red,50,middle,medium,True,False,314,8800,NA
A10DEO061A6L3O,Sat Jun 09 2018 00:54:36 GMT-0400 (Eastern Daylight Time),Sat Jun 09 2018 01:02:27 GMT-0400 (Eastern Daylight Time),"Mozilla/5.0 (Windows NT 10.0; Win64; x64) AppleWebKit/537.36 (KHTML, like Gecko) Chrome/67.0.3396.79 Safari/537.36",146,"[0.9, 0.5, 0.1]","[0.9, 0.5, 0.1]","[u'black', u'red', u'blue']","[u'left', u'middle', u'right']","[0.9, 0.5, 0.1]","[u'high', u'medium', u'low']",red,50,middle,medium,True,False,348,8900,NA
A10DEO061A6L3O,Sat Jun 09 2018 00:54:36 GMT-0400 (Eastern Daylight Time),Sat Jun 09 2018 01:02:27 GMT-0400 (Eastern Daylight Time),"Mozilla/5.0 (Windows NT 10.0; Win64; x64) AppleWebKit/537.36 (KHTML, like Gecko) Chrome/67.0.3396.79 Safari/537.36",147,"[0.9, 0.5, 0.1]","[0.9, 0.5, 0.1]","[u'black', u'red', u'blue']","[u'left', u'middle', u'right']","[0.9, 0.5, 0.1]","[u'high', u'medium', u'low']",red,50,middle,medium,True,False,283,9000,NA
A10DEO061A6L3O,Sat Jun 09 2018 00:54:36 GMT-0400 (Eastern Daylight Time),Sat Jun 09 2018 01:02:27 GMT-0400 (Eastern Daylight Time),"Mozilla/5.0 (Windows NT 10.0; Win64; x64) AppleWebKit/537.36 (KHTML, like Gecko) Chrome/67.0.3396.79 Safari/537.36",148,"[0.9, 0.5, 0.1]","[0.9, 0.5, 0.1]","[u'black', u'red', u'blue']","[u'left', u'middle', u'right']","[0.9, 0.5, 0.1]","[u'high', u'medium', u'low']",red,50,middle,medium,True,False,99,9100,NA
A10DEO061A6L3O,Sat Jun 09 2018 00:54:36 GMT-0400 (Eastern Daylight Time),Sat Jun 09 2018 01:02:27 GMT-0400 (Eastern Daylight Time),"Mozilla/5.0 (Windows NT 10.0; Win64; x64) AppleWebKit/537.36 (KHTML, like Gecko) Chrome/67.0.3396.79 Safari/537.36",149,"[0.9, 0.5, 0.1]","[0.9, 0.5, 0.1]","[u'black', u'red', u'blue']","[u'left', u'middle', u'right']","[0.9, 0.5, 0.1]","[u'high', u'medium', u'low']",red,50,middle,medium,True,False,283,9200,NA
A10DEO061A6L3O,Sat Jun 09 2018 00:54:36 GMT-0400 (Eastern Daylight Time),Sat Jun 09 2018 01:02:27 GMT-0400 (Eastern Daylight Time),"Mozilla/5.0 (Windows NT 10.0; Win64; x64) AppleWebKit/537.36 (KHTML, like Gecko) Chrome/67.0.3396.79 Safari/537.36",150,"[0.9, 0.5, 0.1]","[0.9, 0.5, 0.1]","[u'black', u'red', u'blue']","[u'left', u'middle', u'right']","[0.9, 0.5, 0.1]","[u'high', u'medium', u'low']",red,50,middle,medium,False,False,379,9150,NA
A10DEO061A6L3O,Sat Jun 09 2018 00:54:36 GMT-0400 (Eastern Daylight Time),Sat Jun 09 2018 01:02:27 GMT-0400 (Eastern Daylight Time),"Mozilla/5.0 (Windows NT 10.0; Win64; x64) AppleWebKit/537.36 (KHTML, like Gecko) Chrome/67.0.3396.79 Safari/537.36",151,"[0.9, 0.5, 0.1]","[0.9, 0.5, 0.1]","[u'black', u'red', u'blue']","[u'left', u'middle', u'right']","[0.9, 0.5, 0.1]","[u'high', u'medium', u'low']",black,49,left,high,True,False,364,9250,NA
A10DEO061A6L3O,Sat Jun 09 2018 00:54:36 GMT-0400 (Eastern Daylight Time),Sat Jun 09 2018 01:02:27 GMT-0400 (Eastern Daylight Time),"Mozilla/5.0 (Windows NT 10.0; Win64; x64) AppleWebKit/537.36 (KHTML, like Gecko) Chrome/67.0.3396.79 Safari/537.36",152,"[0.9, 0.5, 0.1]","[0.9, 0.5, 0.1]","[u'black', u'red', u'blue']","[u'left', u'middle', u'right']","[0.9, 0.5, 0.1]","[u'high', u'medium', u'low']",black,49,left,high,True,False,298,9350,NA
A10DEO061A6L3O,Sat Jun 09 2018 00:54:36 GMT-0400 (Eastern Daylight Time),Sat Jun 09 2018 01:02:27 GMT-0400 (Eastern Daylight Time),"Mozilla/5.0 (Windows NT 10.0; Win64; x64) AppleWebKit/537.36 (KHTML, like Gecko) Chrome/67.0.3396.79 Safari/537.36",153,"[0.9, 0.5, 0.1]","[0.9, 0.5, 0.1]","[u'black', u'red', u'blue']","[u'left', u'middle', u'right']","[0.9, 0.5, 0.1]","[u'high', u'medium', u'low']",black,49,left,high,True,False,388,9450,NA
A10DEO061A6L3O,Sat Jun 09 2018 00:54:36 GMT-0400 (Eastern Daylight Time),Sat Jun 09 2018 01:02:27 GMT-0400 (Eastern Daylight Time),"Mozilla/5.0 (Windows NT 10.0; Win64; x64) AppleWebKit/537.36 (KHTML, like Gecko) Chrome/67.0.3396.79 Safari/537.36",154,"[0.9, 0.5, 0.1]","[0.9, 0.5, 0.1]","[u'black', u'red', u'blue']","[u'left', u'middle', u'right']","[0.9, 0.5, 0.1]","[u'high', u'medium', u'low']",black,49,left,high,True,False,282,9550,NA
A10DEO061A6L3O,Sat Jun 09 2018 00:54:36 GMT-0400 (Eastern Daylight Time),Sat Jun 09 2018 01:02:27 GMT-0400 (Eastern Daylight Time),"Mozilla/5.0 (Windows NT 10.0; Win64; x64) AppleWebKit/537.36 (KHTML, like Gecko) Chrome/67.0.3396.79 Safari/537.36",155,"[0.9, 0.5, 0.1]","[0.9, 0.5, 0.1]","[u'black', u'red', u'blue']","[u'left', u'middle', u'right']","[0.9, 0.5, 0.1]","[u'high', u'medium', u'low']",black,49,left,high,True,False,313,9650,NA
A10DEO061A6L3O,Sat Jun 09 2018 00:54:36 GMT-0400 (Eastern Daylight Time),Sat Jun 09 2018 01:02:27 GMT-0400 (Eastern Daylight Time),"Mozilla/5.0 (Windows NT 10.0; Win64; x64) AppleWebKit/537.36 (KHTML, like Gecko) Chrome/67.0.3396.79 Safari/537.36",156,"[0.9, 0.5, 0.1]","[0.9, 0.5, 0.1]","[u'black', u'red', u'blue']","[u'left', u'middle', u'right']","[0.9, 0.5, 0.1]","[u'high', u'medium', u'low']",black,49,left,high,True,False,340,9750,NA
A10DEO061A6L3O,Sat Jun 09 2018 00:54:36 GMT-0400 (Eastern Daylight Time),Sat Jun 09 2018 01:02:27 GMT-0400 (Eastern Daylight Time),"Mozilla/5.0 (Windows NT 10.0; Win64; x64) AppleWebKit/537.36 (KHTML, like Gecko) Chrome/67.0.3396.79 Safari/537.36",157,"[0.9, 0.5, 0.1]","[0.9, 0.5, 0.1]","[u'black', u'red', u'blue']","[u'left', u'middle', u'right']","[0.9, 0.5, 0.1]","[u'high', u'medium', u'low']",black,49,left,high,True,False,356,9850,NA
A10DEO061A6L3O,Sat Jun 09 2018 00:54:36 GMT-0400 (Eastern Daylight Time),Sat Jun 09 2018 01:02:27 GMT-0400 (Eastern Daylight Time),"Mozilla/5.0 (Windows NT 10.0; Win64; x64) AppleWebKit/537.36 (KHTML, like Gecko) Chrome/67.0.3396.79 Safari/537.36",158,"[0.9, 0.5, 0.1]","[0.9, 0.5, 0.1]","[u'black', u'red', u'blue']","[u'left', u'middle', u'right']","[0.9, 0.5, 0.1]","[u'high', u'medium', u'low']",black,49,left,high,True,False,402,9950,NA
A10DEO061A6L3O,Sat Jun 09 2018 00:54:36 GMT-0400 (Eastern Daylight Time),Sat Jun 09 2018 01:02:27 GMT-0400 (Eastern Daylight Time),"Mozilla/5.0 (Windows NT 10.0; Win64; x64) AppleWebKit/537.36 (KHTML, like Gecko) Chrome/67.0.3396.79 Safari/537.36",159,"[0.9, 0.5, 0.1]","[0.9, 0.5, 0.1]","[u'black', u'red', u'blue']","[u'left', u'middle', u'right']","[0.9, 0.5, 0.1]","[u'high', u'medium', u'low']",black,49,left,high,True,True,331,10050,NA
A10DEO061A6L3O,Sat Jun 09 2018 00:54:36 GMT-0400 (Eastern Daylight Time),Sat Jun 09 2018 01:02:27 GMT-0400 (Eastern Daylight Time),"Mozilla/5.0 (Windows NT 10.0; Win64; x64) AppleWebKit/537.36 (KHTML, like Gecko) Chrome/67.0.3396.79 Safari/537.36",160,"[0.9, 0.5, 0.1]","[0.9, 0.5, 0.1]","[u'black', u'red', u'blue']","[u'left', u'middle', u'right']","[0.9, 0.5, 0.1]","[u'medium', u'low', u'high']",black,49,left,medium,True,False,875,10150,NA
