A1V9G7V6ZYACIR,Mon Dec 04 2017 08:09:27 GMT-0500 (Eastern Standard Time),Mon Dec 04 2017 08:28:31 GMT-0500 (Eastern Standard Time),"Mozilla/5.0 (Windows NT 10.0; Win64; x64) AppleWebKit/537.36 (KHTML, like Gecko) Chrome/62.0.3202.94 Safari/537.36",1,"[0.8, 0.4, 0.2]","[0.9, 0.5, 0.1]","[u'red', u'blue', u'black']","[u'left', u'middle', u'right']","[0.8, 0.4, 0.2]","[u'medium', u'low', u'high']",red,49,left,medium,True,False,1278,100,NA
A1V9G7V6ZYACIR,Mon Dec 04 2017 08:09:27 GMT-0500 (Eastern Standard Time),Mon Dec 04 2017 08:28:31 GMT-0500 (Eastern Standard Time),"Mozilla/5.0 (Windows NT 10.0; Win64; x64) AppleWebKit/537.36 (KHTML, like Gecko) Chrome/62.0.3202.94 Safari/537.36",2,"[0.8, 0.4, 0.2]","[0.9, 0.5, 0.1]","[u'red', u'blue', u'black']","[u'left', u'middle', u'right']","[0.8, 0.4, 0.2]","[u'medium', u'low', u'high']",red,49,left,medium,False,False,393,50,NA
A1V9G7V6ZYACIR,Mon Dec 04 2017 08:09:27 GMT-0500 (Eastern Standard Time),Mon Dec 04 2017 08:28:31 GMT-0500 (Eastern Standard Time),"Mozilla/5.0 (Windows NT 10.0; Win64; x64) AppleWebKit/537.36 (KHTML, like Gecko) Chrome/62.0.3202.94 Safari/537.36",3,"[0.8, 0.4, 0.2]","[0.9, 0.5, 0.1]","[u'red', u'blue', u'black']","[u'left', u'middle', u'right']","[0.8, 0.4, 0.2]","[u'medium', u'low', u'high']",red,49,left,medium,False,False,299,0,NA
A1V9G7V6ZYACIR,Mon Dec 04 2017 08:09:27 GMT-0500 (Eastern Standard Time),Mon Dec 04 2017 08:28:31 GMT-0500 (Eastern Standard Time),"Mozilla/5.0 (Windows NT 10.0; Win64; x64) AppleWebKit/537.36 (KHTML, like Gecko) Chrome/62.0.3202.94 Safari/537.36",4,"[0.8, 0.4, 0.2]","[0.9, 0.5, 0.1]","[u'red', u'blue', u'black']","[u'left', u'middle', u'right']","[0.8, 0.4, 0.2]","[u'medium', u'low', u'high']",blue,50,middle,low,False,False,298,-50,NA
A1V9G7V6ZYACIR,Mon Dec 04 2017 08:09:27 GMT-0500 (Eastern Standard Time),Mon Dec 04 2017 08:28:31 GMT-0500 (Eastern Standard Time),"Mozilla/5.0 (Windows NT 10.0; Win64; x64) AppleWebKit/537.36 (KHTML, like Gecko) Chrome/62.0.3202.94 Safari/537.36",5,"[0.8, 0.4, 0.2]","[0.9, 0.5, 0.1]","[u'red', u'blue', u'black']","[u'left', u'middle', u'right']","[0.8, 0.4, 0.2]","[u'medium', u'low', u'high']",red,49,left,medium,True,False,402,50,NA
A1V9G7V6ZYACIR,Mon Dec 04 2017 08:09:27 GMT-0500 (Eastern Standard Time),Mon Dec 04 2017 08:28:31 GMT-0500 (Eastern Standard Time),"Mozilla/5.0 (Windows NT 10.0; Win64; x64) AppleWebKit/537.36 (KHTML, like Gecko) Chrome/62.0.3202.94 Safari/537.36",6,"[0.8, 0.4, 0.2]","[0.9, 0.5, 0.1]","[u'red', u'blue', u'black']","[u'left', u'middle', u'right']","[0.8, 0.4, 0.2]","[u'medium', u'low', u'high']",black,51,right,high,True,False,491,150,NA
A1V9G7V6ZYACIR,Mon Dec 04 2017 08:09:27 GMT-0500 (Eastern Standard Time),Mon Dec 04 2017 08:28:31 GMT-0500 (Eastern Standard Time),"Mozilla/5.0 (Windows NT 10.0; Win64; x64) AppleWebKit/537.36 (KHTML, like Gecko) Chrome/62.0.3202.94 Safari/537.36",7,"[0.8, 0.4, 0.2]","[0.9, 0.5, 0.1]","[u'red', u'blue', u'black']","[u'left', u'middle', u'right']","[0.8, 0.4, 0.2]","[u'medium', u'low', u'high']",red,49,left,medium,True,False,275,250,NA
A1V9G7V6ZYACIR,Mon Dec 04 2017 08:09:27 GMT-0500 (Eastern Standard Time),Mon Dec 04 2017 08:28:31 GMT-0500 (Eastern Standard Time),"Mozilla/5.0 (Windows NT 10.0; Win64; x64) AppleWebKit/537.36 (KHTML, like Gecko) Chrome/62.0.3202.94 Safari/537.36",8,"[0.8, 0.4, 0.2]","[0.9, 0.5, 0.1]","[u'red', u'blue', u'black']","[u'left', u'middle', u'right']","[0.8, 0.4, 0.2]","[u'medium', u'low', u'high']",blue,50,middle,low,False,False,307,200,NA
A1V9G7V6ZYACIR,Mon Dec 04 2017 08:09:27 GMT-0500 (Eastern Standard Time),Mon Dec 04 2017 08:28:31 GMT-0500 (Eastern Standard Time),"Mozilla/5.0 (Windows NT 10.0; Win64; x64) AppleWebKit/537.36 (KHTML, like Gecko) Chrome/62.0.3202.94 Safari/537.36",9,"[0.8, 0.4, 0.2]","[0.9, 0.5, 0.1]","[u'red', u'blue', u'black']","[u'left', u'middle', u'right']","[0.8, 0.4, 0.2]","[u'medium', u'low', u'high']",red,49,left,medium,True,False,251,300,NA
A1V9G7V6ZYACIR,Mon Dec 04 2017 08:09:27 GMT-0500 (Eastern Standard Time),Mon Dec 04 2017 08:28:31 GMT-0500 (Eastern Standard Time),"Mozilla/5.0 (Windows NT 10.0; Win64; x64) AppleWebKit/537.36 (KHTML, like Gecko) Chrome/62.0.3202.94 Safari/537.36",10,"[0.8, 0.4, 0.2]","[0.9, 0.5, 0.1]","[u'red', u'blue', u'black']","[u'left', u'middle', u'right']","[0.8, 0.4, 0.2]","[u'medium', u'low', u'high']",black,51,right,high,True,False,290,400,NA
A1V9G7V6ZYACIR,Mon Dec 04 2017 08:09:27 GMT-0500 (Eastern Standard Time),Mon Dec 04 2017 08:28:31 GMT-0500 (Eastern Standard Time),"Mozilla/5.0 (Windows NT 10.0; Win64; x64) AppleWebKit/537.36 (KHTML, like Gecko) Chrome/62.0.3202.94 Safari/537.36",11,"[0.8, 0.4, 0.2]","[0.9, 0.5, 0.1]","[u'red', u'blue', u'black']","[u'left', u'middle', u'right']","[0.8, 0.4, 0.2]","[u'medium', u'low', u'high']",red,49,left,medium,False,False,323,350,NA
A1V9G7V6ZYACIR,Mon Dec 04 2017 08:09:27 GMT-0500 (Eastern Standard Time),Mon Dec 04 2017 08:28:31 GMT-0500 (Eastern Standard Time),"Mozilla/5.0 (Windows NT 10.0; Win64; x64) AppleWebKit/537.36 (KHTML, like Gecko) Chrome/62.0.3202.94 Safari/537.36",12,"[0.8, 0.4, 0.2]","[0.9, 0.5, 0.1]","[u'red', u'blue', u'black']","[u'left', u'middle', u'right']","[0.8, 0.4, 0.2]","[u'medium', u'low', u'high']",blue,50,middle,low,False,False,195,300,NA
A1V9G7V6ZYACIR,Mon Dec 04 2017 08:09:27 GMT-0500 (Eastern Standard Time),Mon Dec 04 2017 08:28:31 GMT-0500 (Eastern Standard Time),"Mozilla/5.0 (Windows NT 10.0; Win64; x64) AppleWebKit/537.36 (KHTML, like Gecko) Chrome/62.0.3202.94 Safari/537.36",13,"[0.8, 0.4, 0.2]","[0.9, 0.5, 0.1]","[u'red', u'blue', u'black']","[u'left', u'middle', u'right']","[0.8, 0.4, 0.2]","[u'medium', u'low', u'high']",black,51,right,high,False,False,283,250,NA
A1V9G7V6ZYACIR,Mon Dec 04 2017 08:09:27 GMT-0500 (Eastern Standard Time),Mon Dec 04 2017 08:28:31 GMT-0500 (Eastern Standard Time),"Mozilla/5.0 (Windows NT 10.0; Win64; x64) AppleWebKit/537.36 (KHTML, like Gecko) Chrome/62.0.3202.94 Safari/537.36",14,"[0.8, 0.4, 0.2]","[0.9, 0.5, 0.1]","[u'red', u'blue', u'black']","[u'left', u'middle', u'right']","[0.8, 0.4, 0.2]","[u'medium', u'low', u'high']",red,49,left,medium,True,False,291,350,NA
A1V9G7V6ZYACIR,Mon Dec 04 2017 08:09:27 GMT-0500 (Eastern Standard Time),Mon Dec 04 2017 08:28:31 GMT-0500 (Eastern Standard Time),"Mozilla/5.0 (Windows NT 10.0; Win64; x64) AppleWebKit/537.36 (KHTML, like Gecko) Chrome/62.0.3202.94 Safari/537.36",15,"[0.8, 0.4, 0.2]","[0.9, 0.5, 0.1]","[u'red', u'blue', u'black']","[u'left', u'middle', u'right']","[0.8, 0.4, 0.2]","[u'medium', u'low', u'high']",red,49,left,medium,True,False,340,450,NA
A1V9G7V6ZYACIR,Mon Dec 04 2017 08:09:27 GMT-0500 (Eastern Standard Time),Mon Dec 04 2017 08:28:31 GMT-0500 (Eastern Standard Time),"Mozilla/5.0 (Windows NT 10.0; Win64; x64) AppleWebKit/537.36 (KHTML, like Gecko) Chrome/62.0.3202.94 Safari/537.36",16,"[0.8, 0.4, 0.2]","[0.9, 0.5, 0.1]","[u'red', u'blue', u'black']","[u'left', u'middle', u'right']","[0.8, 0.4, 0.2]","[u'medium', u'low', u'high']",red,49,left,medium,True,False,466,550,NA
A1V9G7V6ZYACIR,Mon Dec 04 2017 08:09:27 GMT-0500 (Eastern Standard Time),Mon Dec 04 2017 08:28:31 GMT-0500 (Eastern Standard Time),"Mozilla/5.0 (Windows NT 10.0; Win64; x64) AppleWebKit/537.36 (KHTML, like Gecko) Chrome/62.0.3202.94 Safari/537.36",17,"[0.8, 0.4, 0.2]","[0.9, 0.5, 0.1]","[u'red', u'blue', u'black']","[u'left', u'middle', u'right']","[0.8, 0.4, 0.2]","[u'medium', u'low', u'high']",red,49,left,medium,False,False,300,500,NA
A1V9G7V6ZYACIR,Mon Dec 04 2017 08:09:27 GMT-0500 (Eastern Standard Time),Mon Dec 04 2017 08:28:31 GMT-0500 (Eastern Standard Time),"Mozilla/5.0 (Windows NT 10.0; Win64; x64) AppleWebKit/537.36 (KHTML, like Gecko) Chrome/62.0.3202.94 Safari/537.36",18,"[0.8, 0.4, 0.2]","[0.9, 0.5, 0.1]","[u'red', u'blue', u'black']","[u'left', u'middle', u'right']","[0.8, 0.4, 0.2]","[u'medium', u'low', u'high']",black,51,right,high,True,False,372,600,NA
A1V9G7V6ZYACIR,Mon Dec 04 2017 08:09:27 GMT-0500 (Eastern Standard Time),Mon Dec 04 2017 08:28:31 GMT-0500 (Eastern Standard Time),"Mozilla/5.0 (Windows NT 10.0; Win64; x64) AppleWebKit/537.36 (KHTML, like Gecko) Chrome/62.0.3202.94 Safari/537.36",19,"[0.8, 0.4, 0.2]","[0.9, 0.5, 0.1]","[u'red', u'blue', u'black']","[u'left', u'middle', u'right']","[0.8, 0.4, 0.2]","[u'medium', u'low', u'high']",black,51,right,high,True,False,250,700,NA
A1V9G7V6ZYACIR,Mon Dec 04 2017 08:09:27 GMT-0500 (Eastern Standard Time),Mon Dec 04 2017 08:28:31 GMT-0500 (Eastern Standard Time),"Mozilla/5.0 (Windows NT 10.0; Win64; x64) AppleWebKit/537.36 (KHTML, like Gecko) Chrome/62.0.3202.94 Safari/537.36",20,"[0.8, 0.4, 0.2]","[0.9, 0.5, 0.1]","[u'red', u'blue', u'black']","[u'left', u'middle', u'right']","[0.8, 0.4, 0.2]","[u'medium', u'low', u'high']",black,51,right,high,True,False,298,800,NA
A1V9G7V6ZYACIR,Mon Dec 04 2017 08:09:27 GMT-0500 (Eastern Standard Time),Mon Dec 04 2017 08:28:31 GMT-0500 (Eastern Standard Time),"Mozilla/5.0 (Windows NT 10.0; Win64; x64) AppleWebKit/537.36 (KHTML, like Gecko) Chrome/62.0.3202.94 Safari/537.36",21,"[0.8, 0.4, 0.2]","[0.9, 0.5, 0.1]","[u'red', u'blue', u'black']","[u'left', u'middle', u'right']","[0.8, 0.4, 0.2]","[u'medium', u'low', u'high']",black,51,right,high,True,False,434,900,NA
A1V9G7V6ZYACIR,Mon Dec 04 2017 08:09:27 GMT-0500 (Eastern Standard Time),Mon Dec 04 2017 08:28:31 GMT-0500 (Eastern Standard Time),"Mozilla/5.0 (Windows NT 10.0; Win64; x64) AppleWebKit/537.36 (KHTML, like Gecko) Chrome/62.0.3202.94 Safari/537.36",22,"[0.8, 0.4, 0.2]","[0.9, 0.5, 0.1]","[u'red', u'blue', u'black']","[u'left', u'middle', u'right']","[0.8, 0.4, 0.2]","[u'medium', u'low', u'high']",black,51,right,high,False,False,226,850,NA
A1V9G7V6ZYACIR,Mon Dec 04 2017 08:09:27 GMT-0500 (Eastern Standard Time),Mon Dec 04 2017 08:28:31 GMT-0500 (Eastern Standard Time),"Mozilla/5.0 (Windows NT 10.0; Win64; x64) AppleWebKit/537.36 (KHTML, like Gecko) Chrome/62.0.3202.94 Safari/537.36",23,"[0.8, 0.4, 0.2]","[0.9, 0.5, 0.1]","[u'red', u'blue', u'black']","[u'left', u'middle', u'right']","[0.8, 0.4, 0.2]","[u'medium', u'low', u'high']",blue,50,middle,low,False,False,228,800,NA
A1V9G7V6ZYACIR,Mon Dec 04 2017 08:09:27 GMT-0500 (Eastern Standard Time),Mon Dec 04 2017 08:28:31 GMT-0500 (Eastern Standard Time),"Mozilla/5.0 (Windows NT 10.0; Win64; x64) AppleWebKit/537.36 (KHTML, like Gecko) Chrome/62.0.3202.94 Safari/537.36",24,"[0.8, 0.4, 0.2]","[0.9, 0.5, 0.1]","[u'red', u'blue', u'black']","[u'left', u'middle', u'right']","[0.8, 0.4, 0.2]","[u'medium', u'low', u'high']",red,49,left,medium,True,False,194,900,NA
A1V9G7V6ZYACIR,Mon Dec 04 2017 08:09:27 GMT-0500 (Eastern Standard Time),Mon Dec 04 2017 08:28:31 GMT-0500 (Eastern Standard Time),"Mozilla/5.0 (Windows NT 10.0; Win64; x64) AppleWebKit/537.36 (KHTML, like Gecko) Chrome/62.0.3202.94 Safari/537.36",25,"[0.8, 0.4, 0.2]","[0.9, 0.5, 0.1]","[u'red', u'blue', u'black']","[u'left', u'middle', u'right']","[0.8, 0.4, 0.2]","[u'medium', u'low', u'high']",red,49,left,medium,False,False,219,850,NA
A1V9G7V6ZYACIR,Mon Dec 04 2017 08:09:27 GMT-0500 (Eastern Standard Time),Mon Dec 04 2017 08:28:31 GMT-0500 (Eastern Standard Time),"Mozilla/5.0 (Windows NT 10.0; Win64; x64) AppleWebKit/537.36 (KHTML, like Gecko) Chrome/62.0.3202.94 Safari/537.36",26,"[0.8, 0.4, 0.2]","[0.9, 0.5, 0.1]","[u'red', u'blue', u'black']","[u'left', u'middle', u'right']","[0.8, 0.4, 0.2]","[u'medium', u'low', u'high']",black,51,right,high,True,False,338,950,NA
A1V9G7V6ZYACIR,Mon Dec 04 2017 08:09:27 GMT-0500 (Eastern Standard Time),Mon Dec 04 2017 08:28:31 GMT-0500 (Eastern Standard Time),"Mozilla/5.0 (Windows NT 10.0; Win64; x64) AppleWebKit/537.36 (KHTML, like Gecko) Chrome/62.0.3202.94 Safari/537.36",27,"[0.8, 0.4, 0.2]","[0.9, 0.5, 0.1]","[u'red', u'blue', u'black']","[u'left', u'middle', u'right']","[0.8, 0.4, 0.2]","[u'medium', u'low', u'high']",black,51,right,high,True,False,259,1050,NA
A1V9G7V6ZYACIR,Mon Dec 04 2017 08:09:27 GMT-0500 (Eastern Standard Time),Mon Dec 04 2017 08:28:31 GMT-0500 (Eastern Standard Time),"Mozilla/5.0 (Windows NT 10.0; Win64; x64) AppleWebKit/537.36 (KHTML, like Gecko) Chrome/62.0.3202.94 Safari/537.36",28,"[0.8, 0.4, 0.2]","[0.9, 0.5, 0.1]","[u'red', u'blue', u'black']","[u'left', u'middle', u'right']","[0.8, 0.4, 0.2]","[u'medium', u'low', u'high']",black,51,right,high,False,False,347,1000,NA
A1V9G7V6ZYACIR,Mon Dec 04 2017 08:09:27 GMT-0500 (Eastern Standard Time),Mon Dec 04 2017 08:28:31 GMT-0500 (Eastern Standard Time),"Mozilla/5.0 (Windows NT 10.0; Win64; x64) AppleWebKit/537.36 (KHTML, like Gecko) Chrome/62.0.3202.94 Safari/537.36",29,"[0.8, 0.4, 0.2]","[0.9, 0.5, 0.1]","[u'red', u'blue', u'black']","[u'left', u'middle', u'right']","[0.8, 0.4, 0.2]","[u'medium', u'low', u'high']",red,49,left,medium,False,False,212,950,NA
A1V9G7V6ZYACIR,Mon Dec 04 2017 08:09:27 GMT-0500 (Eastern Standard Time),Mon Dec 04 2017 08:28:31 GMT-0500 (Eastern Standard Time),"Mozilla/5.0 (Windows NT 10.0; Win64; x64) AppleWebKit/537.36 (KHTML, like Gecko) Chrome/62.0.3202.94 Safari/537.36",30,"[0.8, 0.4, 0.2]","[0.9, 0.5, 0.1]","[u'red', u'blue', u'black']","[u'left', u'middle', u'right']","[0.8, 0.4, 0.2]","[u'medium', u'low', u'high']",blue,50,middle,low,False,False,364,900,NA
A1V9G7V6ZYACIR,Mon Dec 04 2017 08:09:27 GMT-0500 (Eastern Standard Time),Mon Dec 04 2017 08:28:31 GMT-0500 (Eastern Standard Time),"Mozilla/5.0 (Windows NT 10.0; Win64; x64) AppleWebKit/537.36 (KHTML, like Gecko) Chrome/62.0.3202.94 Safari/537.36",31,"[0.8, 0.4, 0.2]","[0.9, 0.5, 0.1]","[u'red', u'blue', u'black']","[u'left', u'middle', u'right']","[0.8, 0.4, 0.2]","[u'medium', u'low', u'high']",black,51,right,high,True,False,227,1000,NA
A1V9G7V6ZYACIR,Mon Dec 04 2017 08:09:27 GMT-0500 (Eastern Standard Time),Mon Dec 04 2017 08:28:31 GMT-0500 (Eastern Standard Time),"Mozilla/5.0 (Windows NT 10.0; Win64; x64) AppleWebKit/537.36 (KHTML, like Gecko) Chrome/62.0.3202.94 Safari/537.36",32,"[0.8, 0.4, 0.2]","[0.9, 0.5, 0.1]","[u'red', u'blue', u'black']","[u'left', u'middle', u'right']","[0.8, 0.4, 0.2]","[u'medium', u'low', u'high']",black,51,right,high,True,False,282,1100,NA
A1V9G7V6ZYACIR,Mon Dec 04 2017 08:09:27 GMT-0500 (Eastern Standard Time),Mon Dec 04 2017 08:28:31 GMT-0500 (Eastern Standard Time),"Mozilla/5.0 (Windows NT 10.0; Win64; x64) AppleWebKit/537.36 (KHTML, like Gecko) Chrome/62.0.3202.94 Safari/537.36",33,"[0.8, 0.4, 0.2]","[0.9, 0.5, 0.1]","[u'red', u'blue', u'black']","[u'left', u'middle', u'right']","[0.8, 0.4, 0.2]","[u'medium', u'low', u'high']",black,51,right,high,True,False,258,1200,NA
A1V9G7V6ZYACIR,Mon Dec 04 2017 08:09:27 GMT-0500 (Eastern Standard Time),Mon Dec 04 2017 08:28:31 GMT-0500 (Eastern Standard Time),"Mozilla/5.0 (Windows NT 10.0; Win64; x64) AppleWebKit/537.36 (KHTML, like Gecko) Chrome/62.0.3202.94 Safari/537.36",34,"[0.8, 0.4, 0.2]","[0.9, 0.5, 0.1]","[u'red', u'blue', u'black']","[u'left', u'middle', u'right']","[0.8, 0.4, 0.2]","[u'medium', u'low', u'high']",black,51,right,high,True,False,331,1300,NA
A1V9G7V6ZYACIR,Mon Dec 04 2017 08:09:27 GMT-0500 (Eastern Standard Time),Mon Dec 04 2017 08:28:31 GMT-0500 (Eastern Standard Time),"Mozilla/5.0 (Windows NT 10.0; Win64; x64) AppleWebKit/537.36 (KHTML, like Gecko) Chrome/62.0.3202.94 Safari/537.36",35,"[0.8, 0.4, 0.2]","[0.9, 0.5, 0.1]","[u'red', u'blue', u'black']","[u'left', u'middle', u'right']","[0.8, 0.4, 0.2]","[u'medium', u'low', u'high']",black,51,right,high,False,False,627,1250,NA
A1V9G7V6ZYACIR,Mon Dec 04 2017 08:09:27 GMT-0500 (Eastern Standard Time),Mon Dec 04 2017 08:28:31 GMT-0500 (Eastern Standard Time),"Mozilla/5.0 (Windows NT 10.0; Win64; x64) AppleWebKit/537.36 (KHTML, like Gecko) Chrome/62.0.3202.94 Safari/537.36",36,"[0.8, 0.4, 0.2]","[0.9, 0.5, 0.1]","[u'red', u'blue', u'black']","[u'left', u'middle', u'right']","[0.8, 0.4, 0.2]","[u'medium', u'low', u'high']",red,49,left,medium,False,False,915,1200,NA
A1V9G7V6ZYACIR,Mon Dec 04 2017 08:09:27 GMT-0500 (Eastern Standard Time),Mon Dec 04 2017 08:28:31 GMT-0500 (Eastern Standard Time),"Mozilla/5.0 (Windows NT 10.0; Win64; x64) AppleWebKit/537.36 (KHTML, like Gecko) Chrome/62.0.3202.94 Safari/537.36",37,"[0.8, 0.4, 0.2]","[0.9, 0.5, 0.1]","[u'red', u'blue', u'black']","[u'left', u'middle', u'right']","[0.8, 0.4, 0.2]","[u'medium', u'low', u'high']",blue,50,middle,low,False,False,66,1150,NA
A1V9G7V6ZYACIR,Mon Dec 04 2017 08:09:27 GMT-0500 (Eastern Standard Time),Mon Dec 04 2017 08:28:31 GMT-0500 (Eastern Standard Time),"Mozilla/5.0 (Windows NT 10.0; Win64; x64) AppleWebKit/537.36 (KHTML, like Gecko) Chrome/62.0.3202.94 Safari/537.36",38,"[0.8, 0.4, 0.2]","[0.9, 0.5, 0.1]","[u'red', u'blue', u'black']","[u'left', u'middle', u'right']","[0.8, 0.4, 0.2]","[u'medium', u'low', u'high']",black,51,right,high,True,False,139,1250,NA
A1V9G7V6ZYACIR,Mon Dec 04 2017 08:09:27 GMT-0500 (Eastern Standard Time),Mon Dec 04 2017 08:28:31 GMT-0500 (Eastern Standard Time),"Mozilla/5.0 (Windows NT 10.0; Win64; x64) AppleWebKit/537.36 (KHTML, like Gecko) Chrome/62.0.3202.94 Safari/537.36",39,"[0.8, 0.4, 0.2]","[0.9, 0.5, 0.1]","[u'red', u'blue', u'black']","[u'left', u'middle', u'right']","[0.8, 0.4, 0.2]","[u'medium', u'low', u'high']",black,51,right,high,False,False,242,1200,NA
A1V9G7V6ZYACIR,Mon Dec 04 2017 08:09:27 GMT-0500 (Eastern Standard Time),Mon Dec 04 2017 08:28:31 GMT-0500 (Eastern Standard Time),"Mozilla/5.0 (Windows NT 10.0; Win64; x64) AppleWebKit/537.36 (KHTML, like Gecko) Chrome/62.0.3202.94 Safari/537.36",40,"[0.8, 0.4, 0.2]","[0.9, 0.5, 0.1]","[u'red', u'blue', u'black']","[u'left', u'middle', u'right']","[0.8, 0.4, 0.2]","[u'medium', u'low', u'high']",blue,50,middle,low,False,False,226,1150,NA
A1V9G7V6ZYACIR,Mon Dec 04 2017 08:09:27 GMT-0500 (Eastern Standard Time),Mon Dec 04 2017 08:28:31 GMT-0500 (Eastern Standard Time),"Mozilla/5.0 (Windows NT 10.0; Win64; x64) AppleWebKit/537.36 (KHTML, like Gecko) Chrome/62.0.3202.94 Safari/537.36",41,"[0.8, 0.4, 0.2]","[0.9, 0.5, 0.1]","[u'red', u'blue', u'black']","[u'left', u'middle', u'right']","[0.8, 0.4, 0.2]","[u'low', u'high', u'medium']",red,49,left,low,False,False,458,1100,NA
A1V9G7V6ZYACIR,Mon Dec 04 2017 08:09:27 GMT-0500 (Eastern Standard Time),Mon Dec 04 2017 08:28:31 GMT-0500 (Eastern Standard Time),"Mozilla/5.0 (Windows NT 10.0; Win64; x64) AppleWebKit/537.36 (KHTML, like Gecko) Chrome/62.0.3202.94 Safari/537.36",42,"[0.8, 0.4, 0.2]","[0.9, 0.5, 0.1]","[u'red', u'blue', u'black']","[u'left', u'middle', u'right']","[0.8, 0.4, 0.2]","[u'low', u'high', u'medium']",black,51,right,medium,False,False,219,1050,NA
A1V9G7V6ZYACIR,Mon Dec 04 2017 08:09:27 GMT-0500 (Eastern Standard Time),Mon Dec 04 2017 08:28:31 GMT-0500 (Eastern Standard Time),"Mozilla/5.0 (Windows NT 10.0; Win64; x64) AppleWebKit/537.36 (KHTML, like Gecko) Chrome/62.0.3202.94 Safari/537.36",43,"[0.8, 0.4, 0.2]","[0.9, 0.5, 0.1]","[u'red', u'blue', u'black']","[u'left', u'middle', u'right']","[0.8, 0.4, 0.2]","[u'low', u'high', u'medium']",blue,50,middle,high,True,False,171,1150,NA
A1V9G7V6ZYACIR,Mon Dec 04 2017 08:09:27 GMT-0500 (Eastern Standard Time),Mon Dec 04 2017 08:28:31 GMT-0500 (Eastern Standard Time),"Mozilla/5.0 (Windows NT 10.0; Win64; x64) AppleWebKit/537.36 (KHTML, like Gecko) Chrome/62.0.3202.94 Safari/537.36",44,"[0.8, 0.4, 0.2]","[0.9, 0.5, 0.1]","[u'red', u'blue', u'black']","[u'left', u'middle', u'right']","[0.8, 0.4, 0.2]","[u'low', u'high', u'medium']",blue,50,middle,high,False,False,202,1100,NA
A1V9G7V6ZYACIR,Mon Dec 04 2017 08:09:27 GMT-0500 (Eastern Standard Time),Mon Dec 04 2017 08:28:31 GMT-0500 (Eastern Standard Time),"Mozilla/5.0 (Windows NT 10.0; Win64; x64) AppleWebKit/537.36 (KHTML, like Gecko) Chrome/62.0.3202.94 Safari/537.36",45,"[0.8, 0.4, 0.2]","[0.9, 0.5, 0.1]","[u'red', u'blue', u'black']","[u'left', u'middle', u'right']","[0.8, 0.4, 0.2]","[u'low', u'high', u'medium']",red,49,left,low,False,False,227,1050,NA
A1V9G7V6ZYACIR,Mon Dec 04 2017 08:09:27 GMT-0500 (Eastern Standard Time),Mon Dec 04 2017 08:28:31 GMT-0500 (Eastern Standard Time),"Mozilla/5.0 (Windows NT 10.0; Win64; x64) AppleWebKit/537.36 (KHTML, like Gecko) Chrome/62.0.3202.94 Safari/537.36",46,"[0.8, 0.4, 0.2]","[0.9, 0.5, 0.1]","[u'red', u'blue', u'black']","[u'left', u'middle', u'right']","[0.8, 0.4, 0.2]","[u'low', u'high', u'medium']",red,49,left,low,False,False,1025,1000,NA
A1V9G7V6ZYACIR,Mon Dec 04 2017 08:09:27 GMT-0500 (Eastern Standard Time),Mon Dec 04 2017 08:28:31 GMT-0500 (Eastern Standard Time),"Mozilla/5.0 (Windows NT 10.0; Win64; x64) AppleWebKit/537.36 (KHTML, like Gecko) Chrome/62.0.3202.94 Safari/537.36",47,"[0.8, 0.4, 0.2]","[0.9, 0.5, 0.1]","[u'red', u'blue', u'black']","[u'left', u'middle', u'right']","[0.8, 0.4, 0.2]","[u'low', u'high', u'medium']",black,51,right,medium,False,False,330,950,NA
A1V9G7V6ZYACIR,Mon Dec 04 2017 08:09:27 GMT-0500 (Eastern Standard Time),Mon Dec 04 2017 08:28:31 GMT-0500 (Eastern Standard Time),"Mozilla/5.0 (Windows NT 10.0; Win64; x64) AppleWebKit/537.36 (KHTML, like Gecko) Chrome/62.0.3202.94 Safari/537.36",48,"[0.8, 0.4, 0.2]","[0.9, 0.5, 0.1]","[u'red', u'blue', u'black']","[u'left', u'middle', u'right']","[0.8, 0.4, 0.2]","[u'low', u'high', u'medium']",blue,50,middle,high,False,False,107,900,NA
A1V9G7V6ZYACIR,Mon Dec 04 2017 08:09:27 GMT-0500 (Eastern Standard Time),Mon Dec 04 2017 08:28:31 GMT-0500 (Eastern Standard Time),"Mozilla/5.0 (Windows NT 10.0; Win64; x64) AppleWebKit/537.36 (KHTML, like Gecko) Chrome/62.0.3202.94 Safari/537.36",49,"[0.8, 0.4, 0.2]","[0.9, 0.5, 0.1]","[u'red', u'blue', u'black']","[u'left', u'middle', u'right']","[0.8, 0.4, 0.2]","[u'low', u'high', u'medium']",red,49,left,low,False,False,219,850,NA
A1V9G7V6ZYACIR,Mon Dec 04 2017 08:09:27 GMT-0500 (Eastern Standard Time),Mon Dec 04 2017 08:28:31 GMT-0500 (Eastern Standard Time),"Mozilla/5.0 (Windows NT 10.0; Win64; x64) AppleWebKit/537.36 (KHTML, like Gecko) Chrome/62.0.3202.94 Safari/537.36",50,"[0.8, 0.4, 0.2]","[0.9, 0.5, 0.1]","[u'red', u'blue', u'black']","[u'left', u'middle', u'right']","[0.8, 0.4, 0.2]","[u'low', u'high', u'medium']",black,51,right,medium,True,False,209,950,NA
A1V9G7V6ZYACIR,Mon Dec 04 2017 08:09:27 GMT-0500 (Eastern Standard Time),Mon Dec 04 2017 08:28:31 GMT-0500 (Eastern Standard Time),"Mozilla/5.0 (Windows NT 10.0; Win64; x64) AppleWebKit/537.36 (KHTML, like Gecko) Chrome/62.0.3202.94 Safari/537.36",51,"[0.8, 0.4, 0.2]","[0.9, 0.5, 0.1]","[u'red', u'blue', u'black']","[u'left', u'middle', u'right']","[0.8, 0.4, 0.2]","[u'low', u'high', u'medium']",black,51,right,medium,False,False,235,900,NA
A1V9G7V6ZYACIR,Mon Dec 04 2017 08:09:27 GMT-0500 (Eastern Standard Time),Mon Dec 04 2017 08:28:31 GMT-0500 (Eastern Standard Time),"Mozilla/5.0 (Windows NT 10.0; Win64; x64) AppleWebKit/537.36 (KHTML, like Gecko) Chrome/62.0.3202.94 Safari/537.36",52,"[0.8, 0.4, 0.2]","[0.9, 0.5, 0.1]","[u'red', u'blue', u'black']","[u'left', u'middle', u'right']","[0.8, 0.4, 0.2]","[u'low', u'high', u'medium']",red,49,left,low,False,False,682,850,NA
A1V9G7V6ZYACIR,Mon Dec 04 2017 08:09:27 GMT-0500 (Eastern Standard Time),Mon Dec 04 2017 08:28:31 GMT-0500 (Eastern Standard Time),"Mozilla/5.0 (Windows NT 10.0; Win64; x64) AppleWebKit/537.36 (KHTML, like Gecko) Chrome/62.0.3202.94 Safari/537.36",53,"[0.8, 0.4, 0.2]","[0.9, 0.5, 0.1]","[u'red', u'blue', u'black']","[u'left', u'middle', u'right']","[0.8, 0.4, 0.2]","[u'low', u'high', u'medium']",blue,50,middle,high,False,False,235,800,NA
A1V9G7V6ZYACIR,Mon Dec 04 2017 08:09:27 GMT-0500 (Eastern Standard Time),Mon Dec 04 2017 08:28:31 GMT-0500 (Eastern Standard Time),"Mozilla/5.0 (Windows NT 10.0; Win64; x64) AppleWebKit/537.36 (KHTML, like Gecko) Chrome/62.0.3202.94 Safari/537.36",54,"[0.8, 0.4, 0.2]","[0.9, 0.5, 0.1]","[u'red', u'blue', u'black']","[u'left', u'middle', u'right']","[0.8, 0.4, 0.2]","[u'low', u'high', u'medium']",black,51,right,medium,True,False,178,900,NA
A1V9G7V6ZYACIR,Mon Dec 04 2017 08:09:27 GMT-0500 (Eastern Standard Time),Mon Dec 04 2017 08:28:31 GMT-0500 (Eastern Standard Time),"Mozilla/5.0 (Windows NT 10.0; Win64; x64) AppleWebKit/537.36 (KHTML, like Gecko) Chrome/62.0.3202.94 Safari/537.36",55,"[0.8, 0.4, 0.2]","[0.9, 0.5, 0.1]","[u'red', u'blue', u'black']","[u'left', u'middle', u'right']","[0.8, 0.4, 0.2]","[u'low', u'high', u'medium']",black,51,right,medium,False,False,212,850,NA
A1V9G7V6ZYACIR,Mon Dec 04 2017 08:09:27 GMT-0500 (Eastern Standard Time),Mon Dec 04 2017 08:28:31 GMT-0500 (Eastern Standard Time),"Mozilla/5.0 (Windows NT 10.0; Win64; x64) AppleWebKit/537.36 (KHTML, like Gecko) Chrome/62.0.3202.94 Safari/537.36",56,"[0.8, 0.4, 0.2]","[0.9, 0.5, 0.1]","[u'red', u'blue', u'black']","[u'left', u'middle', u'right']","[0.8, 0.4, 0.2]","[u'low', u'high', u'medium']",black,51,right,medium,True,False,186,950,NA
A1V9G7V6ZYACIR,Mon Dec 04 2017 08:09:27 GMT-0500 (Eastern Standard Time),Mon Dec 04 2017 08:28:31 GMT-0500 (Eastern Standard Time),"Mozilla/5.0 (Windows NT 10.0; Win64; x64) AppleWebKit/537.36 (KHTML, like Gecko) Chrome/62.0.3202.94 Safari/537.36",57,"[0.8, 0.4, 0.2]","[0.9, 0.5, 0.1]","[u'red', u'blue', u'black']","[u'left', u'middle', u'right']","[0.8, 0.4, 0.2]","[u'low', u'high', u'medium']",black,51,right,medium,True,False,219,1050,NA
A1V9G7V6ZYACIR,Mon Dec 04 2017 08:09:27 GMT-0500 (Eastern Standard Time),Mon Dec 04 2017 08:28:31 GMT-0500 (Eastern Standard Time),"Mozilla/5.0 (Windows NT 10.0; Win64; x64) AppleWebKit/537.36 (KHTML, like Gecko) Chrome/62.0.3202.94 Safari/537.36",58,"[0.8, 0.4, 0.2]","[0.9, 0.5, 0.1]","[u'red', u'blue', u'black']","[u'left', u'middle', u'right']","[0.8, 0.4, 0.2]","[u'low', u'high', u'medium']",black,51,right,medium,False,False,258,1000,NA
A1V9G7V6ZYACIR,Mon Dec 04 2017 08:09:27 GMT-0500 (Eastern Standard Time),Mon Dec 04 2017 08:28:31 GMT-0500 (Eastern Standard Time),"Mozilla/5.0 (Windows NT 10.0; Win64; x64) AppleWebKit/537.36 (KHTML, like Gecko) Chrome/62.0.3202.94 Safari/537.36",59,"[0.8, 0.4, 0.2]","[0.9, 0.5, 0.1]","[u'red', u'blue', u'black']","[u'left', u'middle', u'right']","[0.8, 0.4, 0.2]","[u'low', u'high', u'medium']",black,51,right,medium,False,False,210,950,NA
A1V9G7V6ZYACIR,Mon Dec 04 2017 08:09:27 GMT-0500 (Eastern Standard Time),Mon Dec 04 2017 08:28:31 GMT-0500 (Eastern Standard Time),"Mozilla/5.0 (Windows NT 10.0; Win64; x64) AppleWebKit/537.36 (KHTML, like Gecko) Chrome/62.0.3202.94 Safari/537.36",60,"[0.8, 0.4, 0.2]","[0.9, 0.5, 0.1]","[u'red', u'blue', u'black']","[u'left', u'middle', u'right']","[0.8, 0.4, 0.2]","[u'low', u'high', u'medium']",red,49,left,low,False,False,60,900,NA
A1V9G7V6ZYACIR,Mon Dec 04 2017 08:09:27 GMT-0500 (Eastern Standard Time),Mon Dec 04 2017 08:28:31 GMT-0500 (Eastern Standard Time),"Mozilla/5.0 (Windows NT 10.0; Win64; x64) AppleWebKit/537.36 (KHTML, like Gecko) Chrome/62.0.3202.94 Safari/537.36",61,"[0.8, 0.4, 0.2]","[0.9, 0.5, 0.1]","[u'red', u'blue', u'black']","[u'left', u'middle', u'right']","[0.8, 0.4, 0.2]","[u'low', u'high', u'medium']",blue,50,middle,high,True,False,106,1000,NA
A1V9G7V6ZYACIR,Mon Dec 04 2017 08:09:27 GMT-0500 (Eastern Standard Time),Mon Dec 04 2017 08:28:31 GMT-0500 (Eastern Standard Time),"Mozilla/5.0 (Windows NT 10.0; Win64; x64) AppleWebKit/537.36 (KHTML, like Gecko) Chrome/62.0.3202.94 Safari/537.36",62,"[0.8, 0.4, 0.2]","[0.9, 0.5, 0.1]","[u'red', u'blue', u'black']","[u'left', u'middle', u'right']","[0.8, 0.4, 0.2]","[u'low', u'high', u'medium']",blue,50,middle,high,True,False,298,1100,NA
A1V9G7V6ZYACIR,Mon Dec 04 2017 08:09:27 GMT-0500 (Eastern Standard Time),Mon Dec 04 2017 08:28:31 GMT-0500 (Eastern Standard Time),"Mozilla/5.0 (Windows NT 10.0; Win64; x64) AppleWebKit/537.36 (KHTML, like Gecko) Chrome/62.0.3202.94 Safari/537.36",63,"[0.8, 0.4, 0.2]","[0.9, 0.5, 0.1]","[u'red', u'blue', u'black']","[u'left', u'middle', u'right']","[0.8, 0.4, 0.2]","[u'low', u'high', u'medium']",blue,50,middle,high,True,False,274,1200,NA
A1V9G7V6ZYACIR,Mon Dec 04 2017 08:09:27 GMT-0500 (Eastern Standard Time),Mon Dec 04 2017 08:28:31 GMT-0500 (Eastern Standard Time),"Mozilla/5.0 (Windows NT 10.0; Win64; x64) AppleWebKit/537.36 (KHTML, like Gecko) Chrome/62.0.3202.94 Safari/537.36",64,"[0.8, 0.4, 0.2]","[0.9, 0.5, 0.1]","[u'red', u'blue', u'black']","[u'left', u'middle', u'right']","[0.8, 0.4, 0.2]","[u'low', u'high', u'medium']",blue,50,middle,high,True,False,283,1300,NA
A1V9G7V6ZYACIR,Mon Dec 04 2017 08:09:27 GMT-0500 (Eastern Standard Time),Mon Dec 04 2017 08:28:31 GMT-0500 (Eastern Standard Time),"Mozilla/5.0 (Windows NT 10.0; Win64; x64) AppleWebKit/537.36 (KHTML, like Gecko) Chrome/62.0.3202.94 Safari/537.36",65,"[0.8, 0.4, 0.2]","[0.9, 0.5, 0.1]","[u'red', u'blue', u'black']","[u'left', u'middle', u'right']","[0.8, 0.4, 0.2]","[u'low', u'high', u'medium']",blue,50,middle,high,True,False,210,1400,NA
A1V9G7V6ZYACIR,Mon Dec 04 2017 08:09:27 GMT-0500 (Eastern Standard Time),Mon Dec 04 2017 08:28:31 GMT-0500 (Eastern Standard Time),"Mozilla/5.0 (Windows NT 10.0; Win64; x64) AppleWebKit/537.36 (KHTML, like Gecko) Chrome/62.0.3202.94 Safari/537.36",66,"[0.8, 0.4, 0.2]","[0.9, 0.5, 0.1]","[u'red', u'blue', u'black']","[u'left', u'middle', u'right']","[0.8, 0.4, 0.2]","[u'low', u'high', u'medium']",blue,50,middle,high,False,False,235,1350,NA
A1V9G7V6ZYACIR,Mon Dec 04 2017 08:09:27 GMT-0500 (Eastern Standard Time),Mon Dec 04 2017 08:28:31 GMT-0500 (Eastern Standard Time),"Mozilla/5.0 (Windows NT 10.0; Win64; x64) AppleWebKit/537.36 (KHTML, like Gecko) Chrome/62.0.3202.94 Safari/537.36",67,"[0.8, 0.4, 0.2]","[0.9, 0.5, 0.1]","[u'red', u'blue', u'black']","[u'left', u'middle', u'right']","[0.8, 0.4, 0.2]","[u'low', u'high', u'medium']",blue,50,middle,high,True,False,466,1450,NA
A1V9G7V6ZYACIR,Mon Dec 04 2017 08:09:27 GMT-0500 (Eastern Standard Time),Mon Dec 04 2017 08:28:31 GMT-0500 (Eastern Standard Time),"Mozilla/5.0 (Windows NT 10.0; Win64; x64) AppleWebKit/537.36 (KHTML, like Gecko) Chrome/62.0.3202.94 Safari/537.36",68,"[0.8, 0.4, 0.2]","[0.9, 0.5, 0.1]","[u'red', u'blue', u'black']","[u'left', u'middle', u'right']","[0.8, 0.4, 0.2]","[u'low', u'high', u'medium']",blue,50,middle,high,True,False,210,1550,NA
A1V9G7V6ZYACIR,Mon Dec 04 2017 08:09:27 GMT-0500 (Eastern Standard Time),Mon Dec 04 2017 08:28:31 GMT-0500 (Eastern Standard Time),"Mozilla/5.0 (Windows NT 10.0; Win64; x64) AppleWebKit/537.36 (KHTML, like Gecko) Chrome/62.0.3202.94 Safari/537.36",69,"[0.8, 0.4, 0.2]","[0.9, 0.5, 0.1]","[u'red', u'blue', u'black']","[u'left', u'middle', u'right']","[0.8, 0.4, 0.2]","[u'low', u'high', u'medium']",blue,50,middle,high,True,True,251,1650,NA
A1V9G7V6ZYACIR,Mon Dec 04 2017 08:09:27 GMT-0500 (Eastern Standard Time),Mon Dec 04 2017 08:28:31 GMT-0500 (Eastern Standard Time),"Mozilla/5.0 (Windows NT 10.0; Win64; x64) AppleWebKit/537.36 (KHTML, like Gecko) Chrome/62.0.3202.94 Safari/537.36",70,"[0.8, 0.4, 0.2]","[0.9, 0.5, 0.1]","[u'red', u'blue', u'black']","[u'left', u'middle', u'right']","[0.8, 0.4, 0.2]","[u'medium', u'low', u'high']",blue,50,middle,low,True,False,171,1750,NA
A1V9G7V6ZYACIR,Mon Dec 04 2017 08:09:27 GMT-0500 (Eastern Standard Time),Mon Dec 04 2017 08:28:31 GMT-0500 (Eastern Standard Time),"Mozilla/5.0 (Windows NT 10.0; Win64; x64) AppleWebKit/537.36 (KHTML, like Gecko) Chrome/62.0.3202.94 Safari/537.36",71,"[0.8, 0.4, 0.2]","[0.9, 0.5, 0.1]","[u'red', u'blue', u'black']","[u'left', u'middle', u'right']","[0.8, 0.4, 0.2]","[u'medium', u'low', u'high']",blue,50,middle,low,False,False,203,1700,NA
A1V9G7V6ZYACIR,Mon Dec 04 2017 08:09:27 GMT-0500 (Eastern Standard Time),Mon Dec 04 2017 08:28:31 GMT-0500 (Eastern Standard Time),"Mozilla/5.0 (Windows NT 10.0; Win64; x64) AppleWebKit/537.36 (KHTML, like Gecko) Chrome/62.0.3202.94 Safari/537.36",72,"[0.8, 0.4, 0.2]","[0.9, 0.5, 0.1]","[u'red', u'blue', u'black']","[u'left', u'middle', u'right']","[0.8, 0.4, 0.2]","[u'medium', u'low', u'high']",blue,50,middle,low,False,False,329,1650,NA
A1V9G7V6ZYACIR,Mon Dec 04 2017 08:09:27 GMT-0500 (Eastern Standard Time),Mon Dec 04 2017 08:28:31 GMT-0500 (Eastern Standard Time),"Mozilla/5.0 (Windows NT 10.0; Win64; x64) AppleWebKit/537.36 (KHTML, like Gecko) Chrome/62.0.3202.94 Safari/537.36",73,"[0.8, 0.4, 0.2]","[0.9, 0.5, 0.1]","[u'red', u'blue', u'black']","[u'left', u'middle', u'right']","[0.8, 0.4, 0.2]","[u'medium', u'low', u'high']",black,51,right,high,True,False,203,1750,NA
A1V9G7V6ZYACIR,Mon Dec 04 2017 08:09:27 GMT-0500 (Eastern Standard Time),Mon Dec 04 2017 08:28:31 GMT-0500 (Eastern Standard Time),"Mozilla/5.0 (Windows NT 10.0; Win64; x64) AppleWebKit/537.36 (KHTML, like Gecko) Chrome/62.0.3202.94 Safari/537.36",74,"[0.8, 0.4, 0.2]","[0.9, 0.5, 0.1]","[u'red', u'blue', u'black']","[u'left', u'middle', u'right']","[0.8, 0.4, 0.2]","[u'medium', u'low', u'high']",black,51,right,high,True,False,226,1850,NA
A1V9G7V6ZYACIR,Mon Dec 04 2017 08:09:27 GMT-0500 (Eastern Standard Time),Mon Dec 04 2017 08:28:31 GMT-0500 (Eastern Standard Time),"Mozilla/5.0 (Windows NT 10.0; Win64; x64) AppleWebKit/537.36 (KHTML, like Gecko) Chrome/62.0.3202.94 Safari/537.36",75,"[0.8, 0.4, 0.2]","[0.9, 0.5, 0.1]","[u'red', u'blue', u'black']","[u'left', u'middle', u'right']","[0.8, 0.4, 0.2]","[u'medium', u'low', u'high']",black,51,right,high,True,False,252,1950,NA
A1V9G7V6ZYACIR,Mon Dec 04 2017 08:09:27 GMT-0500 (Eastern Standard Time),Mon Dec 04 2017 08:28:31 GMT-0500 (Eastern Standard Time),"Mozilla/5.0 (Windows NT 10.0; Win64; x64) AppleWebKit/537.36 (KHTML, like Gecko) Chrome/62.0.3202.94 Safari/537.36",76,"[0.8, 0.4, 0.2]","[0.9, 0.5, 0.1]","[u'red', u'blue', u'black']","[u'left', u'middle', u'right']","[0.8, 0.4, 0.2]","[u'medium', u'low', u'high']",black,51,right,high,True,False,266,2050,NA
A1V9G7V6ZYACIR,Mon Dec 04 2017 08:09:27 GMT-0500 (Eastern Standard Time),Mon Dec 04 2017 08:28:31 GMT-0500 (Eastern Standard Time),"Mozilla/5.0 (Windows NT 10.0; Win64; x64) AppleWebKit/537.36 (KHTML, like Gecko) Chrome/62.0.3202.94 Safari/537.36",77,"[0.8, 0.4, 0.2]","[0.9, 0.5, 0.1]","[u'red', u'blue', u'black']","[u'left', u'middle', u'right']","[0.8, 0.4, 0.2]","[u'medium', u'low', u'high']",black,51,right,high,False,False,251,2000,NA
A1V9G7V6ZYACIR,Mon Dec 04 2017 08:09:27 GMT-0500 (Eastern Standard Time),Mon Dec 04 2017 08:28:31 GMT-0500 (Eastern Standard Time),"Mozilla/5.0 (Windows NT 10.0; Win64; x64) AppleWebKit/537.36 (KHTML, like Gecko) Chrome/62.0.3202.94 Safari/537.36",78,"[0.8, 0.4, 0.2]","[0.9, 0.5, 0.1]","[u'red', u'blue', u'black']","[u'left', u'middle', u'right']","[0.8, 0.4, 0.2]","[u'medium', u'low', u'high']",black,51,right,high,True,False,234,2100,NA
A1V9G7V6ZYACIR,Mon Dec 04 2017 08:09:27 GMT-0500 (Eastern Standard Time),Mon Dec 04 2017 08:28:31 GMT-0500 (Eastern Standard Time),"Mozilla/5.0 (Windows NT 10.0; Win64; x64) AppleWebKit/537.36 (KHTML, like Gecko) Chrome/62.0.3202.94 Safari/537.36",79,"[0.8, 0.4, 0.2]","[0.9, 0.5, 0.1]","[u'red', u'blue', u'black']","[u'left', u'middle', u'right']","[0.8, 0.4, 0.2]","[u'medium', u'low', u'high']",black,51,right,high,False,False,332,2050,NA
A1V9G7V6ZYACIR,Mon Dec 04 2017 08:09:27 GMT-0500 (Eastern Standard Time),Mon Dec 04 2017 08:28:31 GMT-0500 (Eastern Standard Time),"Mozilla/5.0 (Windows NT 10.0; Win64; x64) AppleWebKit/537.36 (KHTML, like Gecko) Chrome/62.0.3202.94 Safari/537.36",80,"[0.8, 0.4, 0.2]","[0.9, 0.5, 0.1]","[u'red', u'blue', u'black']","[u'left', u'middle', u'right']","[0.8, 0.4, 0.2]","[u'medium', u'low', u'high']",black,51,right,high,True,False,337,2150,NA
A1V9G7V6ZYACIR,Mon Dec 04 2017 08:09:27 GMT-0500 (Eastern Standard Time),Mon Dec 04 2017 08:28:31 GMT-0500 (Eastern Standard Time),"Mozilla/5.0 (Windows NT 10.0; Win64; x64) AppleWebKit/537.36 (KHTML, like Gecko) Chrome/62.0.3202.94 Safari/537.36",81,"[0.8, 0.4, 0.2]","[0.9, 0.5, 0.1]","[u'red', u'blue', u'black']","[u'left', u'middle', u'right']","[0.9, 0.5, 0.1]","[u'high', u'medium', u'low']",black,51,right,low,False,False,314,2100,NA
A1V9G7V6ZYACIR,Mon Dec 04 2017 08:09:27 GMT-0500 (Eastern Standard Time),Mon Dec 04 2017 08:28:31 GMT-0500 (Eastern Standard Time),"Mozilla/5.0 (Windows NT 10.0; Win64; x64) AppleWebKit/537.36 (KHTML, like Gecko) Chrome/62.0.3202.94 Safari/537.36",82,"[0.8, 0.4, 0.2]","[0.9, 0.5, 0.1]","[u'red', u'blue', u'black']","[u'left', u'middle', u'right']","[0.9, 0.5, 0.1]","[u'high', u'medium', u'low']",red,49,left,high,False,False,283,2050,NA
A1V9G7V6ZYACIR,Mon Dec 04 2017 08:09:27 GMT-0500 (Eastern Standard Time),Mon Dec 04 2017 08:28:31 GMT-0500 (Eastern Standard Time),"Mozilla/5.0 (Windows NT 10.0; Win64; x64) AppleWebKit/537.36 (KHTML, like Gecko) Chrome/62.0.3202.94 Safari/537.36",83,"[0.8, 0.4, 0.2]","[0.9, 0.5, 0.1]","[u'red', u'blue', u'black']","[u'left', u'middle', u'right']","[0.9, 0.5, 0.1]","[u'high', u'medium', u'low']",blue,50,middle,medium,True,False,130,2150,NA
A1V9G7V6ZYACIR,Mon Dec 04 2017 08:09:27 GMT-0500 (Eastern Standard Time),Mon Dec 04 2017 08:28:31 GMT-0500 (Eastern Standard Time),"Mozilla/5.0 (Windows NT 10.0; Win64; x64) AppleWebKit/537.36 (KHTML, like Gecko) Chrome/62.0.3202.94 Safari/537.36",84,"[0.8, 0.4, 0.2]","[0.9, 0.5, 0.1]","[u'red', u'blue', u'black']","[u'left', u'middle', u'right']","[0.9, 0.5, 0.1]","[u'high', u'medium', u'low']",blue,50,middle,medium,False,False,227,2100,NA
A1V9G7V6ZYACIR,Mon Dec 04 2017 08:09:27 GMT-0500 (Eastern Standard Time),Mon Dec 04 2017 08:28:31 GMT-0500 (Eastern Standard Time),"Mozilla/5.0 (Windows NT 10.0; Win64; x64) AppleWebKit/537.36 (KHTML, like Gecko) Chrome/62.0.3202.94 Safari/537.36",85,"[0.8, 0.4, 0.2]","[0.9, 0.5, 0.1]","[u'red', u'blue', u'black']","[u'left', u'middle', u'right']","[0.9, 0.5, 0.1]","[u'high', u'medium', u'low']",blue,50,middle,medium,False,False,225,2050,NA
A1V9G7V6ZYACIR,Mon Dec 04 2017 08:09:27 GMT-0500 (Eastern Standard Time),Mon Dec 04 2017 08:28:31 GMT-0500 (Eastern Standard Time),"Mozilla/5.0 (Windows NT 10.0; Win64; x64) AppleWebKit/537.36 (KHTML, like Gecko) Chrome/62.0.3202.94 Safari/537.36",86,"[0.8, 0.4, 0.2]","[0.9, 0.5, 0.1]","[u'red', u'blue', u'black']","[u'left', u'middle', u'right']","[0.9, 0.5, 0.1]","[u'high', u'medium', u'low']",black,51,right,low,False,False,163,2000,NA
A1V9G7V6ZYACIR,Mon Dec 04 2017 08:09:27 GMT-0500 (Eastern Standard Time),Mon Dec 04 2017 08:28:31 GMT-0500 (Eastern Standard Time),"Mozilla/5.0 (Windows NT 10.0; Win64; x64) AppleWebKit/537.36 (KHTML, like Gecko) Chrome/62.0.3202.94 Safari/537.36",87,"[0.8, 0.4, 0.2]","[0.9, 0.5, 0.1]","[u'red', u'blue', u'black']","[u'left', u'middle', u'right']","[0.9, 0.5, 0.1]","[u'high', u'medium', u'low']",red,49,left,high,True,False,225,2100,NA
A1V9G7V6ZYACIR,Mon Dec 04 2017 08:09:27 GMT-0500 (Eastern Standard Time),Mon Dec 04 2017 08:28:31 GMT-0500 (Eastern Standard Time),"Mozilla/5.0 (Windows NT 10.0; Win64; x64) AppleWebKit/537.36 (KHTML, like Gecko) Chrome/62.0.3202.94 Safari/537.36",88,"[0.8, 0.4, 0.2]","[0.9, 0.5, 0.1]","[u'red', u'blue', u'black']","[u'left', u'middle', u'right']","[0.9, 0.5, 0.1]","[u'high', u'medium', u'low']",red,49,left,high,True,False,204,2200,NA
A1V9G7V6ZYACIR,Mon Dec 04 2017 08:09:27 GMT-0500 (Eastern Standard Time),Mon Dec 04 2017 08:28:31 GMT-0500 (Eastern Standard Time),"Mozilla/5.0 (Windows NT 10.0; Win64; x64) AppleWebKit/537.36 (KHTML, like Gecko) Chrome/62.0.3202.94 Safari/537.36",89,"[0.8, 0.4, 0.2]","[0.9, 0.5, 0.1]","[u'red', u'blue', u'black']","[u'left', u'middle', u'right']","[0.9, 0.5, 0.1]","[u'high', u'medium', u'low']",red,49,left,high,True,False,219,2300,NA
A1V9G7V6ZYACIR,Mon Dec 04 2017 08:09:27 GMT-0500 (Eastern Standard Time),Mon Dec 04 2017 08:28:31 GMT-0500 (Eastern Standard Time),"Mozilla/5.0 (Windows NT 10.0; Win64; x64) AppleWebKit/537.36 (KHTML, like Gecko) Chrome/62.0.3202.94 Safari/537.36",90,"[0.8, 0.4, 0.2]","[0.9, 0.5, 0.1]","[u'red', u'blue', u'black']","[u'left', u'middle', u'right']","[0.9, 0.5, 0.1]","[u'high', u'medium', u'low']",red,49,left,high,True,False,251,2400,NA
A1V9G7V6ZYACIR,Mon Dec 04 2017 08:09:27 GMT-0500 (Eastern Standard Time),Mon Dec 04 2017 08:28:31 GMT-0500 (Eastern Standard Time),"Mozilla/5.0 (Windows NT 10.0; Win64; x64) AppleWebKit/537.36 (KHTML, like Gecko) Chrome/62.0.3202.94 Safari/537.36",91,"[0.8, 0.4, 0.2]","[0.9, 0.5, 0.1]","[u'red', u'blue', u'black']","[u'left', u'middle', u'right']","[0.9, 0.5, 0.1]","[u'high', u'medium', u'low']",red,49,left,high,True,False,298,2500,NA
A1V9G7V6ZYACIR,Mon Dec 04 2017 08:09:27 GMT-0500 (Eastern Standard Time),Mon Dec 04 2017 08:28:31 GMT-0500 (Eastern Standard Time),"Mozilla/5.0 (Windows NT 10.0; Win64; x64) AppleWebKit/537.36 (KHTML, like Gecko) Chrome/62.0.3202.94 Safari/537.36",92,"[0.8, 0.4, 0.2]","[0.9, 0.5, 0.1]","[u'red', u'blue', u'black']","[u'left', u'middle', u'right']","[0.9, 0.5, 0.1]","[u'high', u'medium', u'low']",red,49,left,high,True,False,289,2600,NA
A1V9G7V6ZYACIR,Mon Dec 04 2017 08:09:27 GMT-0500 (Eastern Standard Time),Mon Dec 04 2017 08:28:31 GMT-0500 (Eastern Standard Time),"Mozilla/5.0 (Windows NT 10.0; Win64; x64) AppleWebKit/537.36 (KHTML, like Gecko) Chrome/62.0.3202.94 Safari/537.36",93,"[0.8, 0.4, 0.2]","[0.9, 0.5, 0.1]","[u'red', u'blue', u'black']","[u'left', u'middle', u'right']","[0.9, 0.5, 0.1]","[u'high', u'medium', u'low']",red,49,left,high,False,False,291,2550,NA
A1V9G7V6ZYACIR,Mon Dec 04 2017 08:09:27 GMT-0500 (Eastern Standard Time),Mon Dec 04 2017 08:28:31 GMT-0500 (Eastern Standard Time),"Mozilla/5.0 (Windows NT 10.0; Win64; x64) AppleWebKit/537.36 (KHTML, like Gecko) Chrome/62.0.3202.94 Safari/537.36",94,"[0.8, 0.4, 0.2]","[0.9, 0.5, 0.1]","[u'red', u'blue', u'black']","[u'left', u'middle', u'right']","[0.9, 0.5, 0.1]","[u'high', u'medium', u'low']",red,49,left,high,True,False,211,2650,NA
A1V9G7V6ZYACIR,Mon Dec 04 2017 08:09:27 GMT-0500 (Eastern Standard Time),Mon Dec 04 2017 08:28:31 GMT-0500 (Eastern Standard Time),"Mozilla/5.0 (Windows NT 10.0; Win64; x64) AppleWebKit/537.36 (KHTML, like Gecko) Chrome/62.0.3202.94 Safari/537.36",95,"[0.8, 0.4, 0.2]","[0.9, 0.5, 0.1]","[u'red', u'blue', u'black']","[u'left', u'middle', u'right']","[0.9, 0.5, 0.1]","[u'high', u'medium', u'low']",red,49,left,high,True,True,210,2750,NA
A1V9G7V6ZYACIR,Mon Dec 04 2017 08:09:27 GMT-0500 (Eastern Standard Time),Mon Dec 04 2017 08:28:31 GMT-0500 (Eastern Standard Time),"Mozilla/5.0 (Windows NT 10.0; Win64; x64) AppleWebKit/537.36 (KHTML, like Gecko) Chrome/62.0.3202.94 Safari/537.36",96,"[0.8, 0.4, 0.2]","[0.9, 0.5, 0.1]","[u'red', u'blue', u'black']","[u'left', u'middle', u'right']","[0.9, 0.5, 0.1]","[u'low', u'medium', u'high']",red,49,left,low,False,False,252,2700,NA
A1V9G7V6ZYACIR,Mon Dec 04 2017 08:09:27 GMT-0500 (Eastern Standard Time),Mon Dec 04 2017 08:28:31 GMT-0500 (Eastern Standard Time),"Mozilla/5.0 (Windows NT 10.0; Win64; x64) AppleWebKit/537.36 (KHTML, like Gecko) Chrome/62.0.3202.94 Safari/537.36",97,"[0.8, 0.4, 0.2]","[0.9, 0.5, 0.1]","[u'red', u'blue', u'black']","[u'left', u'middle', u'right']","[0.9, 0.5, 0.1]","[u'low', u'medium', u'high']",red,49,left,low,False,False,426,2650,NA
A1V9G7V6ZYACIR,Mon Dec 04 2017 08:09:27 GMT-0500 (Eastern Standard Time),Mon Dec 04 2017 08:28:31 GMT-0500 (Eastern Standard Time),"Mozilla/5.0 (Windows NT 10.0; Win64; x64) AppleWebKit/537.36 (KHTML, like Gecko) Chrome/62.0.3202.94 Safari/537.36",98,"[0.8, 0.4, 0.2]","[0.9, 0.5, 0.1]","[u'red', u'blue', u'black']","[u'left', u'middle', u'right']","[0.9, 0.5, 0.1]","[u'low', u'medium', u'high']",black,51,right,high,True,False,162,2750,NA
A1V9G7V6ZYACIR,Mon Dec 04 2017 08:09:27 GMT-0500 (Eastern Standard Time),Mon Dec 04 2017 08:28:31 GMT-0500 (Eastern Standard Time),"Mozilla/5.0 (Windows NT 10.0; Win64; x64) AppleWebKit/537.36 (KHTML, like Gecko) Chrome/62.0.3202.94 Safari/537.36",99,"[0.8, 0.4, 0.2]","[0.9, 0.5, 0.1]","[u'red', u'blue', u'black']","[u'left', u'middle', u'right']","[0.9, 0.5, 0.1]","[u'low', u'medium', u'high']",black,51,right,high,True,False,234,2850,NA
A1V9G7V6ZYACIR,Mon Dec 04 2017 08:09:27 GMT-0500 (Eastern Standard Time),Mon Dec 04 2017 08:28:31 GMT-0500 (Eastern Standard Time),"Mozilla/5.0 (Windows NT 10.0; Win64; x64) AppleWebKit/537.36 (KHTML, like Gecko) Chrome/62.0.3202.94 Safari/537.36",100,"[0.8, 0.4, 0.2]","[0.9, 0.5, 0.1]","[u'red', u'blue', u'black']","[u'left', u'middle', u'right']","[0.9, 0.5, 0.1]","[u'low', u'medium', u'high']",black,51,right,high,True,False,243,2950,NA
A1V9G7V6ZYACIR,Mon Dec 04 2017 08:09:27 GMT-0500 (Eastern Standard Time),Mon Dec 04 2017 08:28:31 GMT-0500 (Eastern Standard Time),"Mozilla/5.0 (Windows NT 10.0; Win64; x64) AppleWebKit/537.36 (KHTML, like Gecko) Chrome/62.0.3202.94 Safari/537.36",101,"[0.8, 0.4, 0.2]","[0.9, 0.5, 0.1]","[u'red', u'blue', u'black']","[u'left', u'middle', u'right']","[0.9, 0.5, 0.1]","[u'low', u'medium', u'high']",black,51,right,high,False,False,259,2900,NA
A1V9G7V6ZYACIR,Mon Dec 04 2017 08:09:27 GMT-0500 (Eastern Standard Time),Mon Dec 04 2017 08:28:31 GMT-0500 (Eastern Standard Time),"Mozilla/5.0 (Windows NT 10.0; Win64; x64) AppleWebKit/537.36 (KHTML, like Gecko) Chrome/62.0.3202.94 Safari/537.36",102,"[0.8, 0.4, 0.2]","[0.9, 0.5, 0.1]","[u'red', u'blue', u'black']","[u'left', u'middle', u'right']","[0.9, 0.5, 0.1]","[u'low', u'medium', u'high']",black,51,right,high,True,False,308,3000,NA
A1V9G7V6ZYACIR,Mon Dec 04 2017 08:09:27 GMT-0500 (Eastern Standard Time),Mon Dec 04 2017 08:28:31 GMT-0500 (Eastern Standard Time),"Mozilla/5.0 (Windows NT 10.0; Win64; x64) AppleWebKit/537.36 (KHTML, like Gecko) Chrome/62.0.3202.94 Safari/537.36",103,"[0.8, 0.4, 0.2]","[0.9, 0.5, 0.1]","[u'red', u'blue', u'black']","[u'left', u'middle', u'right']","[0.9, 0.5, 0.1]","[u'low', u'medium', u'high']",black,51,right,high,True,False,202,3100,NA
A1V9G7V6ZYACIR,Mon Dec 04 2017 08:09:27 GMT-0500 (Eastern Standard Time),Mon Dec 04 2017 08:28:31 GMT-0500 (Eastern Standard Time),"Mozilla/5.0 (Windows NT 10.0; Win64; x64) AppleWebKit/537.36 (KHTML, like Gecko) Chrome/62.0.3202.94 Safari/537.36",104,"[0.8, 0.4, 0.2]","[0.9, 0.5, 0.1]","[u'red', u'blue', u'black']","[u'left', u'middle', u'right']","[0.9, 0.5, 0.1]","[u'low', u'medium', u'high']",black,51,right,high,True,False,251,3200,NA
A1V9G7V6ZYACIR,Mon Dec 04 2017 08:09:27 GMT-0500 (Eastern Standard Time),Mon Dec 04 2017 08:28:31 GMT-0500 (Eastern Standard Time),"Mozilla/5.0 (Windows NT 10.0; Win64; x64) AppleWebKit/537.36 (KHTML, like Gecko) Chrome/62.0.3202.94 Safari/537.36",105,"[0.8, 0.4, 0.2]","[0.9, 0.5, 0.1]","[u'red', u'blue', u'black']","[u'left', u'middle', u'right']","[0.9, 0.5, 0.1]","[u'low', u'medium', u'high']",black,51,right,high,True,False,226,3300,NA
A1V9G7V6ZYACIR,Mon Dec 04 2017 08:09:27 GMT-0500 (Eastern Standard Time),Mon Dec 04 2017 08:28:31 GMT-0500 (Eastern Standard Time),"Mozilla/5.0 (Windows NT 10.0; Win64; x64) AppleWebKit/537.36 (KHTML, like Gecko) Chrome/62.0.3202.94 Safari/537.36",106,"[0.8, 0.4, 0.2]","[0.9, 0.5, 0.1]","[u'red', u'blue', u'black']","[u'left', u'middle', u'right']","[0.9, 0.5, 0.1]","[u'low', u'medium', u'high']",black,51,right,high,True,True,410,3400,NA
A1V9G7V6ZYACIR,Mon Dec 04 2017 08:09:27 GMT-0500 (Eastern Standard Time),Mon Dec 04 2017 08:28:31 GMT-0500 (Eastern Standard Time),"Mozilla/5.0 (Windows NT 10.0; Win64; x64) AppleWebKit/537.36 (KHTML, like Gecko) Chrome/62.0.3202.94 Safari/537.36",107,"[0.8, 0.4, 0.2]","[0.9, 0.5, 0.1]","[u'red', u'blue', u'black']","[u'left', u'middle', u'right']","[0.9, 0.5, 0.1]","[u'low', u'high', u'medium']",black,51,right,medium,False,False,539,3350,NA
A1V9G7V6ZYACIR,Mon Dec 04 2017 08:09:27 GMT-0500 (Eastern Standard Time),Mon Dec 04 2017 08:28:31 GMT-0500 (Eastern Standard Time),"Mozilla/5.0 (Windows NT 10.0; Win64; x64) AppleWebKit/537.36 (KHTML, like Gecko) Chrome/62.0.3202.94 Safari/537.36",108,"[0.8, 0.4, 0.2]","[0.9, 0.5, 0.1]","[u'red', u'blue', u'black']","[u'left', u'middle', u'right']","[0.9, 0.5, 0.1]","[u'low', u'high', u'medium']",black,51,right,medium,True,False,260,3450,NA
A1V9G7V6ZYACIR,Mon Dec 04 2017 08:09:27 GMT-0500 (Eastern Standard Time),Mon Dec 04 2017 08:28:31 GMT-0500 (Eastern Standard Time),"Mozilla/5.0 (Windows NT 10.0; Win64; x64) AppleWebKit/537.36 (KHTML, like Gecko) Chrome/62.0.3202.94 Safari/537.36",109,"[0.8, 0.4, 0.2]","[0.9, 0.5, 0.1]","[u'red', u'blue', u'black']","[u'left', u'middle', u'right']","[0.9, 0.5, 0.1]","[u'low', u'high', u'medium']",black,51,right,medium,False,False,337,3400,NA
A1V9G7V6ZYACIR,Mon Dec 04 2017 08:09:27 GMT-0500 (Eastern Standard Time),Mon Dec 04 2017 08:28:31 GMT-0500 (Eastern Standard Time),"Mozilla/5.0 (Windows NT 10.0; Win64; x64) AppleWebKit/537.36 (KHTML, like Gecko) Chrome/62.0.3202.94 Safari/537.36",110,"[0.8, 0.4, 0.2]","[0.9, 0.5, 0.1]","[u'red', u'blue', u'black']","[u'left', u'middle', u'right']","[0.9, 0.5, 0.1]","[u'low', u'high', u'medium']",black,51,right,medium,False,False,221,3350,NA
A1V9G7V6ZYACIR,Mon Dec 04 2017 08:09:27 GMT-0500 (Eastern Standard Time),Mon Dec 04 2017 08:28:31 GMT-0500 (Eastern Standard Time),"Mozilla/5.0 (Windows NT 10.0; Win64; x64) AppleWebKit/537.36 (KHTML, like Gecko) Chrome/62.0.3202.94 Safari/537.36",111,"[0.8, 0.4, 0.2]","[0.9, 0.5, 0.1]","[u'red', u'blue', u'black']","[u'left', u'middle', u'right']","[0.9, 0.5, 0.1]","[u'low', u'high', u'medium']",blue,50,middle,high,True,False,249,3450,NA
A1V9G7V6ZYACIR,Mon Dec 04 2017 08:09:27 GMT-0500 (Eastern Standard Time),Mon Dec 04 2017 08:28:31 GMT-0500 (Eastern Standard Time),"Mozilla/5.0 (Windows NT 10.0; Win64; x64) AppleWebKit/537.36 (KHTML, like Gecko) Chrome/62.0.3202.94 Safari/537.36",112,"[0.8, 0.4, 0.2]","[0.9, 0.5, 0.1]","[u'red', u'blue', u'black']","[u'left', u'middle', u'right']","[0.9, 0.5, 0.1]","[u'low', u'high', u'medium']",blue,50,middle,high,False,False,259,3400,NA
A1V9G7V6ZYACIR,Mon Dec 04 2017 08:09:27 GMT-0500 (Eastern Standard Time),Mon Dec 04 2017 08:28:31 GMT-0500 (Eastern Standard Time),"Mozilla/5.0 (Windows NT 10.0; Win64; x64) AppleWebKit/537.36 (KHTML, like Gecko) Chrome/62.0.3202.94 Safari/537.36",113,"[0.8, 0.4, 0.2]","[0.9, 0.5, 0.1]","[u'red', u'blue', u'black']","[u'left', u'middle', u'right']","[0.9, 0.5, 0.1]","[u'low', u'high', u'medium']",blue,50,middle,high,True,False,116,3500,NA
A1V9G7V6ZYACIR,Mon Dec 04 2017 08:09:27 GMT-0500 (Eastern Standard Time),Mon Dec 04 2017 08:28:31 GMT-0500 (Eastern Standard Time),"Mozilla/5.0 (Windows NT 10.0; Win64; x64) AppleWebKit/537.36 (KHTML, like Gecko) Chrome/62.0.3202.94 Safari/537.36",114,"[0.8, 0.4, 0.2]","[0.9, 0.5, 0.1]","[u'red', u'blue', u'black']","[u'left', u'middle', u'right']","[0.9, 0.5, 0.1]","[u'low', u'high', u'medium']",blue,50,middle,high,True,False,202,3600,NA
A1V9G7V6ZYACIR,Mon Dec 04 2017 08:09:27 GMT-0500 (Eastern Standard Time),Mon Dec 04 2017 08:28:31 GMT-0500 (Eastern Standard Time),"Mozilla/5.0 (Windows NT 10.0; Win64; x64) AppleWebKit/537.36 (KHTML, like Gecko) Chrome/62.0.3202.94 Safari/537.36",115,"[0.8, 0.4, 0.2]","[0.9, 0.5, 0.1]","[u'red', u'blue', u'black']","[u'left', u'middle', u'right']","[0.9, 0.5, 0.1]","[u'low', u'high', u'medium']",blue,50,middle,high,True,False,218,3700,NA
A1V9G7V6ZYACIR,Mon Dec 04 2017 08:09:27 GMT-0500 (Eastern Standard Time),Mon Dec 04 2017 08:28:31 GMT-0500 (Eastern Standard Time),"Mozilla/5.0 (Windows NT 10.0; Win64; x64) AppleWebKit/537.36 (KHTML, like Gecko) Chrome/62.0.3202.94 Safari/537.36",116,"[0.8, 0.4, 0.2]","[0.9, 0.5, 0.1]","[u'red', u'blue', u'black']","[u'left', u'middle', u'right']","[0.9, 0.5, 0.1]","[u'low', u'high', u'medium']",blue,50,middle,high,True,False,52,3800,NA
A1V9G7V6ZYACIR,Mon Dec 04 2017 08:09:27 GMT-0500 (Eastern Standard Time),Mon Dec 04 2017 08:28:31 GMT-0500 (Eastern Standard Time),"Mozilla/5.0 (Windows NT 10.0; Win64; x64) AppleWebKit/537.36 (KHTML, like Gecko) Chrome/62.0.3202.94 Safari/537.36",117,"[0.8, 0.4, 0.2]","[0.9, 0.5, 0.1]","[u'red', u'blue', u'black']","[u'left', u'middle', u'right']","[0.9, 0.5, 0.1]","[u'low', u'high', u'medium']",blue,50,middle,high,True,False,258,3900,NA
A1V9G7V6ZYACIR,Mon Dec 04 2017 08:09:27 GMT-0500 (Eastern Standard Time),Mon Dec 04 2017 08:28:31 GMT-0500 (Eastern Standard Time),"Mozilla/5.0 (Windows NT 10.0; Win64; x64) AppleWebKit/537.36 (KHTML, like Gecko) Chrome/62.0.3202.94 Safari/537.36",118,"[0.8, 0.4, 0.2]","[0.9, 0.5, 0.1]","[u'red', u'blue', u'black']","[u'left', u'middle', u'right']","[0.9, 0.5, 0.1]","[u'low', u'high', u'medium']",blue,50,middle,high,True,False,154,4000,NA
A1V9G7V6ZYACIR,Mon Dec 04 2017 08:09:27 GMT-0500 (Eastern Standard Time),Mon Dec 04 2017 08:28:31 GMT-0500 (Eastern Standard Time),"Mozilla/5.0 (Windows NT 10.0; Win64; x64) AppleWebKit/537.36 (KHTML, like Gecko) Chrome/62.0.3202.94 Safari/537.36",119,"[0.8, 0.4, 0.2]","[0.9, 0.5, 0.1]","[u'red', u'blue', u'black']","[u'left', u'middle', u'right']","[0.9, 0.5, 0.1]","[u'low', u'high', u'medium']",blue,50,middle,high,True,True,289,4100,NA
A1V9G7V6ZYACIR,Mon Dec 04 2017 08:09:27 GMT-0500 (Eastern Standard Time),Mon Dec 04 2017 08:28:31 GMT-0500 (Eastern Standard Time),"Mozilla/5.0 (Windows NT 10.0; Win64; x64) AppleWebKit/537.36 (KHTML, like Gecko) Chrome/62.0.3202.94 Safari/537.36",120,"[0.8, 0.4, 0.2]","[0.9, 0.5, 0.1]","[u'red', u'blue', u'black']","[u'left', u'middle', u'right']","[0.9, 0.5, 0.1]","[u'low', u'medium', u'high']",blue,50,middle,medium,False,False,237,4050,NA
A1V9G7V6ZYACIR,Mon Dec 04 2017 08:09:27 GMT-0500 (Eastern Standard Time),Mon Dec 04 2017 08:28:31 GMT-0500 (Eastern Standard Time),"Mozilla/5.0 (Windows NT 10.0; Win64; x64) AppleWebKit/537.36 (KHTML, like Gecko) Chrome/62.0.3202.94 Safari/537.36",121,"[0.8, 0.4, 0.2]","[0.9, 0.5, 0.1]","[u'red', u'blue', u'black']","[u'left', u'middle', u'right']","[0.9, 0.5, 0.1]","[u'low', u'high', u'medium']",blue,50,middle,high,True,False,2072,4150,NA
A1V9G7V6ZYACIR,Mon Dec 04 2017 08:09:27 GMT-0500 (Eastern Standard Time),Mon Dec 04 2017 08:28:31 GMT-0500 (Eastern Standard Time),"Mozilla/5.0 (Windows NT 10.0; Win64; x64) AppleWebKit/537.36 (KHTML, like Gecko) Chrome/62.0.3202.94 Safari/537.36",122,"[0.8, 0.4, 0.2]","[0.9, 0.5, 0.1]","[u'red', u'blue', u'black']","[u'left', u'middle', u'right']","[0.9, 0.5, 0.1]","[u'low', u'high', u'medium']",blue,50,middle,high,True,False,378,4250,NA
A1V9G7V6ZYACIR,Mon Dec 04 2017 08:09:27 GMT-0500 (Eastern Standard Time),Mon Dec 04 2017 08:28:31 GMT-0500 (Eastern Standard Time),"Mozilla/5.0 (Windows NT 10.0; Win64; x64) AppleWebKit/537.36 (KHTML, like Gecko) Chrome/62.0.3202.94 Safari/537.36",123,"[0.8, 0.4, 0.2]","[0.9, 0.5, 0.1]","[u'red', u'blue', u'black']","[u'left', u'middle', u'right']","[0.9, 0.5, 0.1]","[u'low', u'high', u'medium']",blue,50,middle,high,False,False,275,4200,NA
A1V9G7V6ZYACIR,Mon Dec 04 2017 08:09:27 GMT-0500 (Eastern Standard Time),Mon Dec 04 2017 08:28:31 GMT-0500 (Eastern Standard Time),"Mozilla/5.0 (Windows NT 10.0; Win64; x64) AppleWebKit/537.36 (KHTML, like Gecko) Chrome/62.0.3202.94 Safari/537.36",124,"[0.8, 0.4, 0.2]","[0.9, 0.5, 0.1]","[u'red', u'blue', u'black']","[u'left', u'middle', u'right']","[0.9, 0.5, 0.1]","[u'low', u'high', u'medium']",blue,50,middle,high,True,False,595,4300,NA
A1V9G7V6ZYACIR,Mon Dec 04 2017 08:09:27 GMT-0500 (Eastern Standard Time),Mon Dec 04 2017 08:28:31 GMT-0500 (Eastern Standard Time),"Mozilla/5.0 (Windows NT 10.0; Win64; x64) AppleWebKit/537.36 (KHTML, like Gecko) Chrome/62.0.3202.94 Safari/537.36",125,"[0.8, 0.4, 0.2]","[0.9, 0.5, 0.1]","[u'red', u'blue', u'black']","[u'left', u'middle', u'right']","[0.9, 0.5, 0.1]","[u'low', u'high', u'medium']",blue,50,middle,high,True,False,227,4400,NA
A1V9G7V6ZYACIR,Mon Dec 04 2017 08:09:27 GMT-0500 (Eastern Standard Time),Mon Dec 04 2017 08:28:31 GMT-0500 (Eastern Standard Time),"Mozilla/5.0 (Windows NT 10.0; Win64; x64) AppleWebKit/537.36 (KHTML, like Gecko) Chrome/62.0.3202.94 Safari/537.36",126,"[0.8, 0.4, 0.2]","[0.9, 0.5, 0.1]","[u'red', u'blue', u'black']","[u'left', u'middle', u'right']","[0.9, 0.5, 0.1]","[u'low', u'high', u'medium']",blue,50,middle,high,True,False,217,4500,NA
A1V9G7V6ZYACIR,Mon Dec 04 2017 08:09:27 GMT-0500 (Eastern Standard Time),Mon Dec 04 2017 08:28:31 GMT-0500 (Eastern Standard Time),"Mozilla/5.0 (Windows NT 10.0; Win64; x64) AppleWebKit/537.36 (KHTML, like Gecko) Chrome/62.0.3202.94 Safari/537.36",127,"[0.8, 0.4, 0.2]","[0.9, 0.5, 0.1]","[u'red', u'blue', u'black']","[u'left', u'middle', u'right']","[0.9, 0.5, 0.1]","[u'low', u'high', u'medium']",blue,50,middle,high,True,False,210,4600,NA
A1V9G7V6ZYACIR,Mon Dec 04 2017 08:09:27 GMT-0500 (Eastern Standard Time),Mon Dec 04 2017 08:28:31 GMT-0500 (Eastern Standard Time),"Mozilla/5.0 (Windows NT 10.0; Win64; x64) AppleWebKit/537.36 (KHTML, like Gecko) Chrome/62.0.3202.94 Safari/537.36",128,"[0.8, 0.4, 0.2]","[0.9, 0.5, 0.1]","[u'red', u'blue', u'black']","[u'left', u'middle', u'right']","[0.9, 0.5, 0.1]","[u'low', u'high', u'medium']",blue,50,middle,high,True,False,234,4700,NA
A1V9G7V6ZYACIR,Mon Dec 04 2017 08:09:27 GMT-0500 (Eastern Standard Time),Mon Dec 04 2017 08:28:31 GMT-0500 (Eastern Standard Time),"Mozilla/5.0 (Windows NT 10.0; Win64; x64) AppleWebKit/537.36 (KHTML, like Gecko) Chrome/62.0.3202.94 Safari/537.36",129,"[0.8, 0.4, 0.2]","[0.9, 0.5, 0.1]","[u'red', u'blue', u'black']","[u'left', u'middle', u'right']","[0.9, 0.5, 0.1]","[u'low', u'high', u'medium']",blue,50,middle,high,True,True,106,4800,NA
A1V9G7V6ZYACIR,Mon Dec 04 2017 08:09:27 GMT-0500 (Eastern Standard Time),Mon Dec 04 2017 08:28:31 GMT-0500 (Eastern Standard Time),"Mozilla/5.0 (Windows NT 10.0; Win64; x64) AppleWebKit/537.36 (KHTML, like Gecko) Chrome/62.0.3202.94 Safari/537.36",130,"[0.8, 0.4, 0.2]","[0.9, 0.5, 0.1]","[u'red', u'blue', u'black']","[u'left', u'middle', u'right']","[0.9, 0.5, 0.1]","[u'low', u'medium', u'high']",blue,50,middle,medium,False,False,243,4750,NA
A1V9G7V6ZYACIR,Mon Dec 04 2017 08:09:27 GMT-0500 (Eastern Standard Time),Mon Dec 04 2017 08:28:31 GMT-0500 (Eastern Standard Time),"Mozilla/5.0 (Windows NT 10.0; Win64; x64) AppleWebKit/537.36 (KHTML, like Gecko) Chrome/62.0.3202.94 Safari/537.36",131,"[0.8, 0.4, 0.2]","[0.9, 0.5, 0.1]","[u'red', u'blue', u'black']","[u'left', u'middle', u'right']","[0.9, 0.5, 0.1]","[u'low', u'medium', u'high']",blue,50,middle,medium,True,False,212,4850,NA
A1V9G7V6ZYACIR,Mon Dec 04 2017 08:09:27 GMT-0500 (Eastern Standard Time),Mon Dec 04 2017 08:28:31 GMT-0500 (Eastern Standard Time),"Mozilla/5.0 (Windows NT 10.0; Win64; x64) AppleWebKit/537.36 (KHTML, like Gecko) Chrome/62.0.3202.94 Safari/537.36",132,"[0.8, 0.4, 0.2]","[0.9, 0.5, 0.1]","[u'red', u'blue', u'black']","[u'left', u'middle', u'right']","[0.9, 0.5, 0.1]","[u'low', u'medium', u'high']",blue,50,middle,medium,False,False,219,4800,NA
A1V9G7V6ZYACIR,Mon Dec 04 2017 08:09:27 GMT-0500 (Eastern Standard Time),Mon Dec 04 2017 08:28:31 GMT-0500 (Eastern Standard Time),"Mozilla/5.0 (Windows NT 10.0; Win64; x64) AppleWebKit/537.36 (KHTML, like Gecko) Chrome/62.0.3202.94 Safari/537.36",133,"[0.8, 0.4, 0.2]","[0.9, 0.5, 0.1]","[u'red', u'blue', u'black']","[u'left', u'middle', u'right']","[0.9, 0.5, 0.1]","[u'low', u'medium', u'high']",blue,50,middle,medium,False,False,226,4750,NA
A1V9G7V6ZYACIR,Mon Dec 04 2017 08:09:27 GMT-0500 (Eastern Standard Time),Mon Dec 04 2017 08:28:31 GMT-0500 (Eastern Standard Time),"Mozilla/5.0 (Windows NT 10.0; Win64; x64) AppleWebKit/537.36 (KHTML, like Gecko) Chrome/62.0.3202.94 Safari/537.36",134,"[0.8, 0.4, 0.2]","[0.9, 0.5, 0.1]","[u'red', u'blue', u'black']","[u'left', u'middle', u'right']","[0.9, 0.5, 0.1]","[u'low', u'medium', u'high']",black,51,right,high,True,False,228,4850,NA
A1V9G7V6ZYACIR,Mon Dec 04 2017 08:09:27 GMT-0500 (Eastern Standard Time),Mon Dec 04 2017 08:28:31 GMT-0500 (Eastern Standard Time),"Mozilla/5.0 (Windows NT 10.0; Win64; x64) AppleWebKit/537.36 (KHTML, like Gecko) Chrome/62.0.3202.94 Safari/537.36",135,"[0.8, 0.4, 0.2]","[0.9, 0.5, 0.1]","[u'red', u'blue', u'black']","[u'left', u'middle', u'right']","[0.9, 0.5, 0.1]","[u'low', u'medium', u'high']",black,51,right,high,True,False,257,4950,NA
A1V9G7V6ZYACIR,Mon Dec 04 2017 08:09:27 GMT-0500 (Eastern Standard Time),Mon Dec 04 2017 08:28:31 GMT-0500 (Eastern Standard Time),"Mozilla/5.0 (Windows NT 10.0; Win64; x64) AppleWebKit/537.36 (KHTML, like Gecko) Chrome/62.0.3202.94 Safari/537.36",136,"[0.8, 0.4, 0.2]","[0.9, 0.5, 0.1]","[u'red', u'blue', u'black']","[u'left', u'middle', u'right']","[0.9, 0.5, 0.1]","[u'low', u'medium', u'high']",black,51,right,high,True,False,203,5050,NA
A1V9G7V6ZYACIR,Mon Dec 04 2017 08:09:27 GMT-0500 (Eastern Standard Time),Mon Dec 04 2017 08:28:31 GMT-0500 (Eastern Standard Time),"Mozilla/5.0 (Windows NT 10.0; Win64; x64) AppleWebKit/537.36 (KHTML, like Gecko) Chrome/62.0.3202.94 Safari/537.36",137,"[0.8, 0.4, 0.2]","[0.9, 0.5, 0.1]","[u'red', u'blue', u'black']","[u'left', u'middle', u'right']","[0.9, 0.5, 0.1]","[u'low', u'medium', u'high']",black,51,right,high,True,False,252,5150,NA
A1V9G7V6ZYACIR,Mon Dec 04 2017 08:09:27 GMT-0500 (Eastern Standard Time),Mon Dec 04 2017 08:28:31 GMT-0500 (Eastern Standard Time),"Mozilla/5.0 (Windows NT 10.0; Win64; x64) AppleWebKit/537.36 (KHTML, like Gecko) Chrome/62.0.3202.94 Safari/537.36",138,"[0.8, 0.4, 0.2]","[0.9, 0.5, 0.1]","[u'red', u'blue', u'black']","[u'left', u'middle', u'right']","[0.9, 0.5, 0.1]","[u'low', u'medium', u'high']",black,51,right,high,True,False,233,5250,NA
A1V9G7V6ZYACIR,Mon Dec 04 2017 08:09:27 GMT-0500 (Eastern Standard Time),Mon Dec 04 2017 08:28:31 GMT-0500 (Eastern Standard Time),"Mozilla/5.0 (Windows NT 10.0; Win64; x64) AppleWebKit/537.36 (KHTML, like Gecko) Chrome/62.0.3202.94 Safari/537.36",139,"[0.8, 0.4, 0.2]","[0.9, 0.5, 0.1]","[u'red', u'blue', u'black']","[u'left', u'middle', u'right']","[0.9, 0.5, 0.1]","[u'low', u'medium', u'high']",black,51,right,high,True,False,210,5350,NA
A1V9G7V6ZYACIR,Mon Dec 04 2017 08:09:27 GMT-0500 (Eastern Standard Time),Mon Dec 04 2017 08:28:31 GMT-0500 (Eastern Standard Time),"Mozilla/5.0 (Windows NT 10.0; Win64; x64) AppleWebKit/537.36 (KHTML, like Gecko) Chrome/62.0.3202.94 Safari/537.36",140,"[0.8, 0.4, 0.2]","[0.9, 0.5, 0.1]","[u'red', u'blue', u'black']","[u'left', u'middle', u'right']","[0.9, 0.5, 0.1]","[u'low', u'medium', u'high']",black,51,right,high,True,False,219,5450,NA
A1V9G7V6ZYACIR,Mon Dec 04 2017 08:09:27 GMT-0500 (Eastern Standard Time),Mon Dec 04 2017 08:28:31 GMT-0500 (Eastern Standard Time),"Mozilla/5.0 (Windows NT 10.0; Win64; x64) AppleWebKit/537.36 (KHTML, like Gecko) Chrome/62.0.3202.94 Safari/537.36",141,"[0.8, 0.4, 0.2]","[0.9, 0.5, 0.1]","[u'red', u'blue', u'black']","[u'left', u'middle', u'right']","[0.9, 0.5, 0.1]","[u'low', u'medium', u'high']",black,51,right,high,True,False,209,5550,NA
A1V9G7V6ZYACIR,Mon Dec 04 2017 08:09:27 GMT-0500 (Eastern Standard Time),Mon Dec 04 2017 08:28:31 GMT-0500 (Eastern Standard Time),"Mozilla/5.0 (Windows NT 10.0; Win64; x64) AppleWebKit/537.36 (KHTML, like Gecko) Chrome/62.0.3202.94 Safari/537.36",142,"[0.8, 0.4, 0.2]","[0.9, 0.5, 0.1]","[u'red', u'blue', u'black']","[u'left', u'middle', u'right']","[0.9, 0.5, 0.1]","[u'low', u'medium', u'high']",black,51,right,high,True,True,260,5650,NA
A1V9G7V6ZYACIR,Mon Dec 04 2017 08:09:27 GMT-0500 (Eastern Standard Time),Mon Dec 04 2017 08:28:31 GMT-0500 (Eastern Standard Time),"Mozilla/5.0 (Windows NT 10.0; Win64; x64) AppleWebKit/537.36 (KHTML, like Gecko) Chrome/62.0.3202.94 Safari/537.36",143,"[0.8, 0.4, 0.2]","[0.9, 0.5, 0.1]","[u'red', u'blue', u'black']","[u'left', u'middle', u'right']","[0.9, 0.5, 0.1]","[u'medium', u'high', u'low']",black,51,right,low,False,False,243,5600,NA
A1V9G7V6ZYACIR,Mon Dec 04 2017 08:09:27 GMT-0500 (Eastern Standard Time),Mon Dec 04 2017 08:28:31 GMT-0500 (Eastern Standard Time),"Mozilla/5.0 (Windows NT 10.0; Win64; x64) AppleWebKit/537.36 (KHTML, like Gecko) Chrome/62.0.3202.94 Safari/537.36",144,"[0.8, 0.4, 0.2]","[0.9, 0.5, 0.1]","[u'red', u'blue', u'black']","[u'left', u'middle', u'right']","[0.9, 0.5, 0.1]","[u'medium', u'high', u'low']",black,51,right,low,False,False,226,5550,NA
A1V9G7V6ZYACIR,Mon Dec 04 2017 08:09:27 GMT-0500 (Eastern Standard Time),Mon Dec 04 2017 08:28:31 GMT-0500 (Eastern Standard Time),"Mozilla/5.0 (Windows NT 10.0; Win64; x64) AppleWebKit/537.36 (KHTML, like Gecko) Chrome/62.0.3202.94 Safari/537.36",145,"[0.8, 0.4, 0.2]","[0.9, 0.5, 0.1]","[u'red', u'blue', u'black']","[u'left', u'middle', u'right']","[0.9, 0.5, 0.1]","[u'medium', u'high', u'low']",red,49,left,medium,False,False,107,5500,NA
A1V9G7V6ZYACIR,Mon Dec 04 2017 08:09:27 GMT-0500 (Eastern Standard Time),Mon Dec 04 2017 08:28:31 GMT-0500 (Eastern Standard Time),"Mozilla/5.0 (Windows NT 10.0; Win64; x64) AppleWebKit/537.36 (KHTML, like Gecko) Chrome/62.0.3202.94 Safari/537.36",146,"[0.8, 0.4, 0.2]","[0.9, 0.5, 0.1]","[u'red', u'blue', u'black']","[u'left', u'middle', u'right']","[0.9, 0.5, 0.1]","[u'medium', u'high', u'low']",red,49,left,medium,True,False,123,5600,NA
A1V9G7V6ZYACIR,Mon Dec 04 2017 08:09:27 GMT-0500 (Eastern Standard Time),Mon Dec 04 2017 08:28:31 GMT-0500 (Eastern Standard Time),"Mozilla/5.0 (Windows NT 10.0; Win64; x64) AppleWebKit/537.36 (KHTML, like Gecko) Chrome/62.0.3202.94 Safari/537.36",147,"[0.8, 0.4, 0.2]","[0.9, 0.5, 0.1]","[u'red', u'blue', u'black']","[u'left', u'middle', u'right']","[0.9, 0.5, 0.1]","[u'medium', u'high', u'low']",red,49,left,medium,False,False,203,5550,NA
A1V9G7V6ZYACIR,Mon Dec 04 2017 08:09:27 GMT-0500 (Eastern Standard Time),Mon Dec 04 2017 08:28:31 GMT-0500 (Eastern Standard Time),"Mozilla/5.0 (Windows NT 10.0; Win64; x64) AppleWebKit/537.36 (KHTML, like Gecko) Chrome/62.0.3202.94 Safari/537.36",148,"[0.8, 0.4, 0.2]","[0.9, 0.5, 0.1]","[u'red', u'blue', u'black']","[u'left', u'middle', u'right']","[0.9, 0.5, 0.1]","[u'medium', u'high', u'low']",red,49,left,medium,True,False,195,5650,NA
A1V9G7V6ZYACIR,Mon Dec 04 2017 08:09:27 GMT-0500 (Eastern Standard Time),Mon Dec 04 2017 08:28:31 GMT-0500 (Eastern Standard Time),"Mozilla/5.0 (Windows NT 10.0; Win64; x64) AppleWebKit/537.36 (KHTML, like Gecko) Chrome/62.0.3202.94 Safari/537.36",149,"[0.8, 0.4, 0.2]","[0.9, 0.5, 0.1]","[u'red', u'blue', u'black']","[u'left', u'middle', u'right']","[0.9, 0.5, 0.1]","[u'medium', u'high', u'low']",red,49,left,medium,False,False,196,5600,NA
A1V9G7V6ZYACIR,Mon Dec 04 2017 08:09:27 GMT-0500 (Eastern Standard Time),Mon Dec 04 2017 08:28:31 GMT-0500 (Eastern Standard Time),"Mozilla/5.0 (Windows NT 10.0; Win64; x64) AppleWebKit/537.36 (KHTML, like Gecko) Chrome/62.0.3202.94 Safari/537.36",150,"[0.8, 0.4, 0.2]","[0.9, 0.5, 0.1]","[u'red', u'blue', u'black']","[u'left', u'middle', u'right']","[0.9, 0.5, 0.1]","[u'medium', u'high', u'low']",red,49,left,medium,False,False,210,5550,NA
A1V9G7V6ZYACIR,Mon Dec 04 2017 08:09:27 GMT-0500 (Eastern Standard Time),Mon Dec 04 2017 08:28:31 GMT-0500 (Eastern Standard Time),"Mozilla/5.0 (Windows NT 10.0; Win64; x64) AppleWebKit/537.36 (KHTML, like Gecko) Chrome/62.0.3202.94 Safari/537.36",151,"[0.8, 0.4, 0.2]","[0.9, 0.5, 0.1]","[u'red', u'blue', u'black']","[u'left', u'middle', u'right']","[0.9, 0.5, 0.1]","[u'medium', u'high', u'low']",blue,50,middle,high,True,False,194,5650,NA
A1V9G7V6ZYACIR,Mon Dec 04 2017 08:09:27 GMT-0500 (Eastern Standard Time),Mon Dec 04 2017 08:28:31 GMT-0500 (Eastern Standard Time),"Mozilla/5.0 (Windows NT 10.0; Win64; x64) AppleWebKit/537.36 (KHTML, like Gecko) Chrome/62.0.3202.94 Safari/537.36",152,"[0.8, 0.4, 0.2]","[0.9, 0.5, 0.1]","[u'red', u'blue', u'black']","[u'left', u'middle', u'right']","[0.9, 0.5, 0.1]","[u'medium', u'high', u'low']",blue,50,middle,high,True,False,202,5750,NA
A1V9G7V6ZYACIR,Mon Dec 04 2017 08:09:27 GMT-0500 (Eastern Standard Time),Mon Dec 04 2017 08:28:31 GMT-0500 (Eastern Standard Time),"Mozilla/5.0 (Windows NT 10.0; Win64; x64) AppleWebKit/537.36 (KHTML, like Gecko) Chrome/62.0.3202.94 Safari/537.36",153,"[0.8, 0.4, 0.2]","[0.9, 0.5, 0.1]","[u'red', u'blue', u'black']","[u'left', u'middle', u'right']","[0.9, 0.5, 0.1]","[u'medium', u'high', u'low']",blue,50,middle,high,False,False,243,5700,NA
A1V9G7V6ZYACIR,Mon Dec 04 2017 08:09:27 GMT-0500 (Eastern Standard Time),Mon Dec 04 2017 08:28:31 GMT-0500 (Eastern Standard Time),"Mozilla/5.0 (Windows NT 10.0; Win64; x64) AppleWebKit/537.36 (KHTML, like Gecko) Chrome/62.0.3202.94 Safari/537.36",154,"[0.8, 0.4, 0.2]","[0.9, 0.5, 0.1]","[u'red', u'blue', u'black']","[u'left', u'middle', u'right']","[0.9, 0.5, 0.1]","[u'medium', u'high', u'low']",blue,50,middle,high,True,False,267,5800,NA
A1V9G7V6ZYACIR,Mon Dec 04 2017 08:09:27 GMT-0500 (Eastern Standard Time),Mon Dec 04 2017 08:28:31 GMT-0500 (Eastern Standard Time),"Mozilla/5.0 (Windows NT 10.0; Win64; x64) AppleWebKit/537.36 (KHTML, like Gecko) Chrome/62.0.3202.94 Safari/537.36",155,"[0.8, 0.4, 0.2]","[0.9, 0.5, 0.1]","[u'red', u'blue', u'black']","[u'left', u'middle', u'right']","[0.9, 0.5, 0.1]","[u'medium', u'high', u'low']",blue,50,middle,high,True,False,227,5900,NA
A1V9G7V6ZYACIR,Mon Dec 04 2017 08:09:27 GMT-0500 (Eastern Standard Time),Mon Dec 04 2017 08:28:31 GMT-0500 (Eastern Standard Time),"Mozilla/5.0 (Windows NT 10.0; Win64; x64) AppleWebKit/537.36 (KHTML, like Gecko) Chrome/62.0.3202.94 Safari/537.36",156,"[0.8, 0.4, 0.2]","[0.9, 0.5, 0.1]","[u'red', u'blue', u'black']","[u'left', u'middle', u'right']","[0.9, 0.5, 0.1]","[u'medium', u'high', u'low']",blue,50,middle,high,True,False,193,6000,NA
A1V9G7V6ZYACIR,Mon Dec 04 2017 08:09:27 GMT-0500 (Eastern Standard Time),Mon Dec 04 2017 08:28:31 GMT-0500 (Eastern Standard Time),"Mozilla/5.0 (Windows NT 10.0; Win64; x64) AppleWebKit/537.36 (KHTML, like Gecko) Chrome/62.0.3202.94 Safari/537.36",157,"[0.8, 0.4, 0.2]","[0.9, 0.5, 0.1]","[u'red', u'blue', u'black']","[u'left', u'middle', u'right']","[0.9, 0.5, 0.1]","[u'medium', u'high', u'low']",blue,50,middle,high,True,False,346,6100,NA
A1V9G7V6ZYACIR,Mon Dec 04 2017 08:09:27 GMT-0500 (Eastern Standard Time),Mon Dec 04 2017 08:28:31 GMT-0500 (Eastern Standard Time),"Mozilla/5.0 (Windows NT 10.0; Win64; x64) AppleWebKit/537.36 (KHTML, like Gecko) Chrome/62.0.3202.94 Safari/537.36",158,"[0.8, 0.4, 0.2]","[0.9, 0.5, 0.1]","[u'red', u'blue', u'black']","[u'left', u'middle', u'right']","[0.9, 0.5, 0.1]","[u'medium', u'high', u'low']",blue,50,middle,high,True,False,171,6200,NA
A1V9G7V6ZYACIR,Mon Dec 04 2017 08:09:27 GMT-0500 (Eastern Standard Time),Mon Dec 04 2017 08:28:31 GMT-0500 (Eastern Standard Time),"Mozilla/5.0 (Windows NT 10.0; Win64; x64) AppleWebKit/537.36 (KHTML, like Gecko) Chrome/62.0.3202.94 Safari/537.36",159,"[0.8, 0.4, 0.2]","[0.9, 0.5, 0.1]","[u'red', u'blue', u'black']","[u'left', u'middle', u'right']","[0.9, 0.5, 0.1]","[u'medium', u'high', u'low']",blue,50,middle,high,True,True,2,6300,NA
A1V9G7V6ZYACIR,Mon Dec 04 2017 08:09:27 GMT-0500 (Eastern Standard Time),Mon Dec 04 2017 08:28:31 GMT-0500 (Eastern Standard Time),"Mozilla/5.0 (Windows NT 10.0; Win64; x64) AppleWebKit/537.36 (KHTML, like Gecko) Chrome/62.0.3202.94 Safari/537.36",160,"[0.8, 0.4, 0.2]","[0.9, 0.5, 0.1]","[u'red', u'blue', u'black']","[u'left', u'middle', u'right']","[0.9, 0.5, 0.1]","[u'medium', u'low', u'high']",blue,50,middle,low,False,False,227,6250,NA
