A341XKSRZ58FJK,Sun Dec 03 2017 21:49:05 GMT-0500 (Eastern Standard Time),Sun Dec 03 2017 21:55:45 GMT-0500 (Eastern Standard Time),"Mozilla/5.0 (Windows NT 6.1; Win64; x64) AppleWebKit/537.36 (KHTML, like Gecko) Chrome/62.0.3202.94 Safari/537.36",1,"[0.8, 0.4, 0.2]","[0.9, 0.5, 0.1]","[u'blue', u'black', u'red']","[u'left', u'middle', u'right']","[0.8, 0.4, 0.2]","[u'low', u'medium', u'high']",blue,49,left,low,False,False,1454,-50,NA
A341XKSRZ58FJK,Sun Dec 03 2017 21:49:05 GMT-0500 (Eastern Standard Time),Sun Dec 03 2017 21:55:45 GMT-0500 (Eastern Standard Time),"Mozilla/5.0 (Windows NT 6.1; Win64; x64) AppleWebKit/537.36 (KHTML, like Gecko) Chrome/62.0.3202.94 Safari/537.36",2,"[0.8, 0.4, 0.2]","[0.9, 0.5, 0.1]","[u'blue', u'black', u'red']","[u'left', u'middle', u'right']","[0.8, 0.4, 0.2]","[u'low', u'medium', u'high']",red,51,right,high,False,False,483,-100,NA
A341XKSRZ58FJK,Sun Dec 03 2017 21:49:05 GMT-0500 (Eastern Standard Time),Sun Dec 03 2017 21:55:45 GMT-0500 (Eastern Standard Time),"Mozilla/5.0 (Windows NT 6.1; Win64; x64) AppleWebKit/537.36 (KHTML, like Gecko) Chrome/62.0.3202.94 Safari/537.36",3,"[0.8, 0.4, 0.2]","[0.9, 0.5, 0.1]","[u'blue', u'black', u'red']","[u'left', u'middle', u'right']","[0.8, 0.4, 0.2]","[u'low', u'medium', u'high']",black,50,middle,medium,True,False,315,0,NA
A341XKSRZ58FJK,Sun Dec 03 2017 21:49:05 GMT-0500 (Eastern Standard Time),Sun Dec 03 2017 21:55:45 GMT-0500 (Eastern Standard Time),"Mozilla/5.0 (Windows NT 6.1; Win64; x64) AppleWebKit/537.36 (KHTML, like Gecko) Chrome/62.0.3202.94 Safari/537.36",4,"[0.8, 0.4, 0.2]","[0.9, 0.5, 0.1]","[u'blue', u'black', u'red']","[u'left', u'middle', u'right']","[0.8, 0.4, 0.2]","[u'low', u'medium', u'high']",black,50,middle,medium,True,False,523,100,NA
A341XKSRZ58FJK,Sun Dec 03 2017 21:49:05 GMT-0500 (Eastern Standard Time),Sun Dec 03 2017 21:55:45 GMT-0500 (Eastern Standard Time),"Mozilla/5.0 (Windows NT 6.1; Win64; x64) AppleWebKit/537.36 (KHTML, like Gecko) Chrome/62.0.3202.94 Safari/537.36",5,"[0.8, 0.4, 0.2]","[0.9, 0.5, 0.1]","[u'blue', u'black', u'red']","[u'left', u'middle', u'right']","[0.8, 0.4, 0.2]","[u'low', u'medium', u'high']",black,50,middle,medium,False,False,422,50,NA
A341XKSRZ58FJK,Sun Dec 03 2017 21:49:05 GMT-0500 (Eastern Standard Time),Sun Dec 03 2017 21:55:45 GMT-0500 (Eastern Standard Time),"Mozilla/5.0 (Windows NT 6.1; Win64; x64) AppleWebKit/537.36 (KHTML, like Gecko) Chrome/62.0.3202.94 Safari/537.36",6,"[0.8, 0.4, 0.2]","[0.9, 0.5, 0.1]","[u'blue', u'black', u'red']","[u'left', u'middle', u'right']","[0.8, 0.4, 0.2]","[u'low', u'medium', u'high']",black,50,middle,medium,False,False,433,0,NA
A341XKSRZ58FJK,Sun Dec 03 2017 21:49:05 GMT-0500 (Eastern Standard Time),Sun Dec 03 2017 21:55:45 GMT-0500 (Eastern Standard Time),"Mozilla/5.0 (Windows NT 6.1; Win64; x64) AppleWebKit/537.36 (KHTML, like Gecko) Chrome/62.0.3202.94 Safari/537.36",7,"[0.8, 0.4, 0.2]","[0.9, 0.5, 0.1]","[u'blue', u'black', u'red']","[u'left', u'middle', u'right']","[0.8, 0.4, 0.2]","[u'low', u'medium', u'high']",blue,49,left,low,False,False,124,-50,NA
A341XKSRZ58FJK,Sun Dec 03 2017 21:49:05 GMT-0500 (Eastern Standard Time),Sun Dec 03 2017 21:55:45 GMT-0500 (Eastern Standard Time),"Mozilla/5.0 (Windows NT 6.1; Win64; x64) AppleWebKit/537.36 (KHTML, like Gecko) Chrome/62.0.3202.94 Safari/537.36",8,"[0.8, 0.4, 0.2]","[0.9, 0.5, 0.1]","[u'blue', u'black', u'red']","[u'left', u'middle', u'right']","[0.8, 0.4, 0.2]","[u'low', u'medium', u'high']",red,51,right,high,True,False,27,50,NA
A341XKSRZ58FJK,Sun Dec 03 2017 21:49:05 GMT-0500 (Eastern Standard Time),Sun Dec 03 2017 21:55:45 GMT-0500 (Eastern Standard Time),"Mozilla/5.0 (Windows NT 6.1; Win64; x64) AppleWebKit/537.36 (KHTML, like Gecko) Chrome/62.0.3202.94 Safari/537.36",9,"[0.8, 0.4, 0.2]","[0.9, 0.5, 0.1]","[u'blue', u'black', u'red']","[u'left', u'middle', u'right']","[0.8, 0.4, 0.2]","[u'low', u'medium', u'high']",red,51,right,high,True,False,292,150,NA
A341XKSRZ58FJK,Sun Dec 03 2017 21:49:05 GMT-0500 (Eastern Standard Time),Sun Dec 03 2017 21:55:45 GMT-0500 (Eastern Standard Time),"Mozilla/5.0 (Windows NT 6.1; Win64; x64) AppleWebKit/537.36 (KHTML, like Gecko) Chrome/62.0.3202.94 Safari/537.36",10,"[0.8, 0.4, 0.2]","[0.9, 0.5, 0.1]","[u'blue', u'black', u'red']","[u'left', u'middle', u'right']","[0.8, 0.4, 0.2]","[u'low', u'medium', u'high']",red,51,right,high,False,False,284,100,NA
A341XKSRZ58FJK,Sun Dec 03 2017 21:49:05 GMT-0500 (Eastern Standard Time),Sun Dec 03 2017 21:55:45 GMT-0500 (Eastern Standard Time),"Mozilla/5.0 (Windows NT 6.1; Win64; x64) AppleWebKit/537.36 (KHTML, like Gecko) Chrome/62.0.3202.94 Safari/537.36",11,"[0.8, 0.4, 0.2]","[0.9, 0.5, 0.1]","[u'blue', u'black', u'red']","[u'left', u'middle', u'right']","[0.8, 0.4, 0.2]","[u'low', u'medium', u'high']",blue,49,left,low,False,False,219,50,NA
A341XKSRZ58FJK,Sun Dec 03 2017 21:49:05 GMT-0500 (Eastern Standard Time),Sun Dec 03 2017 21:55:45 GMT-0500 (Eastern Standard Time),"Mozilla/5.0 (Windows NT 6.1; Win64; x64) AppleWebKit/537.36 (KHTML, like Gecko) Chrome/62.0.3202.94 Safari/537.36",12,"[0.8, 0.4, 0.2]","[0.9, 0.5, 0.1]","[u'blue', u'black', u'red']","[u'left', u'middle', u'right']","[0.8, 0.4, 0.2]","[u'low', u'medium', u'high']",black,50,middle,medium,True,False,75,150,NA
A341XKSRZ58FJK,Sun Dec 03 2017 21:49:05 GMT-0500 (Eastern Standard Time),Sun Dec 03 2017 21:55:45 GMT-0500 (Eastern Standard Time),"Mozilla/5.0 (Windows NT 6.1; Win64; x64) AppleWebKit/537.36 (KHTML, like Gecko) Chrome/62.0.3202.94 Safari/537.36",13,"[0.8, 0.4, 0.2]","[0.9, 0.5, 0.1]","[u'blue', u'black', u'red']","[u'left', u'middle', u'right']","[0.8, 0.4, 0.2]","[u'low', u'medium', u'high']",black,50,middle,medium,True,False,300,250,NA
A341XKSRZ58FJK,Sun Dec 03 2017 21:49:05 GMT-0500 (Eastern Standard Time),Sun Dec 03 2017 21:55:45 GMT-0500 (Eastern Standard Time),"Mozilla/5.0 (Windows NT 6.1; Win64; x64) AppleWebKit/537.36 (KHTML, like Gecko) Chrome/62.0.3202.94 Safari/537.36",14,"[0.8, 0.4, 0.2]","[0.9, 0.5, 0.1]","[u'blue', u'black', u'red']","[u'left', u'middle', u'right']","[0.8, 0.4, 0.2]","[u'low', u'medium', u'high']",black,50,middle,medium,False,False,195,200,NA
A341XKSRZ58FJK,Sun Dec 03 2017 21:49:05 GMT-0500 (Eastern Standard Time),Sun Dec 03 2017 21:55:45 GMT-0500 (Eastern Standard Time),"Mozilla/5.0 (Windows NT 6.1; Win64; x64) AppleWebKit/537.36 (KHTML, like Gecko) Chrome/62.0.3202.94 Safari/537.36",15,"[0.8, 0.4, 0.2]","[0.9, 0.5, 0.1]","[u'blue', u'black', u'red']","[u'left', u'middle', u'right']","[0.8, 0.4, 0.2]","[u'low', u'medium', u'high']",blue,49,left,low,False,False,85,150,NA
A341XKSRZ58FJK,Sun Dec 03 2017 21:49:05 GMT-0500 (Eastern Standard Time),Sun Dec 03 2017 21:55:45 GMT-0500 (Eastern Standard Time),"Mozilla/5.0 (Windows NT 6.1; Win64; x64) AppleWebKit/537.36 (KHTML, like Gecko) Chrome/62.0.3202.94 Safari/537.36",16,"[0.8, 0.4, 0.2]","[0.9, 0.5, 0.1]","[u'blue', u'black', u'red']","[u'left', u'middle', u'right']","[0.8, 0.4, 0.2]","[u'low', u'medium', u'high']",red,51,right,high,False,False,579,100,NA
A341XKSRZ58FJK,Sun Dec 03 2017 21:49:05 GMT-0500 (Eastern Standard Time),Sun Dec 03 2017 21:55:45 GMT-0500 (Eastern Standard Time),"Mozilla/5.0 (Windows NT 6.1; Win64; x64) AppleWebKit/537.36 (KHTML, like Gecko) Chrome/62.0.3202.94 Safari/537.36",17,"[0.8, 0.4, 0.2]","[0.9, 0.5, 0.1]","[u'blue', u'black', u'red']","[u'left', u'middle', u'right']","[0.8, 0.4, 0.2]","[u'low', u'medium', u'high']",red,51,right,high,True,False,220,200,NA
A341XKSRZ58FJK,Sun Dec 03 2017 21:49:05 GMT-0500 (Eastern Standard Time),Sun Dec 03 2017 21:55:45 GMT-0500 (Eastern Standard Time),"Mozilla/5.0 (Windows NT 6.1; Win64; x64) AppleWebKit/537.36 (KHTML, like Gecko) Chrome/62.0.3202.94 Safari/537.36",18,"[0.8, 0.4, 0.2]","[0.9, 0.5, 0.1]","[u'blue', u'black', u'red']","[u'left', u'middle', u'right']","[0.8, 0.4, 0.2]","[u'low', u'medium', u'high']",red,51,right,high,False,False,268,150,NA
A341XKSRZ58FJK,Sun Dec 03 2017 21:49:05 GMT-0500 (Eastern Standard Time),Sun Dec 03 2017 21:55:45 GMT-0500 (Eastern Standard Time),"Mozilla/5.0 (Windows NT 6.1; Win64; x64) AppleWebKit/537.36 (KHTML, like Gecko) Chrome/62.0.3202.94 Safari/537.36",19,"[0.8, 0.4, 0.2]","[0.9, 0.5, 0.1]","[u'blue', u'black', u'red']","[u'left', u'middle', u'right']","[0.8, 0.4, 0.2]","[u'low', u'medium', u'high']",black,50,middle,medium,True,False,262,250,NA
A341XKSRZ58FJK,Sun Dec 03 2017 21:49:05 GMT-0500 (Eastern Standard Time),Sun Dec 03 2017 21:55:45 GMT-0500 (Eastern Standard Time),"Mozilla/5.0 (Windows NT 6.1; Win64; x64) AppleWebKit/537.36 (KHTML, like Gecko) Chrome/62.0.3202.94 Safari/537.36",20,"[0.8, 0.4, 0.2]","[0.9, 0.5, 0.1]","[u'blue', u'black', u'red']","[u'left', u'middle', u'right']","[0.8, 0.4, 0.2]","[u'low', u'medium', u'high']",black,50,middle,medium,True,False,105,350,NA
A341XKSRZ58FJK,Sun Dec 03 2017 21:49:05 GMT-0500 (Eastern Standard Time),Sun Dec 03 2017 21:55:45 GMT-0500 (Eastern Standard Time),"Mozilla/5.0 (Windows NT 6.1; Win64; x64) AppleWebKit/537.36 (KHTML, like Gecko) Chrome/62.0.3202.94 Safari/537.36",21,"[0.8, 0.4, 0.2]","[0.9, 0.5, 0.1]","[u'blue', u'black', u'red']","[u'left', u'middle', u'right']","[0.8, 0.4, 0.2]","[u'low', u'medium', u'high']",red,51,right,high,False,False,27,300,NA
A341XKSRZ58FJK,Sun Dec 03 2017 21:49:05 GMT-0500 (Eastern Standard Time),Sun Dec 03 2017 21:55:45 GMT-0500 (Eastern Standard Time),"Mozilla/5.0 (Windows NT 6.1; Win64; x64) AppleWebKit/537.36 (KHTML, like Gecko) Chrome/62.0.3202.94 Safari/537.36",22,"[0.8, 0.4, 0.2]","[0.9, 0.5, 0.1]","[u'blue', u'black', u'red']","[u'left', u'middle', u'right']","[0.8, 0.4, 0.2]","[u'low', u'medium', u'high']",black,50,middle,medium,False,False,19,250,NA
A341XKSRZ58FJK,Sun Dec 03 2017 21:49:05 GMT-0500 (Eastern Standard Time),Sun Dec 03 2017 21:55:45 GMT-0500 (Eastern Standard Time),"Mozilla/5.0 (Windows NT 6.1; Win64; x64) AppleWebKit/537.36 (KHTML, like Gecko) Chrome/62.0.3202.94 Safari/537.36",23,"[0.8, 0.4, 0.2]","[0.9, 0.5, 0.1]","[u'blue', u'black', u'red']","[u'left', u'middle', u'right']","[0.8, 0.4, 0.2]","[u'low', u'medium', u'high']",blue,49,left,low,False,False,580,200,NA
A341XKSRZ58FJK,Sun Dec 03 2017 21:49:05 GMT-0500 (Eastern Standard Time),Sun Dec 03 2017 21:55:45 GMT-0500 (Eastern Standard Time),"Mozilla/5.0 (Windows NT 6.1; Win64; x64) AppleWebKit/537.36 (KHTML, like Gecko) Chrome/62.0.3202.94 Safari/537.36",24,"[0.8, 0.4, 0.2]","[0.9, 0.5, 0.1]","[u'blue', u'black', u'red']","[u'left', u'middle', u'right']","[0.8, 0.4, 0.2]","[u'low', u'medium', u'high']",black,50,middle,medium,True,False,346,300,NA
A341XKSRZ58FJK,Sun Dec 03 2017 21:49:05 GMT-0500 (Eastern Standard Time),Sun Dec 03 2017 21:55:45 GMT-0500 (Eastern Standard Time),"Mozilla/5.0 (Windows NT 6.1; Win64; x64) AppleWebKit/537.36 (KHTML, like Gecko) Chrome/62.0.3202.94 Safari/537.36",25,"[0.8, 0.4, 0.2]","[0.9, 0.5, 0.1]","[u'blue', u'black', u'red']","[u'left', u'middle', u'right']","[0.8, 0.4, 0.2]","[u'low', u'medium', u'high']",black,50,middle,medium,False,False,413,250,NA
A341XKSRZ58FJK,Sun Dec 03 2017 21:49:05 GMT-0500 (Eastern Standard Time),Sun Dec 03 2017 21:55:45 GMT-0500 (Eastern Standard Time),"Mozilla/5.0 (Windows NT 6.1; Win64; x64) AppleWebKit/537.36 (KHTML, like Gecko) Chrome/62.0.3202.94 Safari/537.36",26,"[0.8, 0.4, 0.2]","[0.9, 0.5, 0.1]","[u'blue', u'black', u'red']","[u'left', u'middle', u'right']","[0.8, 0.4, 0.2]","[u'low', u'medium', u'high']",red,51,right,high,True,False,195,350,NA
A341XKSRZ58FJK,Sun Dec 03 2017 21:49:05 GMT-0500 (Eastern Standard Time),Sun Dec 03 2017 21:55:45 GMT-0500 (Eastern Standard Time),"Mozilla/5.0 (Windows NT 6.1; Win64; x64) AppleWebKit/537.36 (KHTML, like Gecko) Chrome/62.0.3202.94 Safari/537.36",27,"[0.8, 0.4, 0.2]","[0.9, 0.5, 0.1]","[u'blue', u'black', u'red']","[u'left', u'middle', u'right']","[0.8, 0.4, 0.2]","[u'low', u'medium', u'high']",red,51,right,high,False,False,283,300,NA
A341XKSRZ58FJK,Sun Dec 03 2017 21:49:05 GMT-0500 (Eastern Standard Time),Sun Dec 03 2017 21:55:45 GMT-0500 (Eastern Standard Time),"Mozilla/5.0 (Windows NT 6.1; Win64; x64) AppleWebKit/537.36 (KHTML, like Gecko) Chrome/62.0.3202.94 Safari/537.36",28,"[0.8, 0.4, 0.2]","[0.9, 0.5, 0.1]","[u'blue', u'black', u'red']","[u'left', u'middle', u'right']","[0.8, 0.4, 0.2]","[u'low', u'medium', u'high']",blue,49,left,low,False,False,156,250,NA
A341XKSRZ58FJK,Sun Dec 03 2017 21:49:05 GMT-0500 (Eastern Standard Time),Sun Dec 03 2017 21:55:45 GMT-0500 (Eastern Standard Time),"Mozilla/5.0 (Windows NT 6.1; Win64; x64) AppleWebKit/537.36 (KHTML, like Gecko) Chrome/62.0.3202.94 Safari/537.36",29,"[0.8, 0.4, 0.2]","[0.9, 0.5, 0.1]","[u'blue', u'black', u'red']","[u'left', u'middle', u'right']","[0.8, 0.4, 0.2]","[u'low', u'medium', u'high']",black,50,middle,medium,True,False,188,350,NA
A341XKSRZ58FJK,Sun Dec 03 2017 21:49:05 GMT-0500 (Eastern Standard Time),Sun Dec 03 2017 21:55:45 GMT-0500 (Eastern Standard Time),"Mozilla/5.0 (Windows NT 6.1; Win64; x64) AppleWebKit/537.36 (KHTML, like Gecko) Chrome/62.0.3202.94 Safari/537.36",30,"[0.8, 0.4, 0.2]","[0.9, 0.5, 0.1]","[u'blue', u'black', u'red']","[u'left', u'middle', u'right']","[0.8, 0.4, 0.2]","[u'low', u'medium', u'high']",black,50,middle,medium,False,False,36,300,NA
A341XKSRZ58FJK,Sun Dec 03 2017 21:49:05 GMT-0500 (Eastern Standard Time),Sun Dec 03 2017 21:55:45 GMT-0500 (Eastern Standard Time),"Mozilla/5.0 (Windows NT 6.1; Win64; x64) AppleWebKit/537.36 (KHTML, like Gecko) Chrome/62.0.3202.94 Safari/537.36",31,"[0.8, 0.4, 0.2]","[0.9, 0.5, 0.1]","[u'blue', u'black', u'red']","[u'left', u'middle', u'right']","[0.8, 0.4, 0.2]","[u'low', u'medium', u'high']",black,50,middle,medium,True,False,556,400,NA
A341XKSRZ58FJK,Sun Dec 03 2017 21:49:05 GMT-0500 (Eastern Standard Time),Sun Dec 03 2017 21:55:45 GMT-0500 (Eastern Standard Time),"Mozilla/5.0 (Windows NT 6.1; Win64; x64) AppleWebKit/537.36 (KHTML, like Gecko) Chrome/62.0.3202.94 Safari/537.36",32,"[0.8, 0.4, 0.2]","[0.9, 0.5, 0.1]","[u'blue', u'black', u'red']","[u'left', u'middle', u'right']","[0.8, 0.4, 0.2]","[u'low', u'medium', u'high']",black,50,middle,medium,False,False,316,350,NA
A341XKSRZ58FJK,Sun Dec 03 2017 21:49:05 GMT-0500 (Eastern Standard Time),Sun Dec 03 2017 21:55:45 GMT-0500 (Eastern Standard Time),"Mozilla/5.0 (Windows NT 6.1; Win64; x64) AppleWebKit/537.36 (KHTML, like Gecko) Chrome/62.0.3202.94 Safari/537.36",33,"[0.8, 0.4, 0.2]","[0.9, 0.5, 0.1]","[u'blue', u'black', u'red']","[u'left', u'middle', u'right']","[0.8, 0.4, 0.2]","[u'low', u'medium', u'high']",black,50,middle,medium,False,False,499,300,NA
A341XKSRZ58FJK,Sun Dec 03 2017 21:49:05 GMT-0500 (Eastern Standard Time),Sun Dec 03 2017 21:55:45 GMT-0500 (Eastern Standard Time),"Mozilla/5.0 (Windows NT 6.1; Win64; x64) AppleWebKit/537.36 (KHTML, like Gecko) Chrome/62.0.3202.94 Safari/537.36",34,"[0.8, 0.4, 0.2]","[0.9, 0.5, 0.1]","[u'blue', u'black', u'red']","[u'left', u'middle', u'right']","[0.8, 0.4, 0.2]","[u'low', u'medium', u'high']",red,51,right,high,True,False,396,400,NA
A341XKSRZ58FJK,Sun Dec 03 2017 21:49:05 GMT-0500 (Eastern Standard Time),Sun Dec 03 2017 21:55:45 GMT-0500 (Eastern Standard Time),"Mozilla/5.0 (Windows NT 6.1; Win64; x64) AppleWebKit/537.36 (KHTML, like Gecko) Chrome/62.0.3202.94 Safari/537.36",35,"[0.8, 0.4, 0.2]","[0.9, 0.5, 0.1]","[u'blue', u'black', u'red']","[u'left', u'middle', u'right']","[0.8, 0.4, 0.2]","[u'low', u'medium', u'high']",red,51,right,high,True,False,125,500,NA
A341XKSRZ58FJK,Sun Dec 03 2017 21:49:05 GMT-0500 (Eastern Standard Time),Sun Dec 03 2017 21:55:45 GMT-0500 (Eastern Standard Time),"Mozilla/5.0 (Windows NT 6.1; Win64; x64) AppleWebKit/537.36 (KHTML, like Gecko) Chrome/62.0.3202.94 Safari/537.36",36,"[0.8, 0.4, 0.2]","[0.9, 0.5, 0.1]","[u'blue', u'black', u'red']","[u'left', u'middle', u'right']","[0.8, 0.4, 0.2]","[u'low', u'medium', u'high']",red,51,right,high,True,False,204,600,NA
A341XKSRZ58FJK,Sun Dec 03 2017 21:49:05 GMT-0500 (Eastern Standard Time),Sun Dec 03 2017 21:55:45 GMT-0500 (Eastern Standard Time),"Mozilla/5.0 (Windows NT 6.1; Win64; x64) AppleWebKit/537.36 (KHTML, like Gecko) Chrome/62.0.3202.94 Safari/537.36",37,"[0.8, 0.4, 0.2]","[0.9, 0.5, 0.1]","[u'blue', u'black', u'red']","[u'left', u'middle', u'right']","[0.8, 0.4, 0.2]","[u'low', u'medium', u'high']",red,51,right,high,True,False,364,700,NA
A341XKSRZ58FJK,Sun Dec 03 2017 21:49:05 GMT-0500 (Eastern Standard Time),Sun Dec 03 2017 21:55:45 GMT-0500 (Eastern Standard Time),"Mozilla/5.0 (Windows NT 6.1; Win64; x64) AppleWebKit/537.36 (KHTML, like Gecko) Chrome/62.0.3202.94 Safari/537.36",38,"[0.8, 0.4, 0.2]","[0.9, 0.5, 0.1]","[u'blue', u'black', u'red']","[u'left', u'middle', u'right']","[0.8, 0.4, 0.2]","[u'low', u'medium', u'high']",red,51,right,high,False,False,363,650,NA
A341XKSRZ58FJK,Sun Dec 03 2017 21:49:05 GMT-0500 (Eastern Standard Time),Sun Dec 03 2017 21:55:45 GMT-0500 (Eastern Standard Time),"Mozilla/5.0 (Windows NT 6.1; Win64; x64) AppleWebKit/537.36 (KHTML, like Gecko) Chrome/62.0.3202.94 Safari/537.36",39,"[0.8, 0.4, 0.2]","[0.9, 0.5, 0.1]","[u'blue', u'black', u'red']","[u'left', u'middle', u'right']","[0.8, 0.4, 0.2]","[u'low', u'medium', u'high']",red,51,right,high,False,False,404,600,NA
A341XKSRZ58FJK,Sun Dec 03 2017 21:49:05 GMT-0500 (Eastern Standard Time),Sun Dec 03 2017 21:55:45 GMT-0500 (Eastern Standard Time),"Mozilla/5.0 (Windows NT 6.1; Win64; x64) AppleWebKit/537.36 (KHTML, like Gecko) Chrome/62.0.3202.94 Safari/537.36",40,"[0.8, 0.4, 0.2]","[0.9, 0.5, 0.1]","[u'blue', u'black', u'red']","[u'left', u'middle', u'right']","[0.8, 0.4, 0.2]","[u'low', u'medium', u'high']",black,50,middle,medium,False,False,308,550,NA
A341XKSRZ58FJK,Sun Dec 03 2017 21:49:05 GMT-0500 (Eastern Standard Time),Sun Dec 03 2017 21:55:45 GMT-0500 (Eastern Standard Time),"Mozilla/5.0 (Windows NT 6.1; Win64; x64) AppleWebKit/537.36 (KHTML, like Gecko) Chrome/62.0.3202.94 Safari/537.36",41,"[0.8, 0.4, 0.2]","[0.9, 0.5, 0.1]","[u'blue', u'black', u'red']","[u'left', u'middle', u'right']","[0.8, 0.4, 0.2]","[u'high', u'medium', u'low']",blue,49,left,high,False,False,451,500,NA
A341XKSRZ58FJK,Sun Dec 03 2017 21:49:05 GMT-0500 (Eastern Standard Time),Sun Dec 03 2017 21:55:45 GMT-0500 (Eastern Standard Time),"Mozilla/5.0 (Windows NT 6.1; Win64; x64) AppleWebKit/537.36 (KHTML, like Gecko) Chrome/62.0.3202.94 Safari/537.36",42,"[0.8, 0.4, 0.2]","[0.9, 0.5, 0.1]","[u'blue', u'black', u'red']","[u'left', u'middle', u'right']","[0.8, 0.4, 0.2]","[u'high', u'medium', u'low']",black,50,middle,medium,True,False,501,600,NA
A341XKSRZ58FJK,Sun Dec 03 2017 21:49:05 GMT-0500 (Eastern Standard Time),Sun Dec 03 2017 21:55:45 GMT-0500 (Eastern Standard Time),"Mozilla/5.0 (Windows NT 6.1; Win64; x64) AppleWebKit/537.36 (KHTML, like Gecko) Chrome/62.0.3202.94 Safari/537.36",43,"[0.8, 0.4, 0.2]","[0.9, 0.5, 0.1]","[u'blue', u'black', u'red']","[u'left', u'middle', u'right']","[0.8, 0.4, 0.2]","[u'high', u'medium', u'low']",black,50,middle,medium,False,False,155,550,NA
A341XKSRZ58FJK,Sun Dec 03 2017 21:49:05 GMT-0500 (Eastern Standard Time),Sun Dec 03 2017 21:55:45 GMT-0500 (Eastern Standard Time),"Mozilla/5.0 (Windows NT 6.1; Win64; x64) AppleWebKit/537.36 (KHTML, like Gecko) Chrome/62.0.3202.94 Safari/537.36",44,"[0.8, 0.4, 0.2]","[0.9, 0.5, 0.1]","[u'blue', u'black', u'red']","[u'left', u'middle', u'right']","[0.8, 0.4, 0.2]","[u'high', u'medium', u'low']",red,51,right,low,False,False,556,500,NA
A341XKSRZ58FJK,Sun Dec 03 2017 21:49:05 GMT-0500 (Eastern Standard Time),Sun Dec 03 2017 21:55:45 GMT-0500 (Eastern Standard Time),"Mozilla/5.0 (Windows NT 6.1; Win64; x64) AppleWebKit/537.36 (KHTML, like Gecko) Chrome/62.0.3202.94 Safari/537.36",45,"[0.8, 0.4, 0.2]","[0.9, 0.5, 0.1]","[u'blue', u'black', u'red']","[u'left', u'middle', u'right']","[0.8, 0.4, 0.2]","[u'high', u'medium', u'low']",black,50,middle,medium,False,False,364,450,NA
A341XKSRZ58FJK,Sun Dec 03 2017 21:49:05 GMT-0500 (Eastern Standard Time),Sun Dec 03 2017 21:55:45 GMT-0500 (Eastern Standard Time),"Mozilla/5.0 (Windows NT 6.1; Win64; x64) AppleWebKit/537.36 (KHTML, like Gecko) Chrome/62.0.3202.94 Safari/537.36",46,"[0.8, 0.4, 0.2]","[0.9, 0.5, 0.1]","[u'blue', u'black', u'red']","[u'left', u'middle', u'right']","[0.8, 0.4, 0.2]","[u'high', u'medium', u'low']",blue,49,left,high,True,False,460,550,NA
A341XKSRZ58FJK,Sun Dec 03 2017 21:49:05 GMT-0500 (Eastern Standard Time),Sun Dec 03 2017 21:55:45 GMT-0500 (Eastern Standard Time),"Mozilla/5.0 (Windows NT 6.1; Win64; x64) AppleWebKit/537.36 (KHTML, like Gecko) Chrome/62.0.3202.94 Safari/537.36",47,"[0.8, 0.4, 0.2]","[0.9, 0.5, 0.1]","[u'blue', u'black', u'red']","[u'left', u'middle', u'right']","[0.8, 0.4, 0.2]","[u'high', u'medium', u'low']",blue,49,left,high,True,False,196,650,NA
A341XKSRZ58FJK,Sun Dec 03 2017 21:49:05 GMT-0500 (Eastern Standard Time),Sun Dec 03 2017 21:55:45 GMT-0500 (Eastern Standard Time),"Mozilla/5.0 (Windows NT 6.1; Win64; x64) AppleWebKit/537.36 (KHTML, like Gecko) Chrome/62.0.3202.94 Safari/537.36",48,"[0.8, 0.4, 0.2]","[0.9, 0.5, 0.1]","[u'blue', u'black', u'red']","[u'left', u'middle', u'right']","[0.8, 0.4, 0.2]","[u'high', u'medium', u'low']",blue,49,left,high,True,False,28,750,NA
A341XKSRZ58FJK,Sun Dec 03 2017 21:49:05 GMT-0500 (Eastern Standard Time),Sun Dec 03 2017 21:55:45 GMT-0500 (Eastern Standard Time),"Mozilla/5.0 (Windows NT 6.1; Win64; x64) AppleWebKit/537.36 (KHTML, like Gecko) Chrome/62.0.3202.94 Safari/537.36",49,"[0.8, 0.4, 0.2]","[0.9, 0.5, 0.1]","[u'blue', u'black', u'red']","[u'left', u'middle', u'right']","[0.8, 0.4, 0.2]","[u'high', u'medium', u'low']",blue,49,left,high,True,False,259,850,NA
A341XKSRZ58FJK,Sun Dec 03 2017 21:49:05 GMT-0500 (Eastern Standard Time),Sun Dec 03 2017 21:55:45 GMT-0500 (Eastern Standard Time),"Mozilla/5.0 (Windows NT 6.1; Win64; x64) AppleWebKit/537.36 (KHTML, like Gecko) Chrome/62.0.3202.94 Safari/537.36",50,"[0.8, 0.4, 0.2]","[0.9, 0.5, 0.1]","[u'blue', u'black', u'red']","[u'left', u'middle', u'right']","[0.8, 0.4, 0.2]","[u'high', u'medium', u'low']",blue,49,left,high,True,False,51,950,NA
A341XKSRZ58FJK,Sun Dec 03 2017 21:49:05 GMT-0500 (Eastern Standard Time),Sun Dec 03 2017 21:55:45 GMT-0500 (Eastern Standard Time),"Mozilla/5.0 (Windows NT 6.1; Win64; x64) AppleWebKit/537.36 (KHTML, like Gecko) Chrome/62.0.3202.94 Safari/537.36",51,"[0.8, 0.4, 0.2]","[0.9, 0.5, 0.1]","[u'blue', u'black', u'red']","[u'left', u'middle', u'right']","[0.8, 0.4, 0.2]","[u'high', u'medium', u'low']",black,50,middle,medium,False,False,363,900,NA
A341XKSRZ58FJK,Sun Dec 03 2017 21:49:05 GMT-0500 (Eastern Standard Time),Sun Dec 03 2017 21:55:45 GMT-0500 (Eastern Standard Time),"Mozilla/5.0 (Windows NT 6.1; Win64; x64) AppleWebKit/537.36 (KHTML, like Gecko) Chrome/62.0.3202.94 Safari/537.36",52,"[0.8, 0.4, 0.2]","[0.9, 0.5, 0.1]","[u'blue', u'black', u'red']","[u'left', u'middle', u'right']","[0.8, 0.4, 0.2]","[u'high', u'medium', u'low']",blue,49,left,high,True,False,389,1000,NA
A341XKSRZ58FJK,Sun Dec 03 2017 21:49:05 GMT-0500 (Eastern Standard Time),Sun Dec 03 2017 21:55:45 GMT-0500 (Eastern Standard Time),"Mozilla/5.0 (Windows NT 6.1; Win64; x64) AppleWebKit/537.36 (KHTML, like Gecko) Chrome/62.0.3202.94 Safari/537.36",53,"[0.8, 0.4, 0.2]","[0.9, 0.5, 0.1]","[u'blue', u'black', u'red']","[u'left', u'middle', u'right']","[0.8, 0.4, 0.2]","[u'high', u'medium', u'low']",blue,49,left,high,True,False,35,1100,NA
A341XKSRZ58FJK,Sun Dec 03 2017 21:49:05 GMT-0500 (Eastern Standard Time),Sun Dec 03 2017 21:55:45 GMT-0500 (Eastern Standard Time),"Mozilla/5.0 (Windows NT 6.1; Win64; x64) AppleWebKit/537.36 (KHTML, like Gecko) Chrome/62.0.3202.94 Safari/537.36",54,"[0.8, 0.4, 0.2]","[0.9, 0.5, 0.1]","[u'blue', u'black', u'red']","[u'left', u'middle', u'right']","[0.8, 0.4, 0.2]","[u'high', u'medium', u'low']",blue,49,left,high,True,False,657,1200,NA
A341XKSRZ58FJK,Sun Dec 03 2017 21:49:05 GMT-0500 (Eastern Standard Time),Sun Dec 03 2017 21:55:45 GMT-0500 (Eastern Standard Time),"Mozilla/5.0 (Windows NT 6.1; Win64; x64) AppleWebKit/537.36 (KHTML, like Gecko) Chrome/62.0.3202.94 Safari/537.36",55,"[0.8, 0.4, 0.2]","[0.9, 0.5, 0.1]","[u'blue', u'black', u'red']","[u'left', u'middle', u'right']","[0.8, 0.4, 0.2]","[u'high', u'medium', u'low']",blue,49,left,high,True,True,366,1300,NA
A341XKSRZ58FJK,Sun Dec 03 2017 21:49:05 GMT-0500 (Eastern Standard Time),Sun Dec 03 2017 21:55:45 GMT-0500 (Eastern Standard Time),"Mozilla/5.0 (Windows NT 6.1; Win64; x64) AppleWebKit/537.36 (KHTML, like Gecko) Chrome/62.0.3202.94 Safari/537.36",56,"[0.8, 0.4, 0.2]","[0.9, 0.5, 0.1]","[u'blue', u'black', u'red']","[u'left', u'middle', u'right']","[0.8, 0.4, 0.2]","[u'low', u'high', u'medium']",blue,49,left,low,False,False,336,1250,NA
A341XKSRZ58FJK,Sun Dec 03 2017 21:49:05 GMT-0500 (Eastern Standard Time),Sun Dec 03 2017 21:55:45 GMT-0500 (Eastern Standard Time),"Mozilla/5.0 (Windows NT 6.1; Win64; x64) AppleWebKit/537.36 (KHTML, like Gecko) Chrome/62.0.3202.94 Safari/537.36",57,"[0.8, 0.4, 0.2]","[0.9, 0.5, 0.1]","[u'blue', u'black', u'red']","[u'left', u'middle', u'right']","[0.8, 0.4, 0.2]","[u'low', u'high', u'medium']",red,51,right,medium,False,False,180,1200,NA
A341XKSRZ58FJK,Sun Dec 03 2017 21:49:05 GMT-0500 (Eastern Standard Time),Sun Dec 03 2017 21:55:45 GMT-0500 (Eastern Standard Time),"Mozilla/5.0 (Windows NT 6.1; Win64; x64) AppleWebKit/537.36 (KHTML, like Gecko) Chrome/62.0.3202.94 Safari/537.36",58,"[0.8, 0.4, 0.2]","[0.9, 0.5, 0.1]","[u'blue', u'black', u'red']","[u'left', u'middle', u'right']","[0.8, 0.4, 0.2]","[u'low', u'high', u'medium']",blue,49,left,low,False,False,228,1150,NA
A341XKSRZ58FJK,Sun Dec 03 2017 21:49:05 GMT-0500 (Eastern Standard Time),Sun Dec 03 2017 21:55:45 GMT-0500 (Eastern Standard Time),"Mozilla/5.0 (Windows NT 6.1; Win64; x64) AppleWebKit/537.36 (KHTML, like Gecko) Chrome/62.0.3202.94 Safari/537.36",59,"[0.8, 0.4, 0.2]","[0.9, 0.5, 0.1]","[u'blue', u'black', u'red']","[u'left', u'middle', u'right']","[0.8, 0.4, 0.2]","[u'low', u'high', u'medium']",black,50,middle,high,True,False,443,1250,NA
A341XKSRZ58FJK,Sun Dec 03 2017 21:49:05 GMT-0500 (Eastern Standard Time),Sun Dec 03 2017 21:55:45 GMT-0500 (Eastern Standard Time),"Mozilla/5.0 (Windows NT 6.1; Win64; x64) AppleWebKit/537.36 (KHTML, like Gecko) Chrome/62.0.3202.94 Safari/537.36",60,"[0.8, 0.4, 0.2]","[0.9, 0.5, 0.1]","[u'blue', u'black', u'red']","[u'left', u'middle', u'right']","[0.8, 0.4, 0.2]","[u'low', u'high', u'medium']",black,50,middle,high,True,False,27,1350,NA
A341XKSRZ58FJK,Sun Dec 03 2017 21:49:05 GMT-0500 (Eastern Standard Time),Sun Dec 03 2017 21:55:45 GMT-0500 (Eastern Standard Time),"Mozilla/5.0 (Windows NT 6.1; Win64; x64) AppleWebKit/537.36 (KHTML, like Gecko) Chrome/62.0.3202.94 Safari/537.36",61,"[0.8, 0.4, 0.2]","[0.9, 0.5, 0.1]","[u'blue', u'black', u'red']","[u'left', u'middle', u'right']","[0.8, 0.4, 0.2]","[u'low', u'high', u'medium']",black,50,middle,high,True,False,180,1450,NA
A341XKSRZ58FJK,Sun Dec 03 2017 21:49:05 GMT-0500 (Eastern Standard Time),Sun Dec 03 2017 21:55:45 GMT-0500 (Eastern Standard Time),"Mozilla/5.0 (Windows NT 6.1; Win64; x64) AppleWebKit/537.36 (KHTML, like Gecko) Chrome/62.0.3202.94 Safari/537.36",62,"[0.8, 0.4, 0.2]","[0.9, 0.5, 0.1]","[u'blue', u'black', u'red']","[u'left', u'middle', u'right']","[0.8, 0.4, 0.2]","[u'low', u'high', u'medium']",black,50,middle,high,False,False,273,1400,NA
A341XKSRZ58FJK,Sun Dec 03 2017 21:49:05 GMT-0500 (Eastern Standard Time),Sun Dec 03 2017 21:55:45 GMT-0500 (Eastern Standard Time),"Mozilla/5.0 (Windows NT 6.1; Win64; x64) AppleWebKit/537.36 (KHTML, like Gecko) Chrome/62.0.3202.94 Safari/537.36",63,"[0.8, 0.4, 0.2]","[0.9, 0.5, 0.1]","[u'blue', u'black', u'red']","[u'left', u'middle', u'right']","[0.8, 0.4, 0.2]","[u'low', u'high', u'medium']",blue,49,left,low,False,False,296,1350,NA
A341XKSRZ58FJK,Sun Dec 03 2017 21:49:05 GMT-0500 (Eastern Standard Time),Sun Dec 03 2017 21:55:45 GMT-0500 (Eastern Standard Time),"Mozilla/5.0 (Windows NT 6.1; Win64; x64) AppleWebKit/537.36 (KHTML, like Gecko) Chrome/62.0.3202.94 Safari/537.36",64,"[0.8, 0.4, 0.2]","[0.9, 0.5, 0.1]","[u'blue', u'black', u'red']","[u'left', u'middle', u'right']","[0.8, 0.4, 0.2]","[u'low', u'high', u'medium']",black,50,middle,high,False,False,68,1300,NA
A341XKSRZ58FJK,Sun Dec 03 2017 21:49:05 GMT-0500 (Eastern Standard Time),Sun Dec 03 2017 21:55:45 GMT-0500 (Eastern Standard Time),"Mozilla/5.0 (Windows NT 6.1; Win64; x64) AppleWebKit/537.36 (KHTML, like Gecko) Chrome/62.0.3202.94 Safari/537.36",65,"[0.8, 0.4, 0.2]","[0.9, 0.5, 0.1]","[u'blue', u'black', u'red']","[u'left', u'middle', u'right']","[0.8, 0.4, 0.2]","[u'low', u'high', u'medium']",red,51,right,medium,True,False,435,1400,NA
A341XKSRZ58FJK,Sun Dec 03 2017 21:49:05 GMT-0500 (Eastern Standard Time),Sun Dec 03 2017 21:55:45 GMT-0500 (Eastern Standard Time),"Mozilla/5.0 (Windows NT 6.1; Win64; x64) AppleWebKit/537.36 (KHTML, like Gecko) Chrome/62.0.3202.94 Safari/537.36",66,"[0.8, 0.4, 0.2]","[0.9, 0.5, 0.1]","[u'blue', u'black', u'red']","[u'left', u'middle', u'right']","[0.8, 0.4, 0.2]","[u'low', u'high', u'medium']",red,51,right,medium,True,False,228,1500,NA
A341XKSRZ58FJK,Sun Dec 03 2017 21:49:05 GMT-0500 (Eastern Standard Time),Sun Dec 03 2017 21:55:45 GMT-0500 (Eastern Standard Time),"Mozilla/5.0 (Windows NT 6.1; Win64; x64) AppleWebKit/537.36 (KHTML, like Gecko) Chrome/62.0.3202.94 Safari/537.36",67,"[0.8, 0.4, 0.2]","[0.9, 0.5, 0.1]","[u'blue', u'black', u'red']","[u'left', u'middle', u'right']","[0.8, 0.4, 0.2]","[u'low', u'high', u'medium']",red,51,right,medium,False,False,60,1450,NA
A341XKSRZ58FJK,Sun Dec 03 2017 21:49:05 GMT-0500 (Eastern Standard Time),Sun Dec 03 2017 21:55:45 GMT-0500 (Eastern Standard Time),"Mozilla/5.0 (Windows NT 6.1; Win64; x64) AppleWebKit/537.36 (KHTML, like Gecko) Chrome/62.0.3202.94 Safari/537.36",68,"[0.8, 0.4, 0.2]","[0.9, 0.5, 0.1]","[u'blue', u'black', u'red']","[u'left', u'middle', u'right']","[0.8, 0.4, 0.2]","[u'low', u'high', u'medium']",blue,49,left,low,False,False,243,1400,NA
A341XKSRZ58FJK,Sun Dec 03 2017 21:49:05 GMT-0500 (Eastern Standard Time),Sun Dec 03 2017 21:55:45 GMT-0500 (Eastern Standard Time),"Mozilla/5.0 (Windows NT 6.1; Win64; x64) AppleWebKit/537.36 (KHTML, like Gecko) Chrome/62.0.3202.94 Safari/537.36",69,"[0.8, 0.4, 0.2]","[0.9, 0.5, 0.1]","[u'blue', u'black', u'red']","[u'left', u'middle', u'right']","[0.8, 0.4, 0.2]","[u'low', u'high', u'medium']",black,50,middle,high,True,False,499,1500,NA
A341XKSRZ58FJK,Sun Dec 03 2017 21:49:05 GMT-0500 (Eastern Standard Time),Sun Dec 03 2017 21:55:45 GMT-0500 (Eastern Standard Time),"Mozilla/5.0 (Windows NT 6.1; Win64; x64) AppleWebKit/537.36 (KHTML, like Gecko) Chrome/62.0.3202.94 Safari/537.36",70,"[0.8, 0.4, 0.2]","[0.9, 0.5, 0.1]","[u'blue', u'black', u'red']","[u'left', u'middle', u'right']","[0.8, 0.4, 0.2]","[u'low', u'high', u'medium']",black,50,middle,high,False,False,36,1450,NA
A341XKSRZ58FJK,Sun Dec 03 2017 21:49:05 GMT-0500 (Eastern Standard Time),Sun Dec 03 2017 21:55:45 GMT-0500 (Eastern Standard Time),"Mozilla/5.0 (Windows NT 6.1; Win64; x64) AppleWebKit/537.36 (KHTML, like Gecko) Chrome/62.0.3202.94 Safari/537.36",71,"[0.8, 0.4, 0.2]","[0.9, 0.5, 0.1]","[u'blue', u'black', u'red']","[u'left', u'middle', u'right']","[0.8, 0.4, 0.2]","[u'low', u'high', u'medium']",black,50,middle,high,True,False,299,1550,NA
A341XKSRZ58FJK,Sun Dec 03 2017 21:49:05 GMT-0500 (Eastern Standard Time),Sun Dec 03 2017 21:55:45 GMT-0500 (Eastern Standard Time),"Mozilla/5.0 (Windows NT 6.1; Win64; x64) AppleWebKit/537.36 (KHTML, like Gecko) Chrome/62.0.3202.94 Safari/537.36",72,"[0.8, 0.4, 0.2]","[0.9, 0.5, 0.1]","[u'blue', u'black', u'red']","[u'left', u'middle', u'right']","[0.8, 0.4, 0.2]","[u'low', u'high', u'medium']",black,50,middle,high,True,False,29,1650,NA
A341XKSRZ58FJK,Sun Dec 03 2017 21:49:05 GMT-0500 (Eastern Standard Time),Sun Dec 03 2017 21:55:45 GMT-0500 (Eastern Standard Time),"Mozilla/5.0 (Windows NT 6.1; Win64; x64) AppleWebKit/537.36 (KHTML, like Gecko) Chrome/62.0.3202.94 Safari/537.36",73,"[0.8, 0.4, 0.2]","[0.9, 0.5, 0.1]","[u'blue', u'black', u'red']","[u'left', u'middle', u'right']","[0.8, 0.4, 0.2]","[u'low', u'high', u'medium']",black,50,middle,high,True,False,252,1750,NA
A341XKSRZ58FJK,Sun Dec 03 2017 21:49:05 GMT-0500 (Eastern Standard Time),Sun Dec 03 2017 21:55:45 GMT-0500 (Eastern Standard Time),"Mozilla/5.0 (Windows NT 6.1; Win64; x64) AppleWebKit/537.36 (KHTML, like Gecko) Chrome/62.0.3202.94 Safari/537.36",74,"[0.8, 0.4, 0.2]","[0.9, 0.5, 0.1]","[u'blue', u'black', u'red']","[u'left', u'middle', u'right']","[0.8, 0.4, 0.2]","[u'low', u'high', u'medium']",black,50,middle,high,True,False,348,1850,NA
A341XKSRZ58FJK,Sun Dec 03 2017 21:49:05 GMT-0500 (Eastern Standard Time),Sun Dec 03 2017 21:55:45 GMT-0500 (Eastern Standard Time),"Mozilla/5.0 (Windows NT 6.1; Win64; x64) AppleWebKit/537.36 (KHTML, like Gecko) Chrome/62.0.3202.94 Safari/537.36",75,"[0.8, 0.4, 0.2]","[0.9, 0.5, 0.1]","[u'blue', u'black', u'red']","[u'left', u'middle', u'right']","[0.8, 0.4, 0.2]","[u'low', u'high', u'medium']",black,50,middle,high,False,False,300,1800,NA
A341XKSRZ58FJK,Sun Dec 03 2017 21:49:05 GMT-0500 (Eastern Standard Time),Sun Dec 03 2017 21:55:45 GMT-0500 (Eastern Standard Time),"Mozilla/5.0 (Windows NT 6.1; Win64; x64) AppleWebKit/537.36 (KHTML, like Gecko) Chrome/62.0.3202.94 Safari/537.36",76,"[0.8, 0.4, 0.2]","[0.9, 0.5, 0.1]","[u'blue', u'black', u'red']","[u'left', u'middle', u'right']","[0.8, 0.4, 0.2]","[u'low', u'high', u'medium']",blue,49,left,low,False,False,526,1750,NA
A341XKSRZ58FJK,Sun Dec 03 2017 21:49:05 GMT-0500 (Eastern Standard Time),Sun Dec 03 2017 21:55:45 GMT-0500 (Eastern Standard Time),"Mozilla/5.0 (Windows NT 6.1; Win64; x64) AppleWebKit/537.36 (KHTML, like Gecko) Chrome/62.0.3202.94 Safari/537.36",77,"[0.8, 0.4, 0.2]","[0.9, 0.5, 0.1]","[u'blue', u'black', u'red']","[u'left', u'middle', u'right']","[0.8, 0.4, 0.2]","[u'low', u'high', u'medium']",blue,49,left,low,False,False,561,1700,NA
A341XKSRZ58FJK,Sun Dec 03 2017 21:49:05 GMT-0500 (Eastern Standard Time),Sun Dec 03 2017 21:55:45 GMT-0500 (Eastern Standard Time),"Mozilla/5.0 (Windows NT 6.1; Win64; x64) AppleWebKit/537.36 (KHTML, like Gecko) Chrome/62.0.3202.94 Safari/537.36",78,"[0.8, 0.4, 0.2]","[0.9, 0.5, 0.1]","[u'blue', u'black', u'red']","[u'left', u'middle', u'right']","[0.8, 0.4, 0.2]","[u'low', u'high', u'medium']",red,51,right,medium,True,False,4,1800,NA
A341XKSRZ58FJK,Sun Dec 03 2017 21:49:05 GMT-0500 (Eastern Standard Time),Sun Dec 03 2017 21:55:45 GMT-0500 (Eastern Standard Time),"Mozilla/5.0 (Windows NT 6.1; Win64; x64) AppleWebKit/537.36 (KHTML, like Gecko) Chrome/62.0.3202.94 Safari/537.36",79,"[0.8, 0.4, 0.2]","[0.9, 0.5, 0.1]","[u'blue', u'black', u'red']","[u'left', u'middle', u'right']","[0.8, 0.4, 0.2]","[u'low', u'high', u'medium']",red,51,right,medium,False,False,251,1750,NA
A341XKSRZ58FJK,Sun Dec 03 2017 21:49:05 GMT-0500 (Eastern Standard Time),Sun Dec 03 2017 21:55:45 GMT-0500 (Eastern Standard Time),"Mozilla/5.0 (Windows NT 6.1; Win64; x64) AppleWebKit/537.36 (KHTML, like Gecko) Chrome/62.0.3202.94 Safari/537.36",80,"[0.8, 0.4, 0.2]","[0.9, 0.5, 0.1]","[u'blue', u'black', u'red']","[u'left', u'middle', u'right']","[0.8, 0.4, 0.2]","[u'low', u'high', u'medium']",red,51,right,medium,True,False,315,1850,NA
A341XKSRZ58FJK,Sun Dec 03 2017 21:49:05 GMT-0500 (Eastern Standard Time),Sun Dec 03 2017 21:55:45 GMT-0500 (Eastern Standard Time),"Mozilla/5.0 (Windows NT 6.1; Win64; x64) AppleWebKit/537.36 (KHTML, like Gecko) Chrome/62.0.3202.94 Safari/537.36",81,"[0.8, 0.4, 0.2]","[0.9, 0.5, 0.1]","[u'blue', u'black', u'red']","[u'left', u'middle', u'right']","[0.9, 0.5, 0.1]","[u'low', u'medium', u'high']",red,51,right,high,True,False,1667,1950,NA
A341XKSRZ58FJK,Sun Dec 03 2017 21:49:05 GMT-0500 (Eastern Standard Time),Sun Dec 03 2017 21:55:45 GMT-0500 (Eastern Standard Time),"Mozilla/5.0 (Windows NT 6.1; Win64; x64) AppleWebKit/537.36 (KHTML, like Gecko) Chrome/62.0.3202.94 Safari/537.36",82,"[0.8, 0.4, 0.2]","[0.9, 0.5, 0.1]","[u'blue', u'black', u'red']","[u'left', u'middle', u'right']","[0.9, 0.5, 0.1]","[u'low', u'medium', u'high']",black,50,middle,medium,False,False,571,1900,NA
A341XKSRZ58FJK,Sun Dec 03 2017 21:49:05 GMT-0500 (Eastern Standard Time),Sun Dec 03 2017 21:55:45 GMT-0500 (Eastern Standard Time),"Mozilla/5.0 (Windows NT 6.1; Win64; x64) AppleWebKit/537.36 (KHTML, like Gecko) Chrome/62.0.3202.94 Safari/537.36",83,"[0.8, 0.4, 0.2]","[0.9, 0.5, 0.1]","[u'blue', u'black', u'red']","[u'left', u'middle', u'right']","[0.9, 0.5, 0.1]","[u'low', u'medium', u'high']",red,51,right,high,True,False,332,2000,NA
A341XKSRZ58FJK,Sun Dec 03 2017 21:49:05 GMT-0500 (Eastern Standard Time),Sun Dec 03 2017 21:55:45 GMT-0500 (Eastern Standard Time),"Mozilla/5.0 (Windows NT 6.1; Win64; x64) AppleWebKit/537.36 (KHTML, like Gecko) Chrome/62.0.3202.94 Safari/537.36",84,"[0.8, 0.4, 0.2]","[0.9, 0.5, 0.1]","[u'blue', u'black', u'red']","[u'left', u'middle', u'right']","[0.9, 0.5, 0.1]","[u'low', u'medium', u'high']",red,51,right,high,False,False,84,1950,NA
A341XKSRZ58FJK,Sun Dec 03 2017 21:49:05 GMT-0500 (Eastern Standard Time),Sun Dec 03 2017 21:55:45 GMT-0500 (Eastern Standard Time),"Mozilla/5.0 (Windows NT 6.1; Win64; x64) AppleWebKit/537.36 (KHTML, like Gecko) Chrome/62.0.3202.94 Safari/537.36",85,"[0.8, 0.4, 0.2]","[0.9, 0.5, 0.1]","[u'blue', u'black', u'red']","[u'left', u'middle', u'right']","[0.9, 0.5, 0.1]","[u'low', u'medium', u'high']",blue,49,left,low,False,False,300,1900,NA
A341XKSRZ58FJK,Sun Dec 03 2017 21:49:05 GMT-0500 (Eastern Standard Time),Sun Dec 03 2017 21:55:45 GMT-0500 (Eastern Standard Time),"Mozilla/5.0 (Windows NT 6.1; Win64; x64) AppleWebKit/537.36 (KHTML, like Gecko) Chrome/62.0.3202.94 Safari/537.36",86,"[0.8, 0.4, 0.2]","[0.9, 0.5, 0.1]","[u'blue', u'black', u'red']","[u'left', u'middle', u'right']","[0.9, 0.5, 0.1]","[u'low', u'medium', u'high']",red,51,right,high,True,False,20,2000,NA
A341XKSRZ58FJK,Sun Dec 03 2017 21:49:05 GMT-0500 (Eastern Standard Time),Sun Dec 03 2017 21:55:45 GMT-0500 (Eastern Standard Time),"Mozilla/5.0 (Windows NT 6.1; Win64; x64) AppleWebKit/537.36 (KHTML, like Gecko) Chrome/62.0.3202.94 Safari/537.36",87,"[0.8, 0.4, 0.2]","[0.9, 0.5, 0.1]","[u'blue', u'black', u'red']","[u'left', u'middle', u'right']","[0.9, 0.5, 0.1]","[u'low', u'medium', u'high']",red,51,right,high,True,False,155,2100,NA
A341XKSRZ58FJK,Sun Dec 03 2017 21:49:05 GMT-0500 (Eastern Standard Time),Sun Dec 03 2017 21:55:45 GMT-0500 (Eastern Standard Time),"Mozilla/5.0 (Windows NT 6.1; Win64; x64) AppleWebKit/537.36 (KHTML, like Gecko) Chrome/62.0.3202.94 Safari/537.36",88,"[0.8, 0.4, 0.2]","[0.9, 0.5, 0.1]","[u'blue', u'black', u'red']","[u'left', u'middle', u'right']","[0.9, 0.5, 0.1]","[u'low', u'medium', u'high']",red,51,right,high,True,False,12,2200,NA
A341XKSRZ58FJK,Sun Dec 03 2017 21:49:05 GMT-0500 (Eastern Standard Time),Sun Dec 03 2017 21:55:45 GMT-0500 (Eastern Standard Time),"Mozilla/5.0 (Windows NT 6.1; Win64; x64) AppleWebKit/537.36 (KHTML, like Gecko) Chrome/62.0.3202.94 Safari/537.36",89,"[0.8, 0.4, 0.2]","[0.9, 0.5, 0.1]","[u'blue', u'black', u'red']","[u'left', u'middle', u'right']","[0.9, 0.5, 0.1]","[u'low', u'medium', u'high']",red,51,right,high,True,False,76,2300,NA
A341XKSRZ58FJK,Sun Dec 03 2017 21:49:05 GMT-0500 (Eastern Standard Time),Sun Dec 03 2017 21:55:45 GMT-0500 (Eastern Standard Time),"Mozilla/5.0 (Windows NT 6.1; Win64; x64) AppleWebKit/537.36 (KHTML, like Gecko) Chrome/62.0.3202.94 Safari/537.36",90,"[0.8, 0.4, 0.2]","[0.9, 0.5, 0.1]","[u'blue', u'black', u'red']","[u'left', u'middle', u'right']","[0.9, 0.5, 0.1]","[u'low', u'medium', u'high']",red,51,right,high,False,False,44,2250,NA
A341XKSRZ58FJK,Sun Dec 03 2017 21:49:05 GMT-0500 (Eastern Standard Time),Sun Dec 03 2017 21:55:45 GMT-0500 (Eastern Standard Time),"Mozilla/5.0 (Windows NT 6.1; Win64; x64) AppleWebKit/537.36 (KHTML, like Gecko) Chrome/62.0.3202.94 Safari/537.36",91,"[0.8, 0.4, 0.2]","[0.9, 0.5, 0.1]","[u'blue', u'black', u'red']","[u'left', u'middle', u'right']","[0.9, 0.5, 0.1]","[u'low', u'medium', u'high']",black,50,middle,medium,False,False,596,2200,NA
A341XKSRZ58FJK,Sun Dec 03 2017 21:49:05 GMT-0500 (Eastern Standard Time),Sun Dec 03 2017 21:55:45 GMT-0500 (Eastern Standard Time),"Mozilla/5.0 (Windows NT 6.1; Win64; x64) AppleWebKit/537.36 (KHTML, like Gecko) Chrome/62.0.3202.94 Safari/537.36",92,"[0.8, 0.4, 0.2]","[0.9, 0.5, 0.1]","[u'blue', u'black', u'red']","[u'left', u'middle', u'right']","[0.9, 0.5, 0.1]","[u'low', u'medium', u'high']",red,51,right,high,True,False,524,2300,NA
A341XKSRZ58FJK,Sun Dec 03 2017 21:49:05 GMT-0500 (Eastern Standard Time),Sun Dec 03 2017 21:55:45 GMT-0500 (Eastern Standard Time),"Mozilla/5.0 (Windows NT 6.1; Win64; x64) AppleWebKit/537.36 (KHTML, like Gecko) Chrome/62.0.3202.94 Safari/537.36",93,"[0.8, 0.4, 0.2]","[0.9, 0.5, 0.1]","[u'blue', u'black', u'red']","[u'left', u'middle', u'right']","[0.9, 0.5, 0.1]","[u'low', u'medium', u'high']",red,51,right,high,True,False,99,2400,NA
A341XKSRZ58FJK,Sun Dec 03 2017 21:49:05 GMT-0500 (Eastern Standard Time),Sun Dec 03 2017 21:55:45 GMT-0500 (Eastern Standard Time),"Mozilla/5.0 (Windows NT 6.1; Win64; x64) AppleWebKit/537.36 (KHTML, like Gecko) Chrome/62.0.3202.94 Safari/537.36",94,"[0.8, 0.4, 0.2]","[0.9, 0.5, 0.1]","[u'blue', u'black', u'red']","[u'left', u'middle', u'right']","[0.9, 0.5, 0.1]","[u'low', u'medium', u'high']",red,51,right,high,True,False,283,2500,NA
A341XKSRZ58FJK,Sun Dec 03 2017 21:49:05 GMT-0500 (Eastern Standard Time),Sun Dec 03 2017 21:55:45 GMT-0500 (Eastern Standard Time),"Mozilla/5.0 (Windows NT 6.1; Win64; x64) AppleWebKit/537.36 (KHTML, like Gecko) Chrome/62.0.3202.94 Safari/537.36",95,"[0.8, 0.4, 0.2]","[0.9, 0.5, 0.1]","[u'blue', u'black', u'red']","[u'left', u'middle', u'right']","[0.9, 0.5, 0.1]","[u'low', u'medium', u'high']",red,51,right,high,True,True,340,2600,NA
A341XKSRZ58FJK,Sun Dec 03 2017 21:49:05 GMT-0500 (Eastern Standard Time),Sun Dec 03 2017 21:55:45 GMT-0500 (Eastern Standard Time),"Mozilla/5.0 (Windows NT 6.1; Win64; x64) AppleWebKit/537.36 (KHTML, like Gecko) Chrome/62.0.3202.94 Safari/537.36",96,"[0.8, 0.4, 0.2]","[0.9, 0.5, 0.1]","[u'blue', u'black', u'red']","[u'left', u'middle', u'right']","[0.9, 0.5, 0.1]","[u'medium', u'high', u'low']",red,51,right,low,False,False,405,2550,NA
A341XKSRZ58FJK,Sun Dec 03 2017 21:49:05 GMT-0500 (Eastern Standard Time),Sun Dec 03 2017 21:55:45 GMT-0500 (Eastern Standard Time),"Mozilla/5.0 (Windows NT 6.1; Win64; x64) AppleWebKit/537.36 (KHTML, like Gecko) Chrome/62.0.3202.94 Safari/537.36",97,"[0.8, 0.4, 0.2]","[0.9, 0.5, 0.1]","[u'blue', u'black', u'red']","[u'left', u'middle', u'right']","[0.9, 0.5, 0.1]","[u'medium', u'high', u'low']",black,50,middle,high,True,False,124,2650,NA
A341XKSRZ58FJK,Sun Dec 03 2017 21:49:05 GMT-0500 (Eastern Standard Time),Sun Dec 03 2017 21:55:45 GMT-0500 (Eastern Standard Time),"Mozilla/5.0 (Windows NT 6.1; Win64; x64) AppleWebKit/537.36 (KHTML, like Gecko) Chrome/62.0.3202.94 Safari/537.36",98,"[0.8, 0.4, 0.2]","[0.9, 0.5, 0.1]","[u'blue', u'black', u'red']","[u'left', u'middle', u'right']","[0.9, 0.5, 0.1]","[u'medium', u'high', u'low']",black,50,middle,high,True,False,133,2750,NA
A341XKSRZ58FJK,Sun Dec 03 2017 21:49:05 GMT-0500 (Eastern Standard Time),Sun Dec 03 2017 21:55:45 GMT-0500 (Eastern Standard Time),"Mozilla/5.0 (Windows NT 6.1; Win64; x64) AppleWebKit/537.36 (KHTML, like Gecko) Chrome/62.0.3202.94 Safari/537.36",99,"[0.8, 0.4, 0.2]","[0.9, 0.5, 0.1]","[u'blue', u'black', u'red']","[u'left', u'middle', u'right']","[0.9, 0.5, 0.1]","[u'medium', u'high', u'low']",black,50,middle,high,True,False,283,2850,NA
A341XKSRZ58FJK,Sun Dec 03 2017 21:49:05 GMT-0500 (Eastern Standard Time),Sun Dec 03 2017 21:55:45 GMT-0500 (Eastern Standard Time),"Mozilla/5.0 (Windows NT 6.1; Win64; x64) AppleWebKit/537.36 (KHTML, like Gecko) Chrome/62.0.3202.94 Safari/537.36",100,"[0.8, 0.4, 0.2]","[0.9, 0.5, 0.1]","[u'blue', u'black', u'red']","[u'left', u'middle', u'right']","[0.9, 0.5, 0.1]","[u'medium', u'high', u'low']",black,50,middle,high,True,False,244,2950,NA
A341XKSRZ58FJK,Sun Dec 03 2017 21:49:05 GMT-0500 (Eastern Standard Time),Sun Dec 03 2017 21:55:45 GMT-0500 (Eastern Standard Time),"Mozilla/5.0 (Windows NT 6.1; Win64; x64) AppleWebKit/537.36 (KHTML, like Gecko) Chrome/62.0.3202.94 Safari/537.36",101,"[0.8, 0.4, 0.2]","[0.9, 0.5, 0.1]","[u'blue', u'black', u'red']","[u'left', u'middle', u'right']","[0.9, 0.5, 0.1]","[u'medium', u'high', u'low']",black,50,middle,high,True,False,423,3050,NA
A341XKSRZ58FJK,Sun Dec 03 2017 21:49:05 GMT-0500 (Eastern Standard Time),Sun Dec 03 2017 21:55:45 GMT-0500 (Eastern Standard Time),"Mozilla/5.0 (Windows NT 6.1; Win64; x64) AppleWebKit/537.36 (KHTML, like Gecko) Chrome/62.0.3202.94 Safari/537.36",102,"[0.8, 0.4, 0.2]","[0.9, 0.5, 0.1]","[u'blue', u'black', u'red']","[u'left', u'middle', u'right']","[0.9, 0.5, 0.1]","[u'medium', u'high', u'low']",black,50,middle,high,True,False,512,3150,NA
A341XKSRZ58FJK,Sun Dec 03 2017 21:49:05 GMT-0500 (Eastern Standard Time),Sun Dec 03 2017 21:55:45 GMT-0500 (Eastern Standard Time),"Mozilla/5.0 (Windows NT 6.1; Win64; x64) AppleWebKit/537.36 (KHTML, like Gecko) Chrome/62.0.3202.94 Safari/537.36",103,"[0.8, 0.4, 0.2]","[0.9, 0.5, 0.1]","[u'blue', u'black', u'red']","[u'left', u'middle', u'right']","[0.9, 0.5, 0.1]","[u'medium', u'high', u'low']",black,50,middle,high,True,False,427,3250,NA
A341XKSRZ58FJK,Sun Dec 03 2017 21:49:05 GMT-0500 (Eastern Standard Time),Sun Dec 03 2017 21:55:45 GMT-0500 (Eastern Standard Time),"Mozilla/5.0 (Windows NT 6.1; Win64; x64) AppleWebKit/537.36 (KHTML, like Gecko) Chrome/62.0.3202.94 Safari/537.36",104,"[0.8, 0.4, 0.2]","[0.9, 0.5, 0.1]","[u'blue', u'black', u'red']","[u'left', u'middle', u'right']","[0.9, 0.5, 0.1]","[u'medium', u'high', u'low']",black,50,middle,high,True,False,364,3350,NA
A341XKSRZ58FJK,Sun Dec 03 2017 21:49:05 GMT-0500 (Eastern Standard Time),Sun Dec 03 2017 21:55:45 GMT-0500 (Eastern Standard Time),"Mozilla/5.0 (Windows NT 6.1; Win64; x64) AppleWebKit/537.36 (KHTML, like Gecko) Chrome/62.0.3202.94 Safari/537.36",105,"[0.8, 0.4, 0.2]","[0.9, 0.5, 0.1]","[u'blue', u'black', u'red']","[u'left', u'middle', u'right']","[0.9, 0.5, 0.1]","[u'medium', u'high', u'low']",black,50,middle,high,True,True,419,3450,NA
A341XKSRZ58FJK,Sun Dec 03 2017 21:49:05 GMT-0500 (Eastern Standard Time),Sun Dec 03 2017 21:55:45 GMT-0500 (Eastern Standard Time),"Mozilla/5.0 (Windows NT 6.1; Win64; x64) AppleWebKit/537.36 (KHTML, like Gecko) Chrome/62.0.3202.94 Safari/537.36",106,"[0.8, 0.4, 0.2]","[0.9, 0.5, 0.1]","[u'blue', u'black', u'red']","[u'left', u'middle', u'right']","[0.9, 0.5, 0.1]","[u'medium', u'low', u'high']",black,50,middle,low,False,False,388,3400,NA
A341XKSRZ58FJK,Sun Dec 03 2017 21:49:05 GMT-0500 (Eastern Standard Time),Sun Dec 03 2017 21:55:45 GMT-0500 (Eastern Standard Time),"Mozilla/5.0 (Windows NT 6.1; Win64; x64) AppleWebKit/537.36 (KHTML, like Gecko) Chrome/62.0.3202.94 Safari/537.36",107,"[0.8, 0.4, 0.2]","[0.9, 0.5, 0.1]","[u'blue', u'black', u'red']","[u'left', u'middle', u'right']","[0.9, 0.5, 0.1]","[u'medium', u'low', u'high']",red,51,right,high,True,False,252,3500,NA
A341XKSRZ58FJK,Sun Dec 03 2017 21:49:05 GMT-0500 (Eastern Standard Time),Sun Dec 03 2017 21:55:45 GMT-0500 (Eastern Standard Time),"Mozilla/5.0 (Windows NT 6.1; Win64; x64) AppleWebKit/537.36 (KHTML, like Gecko) Chrome/62.0.3202.94 Safari/537.36",108,"[0.8, 0.4, 0.2]","[0.9, 0.5, 0.1]","[u'blue', u'black', u'red']","[u'left', u'middle', u'right']","[0.9, 0.5, 0.1]","[u'medium', u'low', u'high']",red,51,right,high,False,False,298,3450,NA
A341XKSRZ58FJK,Sun Dec 03 2017 21:49:05 GMT-0500 (Eastern Standard Time),Sun Dec 03 2017 21:55:45 GMT-0500 (Eastern Standard Time),"Mozilla/5.0 (Windows NT 6.1; Win64; x64) AppleWebKit/537.36 (KHTML, like Gecko) Chrome/62.0.3202.94 Safari/537.36",109,"[0.8, 0.4, 0.2]","[0.9, 0.5, 0.1]","[u'blue', u'black', u'red']","[u'left', u'middle', u'right']","[0.9, 0.5, 0.1]","[u'medium', u'low', u'high']",red,51,right,high,False,False,404,3400,NA
A341XKSRZ58FJK,Sun Dec 03 2017 21:49:05 GMT-0500 (Eastern Standard Time),Sun Dec 03 2017 21:55:45 GMT-0500 (Eastern Standard Time),"Mozilla/5.0 (Windows NT 6.1; Win64; x64) AppleWebKit/537.36 (KHTML, like Gecko) Chrome/62.0.3202.94 Safari/537.36",110,"[0.8, 0.4, 0.2]","[0.9, 0.5, 0.1]","[u'blue', u'black', u'red']","[u'left', u'middle', u'right']","[0.9, 0.5, 0.1]","[u'medium', u'low', u'high']",blue,49,left,medium,True,False,324,3500,NA
A341XKSRZ58FJK,Sun Dec 03 2017 21:49:05 GMT-0500 (Eastern Standard Time),Sun Dec 03 2017 21:55:45 GMT-0500 (Eastern Standard Time),"Mozilla/5.0 (Windows NT 6.1; Win64; x64) AppleWebKit/537.36 (KHTML, like Gecko) Chrome/62.0.3202.94 Safari/537.36",111,"[0.8, 0.4, 0.2]","[0.9, 0.5, 0.1]","[u'blue', u'black', u'red']","[u'left', u'middle', u'right']","[0.9, 0.5, 0.1]","[u'medium', u'low', u'high']",blue,49,left,medium,True,False,322,3600,NA
A341XKSRZ58FJK,Sun Dec 03 2017 21:49:05 GMT-0500 (Eastern Standard Time),Sun Dec 03 2017 21:55:45 GMT-0500 (Eastern Standard Time),"Mozilla/5.0 (Windows NT 6.1; Win64; x64) AppleWebKit/537.36 (KHTML, like Gecko) Chrome/62.0.3202.94 Safari/537.36",112,"[0.8, 0.4, 0.2]","[0.9, 0.5, 0.1]","[u'blue', u'black', u'red']","[u'left', u'middle', u'right']","[0.9, 0.5, 0.1]","[u'medium', u'low', u'high']",blue,49,left,medium,False,False,363,3550,NA
A341XKSRZ58FJK,Sun Dec 03 2017 21:49:05 GMT-0500 (Eastern Standard Time),Sun Dec 03 2017 21:55:45 GMT-0500 (Eastern Standard Time),"Mozilla/5.0 (Windows NT 6.1; Win64; x64) AppleWebKit/537.36 (KHTML, like Gecko) Chrome/62.0.3202.94 Safari/537.36",113,"[0.8, 0.4, 0.2]","[0.9, 0.5, 0.1]","[u'blue', u'black', u'red']","[u'left', u'middle', u'right']","[0.9, 0.5, 0.1]","[u'medium', u'low', u'high']",blue,49,left,medium,False,False,315,3500,NA
A341XKSRZ58FJK,Sun Dec 03 2017 21:49:05 GMT-0500 (Eastern Standard Time),Sun Dec 03 2017 21:55:45 GMT-0500 (Eastern Standard Time),"Mozilla/5.0 (Windows NT 6.1; Win64; x64) AppleWebKit/537.36 (KHTML, like Gecko) Chrome/62.0.3202.94 Safari/537.36",114,"[0.8, 0.4, 0.2]","[0.9, 0.5, 0.1]","[u'blue', u'black', u'red']","[u'left', u'middle', u'right']","[0.9, 0.5, 0.1]","[u'medium', u'low', u'high']",black,50,middle,low,False,False,195,3450,NA
A341XKSRZ58FJK,Sun Dec 03 2017 21:49:05 GMT-0500 (Eastern Standard Time),Sun Dec 03 2017 21:55:45 GMT-0500 (Eastern Standard Time),"Mozilla/5.0 (Windows NT 6.1; Win64; x64) AppleWebKit/537.36 (KHTML, like Gecko) Chrome/62.0.3202.94 Safari/537.36",115,"[0.8, 0.4, 0.2]","[0.9, 0.5, 0.1]","[u'blue', u'black', u'red']","[u'left', u'middle', u'right']","[0.9, 0.5, 0.1]","[u'medium', u'low', u'high']",red,51,right,high,True,False,7,3550,NA
A341XKSRZ58FJK,Sun Dec 03 2017 21:49:05 GMT-0500 (Eastern Standard Time),Sun Dec 03 2017 21:55:45 GMT-0500 (Eastern Standard Time),"Mozilla/5.0 (Windows NT 6.1; Win64; x64) AppleWebKit/537.36 (KHTML, like Gecko) Chrome/62.0.3202.94 Safari/537.36",116,"[0.8, 0.4, 0.2]","[0.9, 0.5, 0.1]","[u'blue', u'black', u'red']","[u'left', u'middle', u'right']","[0.9, 0.5, 0.1]","[u'medium', u'low', u'high']",red,51,right,high,True,False,11,3650,NA
A341XKSRZ58FJK,Sun Dec 03 2017 21:49:05 GMT-0500 (Eastern Standard Time),Sun Dec 03 2017 21:55:45 GMT-0500 (Eastern Standard Time),"Mozilla/5.0 (Windows NT 6.1; Win64; x64) AppleWebKit/537.36 (KHTML, like Gecko) Chrome/62.0.3202.94 Safari/537.36",117,"[0.8, 0.4, 0.2]","[0.9, 0.5, 0.1]","[u'blue', u'black', u'red']","[u'left', u'middle', u'right']","[0.9, 0.5, 0.1]","[u'medium', u'low', u'high']",red,51,right,high,True,False,195,3750,NA
A341XKSRZ58FJK,Sun Dec 03 2017 21:49:05 GMT-0500 (Eastern Standard Time),Sun Dec 03 2017 21:55:45 GMT-0500 (Eastern Standard Time),"Mozilla/5.0 (Windows NT 6.1; Win64; x64) AppleWebKit/537.36 (KHTML, like Gecko) Chrome/62.0.3202.94 Safari/537.36",118,"[0.8, 0.4, 0.2]","[0.9, 0.5, 0.1]","[u'blue', u'black', u'red']","[u'left', u'middle', u'right']","[0.9, 0.5, 0.1]","[u'medium', u'low', u'high']",red,51,right,high,True,False,340,3850,NA
A341XKSRZ58FJK,Sun Dec 03 2017 21:49:05 GMT-0500 (Eastern Standard Time),Sun Dec 03 2017 21:55:45 GMT-0500 (Eastern Standard Time),"Mozilla/5.0 (Windows NT 6.1; Win64; x64) AppleWebKit/537.36 (KHTML, like Gecko) Chrome/62.0.3202.94 Safari/537.36",119,"[0.8, 0.4, 0.2]","[0.9, 0.5, 0.1]","[u'blue', u'black', u'red']","[u'left', u'middle', u'right']","[0.9, 0.5, 0.1]","[u'medium', u'low', u'high']",red,51,right,high,True,False,324,3950,NA
A341XKSRZ58FJK,Sun Dec 03 2017 21:49:05 GMT-0500 (Eastern Standard Time),Sun Dec 03 2017 21:55:45 GMT-0500 (Eastern Standard Time),"Mozilla/5.0 (Windows NT 6.1; Win64; x64) AppleWebKit/537.36 (KHTML, like Gecko) Chrome/62.0.3202.94 Safari/537.36",120,"[0.8, 0.4, 0.2]","[0.9, 0.5, 0.1]","[u'blue', u'black', u'red']","[u'left', u'middle', u'right']","[0.9, 0.5, 0.1]","[u'medium', u'low', u'high']",red,51,right,high,True,False,310,4050,NA
A341XKSRZ58FJK,Sun Dec 03 2017 21:49:05 GMT-0500 (Eastern Standard Time),Sun Dec 03 2017 21:55:45 GMT-0500 (Eastern Standard Time),"Mozilla/5.0 (Windows NT 6.1; Win64; x64) AppleWebKit/537.36 (KHTML, like Gecko) Chrome/62.0.3202.94 Safari/537.36",121,"[0.8, 0.4, 0.2]","[0.9, 0.5, 0.1]","[u'blue', u'black', u'red']","[u'left', u'middle', u'right']","[0.9, 0.5, 0.1]","[u'low', u'high', u'medium']",black,50,middle,high,True,False,771,4150,NA
A341XKSRZ58FJK,Sun Dec 03 2017 21:49:05 GMT-0500 (Eastern Standard Time),Sun Dec 03 2017 21:55:45 GMT-0500 (Eastern Standard Time),"Mozilla/5.0 (Windows NT 6.1; Win64; x64) AppleWebKit/537.36 (KHTML, like Gecko) Chrome/62.0.3202.94 Safari/537.36",122,"[0.8, 0.4, 0.2]","[0.9, 0.5, 0.1]","[u'blue', u'black', u'red']","[u'left', u'middle', u'right']","[0.9, 0.5, 0.1]","[u'low', u'high', u'medium']",black,50,middle,high,True,False,123,4250,NA
A341XKSRZ58FJK,Sun Dec 03 2017 21:49:05 GMT-0500 (Eastern Standard Time),Sun Dec 03 2017 21:55:45 GMT-0500 (Eastern Standard Time),"Mozilla/5.0 (Windows NT 6.1; Win64; x64) AppleWebKit/537.36 (KHTML, like Gecko) Chrome/62.0.3202.94 Safari/537.36",123,"[0.8, 0.4, 0.2]","[0.9, 0.5, 0.1]","[u'blue', u'black', u'red']","[u'left', u'middle', u'right']","[0.9, 0.5, 0.1]","[u'low', u'high', u'medium']",black,50,middle,high,True,False,308,4350,NA
A341XKSRZ58FJK,Sun Dec 03 2017 21:49:05 GMT-0500 (Eastern Standard Time),Sun Dec 03 2017 21:55:45 GMT-0500 (Eastern Standard Time),"Mozilla/5.0 (Windows NT 6.1; Win64; x64) AppleWebKit/537.36 (KHTML, like Gecko) Chrome/62.0.3202.94 Safari/537.36",124,"[0.8, 0.4, 0.2]","[0.9, 0.5, 0.1]","[u'blue', u'black', u'red']","[u'left', u'middle', u'right']","[0.9, 0.5, 0.1]","[u'low', u'high', u'medium']",black,50,middle,high,True,False,300,4450,NA
A341XKSRZ58FJK,Sun Dec 03 2017 21:49:05 GMT-0500 (Eastern Standard Time),Sun Dec 03 2017 21:55:45 GMT-0500 (Eastern Standard Time),"Mozilla/5.0 (Windows NT 6.1; Win64; x64) AppleWebKit/537.36 (KHTML, like Gecko) Chrome/62.0.3202.94 Safari/537.36",125,"[0.8, 0.4, 0.2]","[0.9, 0.5, 0.1]","[u'blue', u'black', u'red']","[u'left', u'middle', u'right']","[0.9, 0.5, 0.1]","[u'low', u'high', u'medium']",black,50,middle,high,True,False,315,4550,NA
A341XKSRZ58FJK,Sun Dec 03 2017 21:49:05 GMT-0500 (Eastern Standard Time),Sun Dec 03 2017 21:55:45 GMT-0500 (Eastern Standard Time),"Mozilla/5.0 (Windows NT 6.1; Win64; x64) AppleWebKit/537.36 (KHTML, like Gecko) Chrome/62.0.3202.94 Safari/537.36",126,"[0.8, 0.4, 0.2]","[0.9, 0.5, 0.1]","[u'blue', u'black', u'red']","[u'left', u'middle', u'right']","[0.9, 0.5, 0.1]","[u'low', u'high', u'medium']",black,50,middle,high,True,False,340,4650,NA
A341XKSRZ58FJK,Sun Dec 03 2017 21:49:05 GMT-0500 (Eastern Standard Time),Sun Dec 03 2017 21:55:45 GMT-0500 (Eastern Standard Time),"Mozilla/5.0 (Windows NT 6.1; Win64; x64) AppleWebKit/537.36 (KHTML, like Gecko) Chrome/62.0.3202.94 Safari/537.36",127,"[0.8, 0.4, 0.2]","[0.9, 0.5, 0.1]","[u'blue', u'black', u'red']","[u'left', u'middle', u'right']","[0.9, 0.5, 0.1]","[u'low', u'high', u'medium']",black,50,middle,high,False,False,187,4600,NA
A341XKSRZ58FJK,Sun Dec 03 2017 21:49:05 GMT-0500 (Eastern Standard Time),Sun Dec 03 2017 21:55:45 GMT-0500 (Eastern Standard Time),"Mozilla/5.0 (Windows NT 6.1; Win64; x64) AppleWebKit/537.36 (KHTML, like Gecko) Chrome/62.0.3202.94 Safari/537.36",128,"[0.8, 0.4, 0.2]","[0.9, 0.5, 0.1]","[u'blue', u'black', u'red']","[u'left', u'middle', u'right']","[0.9, 0.5, 0.1]","[u'low', u'high', u'medium']",red,51,right,medium,False,False,292,4550,NA
A341XKSRZ58FJK,Sun Dec 03 2017 21:49:05 GMT-0500 (Eastern Standard Time),Sun Dec 03 2017 21:55:45 GMT-0500 (Eastern Standard Time),"Mozilla/5.0 (Windows NT 6.1; Win64; x64) AppleWebKit/537.36 (KHTML, like Gecko) Chrome/62.0.3202.94 Safari/537.36",129,"[0.8, 0.4, 0.2]","[0.9, 0.5, 0.1]","[u'blue', u'black', u'red']","[u'left', u'middle', u'right']","[0.9, 0.5, 0.1]","[u'low', u'high', u'medium']",red,51,right,medium,True,False,499,4650,NA
A341XKSRZ58FJK,Sun Dec 03 2017 21:49:05 GMT-0500 (Eastern Standard Time),Sun Dec 03 2017 21:55:45 GMT-0500 (Eastern Standard Time),"Mozilla/5.0 (Windows NT 6.1; Win64; x64) AppleWebKit/537.36 (KHTML, like Gecko) Chrome/62.0.3202.94 Safari/537.36",130,"[0.8, 0.4, 0.2]","[0.9, 0.5, 0.1]","[u'blue', u'black', u'red']","[u'left', u'middle', u'right']","[0.9, 0.5, 0.1]","[u'low', u'high', u'medium']",black,50,middle,high,True,False,876,4750,NA
A341XKSRZ58FJK,Sun Dec 03 2017 21:49:05 GMT-0500 (Eastern Standard Time),Sun Dec 03 2017 21:55:45 GMT-0500 (Eastern Standard Time),"Mozilla/5.0 (Windows NT 6.1; Win64; x64) AppleWebKit/537.36 (KHTML, like Gecko) Chrome/62.0.3202.94 Safari/537.36",131,"[0.8, 0.4, 0.2]","[0.9, 0.5, 0.1]","[u'blue', u'black', u'red']","[u'left', u'middle', u'right']","[0.9, 0.5, 0.1]","[u'low', u'high', u'medium']",black,50,middle,high,False,False,579,4700,NA
A341XKSRZ58FJK,Sun Dec 03 2017 21:49:05 GMT-0500 (Eastern Standard Time),Sun Dec 03 2017 21:55:45 GMT-0500 (Eastern Standard Time),"Mozilla/5.0 (Windows NT 6.1; Win64; x64) AppleWebKit/537.36 (KHTML, like Gecko) Chrome/62.0.3202.94 Safari/537.36",132,"[0.8, 0.4, 0.2]","[0.9, 0.5, 0.1]","[u'blue', u'black', u'red']","[u'left', u'middle', u'right']","[0.9, 0.5, 0.1]","[u'low', u'high', u'medium']",blue,49,left,low,False,False,349,4650,NA
A341XKSRZ58FJK,Sun Dec 03 2017 21:49:05 GMT-0500 (Eastern Standard Time),Sun Dec 03 2017 21:55:45 GMT-0500 (Eastern Standard Time),"Mozilla/5.0 (Windows NT 6.1; Win64; x64) AppleWebKit/537.36 (KHTML, like Gecko) Chrome/62.0.3202.94 Safari/537.36",133,"[0.8, 0.4, 0.2]","[0.9, 0.5, 0.1]","[u'blue', u'black', u'red']","[u'left', u'middle', u'right']","[0.9, 0.5, 0.1]","[u'low', u'high', u'medium']",red,51,right,medium,False,False,291,4600,NA
A341XKSRZ58FJK,Sun Dec 03 2017 21:49:05 GMT-0500 (Eastern Standard Time),Sun Dec 03 2017 21:55:45 GMT-0500 (Eastern Standard Time),"Mozilla/5.0 (Windows NT 6.1; Win64; x64) AppleWebKit/537.36 (KHTML, like Gecko) Chrome/62.0.3202.94 Safari/537.36",134,"[0.8, 0.4, 0.2]","[0.9, 0.5, 0.1]","[u'blue', u'black', u'red']","[u'left', u'middle', u'right']","[0.9, 0.5, 0.1]","[u'low', u'high', u'medium']",black,50,middle,high,True,False,836,4700,NA
A341XKSRZ58FJK,Sun Dec 03 2017 21:49:05 GMT-0500 (Eastern Standard Time),Sun Dec 03 2017 21:55:45 GMT-0500 (Eastern Standard Time),"Mozilla/5.0 (Windows NT 6.1; Win64; x64) AppleWebKit/537.36 (KHTML, like Gecko) Chrome/62.0.3202.94 Safari/537.36",135,"[0.8, 0.4, 0.2]","[0.9, 0.5, 0.1]","[u'blue', u'black', u'red']","[u'left', u'middle', u'right']","[0.9, 0.5, 0.1]","[u'low', u'high', u'medium']",red,51,right,medium,False,False,388,4650,NA
A341XKSRZ58FJK,Sun Dec 03 2017 21:49:05 GMT-0500 (Eastern Standard Time),Sun Dec 03 2017 21:55:45 GMT-0500 (Eastern Standard Time),"Mozilla/5.0 (Windows NT 6.1; Win64; x64) AppleWebKit/537.36 (KHTML, like Gecko) Chrome/62.0.3202.94 Safari/537.36",136,"[0.8, 0.4, 0.2]","[0.9, 0.5, 0.1]","[u'blue', u'black', u'red']","[u'left', u'middle', u'right']","[0.9, 0.5, 0.1]","[u'low', u'high', u'medium']",black,50,middle,high,True,False,36,4750,NA
A341XKSRZ58FJK,Sun Dec 03 2017 21:49:05 GMT-0500 (Eastern Standard Time),Sun Dec 03 2017 21:55:45 GMT-0500 (Eastern Standard Time),"Mozilla/5.0 (Windows NT 6.1; Win64; x64) AppleWebKit/537.36 (KHTML, like Gecko) Chrome/62.0.3202.94 Safari/537.36",137,"[0.8, 0.4, 0.2]","[0.9, 0.5, 0.1]","[u'blue', u'black', u'red']","[u'left', u'middle', u'right']","[0.9, 0.5, 0.1]","[u'low', u'high', u'medium']",black,50,middle,high,True,False,92,4850,NA
A341XKSRZ58FJK,Sun Dec 03 2017 21:49:05 GMT-0500 (Eastern Standard Time),Sun Dec 03 2017 21:55:45 GMT-0500 (Eastern Standard Time),"Mozilla/5.0 (Windows NT 6.1; Win64; x64) AppleWebKit/537.36 (KHTML, like Gecko) Chrome/62.0.3202.94 Safari/537.36",138,"[0.8, 0.4, 0.2]","[0.9, 0.5, 0.1]","[u'blue', u'black', u'red']","[u'left', u'middle', u'right']","[0.9, 0.5, 0.1]","[u'low', u'high', u'medium']",black,50,middle,high,True,False,667,4950,NA
A341XKSRZ58FJK,Sun Dec 03 2017 21:49:05 GMT-0500 (Eastern Standard Time),Sun Dec 03 2017 21:55:45 GMT-0500 (Eastern Standard Time),"Mozilla/5.0 (Windows NT 6.1; Win64; x64) AppleWebKit/537.36 (KHTML, like Gecko) Chrome/62.0.3202.94 Safari/537.36",139,"[0.8, 0.4, 0.2]","[0.9, 0.5, 0.1]","[u'blue', u'black', u'red']","[u'left', u'middle', u'right']","[0.9, 0.5, 0.1]","[u'low', u'high', u'medium']",black,50,middle,high,True,False,267,5050,NA
A341XKSRZ58FJK,Sun Dec 03 2017 21:49:05 GMT-0500 (Eastern Standard Time),Sun Dec 03 2017 21:55:45 GMT-0500 (Eastern Standard Time),"Mozilla/5.0 (Windows NT 6.1; Win64; x64) AppleWebKit/537.36 (KHTML, like Gecko) Chrome/62.0.3202.94 Safari/537.36",140,"[0.8, 0.4, 0.2]","[0.9, 0.5, 0.1]","[u'blue', u'black', u'red']","[u'left', u'middle', u'right']","[0.9, 0.5, 0.1]","[u'low', u'high', u'medium']",black,50,middle,high,True,False,171,5150,NA
A341XKSRZ58FJK,Sun Dec 03 2017 21:49:05 GMT-0500 (Eastern Standard Time),Sun Dec 03 2017 21:55:45 GMT-0500 (Eastern Standard Time),"Mozilla/5.0 (Windows NT 6.1; Win64; x64) AppleWebKit/537.36 (KHTML, like Gecko) Chrome/62.0.3202.94 Safari/537.36",141,"[0.8, 0.4, 0.2]","[0.9, 0.5, 0.1]","[u'blue', u'black', u'red']","[u'left', u'middle', u'right']","[0.9, 0.5, 0.1]","[u'low', u'high', u'medium']",black,50,middle,high,True,False,75,5250,NA
A341XKSRZ58FJK,Sun Dec 03 2017 21:49:05 GMT-0500 (Eastern Standard Time),Sun Dec 03 2017 21:55:45 GMT-0500 (Eastern Standard Time),"Mozilla/5.0 (Windows NT 6.1; Win64; x64) AppleWebKit/537.36 (KHTML, like Gecko) Chrome/62.0.3202.94 Safari/537.36",142,"[0.8, 0.4, 0.2]","[0.9, 0.5, 0.1]","[u'blue', u'black', u'red']","[u'left', u'middle', u'right']","[0.9, 0.5, 0.1]","[u'low', u'high', u'medium']",black,50,middle,high,True,False,156,5350,NA
A341XKSRZ58FJK,Sun Dec 03 2017 21:49:05 GMT-0500 (Eastern Standard Time),Sun Dec 03 2017 21:55:45 GMT-0500 (Eastern Standard Time),"Mozilla/5.0 (Windows NT 6.1; Win64; x64) AppleWebKit/537.36 (KHTML, like Gecko) Chrome/62.0.3202.94 Safari/537.36",143,"[0.8, 0.4, 0.2]","[0.9, 0.5, 0.1]","[u'blue', u'black', u'red']","[u'left', u'middle', u'right']","[0.9, 0.5, 0.1]","[u'low', u'high', u'medium']",black,50,middle,high,True,True,204,5450,NA
A341XKSRZ58FJK,Sun Dec 03 2017 21:49:05 GMT-0500 (Eastern Standard Time),Sun Dec 03 2017 21:55:45 GMT-0500 (Eastern Standard Time),"Mozilla/5.0 (Windows NT 6.1; Win64; x64) AppleWebKit/537.36 (KHTML, like Gecko) Chrome/62.0.3202.94 Safari/537.36",144,"[0.8, 0.4, 0.2]","[0.9, 0.5, 0.1]","[u'blue', u'black', u'red']","[u'left', u'middle', u'right']","[0.9, 0.5, 0.1]","[u'high', u'low', u'medium']",black,50,middle,low,False,False,259,5400,NA
A341XKSRZ58FJK,Sun Dec 03 2017 21:49:05 GMT-0500 (Eastern Standard Time),Sun Dec 03 2017 21:55:45 GMT-0500 (Eastern Standard Time),"Mozilla/5.0 (Windows NT 6.1; Win64; x64) AppleWebKit/537.36 (KHTML, like Gecko) Chrome/62.0.3202.94 Safari/537.36",145,"[0.8, 0.4, 0.2]","[0.9, 0.5, 0.1]","[u'blue', u'black', u'red']","[u'left', u'middle', u'right']","[0.9, 0.5, 0.1]","[u'high', u'low', u'medium']",red,51,right,medium,False,False,363,5350,NA
A341XKSRZ58FJK,Sun Dec 03 2017 21:49:05 GMT-0500 (Eastern Standard Time),Sun Dec 03 2017 21:55:45 GMT-0500 (Eastern Standard Time),"Mozilla/5.0 (Windows NT 6.1; Win64; x64) AppleWebKit/537.36 (KHTML, like Gecko) Chrome/62.0.3202.94 Safari/537.36",146,"[0.8, 0.4, 0.2]","[0.9, 0.5, 0.1]","[u'blue', u'black', u'red']","[u'left', u'middle', u'right']","[0.9, 0.5, 0.1]","[u'high', u'low', u'medium']",blue,49,left,high,True,False,436,5450,NA
A341XKSRZ58FJK,Sun Dec 03 2017 21:49:05 GMT-0500 (Eastern Standard Time),Sun Dec 03 2017 21:55:45 GMT-0500 (Eastern Standard Time),"Mozilla/5.0 (Windows NT 6.1; Win64; x64) AppleWebKit/537.36 (KHTML, like Gecko) Chrome/62.0.3202.94 Safari/537.36",147,"[0.8, 0.4, 0.2]","[0.9, 0.5, 0.1]","[u'blue', u'black', u'red']","[u'left', u'middle', u'right']","[0.9, 0.5, 0.1]","[u'high', u'low', u'medium']",blue,49,left,high,False,False,372,5400,NA
A341XKSRZ58FJK,Sun Dec 03 2017 21:49:05 GMT-0500 (Eastern Standard Time),Sun Dec 03 2017 21:55:45 GMT-0500 (Eastern Standard Time),"Mozilla/5.0 (Windows NT 6.1; Win64; x64) AppleWebKit/537.36 (KHTML, like Gecko) Chrome/62.0.3202.94 Safari/537.36",148,"[0.8, 0.4, 0.2]","[0.9, 0.5, 0.1]","[u'blue', u'black', u'red']","[u'left', u'middle', u'right']","[0.9, 0.5, 0.1]","[u'high', u'low', u'medium']",black,50,middle,low,False,False,267,5350,NA
A341XKSRZ58FJK,Sun Dec 03 2017 21:49:05 GMT-0500 (Eastern Standard Time),Sun Dec 03 2017 21:55:45 GMT-0500 (Eastern Standard Time),"Mozilla/5.0 (Windows NT 6.1; Win64; x64) AppleWebKit/537.36 (KHTML, like Gecko) Chrome/62.0.3202.94 Safari/537.36",149,"[0.8, 0.4, 0.2]","[0.9, 0.5, 0.1]","[u'blue', u'black', u'red']","[u'left', u'middle', u'right']","[0.9, 0.5, 0.1]","[u'high', u'low', u'medium']",blue,49,left,high,True,False,1,5450,NA
A341XKSRZ58FJK,Sun Dec 03 2017 21:49:05 GMT-0500 (Eastern Standard Time),Sun Dec 03 2017 21:55:45 GMT-0500 (Eastern Standard Time),"Mozilla/5.0 (Windows NT 6.1; Win64; x64) AppleWebKit/537.36 (KHTML, like Gecko) Chrome/62.0.3202.94 Safari/537.36",150,"[0.8, 0.4, 0.2]","[0.9, 0.5, 0.1]","[u'blue', u'black', u'red']","[u'left', u'middle', u'right']","[0.9, 0.5, 0.1]","[u'high', u'low', u'medium']",blue,49,left,high,True,False,394,5550,NA
A341XKSRZ58FJK,Sun Dec 03 2017 21:49:05 GMT-0500 (Eastern Standard Time),Sun Dec 03 2017 21:55:45 GMT-0500 (Eastern Standard Time),"Mozilla/5.0 (Windows NT 6.1; Win64; x64) AppleWebKit/537.36 (KHTML, like Gecko) Chrome/62.0.3202.94 Safari/537.36",151,"[0.8, 0.4, 0.2]","[0.9, 0.5, 0.1]","[u'blue', u'black', u'red']","[u'left', u'middle', u'right']","[0.9, 0.5, 0.1]","[u'high', u'low', u'medium']",blue,49,left,high,True,False,131,5650,NA
A341XKSRZ58FJK,Sun Dec 03 2017 21:49:05 GMT-0500 (Eastern Standard Time),Sun Dec 03 2017 21:55:45 GMT-0500 (Eastern Standard Time),"Mozilla/5.0 (Windows NT 6.1; Win64; x64) AppleWebKit/537.36 (KHTML, like Gecko) Chrome/62.0.3202.94 Safari/537.36",152,"[0.8, 0.4, 0.2]","[0.9, 0.5, 0.1]","[u'blue', u'black', u'red']","[u'left', u'middle', u'right']","[0.9, 0.5, 0.1]","[u'high', u'low', u'medium']",blue,49,left,high,False,False,237,5600,NA
A341XKSRZ58FJK,Sun Dec 03 2017 21:49:05 GMT-0500 (Eastern Standard Time),Sun Dec 03 2017 21:55:45 GMT-0500 (Eastern Standard Time),"Mozilla/5.0 (Windows NT 6.1; Win64; x64) AppleWebKit/537.36 (KHTML, like Gecko) Chrome/62.0.3202.94 Safari/537.36",153,"[0.8, 0.4, 0.2]","[0.9, 0.5, 0.1]","[u'blue', u'black', u'red']","[u'left', u'middle', u'right']","[0.9, 0.5, 0.1]","[u'high', u'low', u'medium']",black,50,middle,low,False,False,68,5550,NA
A341XKSRZ58FJK,Sun Dec 03 2017 21:49:05 GMT-0500 (Eastern Standard Time),Sun Dec 03 2017 21:55:45 GMT-0500 (Eastern Standard Time),"Mozilla/5.0 (Windows NT 6.1; Win64; x64) AppleWebKit/537.36 (KHTML, like Gecko) Chrome/62.0.3202.94 Safari/537.36",154,"[0.8, 0.4, 0.2]","[0.9, 0.5, 0.1]","[u'blue', u'black', u'red']","[u'left', u'middle', u'right']","[0.9, 0.5, 0.1]","[u'high', u'low', u'medium']",red,51,right,medium,True,False,428,5650,NA
A341XKSRZ58FJK,Sun Dec 03 2017 21:49:05 GMT-0500 (Eastern Standard Time),Sun Dec 03 2017 21:55:45 GMT-0500 (Eastern Standard Time),"Mozilla/5.0 (Windows NT 6.1; Win64; x64) AppleWebKit/537.36 (KHTML, like Gecko) Chrome/62.0.3202.94 Safari/537.36",155,"[0.8, 0.4, 0.2]","[0.9, 0.5, 0.1]","[u'blue', u'black', u'red']","[u'left', u'middle', u'right']","[0.9, 0.5, 0.1]","[u'high', u'low', u'medium']",red,51,right,medium,False,False,868,5600,NA
A341XKSRZ58FJK,Sun Dec 03 2017 21:49:05 GMT-0500 (Eastern Standard Time),Sun Dec 03 2017 21:55:45 GMT-0500 (Eastern Standard Time),"Mozilla/5.0 (Windows NT 6.1; Win64; x64) AppleWebKit/537.36 (KHTML, like Gecko) Chrome/62.0.3202.94 Safari/537.36",156,"[0.8, 0.4, 0.2]","[0.9, 0.5, 0.1]","[u'blue', u'black', u'red']","[u'left', u'middle', u'right']","[0.9, 0.5, 0.1]","[u'high', u'low', u'medium']",red,51,right,medium,False,False,284,5550,NA
A341XKSRZ58FJK,Sun Dec 03 2017 21:49:05 GMT-0500 (Eastern Standard Time),Sun Dec 03 2017 21:55:45 GMT-0500 (Eastern Standard Time),"Mozilla/5.0 (Windows NT 6.1; Win64; x64) AppleWebKit/537.36 (KHTML, like Gecko) Chrome/62.0.3202.94 Safari/537.36",157,"[0.8, 0.4, 0.2]","[0.9, 0.5, 0.1]","[u'blue', u'black', u'red']","[u'left', u'middle', u'right']","[0.9, 0.5, 0.1]","[u'high', u'low', u'medium']",black,50,middle,low,False,False,372,5500,NA
A341XKSRZ58FJK,Sun Dec 03 2017 21:49:05 GMT-0500 (Eastern Standard Time),Sun Dec 03 2017 21:55:45 GMT-0500 (Eastern Standard Time),"Mozilla/5.0 (Windows NT 6.1; Win64; x64) AppleWebKit/537.36 (KHTML, like Gecko) Chrome/62.0.3202.94 Safari/537.36",158,"[0.8, 0.4, 0.2]","[0.9, 0.5, 0.1]","[u'blue', u'black', u'red']","[u'left', u'middle', u'right']","[0.9, 0.5, 0.1]","[u'high', u'low', u'medium']",blue,49,left,high,True,False,475,5600,NA
A341XKSRZ58FJK,Sun Dec 03 2017 21:49:05 GMT-0500 (Eastern Standard Time),Sun Dec 03 2017 21:55:45 GMT-0500 (Eastern Standard Time),"Mozilla/5.0 (Windows NT 6.1; Win64; x64) AppleWebKit/537.36 (KHTML, like Gecko) Chrome/62.0.3202.94 Safari/537.36",159,"[0.8, 0.4, 0.2]","[0.9, 0.5, 0.1]","[u'blue', u'black', u'red']","[u'left', u'middle', u'right']","[0.9, 0.5, 0.1]","[u'high', u'low', u'medium']",blue,49,left,high,True,False,283,5700,NA
A341XKSRZ58FJK,Sun Dec 03 2017 21:49:05 GMT-0500 (Eastern Standard Time),Sun Dec 03 2017 21:55:45 GMT-0500 (Eastern Standard Time),"Mozilla/5.0 (Windows NT 6.1; Win64; x64) AppleWebKit/537.36 (KHTML, like Gecko) Chrome/62.0.3202.94 Safari/537.36",160,"[0.8, 0.4, 0.2]","[0.9, 0.5, 0.1]","[u'blue', u'black', u'red']","[u'left', u'middle', u'right']","[0.9, 0.5, 0.1]","[u'high', u'low', u'medium']",blue,49,left,high,True,False,59,5800,NA
