ANVAFB99K5RKP,Mon Dec 04 2017 08:05:24 GMT-0500 (EST),Mon Dec 04 2017 08:12:14 GMT-0500 (EST),"Mozilla/5.0 (Macintosh; Intel Mac OS X 10_11_6) AppleWebKit/537.36 (KHTML, like Gecko) Chrome/62.0.3202.89 Safari/537.36",1,"[0.8, 0.4, 0.2]","[0.8, 0.4, 0.2]","[u'blue', u'black', u'red']","[u'left', u'middle', u'right']","[0.8, 0.4, 0.2]","[u'high', u'low', u'medium']",black,50,middle,low,False,False,492,-50,NA
ANVAFB99K5RKP,Mon Dec 04 2017 08:05:24 GMT-0500 (EST),Mon Dec 04 2017 08:12:14 GMT-0500 (EST),"Mozilla/5.0 (Macintosh; Intel Mac OS X 10_11_6) AppleWebKit/537.36 (KHTML, like Gecko) Chrome/62.0.3202.89 Safari/537.36",2,"[0.8, 0.4, 0.2]","[0.8, 0.4, 0.2]","[u'blue', u'black', u'red']","[u'left', u'middle', u'right']","[0.8, 0.4, 0.2]","[u'high', u'low', u'medium']",red,51,right,medium,False,False,264,-100,NA
ANVAFB99K5RKP,Mon Dec 04 2017 08:05:24 GMT-0500 (EST),Mon Dec 04 2017 08:12:14 GMT-0500 (EST),"Mozilla/5.0 (Macintosh; Intel Mac OS X 10_11_6) AppleWebKit/537.36 (KHTML, like Gecko) Chrome/62.0.3202.89 Safari/537.36",3,"[0.8, 0.4, 0.2]","[0.8, 0.4, 0.2]","[u'blue', u'black', u'red']","[u'left', u'middle', u'right']","[0.8, 0.4, 0.2]","[u'high', u'low', u'medium']",blue,49,left,high,True,False,246,0,NA
ANVAFB99K5RKP,Mon Dec 04 2017 08:05:24 GMT-0500 (EST),Mon Dec 04 2017 08:12:14 GMT-0500 (EST),"Mozilla/5.0 (Macintosh; Intel Mac OS X 10_11_6) AppleWebKit/537.36 (KHTML, like Gecko) Chrome/62.0.3202.89 Safari/537.36",4,"[0.8, 0.4, 0.2]","[0.8, 0.4, 0.2]","[u'blue', u'black', u'red']","[u'left', u'middle', u'right']","[0.8, 0.4, 0.2]","[u'high', u'low', u'medium']",blue,49,left,high,True,False,259,100,NA
ANVAFB99K5RKP,Mon Dec 04 2017 08:05:24 GMT-0500 (EST),Mon Dec 04 2017 08:12:14 GMT-0500 (EST),"Mozilla/5.0 (Macintosh; Intel Mac OS X 10_11_6) AppleWebKit/537.36 (KHTML, like Gecko) Chrome/62.0.3202.89 Safari/537.36",5,"[0.8, 0.4, 0.2]","[0.8, 0.4, 0.2]","[u'blue', u'black', u'red']","[u'left', u'middle', u'right']","[0.8, 0.4, 0.2]","[u'high', u'low', u'medium']",blue,49,left,high,True,False,238,200,NA
ANVAFB99K5RKP,Mon Dec 04 2017 08:05:24 GMT-0500 (EST),Mon Dec 04 2017 08:12:14 GMT-0500 (EST),"Mozilla/5.0 (Macintosh; Intel Mac OS X 10_11_6) AppleWebKit/537.36 (KHTML, like Gecko) Chrome/62.0.3202.89 Safari/537.36",6,"[0.8, 0.4, 0.2]","[0.8, 0.4, 0.2]","[u'blue', u'black', u'red']","[u'left', u'middle', u'right']","[0.8, 0.4, 0.2]","[u'high', u'low', u'medium']",blue,49,left,high,False,False,168,150,NA
ANVAFB99K5RKP,Mon Dec 04 2017 08:05:24 GMT-0500 (EST),Mon Dec 04 2017 08:12:14 GMT-0500 (EST),"Mozilla/5.0 (Macintosh; Intel Mac OS X 10_11_6) AppleWebKit/537.36 (KHTML, like Gecko) Chrome/62.0.3202.89 Safari/537.36",7,"[0.8, 0.4, 0.2]","[0.8, 0.4, 0.2]","[u'blue', u'black', u'red']","[u'left', u'middle', u'right']","[0.8, 0.4, 0.2]","[u'high', u'low', u'medium']",blue,49,left,high,True,False,258,250,NA
ANVAFB99K5RKP,Mon Dec 04 2017 08:05:24 GMT-0500 (EST),Mon Dec 04 2017 08:12:14 GMT-0500 (EST),"Mozilla/5.0 (Macintosh; Intel Mac OS X 10_11_6) AppleWebKit/537.36 (KHTML, like Gecko) Chrome/62.0.3202.89 Safari/537.36",8,"[0.8, 0.4, 0.2]","[0.8, 0.4, 0.2]","[u'blue', u'black', u'red']","[u'left', u'middle', u'right']","[0.8, 0.4, 0.2]","[u'high', u'low', u'medium']",blue,49,left,high,True,False,53,350,NA
ANVAFB99K5RKP,Mon Dec 04 2017 08:05:24 GMT-0500 (EST),Mon Dec 04 2017 08:12:14 GMT-0500 (EST),"Mozilla/5.0 (Macintosh; Intel Mac OS X 10_11_6) AppleWebKit/537.36 (KHTML, like Gecko) Chrome/62.0.3202.89 Safari/537.36",9,"[0.8, 0.4, 0.2]","[0.8, 0.4, 0.2]","[u'blue', u'black', u'red']","[u'left', u'middle', u'right']","[0.8, 0.4, 0.2]","[u'high', u'low', u'medium']",blue,49,left,high,False,False,109,300,NA
ANVAFB99K5RKP,Mon Dec 04 2017 08:05:24 GMT-0500 (EST),Mon Dec 04 2017 08:12:14 GMT-0500 (EST),"Mozilla/5.0 (Macintosh; Intel Mac OS X 10_11_6) AppleWebKit/537.36 (KHTML, like Gecko) Chrome/62.0.3202.89 Safari/537.36",10,"[0.8, 0.4, 0.2]","[0.8, 0.4, 0.2]","[u'blue', u'black', u'red']","[u'left', u'middle', u'right']","[0.8, 0.4, 0.2]","[u'high', u'low', u'medium']",blue,49,left,high,True,False,270,400,NA
ANVAFB99K5RKP,Mon Dec 04 2017 08:05:24 GMT-0500 (EST),Mon Dec 04 2017 08:12:14 GMT-0500 (EST),"Mozilla/5.0 (Macintosh; Intel Mac OS X 10_11_6) AppleWebKit/537.36 (KHTML, like Gecko) Chrome/62.0.3202.89 Safari/537.36",11,"[0.8, 0.4, 0.2]","[0.8, 0.4, 0.2]","[u'blue', u'black', u'red']","[u'left', u'middle', u'right']","[0.8, 0.4, 0.2]","[u'high', u'low', u'medium']",blue,49,left,high,True,True,273,500,NA
ANVAFB99K5RKP,Mon Dec 04 2017 08:05:24 GMT-0500 (EST),Mon Dec 04 2017 08:12:14 GMT-0500 (EST),"Mozilla/5.0 (Macintosh; Intel Mac OS X 10_11_6) AppleWebKit/537.36 (KHTML, like Gecko) Chrome/62.0.3202.89 Safari/537.36",12,"[0.8, 0.4, 0.2]","[0.8, 0.4, 0.2]","[u'blue', u'black', u'red']","[u'left', u'middle', u'right']","[0.8, 0.4, 0.2]","[u'low', u'medium', u'high']",blue,49,left,low,False,False,249,450,NA
ANVAFB99K5RKP,Mon Dec 04 2017 08:05:24 GMT-0500 (EST),Mon Dec 04 2017 08:12:14 GMT-0500 (EST),"Mozilla/5.0 (Macintosh; Intel Mac OS X 10_11_6) AppleWebKit/537.36 (KHTML, like Gecko) Chrome/62.0.3202.89 Safari/537.36",13,"[0.8, 0.4, 0.2]","[0.8, 0.4, 0.2]","[u'blue', u'black', u'red']","[u'left', u'middle', u'right']","[0.8, 0.4, 0.2]","[u'low', u'medium', u'high']",blue,49,left,low,False,False,321,400,NA
ANVAFB99K5RKP,Mon Dec 04 2017 08:05:24 GMT-0500 (EST),Mon Dec 04 2017 08:12:14 GMT-0500 (EST),"Mozilla/5.0 (Macintosh; Intel Mac OS X 10_11_6) AppleWebKit/537.36 (KHTML, like Gecko) Chrome/62.0.3202.89 Safari/537.36",14,"[0.8, 0.4, 0.2]","[0.8, 0.4, 0.2]","[u'blue', u'black', u'red']","[u'left', u'middle', u'right']","[0.8, 0.4, 0.2]","[u'low', u'medium', u'high']",black,50,middle,medium,True,False,195,500,NA
ANVAFB99K5RKP,Mon Dec 04 2017 08:05:24 GMT-0500 (EST),Mon Dec 04 2017 08:12:14 GMT-0500 (EST),"Mozilla/5.0 (Macintosh; Intel Mac OS X 10_11_6) AppleWebKit/537.36 (KHTML, like Gecko) Chrome/62.0.3202.89 Safari/537.36",15,"[0.8, 0.4, 0.2]","[0.8, 0.4, 0.2]","[u'blue', u'black', u'red']","[u'left', u'middle', u'right']","[0.8, 0.4, 0.2]","[u'low', u'medium', u'high']",black,50,middle,medium,False,False,31,450,NA
ANVAFB99K5RKP,Mon Dec 04 2017 08:05:24 GMT-0500 (EST),Mon Dec 04 2017 08:12:14 GMT-0500 (EST),"Mozilla/5.0 (Macintosh; Intel Mac OS X 10_11_6) AppleWebKit/537.36 (KHTML, like Gecko) Chrome/62.0.3202.89 Safari/537.36",16,"[0.8, 0.4, 0.2]","[0.8, 0.4, 0.2]","[u'blue', u'black', u'red']","[u'left', u'middle', u'right']","[0.8, 0.4, 0.2]","[u'low', u'medium', u'high']",black,50,middle,medium,True,False,314,550,NA
ANVAFB99K5RKP,Mon Dec 04 2017 08:05:24 GMT-0500 (EST),Mon Dec 04 2017 08:12:14 GMT-0500 (EST),"Mozilla/5.0 (Macintosh; Intel Mac OS X 10_11_6) AppleWebKit/537.36 (KHTML, like Gecko) Chrome/62.0.3202.89 Safari/537.36",17,"[0.8, 0.4, 0.2]","[0.8, 0.4, 0.2]","[u'blue', u'black', u'red']","[u'left', u'middle', u'right']","[0.8, 0.4, 0.2]","[u'low', u'medium', u'high']",black,50,middle,medium,False,False,54,500,NA
ANVAFB99K5RKP,Mon Dec 04 2017 08:05:24 GMT-0500 (EST),Mon Dec 04 2017 08:12:14 GMT-0500 (EST),"Mozilla/5.0 (Macintosh; Intel Mac OS X 10_11_6) AppleWebKit/537.36 (KHTML, like Gecko) Chrome/62.0.3202.89 Safari/537.36",18,"[0.8, 0.4, 0.2]","[0.8, 0.4, 0.2]","[u'blue', u'black', u'red']","[u'left', u'middle', u'right']","[0.8, 0.4, 0.2]","[u'low', u'medium', u'high']",red,51,right,high,True,False,296,600,NA
ANVAFB99K5RKP,Mon Dec 04 2017 08:05:24 GMT-0500 (EST),Mon Dec 04 2017 08:12:14 GMT-0500 (EST),"Mozilla/5.0 (Macintosh; Intel Mac OS X 10_11_6) AppleWebKit/537.36 (KHTML, like Gecko) Chrome/62.0.3202.89 Safari/537.36",19,"[0.8, 0.4, 0.2]","[0.8, 0.4, 0.2]","[u'blue', u'black', u'red']","[u'left', u'middle', u'right']","[0.8, 0.4, 0.2]","[u'low', u'medium', u'high']",red,51,right,high,True,False,288,700,NA
ANVAFB99K5RKP,Mon Dec 04 2017 08:05:24 GMT-0500 (EST),Mon Dec 04 2017 08:12:14 GMT-0500 (EST),"Mozilla/5.0 (Macintosh; Intel Mac OS X 10_11_6) AppleWebKit/537.36 (KHTML, like Gecko) Chrome/62.0.3202.89 Safari/537.36",20,"[0.8, 0.4, 0.2]","[0.8, 0.4, 0.2]","[u'blue', u'black', u'red']","[u'left', u'middle', u'right']","[0.8, 0.4, 0.2]","[u'low', u'medium', u'high']",red,51,right,high,True,False,272,800,NA
ANVAFB99K5RKP,Mon Dec 04 2017 08:05:24 GMT-0500 (EST),Mon Dec 04 2017 08:12:14 GMT-0500 (EST),"Mozilla/5.0 (Macintosh; Intel Mac OS X 10_11_6) AppleWebKit/537.36 (KHTML, like Gecko) Chrome/62.0.3202.89 Safari/537.36",21,"[0.8, 0.4, 0.2]","[0.8, 0.4, 0.2]","[u'blue', u'black', u'red']","[u'left', u'middle', u'right']","[0.8, 0.4, 0.2]","[u'low', u'medium', u'high']",red,51,right,high,False,False,343,750,NA
ANVAFB99K5RKP,Mon Dec 04 2017 08:05:24 GMT-0500 (EST),Mon Dec 04 2017 08:12:14 GMT-0500 (EST),"Mozilla/5.0 (Macintosh; Intel Mac OS X 10_11_6) AppleWebKit/537.36 (KHTML, like Gecko) Chrome/62.0.3202.89 Safari/537.36",22,"[0.8, 0.4, 0.2]","[0.8, 0.4, 0.2]","[u'blue', u'black', u'red']","[u'left', u'middle', u'right']","[0.8, 0.4, 0.2]","[u'low', u'medium', u'high']",red,51,right,high,True,False,664,850,NA
ANVAFB99K5RKP,Mon Dec 04 2017 08:05:24 GMT-0500 (EST),Mon Dec 04 2017 08:12:14 GMT-0500 (EST),"Mozilla/5.0 (Macintosh; Intel Mac OS X 10_11_6) AppleWebKit/537.36 (KHTML, like Gecko) Chrome/62.0.3202.89 Safari/537.36",23,"[0.8, 0.4, 0.2]","[0.8, 0.4, 0.2]","[u'blue', u'black', u'red']","[u'left', u'middle', u'right']","[0.8, 0.4, 0.2]","[u'low', u'medium', u'high']",red,51,right,high,True,False,406,950,NA
ANVAFB99K5RKP,Mon Dec 04 2017 08:05:24 GMT-0500 (EST),Mon Dec 04 2017 08:12:14 GMT-0500 (EST),"Mozilla/5.0 (Macintosh; Intel Mac OS X 10_11_6) AppleWebKit/537.36 (KHTML, like Gecko) Chrome/62.0.3202.89 Safari/537.36",24,"[0.8, 0.4, 0.2]","[0.8, 0.4, 0.2]","[u'blue', u'black', u'red']","[u'left', u'middle', u'right']","[0.8, 0.4, 0.2]","[u'low', u'medium', u'high']",red,51,right,high,True,False,263,1050,NA
ANVAFB99K5RKP,Mon Dec 04 2017 08:05:24 GMT-0500 (EST),Mon Dec 04 2017 08:12:14 GMT-0500 (EST),"Mozilla/5.0 (Macintosh; Intel Mac OS X 10_11_6) AppleWebKit/537.36 (KHTML, like Gecko) Chrome/62.0.3202.89 Safari/537.36",25,"[0.8, 0.4, 0.2]","[0.8, 0.4, 0.2]","[u'blue', u'black', u'red']","[u'left', u'middle', u'right']","[0.8, 0.4, 0.2]","[u'low', u'medium', u'high']",red,51,right,high,True,False,563,1150,NA
ANVAFB99K5RKP,Mon Dec 04 2017 08:05:24 GMT-0500 (EST),Mon Dec 04 2017 08:12:14 GMT-0500 (EST),"Mozilla/5.0 (Macintosh; Intel Mac OS X 10_11_6) AppleWebKit/537.36 (KHTML, like Gecko) Chrome/62.0.3202.89 Safari/537.36",26,"[0.8, 0.4, 0.2]","[0.8, 0.4, 0.2]","[u'blue', u'black', u'red']","[u'left', u'middle', u'right']","[0.8, 0.4, 0.2]","[u'low', u'medium', u'high']",red,51,right,high,True,True,1212,1250,NA
ANVAFB99K5RKP,Mon Dec 04 2017 08:05:24 GMT-0500 (EST),Mon Dec 04 2017 08:12:14 GMT-0500 (EST),"Mozilla/5.0 (Macintosh; Intel Mac OS X 10_11_6) AppleWebKit/537.36 (KHTML, like Gecko) Chrome/62.0.3202.89 Safari/537.36",27,"[0.8, 0.4, 0.2]","[0.8, 0.4, 0.2]","[u'blue', u'black', u'red']","[u'left', u'middle', u'right']","[0.8, 0.4, 0.2]","[u'low', u'high', u'medium']",red,51,right,medium,False,False,630,1200,NA
ANVAFB99K5RKP,Mon Dec 04 2017 08:05:24 GMT-0500 (EST),Mon Dec 04 2017 08:12:14 GMT-0500 (EST),"Mozilla/5.0 (Macintosh; Intel Mac OS X 10_11_6) AppleWebKit/537.36 (KHTML, like Gecko) Chrome/62.0.3202.89 Safari/537.36",28,"[0.8, 0.4, 0.2]","[0.8, 0.4, 0.2]","[u'blue', u'black', u'red']","[u'left', u'middle', u'right']","[0.8, 0.4, 0.2]","[u'low', u'high', u'medium']",red,51,right,medium,False,False,526,1150,NA
ANVAFB99K5RKP,Mon Dec 04 2017 08:05:24 GMT-0500 (EST),Mon Dec 04 2017 08:12:14 GMT-0500 (EST),"Mozilla/5.0 (Macintosh; Intel Mac OS X 10_11_6) AppleWebKit/537.36 (KHTML, like Gecko) Chrome/62.0.3202.89 Safari/537.36",29,"[0.8, 0.4, 0.2]","[0.8, 0.4, 0.2]","[u'blue', u'black', u'red']","[u'left', u'middle', u'right']","[0.8, 0.4, 0.2]","[u'low', u'high', u'medium']",blue,49,left,low,False,False,120,1100,NA
ANVAFB99K5RKP,Mon Dec 04 2017 08:05:24 GMT-0500 (EST),Mon Dec 04 2017 08:12:14 GMT-0500 (EST),"Mozilla/5.0 (Macintosh; Intel Mac OS X 10_11_6) AppleWebKit/537.36 (KHTML, like Gecko) Chrome/62.0.3202.89 Safari/537.36",30,"[0.8, 0.4, 0.2]","[0.8, 0.4, 0.2]","[u'blue', u'black', u'red']","[u'left', u'middle', u'right']","[0.8, 0.4, 0.2]","[u'low', u'high', u'medium']",black,50,middle,high,True,False,24,1200,NA
ANVAFB99K5RKP,Mon Dec 04 2017 08:05:24 GMT-0500 (EST),Mon Dec 04 2017 08:12:14 GMT-0500 (EST),"Mozilla/5.0 (Macintosh; Intel Mac OS X 10_11_6) AppleWebKit/537.36 (KHTML, like Gecko) Chrome/62.0.3202.89 Safari/537.36",31,"[0.8, 0.4, 0.2]","[0.8, 0.4, 0.2]","[u'blue', u'black', u'red']","[u'left', u'middle', u'right']","[0.8, 0.4, 0.2]","[u'low', u'high', u'medium']",black,50,middle,high,True,False,1312,1300,NA
ANVAFB99K5RKP,Mon Dec 04 2017 08:05:24 GMT-0500 (EST),Mon Dec 04 2017 08:12:14 GMT-0500 (EST),"Mozilla/5.0 (Macintosh; Intel Mac OS X 10_11_6) AppleWebKit/537.36 (KHTML, like Gecko) Chrome/62.0.3202.89 Safari/537.36",32,"[0.8, 0.4, 0.2]","[0.8, 0.4, 0.2]","[u'blue', u'black', u'red']","[u'left', u'middle', u'right']","[0.8, 0.4, 0.2]","[u'low', u'high', u'medium']",black,50,middle,high,True,False,1208,1400,NA
ANVAFB99K5RKP,Mon Dec 04 2017 08:05:24 GMT-0500 (EST),Mon Dec 04 2017 08:12:14 GMT-0500 (EST),"Mozilla/5.0 (Macintosh; Intel Mac OS X 10_11_6) AppleWebKit/537.36 (KHTML, like Gecko) Chrome/62.0.3202.89 Safari/537.36",33,"[0.8, 0.4, 0.2]","[0.8, 0.4, 0.2]","[u'blue', u'black', u'red']","[u'left', u'middle', u'right']","[0.8, 0.4, 0.2]","[u'low', u'high', u'medium']",black,50,middle,high,True,False,427,1500,NA
ANVAFB99K5RKP,Mon Dec 04 2017 08:05:24 GMT-0500 (EST),Mon Dec 04 2017 08:12:14 GMT-0500 (EST),"Mozilla/5.0 (Macintosh; Intel Mac OS X 10_11_6) AppleWebKit/537.36 (KHTML, like Gecko) Chrome/62.0.3202.89 Safari/537.36",34,"[0.8, 0.4, 0.2]","[0.8, 0.4, 0.2]","[u'blue', u'black', u'red']","[u'left', u'middle', u'right']","[0.8, 0.4, 0.2]","[u'low', u'high', u'medium']",black,50,middle,high,False,False,1241,1450,NA
ANVAFB99K5RKP,Mon Dec 04 2017 08:05:24 GMT-0500 (EST),Mon Dec 04 2017 08:12:14 GMT-0500 (EST),"Mozilla/5.0 (Macintosh; Intel Mac OS X 10_11_6) AppleWebKit/537.36 (KHTML, like Gecko) Chrome/62.0.3202.89 Safari/537.36",35,"[0.8, 0.4, 0.2]","[0.8, 0.4, 0.2]","[u'blue', u'black', u'red']","[u'left', u'middle', u'right']","[0.8, 0.4, 0.2]","[u'low', u'high', u'medium']",black,50,middle,high,True,False,227,1550,NA
ANVAFB99K5RKP,Mon Dec 04 2017 08:05:24 GMT-0500 (EST),Mon Dec 04 2017 08:12:14 GMT-0500 (EST),"Mozilla/5.0 (Macintosh; Intel Mac OS X 10_11_6) AppleWebKit/537.36 (KHTML, like Gecko) Chrome/62.0.3202.89 Safari/537.36",36,"[0.8, 0.4, 0.2]","[0.8, 0.4, 0.2]","[u'blue', u'black', u'red']","[u'left', u'middle', u'right']","[0.8, 0.4, 0.2]","[u'low', u'high', u'medium']",black,50,middle,high,True,False,1938,1650,NA
ANVAFB99K5RKP,Mon Dec 04 2017 08:05:24 GMT-0500 (EST),Mon Dec 04 2017 08:12:14 GMT-0500 (EST),"Mozilla/5.0 (Macintosh; Intel Mac OS X 10_11_6) AppleWebKit/537.36 (KHTML, like Gecko) Chrome/62.0.3202.89 Safari/537.36",37,"[0.8, 0.4, 0.2]","[0.8, 0.4, 0.2]","[u'blue', u'black', u'red']","[u'left', u'middle', u'right']","[0.8, 0.4, 0.2]","[u'low', u'high', u'medium']",black,50,middle,high,True,False,75,1750,NA
ANVAFB99K5RKP,Mon Dec 04 2017 08:05:24 GMT-0500 (EST),Mon Dec 04 2017 08:12:14 GMT-0500 (EST),"Mozilla/5.0 (Macintosh; Intel Mac OS X 10_11_6) AppleWebKit/537.36 (KHTML, like Gecko) Chrome/62.0.3202.89 Safari/537.36",38,"[0.8, 0.4, 0.2]","[0.8, 0.4, 0.2]","[u'blue', u'black', u'red']","[u'left', u'middle', u'right']","[0.8, 0.4, 0.2]","[u'low', u'high', u'medium']",black,50,middle,high,True,True,354,1850,NA
ANVAFB99K5RKP,Mon Dec 04 2017 08:05:24 GMT-0500 (EST),Mon Dec 04 2017 08:12:14 GMT-0500 (EST),"Mozilla/5.0 (Macintosh; Intel Mac OS X 10_11_6) AppleWebKit/537.36 (KHTML, like Gecko) Chrome/62.0.3202.89 Safari/537.36",39,"[0.8, 0.4, 0.2]","[0.8, 0.4, 0.2]","[u'blue', u'black', u'red']","[u'left', u'middle', u'right']","[0.8, 0.4, 0.2]","[u'low', u'medium', u'high']",black,50,middle,medium,True,False,1162,1950,NA
ANVAFB99K5RKP,Mon Dec 04 2017 08:05:24 GMT-0500 (EST),Mon Dec 04 2017 08:12:14 GMT-0500 (EST),"Mozilla/5.0 (Macintosh; Intel Mac OS X 10_11_6) AppleWebKit/537.36 (KHTML, like Gecko) Chrome/62.0.3202.89 Safari/537.36",40,"[0.8, 0.4, 0.2]","[0.8, 0.4, 0.2]","[u'blue', u'black', u'red']","[u'left', u'middle', u'right']","[0.8, 0.4, 0.2]","[u'low', u'medium', u'high']",black,50,middle,medium,False,False,319,1900,NA
ANVAFB99K5RKP,Mon Dec 04 2017 08:05:24 GMT-0500 (EST),Mon Dec 04 2017 08:12:14 GMT-0500 (EST),"Mozilla/5.0 (Macintosh; Intel Mac OS X 10_11_6) AppleWebKit/537.36 (KHTML, like Gecko) Chrome/62.0.3202.89 Safari/537.36",41,"[0.8, 0.4, 0.2]","[0.8, 0.4, 0.2]","[u'blue', u'black', u'red']","[u'left', u'middle', u'right']","[0.8, 0.4, 0.2]","[u'high', u'low', u'medium']",black,50,middle,low,False,False,384,1850,NA
ANVAFB99K5RKP,Mon Dec 04 2017 08:05:24 GMT-0500 (EST),Mon Dec 04 2017 08:12:14 GMT-0500 (EST),"Mozilla/5.0 (Macintosh; Intel Mac OS X 10_11_6) AppleWebKit/537.36 (KHTML, like Gecko) Chrome/62.0.3202.89 Safari/537.36",42,"[0.8, 0.4, 0.2]","[0.8, 0.4, 0.2]","[u'blue', u'black', u'red']","[u'left', u'middle', u'right']","[0.8, 0.4, 0.2]","[u'high', u'low', u'medium']",red,51,right,medium,False,False,311,1800,NA
ANVAFB99K5RKP,Mon Dec 04 2017 08:05:24 GMT-0500 (EST),Mon Dec 04 2017 08:12:14 GMT-0500 (EST),"Mozilla/5.0 (Macintosh; Intel Mac OS X 10_11_6) AppleWebKit/537.36 (KHTML, like Gecko) Chrome/62.0.3202.89 Safari/537.36",43,"[0.8, 0.4, 0.2]","[0.8, 0.4, 0.2]","[u'blue', u'black', u'red']","[u'left', u'middle', u'right']","[0.8, 0.4, 0.2]","[u'high', u'low', u'medium']",blue,49,left,high,True,False,415,1900,NA
ANVAFB99K5RKP,Mon Dec 04 2017 08:05:24 GMT-0500 (EST),Mon Dec 04 2017 08:12:14 GMT-0500 (EST),"Mozilla/5.0 (Macintosh; Intel Mac OS X 10_11_6) AppleWebKit/537.36 (KHTML, like Gecko) Chrome/62.0.3202.89 Safari/537.36",44,"[0.8, 0.4, 0.2]","[0.8, 0.4, 0.2]","[u'blue', u'black', u'red']","[u'left', u'middle', u'right']","[0.8, 0.4, 0.2]","[u'high', u'low', u'medium']",blue,49,left,high,True,False,238,2000,NA
ANVAFB99K5RKP,Mon Dec 04 2017 08:05:24 GMT-0500 (EST),Mon Dec 04 2017 08:12:14 GMT-0500 (EST),"Mozilla/5.0 (Macintosh; Intel Mac OS X 10_11_6) AppleWebKit/537.36 (KHTML, like Gecko) Chrome/62.0.3202.89 Safari/537.36",45,"[0.8, 0.4, 0.2]","[0.8, 0.4, 0.2]","[u'blue', u'black', u'red']","[u'left', u'middle', u'right']","[0.8, 0.4, 0.2]","[u'high', u'low', u'medium']",blue,49,left,high,True,False,244,2100,NA
ANVAFB99K5RKP,Mon Dec 04 2017 08:05:24 GMT-0500 (EST),Mon Dec 04 2017 08:12:14 GMT-0500 (EST),"Mozilla/5.0 (Macintosh; Intel Mac OS X 10_11_6) AppleWebKit/537.36 (KHTML, like Gecko) Chrome/62.0.3202.89 Safari/537.36",46,"[0.8, 0.4, 0.2]","[0.8, 0.4, 0.2]","[u'blue', u'black', u'red']","[u'left', u'middle', u'right']","[0.8, 0.4, 0.2]","[u'high', u'low', u'medium']",blue,49,left,high,True,False,313,2200,NA
ANVAFB99K5RKP,Mon Dec 04 2017 08:05:24 GMT-0500 (EST),Mon Dec 04 2017 08:12:14 GMT-0500 (EST),"Mozilla/5.0 (Macintosh; Intel Mac OS X 10_11_6) AppleWebKit/537.36 (KHTML, like Gecko) Chrome/62.0.3202.89 Safari/537.36",47,"[0.8, 0.4, 0.2]","[0.8, 0.4, 0.2]","[u'blue', u'black', u'red']","[u'left', u'middle', u'right']","[0.8, 0.4, 0.2]","[u'high', u'low', u'medium']",blue,49,left,high,True,False,297,2300,NA
ANVAFB99K5RKP,Mon Dec 04 2017 08:05:24 GMT-0500 (EST),Mon Dec 04 2017 08:12:14 GMT-0500 (EST),"Mozilla/5.0 (Macintosh; Intel Mac OS X 10_11_6) AppleWebKit/537.36 (KHTML, like Gecko) Chrome/62.0.3202.89 Safari/537.36",48,"[0.8, 0.4, 0.2]","[0.8, 0.4, 0.2]","[u'blue', u'black', u'red']","[u'left', u'middle', u'right']","[0.8, 0.4, 0.2]","[u'high', u'low', u'medium']",blue,49,left,high,True,False,241,2400,NA
ANVAFB99K5RKP,Mon Dec 04 2017 08:05:24 GMT-0500 (EST),Mon Dec 04 2017 08:12:14 GMT-0500 (EST),"Mozilla/5.0 (Macintosh; Intel Mac OS X 10_11_6) AppleWebKit/537.36 (KHTML, like Gecko) Chrome/62.0.3202.89 Safari/537.36",49,"[0.8, 0.4, 0.2]","[0.8, 0.4, 0.2]","[u'blue', u'black', u'red']","[u'left', u'middle', u'right']","[0.8, 0.4, 0.2]","[u'high', u'low', u'medium']",blue,49,left,high,True,False,227,2500,NA
ANVAFB99K5RKP,Mon Dec 04 2017 08:05:24 GMT-0500 (EST),Mon Dec 04 2017 08:12:14 GMT-0500 (EST),"Mozilla/5.0 (Macintosh; Intel Mac OS X 10_11_6) AppleWebKit/537.36 (KHTML, like Gecko) Chrome/62.0.3202.89 Safari/537.36",50,"[0.8, 0.4, 0.2]","[0.8, 0.4, 0.2]","[u'blue', u'black', u'red']","[u'left', u'middle', u'right']","[0.8, 0.4, 0.2]","[u'high', u'low', u'medium']",blue,49,left,high,False,False,210,2450,NA
ANVAFB99K5RKP,Mon Dec 04 2017 08:05:24 GMT-0500 (EST),Mon Dec 04 2017 08:12:14 GMT-0500 (EST),"Mozilla/5.0 (Macintosh; Intel Mac OS X 10_11_6) AppleWebKit/537.36 (KHTML, like Gecko) Chrome/62.0.3202.89 Safari/537.36",51,"[0.8, 0.4, 0.2]","[0.8, 0.4, 0.2]","[u'blue', u'black', u'red']","[u'left', u'middle', u'right']","[0.8, 0.4, 0.2]","[u'high', u'low', u'medium']",blue,49,left,high,False,True,112,2400,NA
ANVAFB99K5RKP,Mon Dec 04 2017 08:05:24 GMT-0500 (EST),Mon Dec 04 2017 08:12:14 GMT-0500 (EST),"Mozilla/5.0 (Macintosh; Intel Mac OS X 10_11_6) AppleWebKit/537.36 (KHTML, like Gecko) Chrome/62.0.3202.89 Safari/537.36",52,"[0.8, 0.4, 0.2]","[0.8, 0.4, 0.2]","[u'blue', u'black', u'red']","[u'left', u'middle', u'right']","[0.8, 0.4, 0.2]","[u'low', u'medium', u'high']",blue,49,left,low,False,False,225,2350,NA
ANVAFB99K5RKP,Mon Dec 04 2017 08:05:24 GMT-0500 (EST),Mon Dec 04 2017 08:12:14 GMT-0500 (EST),"Mozilla/5.0 (Macintosh; Intel Mac OS X 10_11_6) AppleWebKit/537.36 (KHTML, like Gecko) Chrome/62.0.3202.89 Safari/537.36",53,"[0.8, 0.4, 0.2]","[0.8, 0.4, 0.2]","[u'blue', u'black', u'red']","[u'left', u'middle', u'right']","[0.8, 0.4, 0.2]","[u'low', u'medium', u'high']",red,51,right,high,True,False,275,2450,NA
ANVAFB99K5RKP,Mon Dec 04 2017 08:05:24 GMT-0500 (EST),Mon Dec 04 2017 08:12:14 GMT-0500 (EST),"Mozilla/5.0 (Macintosh; Intel Mac OS X 10_11_6) AppleWebKit/537.36 (KHTML, like Gecko) Chrome/62.0.3202.89 Safari/537.36",54,"[0.8, 0.4, 0.2]","[0.8, 0.4, 0.2]","[u'blue', u'black', u'red']","[u'left', u'middle', u'right']","[0.8, 0.4, 0.2]","[u'low', u'medium', u'high']",red,51,right,high,False,False,234,2400,NA
ANVAFB99K5RKP,Mon Dec 04 2017 08:05:24 GMT-0500 (EST),Mon Dec 04 2017 08:12:14 GMT-0500 (EST),"Mozilla/5.0 (Macintosh; Intel Mac OS X 10_11_6) AppleWebKit/537.36 (KHTML, like Gecko) Chrome/62.0.3202.89 Safari/537.36",55,"[0.8, 0.4, 0.2]","[0.8, 0.4, 0.2]","[u'blue', u'black', u'red']","[u'left', u'middle', u'right']","[0.8, 0.4, 0.2]","[u'low', u'medium', u'high']",red,51,right,high,True,False,240,2500,NA
ANVAFB99K5RKP,Mon Dec 04 2017 08:05:24 GMT-0500 (EST),Mon Dec 04 2017 08:12:14 GMT-0500 (EST),"Mozilla/5.0 (Macintosh; Intel Mac OS X 10_11_6) AppleWebKit/537.36 (KHTML, like Gecko) Chrome/62.0.3202.89 Safari/537.36",56,"[0.8, 0.4, 0.2]","[0.8, 0.4, 0.2]","[u'blue', u'black', u'red']","[u'left', u'middle', u'right']","[0.8, 0.4, 0.2]","[u'low', u'medium', u'high']",red,51,right,high,True,False,211,2600,NA
ANVAFB99K5RKP,Mon Dec 04 2017 08:05:24 GMT-0500 (EST),Mon Dec 04 2017 08:12:14 GMT-0500 (EST),"Mozilla/5.0 (Macintosh; Intel Mac OS X 10_11_6) AppleWebKit/537.36 (KHTML, like Gecko) Chrome/62.0.3202.89 Safari/537.36",57,"[0.8, 0.4, 0.2]","[0.8, 0.4, 0.2]","[u'blue', u'black', u'red']","[u'left', u'middle', u'right']","[0.8, 0.4, 0.2]","[u'low', u'medium', u'high']",red,51,right,high,True,False,258,2700,NA
ANVAFB99K5RKP,Mon Dec 04 2017 08:05:24 GMT-0500 (EST),Mon Dec 04 2017 08:12:14 GMT-0500 (EST),"Mozilla/5.0 (Macintosh; Intel Mac OS X 10_11_6) AppleWebKit/537.36 (KHTML, like Gecko) Chrome/62.0.3202.89 Safari/537.36",58,"[0.8, 0.4, 0.2]","[0.8, 0.4, 0.2]","[u'blue', u'black', u'red']","[u'left', u'middle', u'right']","[0.8, 0.4, 0.2]","[u'low', u'medium', u'high']",red,51,right,high,True,False,319,2800,NA
ANVAFB99K5RKP,Mon Dec 04 2017 08:05:24 GMT-0500 (EST),Mon Dec 04 2017 08:12:14 GMT-0500 (EST),"Mozilla/5.0 (Macintosh; Intel Mac OS X 10_11_6) AppleWebKit/537.36 (KHTML, like Gecko) Chrome/62.0.3202.89 Safari/537.36",59,"[0.8, 0.4, 0.2]","[0.8, 0.4, 0.2]","[u'blue', u'black', u'red']","[u'left', u'middle', u'right']","[0.8, 0.4, 0.2]","[u'low', u'medium', u'high']",red,51,right,high,True,False,273,2900,NA
ANVAFB99K5RKP,Mon Dec 04 2017 08:05:24 GMT-0500 (EST),Mon Dec 04 2017 08:12:14 GMT-0500 (EST),"Mozilla/5.0 (Macintosh; Intel Mac OS X 10_11_6) AppleWebKit/537.36 (KHTML, like Gecko) Chrome/62.0.3202.89 Safari/537.36",60,"[0.8, 0.4, 0.2]","[0.8, 0.4, 0.2]","[u'blue', u'black', u'red']","[u'left', u'middle', u'right']","[0.8, 0.4, 0.2]","[u'low', u'medium', u'high']",red,51,right,high,True,False,296,3000,NA
ANVAFB99K5RKP,Mon Dec 04 2017 08:05:24 GMT-0500 (EST),Mon Dec 04 2017 08:12:14 GMT-0500 (EST),"Mozilla/5.0 (Macintosh; Intel Mac OS X 10_11_6) AppleWebKit/537.36 (KHTML, like Gecko) Chrome/62.0.3202.89 Safari/537.36",61,"[0.8, 0.4, 0.2]","[0.8, 0.4, 0.2]","[u'blue', u'black', u'red']","[u'left', u'middle', u'right']","[0.8, 0.4, 0.2]","[u'low', u'medium', u'high']",red,51,right,high,True,True,315,3100,NA
ANVAFB99K5RKP,Mon Dec 04 2017 08:05:24 GMT-0500 (EST),Mon Dec 04 2017 08:12:14 GMT-0500 (EST),"Mozilla/5.0 (Macintosh; Intel Mac OS X 10_11_6) AppleWebKit/537.36 (KHTML, like Gecko) Chrome/62.0.3202.89 Safari/537.36",62,"[0.8, 0.4, 0.2]","[0.8, 0.4, 0.2]","[u'blue', u'black', u'red']","[u'left', u'middle', u'right']","[0.8, 0.4, 0.2]","[u'high', u'low', u'medium']",red,51,right,medium,True,False,263,3200,NA
ANVAFB99K5RKP,Mon Dec 04 2017 08:05:24 GMT-0500 (EST),Mon Dec 04 2017 08:12:14 GMT-0500 (EST),"Mozilla/5.0 (Macintosh; Intel Mac OS X 10_11_6) AppleWebKit/537.36 (KHTML, like Gecko) Chrome/62.0.3202.89 Safari/537.36",63,"[0.8, 0.4, 0.2]","[0.8, 0.4, 0.2]","[u'blue', u'black', u'red']","[u'left', u'middle', u'right']","[0.8, 0.4, 0.2]","[u'high', u'low', u'medium']",red,51,right,medium,False,False,258,3150,NA
ANVAFB99K5RKP,Mon Dec 04 2017 08:05:24 GMT-0500 (EST),Mon Dec 04 2017 08:12:14 GMT-0500 (EST),"Mozilla/5.0 (Macintosh; Intel Mac OS X 10_11_6) AppleWebKit/537.36 (KHTML, like Gecko) Chrome/62.0.3202.89 Safari/537.36",64,"[0.8, 0.4, 0.2]","[0.8, 0.4, 0.2]","[u'blue', u'black', u'red']","[u'left', u'middle', u'right']","[0.8, 0.4, 0.2]","[u'high', u'low', u'medium']",red,51,right,medium,False,False,217,3100,NA
ANVAFB99K5RKP,Mon Dec 04 2017 08:05:24 GMT-0500 (EST),Mon Dec 04 2017 08:12:14 GMT-0500 (EST),"Mozilla/5.0 (Macintosh; Intel Mac OS X 10_11_6) AppleWebKit/537.36 (KHTML, like Gecko) Chrome/62.0.3202.89 Safari/537.36",65,"[0.8, 0.4, 0.2]","[0.8, 0.4, 0.2]","[u'blue', u'black', u'red']","[u'left', u'middle', u'right']","[0.8, 0.4, 0.2]","[u'high', u'low', u'medium']",black,50,middle,low,False,False,431,3050,NA
ANVAFB99K5RKP,Mon Dec 04 2017 08:05:24 GMT-0500 (EST),Mon Dec 04 2017 08:12:14 GMT-0500 (EST),"Mozilla/5.0 (Macintosh; Intel Mac OS X 10_11_6) AppleWebKit/537.36 (KHTML, like Gecko) Chrome/62.0.3202.89 Safari/537.36",66,"[0.8, 0.4, 0.2]","[0.8, 0.4, 0.2]","[u'blue', u'black', u'red']","[u'left', u'middle', u'right']","[0.8, 0.4, 0.2]","[u'high', u'low', u'medium']",blue,49,left,high,True,False,329,3150,NA
ANVAFB99K5RKP,Mon Dec 04 2017 08:05:24 GMT-0500 (EST),Mon Dec 04 2017 08:12:14 GMT-0500 (EST),"Mozilla/5.0 (Macintosh; Intel Mac OS X 10_11_6) AppleWebKit/537.36 (KHTML, like Gecko) Chrome/62.0.3202.89 Safari/537.36",67,"[0.8, 0.4, 0.2]","[0.8, 0.4, 0.2]","[u'blue', u'black', u'red']","[u'left', u'middle', u'right']","[0.8, 0.4, 0.2]","[u'high', u'low', u'medium']",blue,49,left,high,True,False,139,3250,NA
ANVAFB99K5RKP,Mon Dec 04 2017 08:05:24 GMT-0500 (EST),Mon Dec 04 2017 08:12:14 GMT-0500 (EST),"Mozilla/5.0 (Macintosh; Intel Mac OS X 10_11_6) AppleWebKit/537.36 (KHTML, like Gecko) Chrome/62.0.3202.89 Safari/537.36",68,"[0.8, 0.4, 0.2]","[0.8, 0.4, 0.2]","[u'blue', u'black', u'red']","[u'left', u'middle', u'right']","[0.8, 0.4, 0.2]","[u'high', u'low', u'medium']",blue,49,left,high,True,False,467,3350,NA
ANVAFB99K5RKP,Mon Dec 04 2017 08:05:24 GMT-0500 (EST),Mon Dec 04 2017 08:12:14 GMT-0500 (EST),"Mozilla/5.0 (Macintosh; Intel Mac OS X 10_11_6) AppleWebKit/537.36 (KHTML, like Gecko) Chrome/62.0.3202.89 Safari/537.36",69,"[0.8, 0.4, 0.2]","[0.8, 0.4, 0.2]","[u'blue', u'black', u'red']","[u'left', u'middle', u'right']","[0.8, 0.4, 0.2]","[u'high', u'low', u'medium']",blue,49,left,high,True,False,241,3450,NA
ANVAFB99K5RKP,Mon Dec 04 2017 08:05:24 GMT-0500 (EST),Mon Dec 04 2017 08:12:14 GMT-0500 (EST),"Mozilla/5.0 (Macintosh; Intel Mac OS X 10_11_6) AppleWebKit/537.36 (KHTML, like Gecko) Chrome/62.0.3202.89 Safari/537.36",70,"[0.8, 0.4, 0.2]","[0.8, 0.4, 0.2]","[u'blue', u'black', u'red']","[u'left', u'middle', u'right']","[0.8, 0.4, 0.2]","[u'high', u'low', u'medium']",blue,49,left,high,True,False,326,3550,NA
ANVAFB99K5RKP,Mon Dec 04 2017 08:05:24 GMT-0500 (EST),Mon Dec 04 2017 08:12:14 GMT-0500 (EST),"Mozilla/5.0 (Macintosh; Intel Mac OS X 10_11_6) AppleWebKit/537.36 (KHTML, like Gecko) Chrome/62.0.3202.89 Safari/537.36",71,"[0.8, 0.4, 0.2]","[0.8, 0.4, 0.2]","[u'blue', u'black', u'red']","[u'left', u'middle', u'right']","[0.8, 0.4, 0.2]","[u'high', u'low', u'medium']",blue,49,left,high,False,False,345,3500,NA
ANVAFB99K5RKP,Mon Dec 04 2017 08:05:24 GMT-0500 (EST),Mon Dec 04 2017 08:12:14 GMT-0500 (EST),"Mozilla/5.0 (Macintosh; Intel Mac OS X 10_11_6) AppleWebKit/537.36 (KHTML, like Gecko) Chrome/62.0.3202.89 Safari/537.36",72,"[0.8, 0.4, 0.2]","[0.8, 0.4, 0.2]","[u'blue', u'black', u'red']","[u'left', u'middle', u'right']","[0.8, 0.4, 0.2]","[u'high', u'low', u'medium']",blue,49,left,high,True,False,809,3600,NA
ANVAFB99K5RKP,Mon Dec 04 2017 08:05:24 GMT-0500 (EST),Mon Dec 04 2017 08:12:14 GMT-0500 (EST),"Mozilla/5.0 (Macintosh; Intel Mac OS X 10_11_6) AppleWebKit/537.36 (KHTML, like Gecko) Chrome/62.0.3202.89 Safari/537.36",73,"[0.8, 0.4, 0.2]","[0.8, 0.4, 0.2]","[u'blue', u'black', u'red']","[u'left', u'middle', u'right']","[0.8, 0.4, 0.2]","[u'high', u'low', u'medium']",blue,49,left,high,True,False,555,3700,NA
ANVAFB99K5RKP,Mon Dec 04 2017 08:05:24 GMT-0500 (EST),Mon Dec 04 2017 08:12:14 GMT-0500 (EST),"Mozilla/5.0 (Macintosh; Intel Mac OS X 10_11_6) AppleWebKit/537.36 (KHTML, like Gecko) Chrome/62.0.3202.89 Safari/537.36",74,"[0.8, 0.4, 0.2]","[0.8, 0.4, 0.2]","[u'blue', u'black', u'red']","[u'left', u'middle', u'right']","[0.8, 0.4, 0.2]","[u'high', u'low', u'medium']",blue,49,left,high,True,True,848,3800,NA
ANVAFB99K5RKP,Mon Dec 04 2017 08:05:24 GMT-0500 (EST),Mon Dec 04 2017 08:12:14 GMT-0500 (EST),"Mozilla/5.0 (Macintosh; Intel Mac OS X 10_11_6) AppleWebKit/537.36 (KHTML, like Gecko) Chrome/62.0.3202.89 Safari/537.36",75,"[0.8, 0.4, 0.2]","[0.8, 0.4, 0.2]","[u'blue', u'black', u'red']","[u'left', u'middle', u'right']","[0.8, 0.4, 0.2]","[u'medium', u'high', u'low']",blue,49,left,medium,True,False,293,3900,NA
ANVAFB99K5RKP,Mon Dec 04 2017 08:05:24 GMT-0500 (EST),Mon Dec 04 2017 08:12:14 GMT-0500 (EST),"Mozilla/5.0 (Macintosh; Intel Mac OS X 10_11_6) AppleWebKit/537.36 (KHTML, like Gecko) Chrome/62.0.3202.89 Safari/537.36",76,"[0.8, 0.4, 0.2]","[0.8, 0.4, 0.2]","[u'blue', u'black', u'red']","[u'left', u'middle', u'right']","[0.8, 0.4, 0.2]","[u'medium', u'high', u'low']",blue,49,left,medium,True,False,100,4000,NA
ANVAFB99K5RKP,Mon Dec 04 2017 08:05:24 GMT-0500 (EST),Mon Dec 04 2017 08:12:14 GMT-0500 (EST),"Mozilla/5.0 (Macintosh; Intel Mac OS X 10_11_6) AppleWebKit/537.36 (KHTML, like Gecko) Chrome/62.0.3202.89 Safari/537.36",77,"[0.8, 0.4, 0.2]","[0.8, 0.4, 0.2]","[u'blue', u'black', u'red']","[u'left', u'middle', u'right']","[0.8, 0.4, 0.2]","[u'medium', u'high', u'low']",blue,49,left,medium,False,False,1080,3950,NA
ANVAFB99K5RKP,Mon Dec 04 2017 08:05:24 GMT-0500 (EST),Mon Dec 04 2017 08:12:14 GMT-0500 (EST),"Mozilla/5.0 (Macintosh; Intel Mac OS X 10_11_6) AppleWebKit/537.36 (KHTML, like Gecko) Chrome/62.0.3202.89 Safari/537.36",78,"[0.8, 0.4, 0.2]","[0.8, 0.4, 0.2]","[u'blue', u'black', u'red']","[u'left', u'middle', u'right']","[0.8, 0.4, 0.2]","[u'medium', u'high', u'low']",red,51,right,low,False,False,536,3900,NA
ANVAFB99K5RKP,Mon Dec 04 2017 08:05:24 GMT-0500 (EST),Mon Dec 04 2017 08:12:14 GMT-0500 (EST),"Mozilla/5.0 (Macintosh; Intel Mac OS X 10_11_6) AppleWebKit/537.36 (KHTML, like Gecko) Chrome/62.0.3202.89 Safari/537.36",79,"[0.8, 0.4, 0.2]","[0.8, 0.4, 0.2]","[u'blue', u'black', u'red']","[u'left', u'middle', u'right']","[0.8, 0.4, 0.2]","[u'medium', u'high', u'low']",black,50,middle,high,True,False,391,4000,NA
ANVAFB99K5RKP,Mon Dec 04 2017 08:05:24 GMT-0500 (EST),Mon Dec 04 2017 08:12:14 GMT-0500 (EST),"Mozilla/5.0 (Macintosh; Intel Mac OS X 10_11_6) AppleWebKit/537.36 (KHTML, like Gecko) Chrome/62.0.3202.89 Safari/537.36",80,"[0.8, 0.4, 0.2]","[0.8, 0.4, 0.2]","[u'blue', u'black', u'red']","[u'left', u'middle', u'right']","[0.8, 0.4, 0.2]","[u'medium', u'high', u'low']",black,50,middle,high,False,False,169,3950,NA
ANVAFB99K5RKP,Mon Dec 04 2017 08:05:24 GMT-0500 (EST),Mon Dec 04 2017 08:12:14 GMT-0500 (EST),"Mozilla/5.0 (Macintosh; Intel Mac OS X 10_11_6) AppleWebKit/537.36 (KHTML, like Gecko) Chrome/62.0.3202.89 Safari/537.36",81,"[0.8, 0.4, 0.2]","[0.8, 0.4, 0.2]","[u'blue', u'black', u'red']","[u'left', u'middle', u'right']","[0.8, 0.4, 0.2]","[u'low', u'medium', u'high']",blue,49,left,low,True,False,343,4050,NA
ANVAFB99K5RKP,Mon Dec 04 2017 08:05:24 GMT-0500 (EST),Mon Dec 04 2017 08:12:14 GMT-0500 (EST),"Mozilla/5.0 (Macintosh; Intel Mac OS X 10_11_6) AppleWebKit/537.36 (KHTML, like Gecko) Chrome/62.0.3202.89 Safari/537.36",82,"[0.8, 0.4, 0.2]","[0.8, 0.4, 0.2]","[u'blue', u'black', u'red']","[u'left', u'middle', u'right']","[0.8, 0.4, 0.2]","[u'low', u'medium', u'high']",blue,49,left,low,False,False,594,4000,NA
ANVAFB99K5RKP,Mon Dec 04 2017 08:05:24 GMT-0500 (EST),Mon Dec 04 2017 08:12:14 GMT-0500 (EST),"Mozilla/5.0 (Macintosh; Intel Mac OS X 10_11_6) AppleWebKit/537.36 (KHTML, like Gecko) Chrome/62.0.3202.89 Safari/537.36",83,"[0.8, 0.4, 0.2]","[0.8, 0.4, 0.2]","[u'blue', u'black', u'red']","[u'left', u'middle', u'right']","[0.8, 0.4, 0.2]","[u'low', u'medium', u'high']",blue,49,left,low,True,False,99,4100,NA
ANVAFB99K5RKP,Mon Dec 04 2017 08:05:24 GMT-0500 (EST),Mon Dec 04 2017 08:12:14 GMT-0500 (EST),"Mozilla/5.0 (Macintosh; Intel Mac OS X 10_11_6) AppleWebKit/537.36 (KHTML, like Gecko) Chrome/62.0.3202.89 Safari/537.36",84,"[0.8, 0.4, 0.2]","[0.8, 0.4, 0.2]","[u'blue', u'black', u'red']","[u'left', u'middle', u'right']","[0.8, 0.4, 0.2]","[u'low', u'medium', u'high']",blue,49,left,low,False,False,985,4050,NA
ANVAFB99K5RKP,Mon Dec 04 2017 08:05:24 GMT-0500 (EST),Mon Dec 04 2017 08:12:14 GMT-0500 (EST),"Mozilla/5.0 (Macintosh; Intel Mac OS X 10_11_6) AppleWebKit/537.36 (KHTML, like Gecko) Chrome/62.0.3202.89 Safari/537.36",85,"[0.8, 0.4, 0.2]","[0.8, 0.4, 0.2]","[u'blue', u'black', u'red']","[u'left', u'middle', u'right']","[0.8, 0.4, 0.2]","[u'low', u'medium', u'high']",blue,49,left,low,False,False,283,4000,NA
ANVAFB99K5RKP,Mon Dec 04 2017 08:05:24 GMT-0500 (EST),Mon Dec 04 2017 08:12:14 GMT-0500 (EST),"Mozilla/5.0 (Macintosh; Intel Mac OS X 10_11_6) AppleWebKit/537.36 (KHTML, like Gecko) Chrome/62.0.3202.89 Safari/537.36",86,"[0.8, 0.4, 0.2]","[0.8, 0.4, 0.2]","[u'blue', u'black', u'red']","[u'left', u'middle', u'right']","[0.8, 0.4, 0.2]","[u'low', u'medium', u'high']",black,50,middle,medium,True,False,256,4100,NA
ANVAFB99K5RKP,Mon Dec 04 2017 08:05:24 GMT-0500 (EST),Mon Dec 04 2017 08:12:14 GMT-0500 (EST),"Mozilla/5.0 (Macintosh; Intel Mac OS X 10_11_6) AppleWebKit/537.36 (KHTML, like Gecko) Chrome/62.0.3202.89 Safari/537.36",87,"[0.8, 0.4, 0.2]","[0.8, 0.4, 0.2]","[u'blue', u'black', u'red']","[u'left', u'middle', u'right']","[0.8, 0.4, 0.2]","[u'low', u'medium', u'high']",black,50,middle,medium,False,False,382,4050,NA
ANVAFB99K5RKP,Mon Dec 04 2017 08:05:24 GMT-0500 (EST),Mon Dec 04 2017 08:12:14 GMT-0500 (EST),"Mozilla/5.0 (Macintosh; Intel Mac OS X 10_11_6) AppleWebKit/537.36 (KHTML, like Gecko) Chrome/62.0.3202.89 Safari/537.36",88,"[0.8, 0.4, 0.2]","[0.8, 0.4, 0.2]","[u'blue', u'black', u'red']","[u'left', u'middle', u'right']","[0.8, 0.4, 0.2]","[u'low', u'medium', u'high']",black,50,middle,medium,False,False,256,4000,NA
ANVAFB99K5RKP,Mon Dec 04 2017 08:05:24 GMT-0500 (EST),Mon Dec 04 2017 08:12:14 GMT-0500 (EST),"Mozilla/5.0 (Macintosh; Intel Mac OS X 10_11_6) AppleWebKit/537.36 (KHTML, like Gecko) Chrome/62.0.3202.89 Safari/537.36",89,"[0.8, 0.4, 0.2]","[0.8, 0.4, 0.2]","[u'blue', u'black', u'red']","[u'left', u'middle', u'right']","[0.8, 0.4, 0.2]","[u'low', u'medium', u'high']",black,50,middle,medium,False,False,63,3950,NA
ANVAFB99K5RKP,Mon Dec 04 2017 08:05:24 GMT-0500 (EST),Mon Dec 04 2017 08:12:14 GMT-0500 (EST),"Mozilla/5.0 (Macintosh; Intel Mac OS X 10_11_6) AppleWebKit/537.36 (KHTML, like Gecko) Chrome/62.0.3202.89 Safari/537.36",90,"[0.8, 0.4, 0.2]","[0.8, 0.4, 0.2]","[u'blue', u'black', u'red']","[u'left', u'middle', u'right']","[0.8, 0.4, 0.2]","[u'low', u'medium', u'high']",red,51,right,high,True,False,479,4050,NA
ANVAFB99K5RKP,Mon Dec 04 2017 08:05:24 GMT-0500 (EST),Mon Dec 04 2017 08:12:14 GMT-0500 (EST),"Mozilla/5.0 (Macintosh; Intel Mac OS X 10_11_6) AppleWebKit/537.36 (KHTML, like Gecko) Chrome/62.0.3202.89 Safari/537.36",91,"[0.8, 0.4, 0.2]","[0.8, 0.4, 0.2]","[u'blue', u'black', u'red']","[u'left', u'middle', u'right']","[0.8, 0.4, 0.2]","[u'low', u'medium', u'high']",red,51,right,high,True,False,632,4150,NA
ANVAFB99K5RKP,Mon Dec 04 2017 08:05:24 GMT-0500 (EST),Mon Dec 04 2017 08:12:14 GMT-0500 (EST),"Mozilla/5.0 (Macintosh; Intel Mac OS X 10_11_6) AppleWebKit/537.36 (KHTML, like Gecko) Chrome/62.0.3202.89 Safari/537.36",92,"[0.8, 0.4, 0.2]","[0.8, 0.4, 0.2]","[u'blue', u'black', u'red']","[u'left', u'middle', u'right']","[0.8, 0.4, 0.2]","[u'low', u'medium', u'high']",red,51,right,high,True,False,689,4250,NA
ANVAFB99K5RKP,Mon Dec 04 2017 08:05:24 GMT-0500 (EST),Mon Dec 04 2017 08:12:14 GMT-0500 (EST),"Mozilla/5.0 (Macintosh; Intel Mac OS X 10_11_6) AppleWebKit/537.36 (KHTML, like Gecko) Chrome/62.0.3202.89 Safari/537.36",93,"[0.8, 0.4, 0.2]","[0.8, 0.4, 0.2]","[u'blue', u'black', u'red']","[u'left', u'middle', u'right']","[0.8, 0.4, 0.2]","[u'low', u'medium', u'high']",red,51,right,high,True,False,600,4350,NA
ANVAFB99K5RKP,Mon Dec 04 2017 08:05:24 GMT-0500 (EST),Mon Dec 04 2017 08:12:14 GMT-0500 (EST),"Mozilla/5.0 (Macintosh; Intel Mac OS X 10_11_6) AppleWebKit/537.36 (KHTML, like Gecko) Chrome/62.0.3202.89 Safari/537.36",94,"[0.8, 0.4, 0.2]","[0.8, 0.4, 0.2]","[u'blue', u'black', u'red']","[u'left', u'middle', u'right']","[0.8, 0.4, 0.2]","[u'low', u'medium', u'high']",red,51,right,high,False,False,1169,4300,NA
ANVAFB99K5RKP,Mon Dec 04 2017 08:05:24 GMT-0500 (EST),Mon Dec 04 2017 08:12:14 GMT-0500 (EST),"Mozilla/5.0 (Macintosh; Intel Mac OS X 10_11_6) AppleWebKit/537.36 (KHTML, like Gecko) Chrome/62.0.3202.89 Safari/537.36",95,"[0.8, 0.4, 0.2]","[0.8, 0.4, 0.2]","[u'blue', u'black', u'red']","[u'left', u'middle', u'right']","[0.8, 0.4, 0.2]","[u'low', u'medium', u'high']",blue,49,left,low,False,False,425,4250,NA
ANVAFB99K5RKP,Mon Dec 04 2017 08:05:24 GMT-0500 (EST),Mon Dec 04 2017 08:12:14 GMT-0500 (EST),"Mozilla/5.0 (Macintosh; Intel Mac OS X 10_11_6) AppleWebKit/537.36 (KHTML, like Gecko) Chrome/62.0.3202.89 Safari/537.36",96,"[0.8, 0.4, 0.2]","[0.8, 0.4, 0.2]","[u'blue', u'black', u'red']","[u'left', u'middle', u'right']","[0.8, 0.4, 0.2]","[u'low', u'medium', u'high']",black,50,middle,medium,False,False,110,4200,NA
ANVAFB99K5RKP,Mon Dec 04 2017 08:05:24 GMT-0500 (EST),Mon Dec 04 2017 08:12:14 GMT-0500 (EST),"Mozilla/5.0 (Macintosh; Intel Mac OS X 10_11_6) AppleWebKit/537.36 (KHTML, like Gecko) Chrome/62.0.3202.89 Safari/537.36",97,"[0.8, 0.4, 0.2]","[0.8, 0.4, 0.2]","[u'blue', u'black', u'red']","[u'left', u'middle', u'right']","[0.8, 0.4, 0.2]","[u'low', u'medium', u'high']",red,51,right,high,True,False,234,4300,NA
ANVAFB99K5RKP,Mon Dec 04 2017 08:05:24 GMT-0500 (EST),Mon Dec 04 2017 08:12:14 GMT-0500 (EST),"Mozilla/5.0 (Macintosh; Intel Mac OS X 10_11_6) AppleWebKit/537.36 (KHTML, like Gecko) Chrome/62.0.3202.89 Safari/537.36",98,"[0.8, 0.4, 0.2]","[0.8, 0.4, 0.2]","[u'blue', u'black', u'red']","[u'left', u'middle', u'right']","[0.8, 0.4, 0.2]","[u'low', u'medium', u'high']",red,51,right,high,True,False,434,4400,NA
ANVAFB99K5RKP,Mon Dec 04 2017 08:05:24 GMT-0500 (EST),Mon Dec 04 2017 08:12:14 GMT-0500 (EST),"Mozilla/5.0 (Macintosh; Intel Mac OS X 10_11_6) AppleWebKit/537.36 (KHTML, like Gecko) Chrome/62.0.3202.89 Safari/537.36",99,"[0.8, 0.4, 0.2]","[0.8, 0.4, 0.2]","[u'blue', u'black', u'red']","[u'left', u'middle', u'right']","[0.8, 0.4, 0.2]","[u'low', u'medium', u'high']",red,51,right,high,True,False,283,4500,NA
ANVAFB99K5RKP,Mon Dec 04 2017 08:05:24 GMT-0500 (EST),Mon Dec 04 2017 08:12:14 GMT-0500 (EST),"Mozilla/5.0 (Macintosh; Intel Mac OS X 10_11_6) AppleWebKit/537.36 (KHTML, like Gecko) Chrome/62.0.3202.89 Safari/537.36",100,"[0.8, 0.4, 0.2]","[0.8, 0.4, 0.2]","[u'blue', u'black', u'red']","[u'left', u'middle', u'right']","[0.8, 0.4, 0.2]","[u'low', u'medium', u'high']",red,51,right,high,True,False,82,4600,NA
ANVAFB99K5RKP,Mon Dec 04 2017 08:05:24 GMT-0500 (EST),Mon Dec 04 2017 08:12:14 GMT-0500 (EST),"Mozilla/5.0 (Macintosh; Intel Mac OS X 10_11_6) AppleWebKit/537.36 (KHTML, like Gecko) Chrome/62.0.3202.89 Safari/537.36",101,"[0.8, 0.4, 0.2]","[0.8, 0.4, 0.2]","[u'blue', u'black', u'red']","[u'left', u'middle', u'right']","[0.8, 0.4, 0.2]","[u'low', u'medium', u'high']",red,51,right,high,True,False,257,4700,NA
ANVAFB99K5RKP,Mon Dec 04 2017 08:05:24 GMT-0500 (EST),Mon Dec 04 2017 08:12:14 GMT-0500 (EST),"Mozilla/5.0 (Macintosh; Intel Mac OS X 10_11_6) AppleWebKit/537.36 (KHTML, like Gecko) Chrome/62.0.3202.89 Safari/537.36",102,"[0.8, 0.4, 0.2]","[0.8, 0.4, 0.2]","[u'blue', u'black', u'red']","[u'left', u'middle', u'right']","[0.8, 0.4, 0.2]","[u'low', u'medium', u'high']",red,51,right,high,True,False,310,4800,NA
ANVAFB99K5RKP,Mon Dec 04 2017 08:05:24 GMT-0500 (EST),Mon Dec 04 2017 08:12:14 GMT-0500 (EST),"Mozilla/5.0 (Macintosh; Intel Mac OS X 10_11_6) AppleWebKit/537.36 (KHTML, like Gecko) Chrome/62.0.3202.89 Safari/537.36",103,"[0.8, 0.4, 0.2]","[0.8, 0.4, 0.2]","[u'blue', u'black', u'red']","[u'left', u'middle', u'right']","[0.8, 0.4, 0.2]","[u'low', u'medium', u'high']",red,51,right,high,False,False,369,4750,NA
ANVAFB99K5RKP,Mon Dec 04 2017 08:05:24 GMT-0500 (EST),Mon Dec 04 2017 08:12:14 GMT-0500 (EST),"Mozilla/5.0 (Macintosh; Intel Mac OS X 10_11_6) AppleWebKit/537.36 (KHTML, like Gecko) Chrome/62.0.3202.89 Safari/537.36",104,"[0.8, 0.4, 0.2]","[0.8, 0.4, 0.2]","[u'blue', u'black', u'red']","[u'left', u'middle', u'right']","[0.8, 0.4, 0.2]","[u'low', u'medium', u'high']",red,51,right,high,True,False,224,4850,NA
ANVAFB99K5RKP,Mon Dec 04 2017 08:05:24 GMT-0500 (EST),Mon Dec 04 2017 08:12:14 GMT-0500 (EST),"Mozilla/5.0 (Macintosh; Intel Mac OS X 10_11_6) AppleWebKit/537.36 (KHTML, like Gecko) Chrome/62.0.3202.89 Safari/537.36",105,"[0.8, 0.4, 0.2]","[0.8, 0.4, 0.2]","[u'blue', u'black', u'red']","[u'left', u'middle', u'right']","[0.8, 0.4, 0.2]","[u'low', u'medium', u'high']",red,51,right,high,True,True,523,4950,NA
ANVAFB99K5RKP,Mon Dec 04 2017 08:05:24 GMT-0500 (EST),Mon Dec 04 2017 08:12:14 GMT-0500 (EST),"Mozilla/5.0 (Macintosh; Intel Mac OS X 10_11_6) AppleWebKit/537.36 (KHTML, like Gecko) Chrome/62.0.3202.89 Safari/537.36",106,"[0.8, 0.4, 0.2]","[0.8, 0.4, 0.2]","[u'blue', u'black', u'red']","[u'left', u'middle', u'right']","[0.8, 0.4, 0.2]","[u'medium', u'high', u'low']",red,51,right,low,False,False,121,4900,NA
ANVAFB99K5RKP,Mon Dec 04 2017 08:05:24 GMT-0500 (EST),Mon Dec 04 2017 08:12:14 GMT-0500 (EST),"Mozilla/5.0 (Macintosh; Intel Mac OS X 10_11_6) AppleWebKit/537.36 (KHTML, like Gecko) Chrome/62.0.3202.89 Safari/537.36",107,"[0.8, 0.4, 0.2]","[0.8, 0.4, 0.2]","[u'blue', u'black', u'red']","[u'left', u'middle', u'right']","[0.8, 0.4, 0.2]","[u'medium', u'high', u'low']",red,51,right,low,True,False,289,5000,NA
ANVAFB99K5RKP,Mon Dec 04 2017 08:05:24 GMT-0500 (EST),Mon Dec 04 2017 08:12:14 GMT-0500 (EST),"Mozilla/5.0 (Macintosh; Intel Mac OS X 10_11_6) AppleWebKit/537.36 (KHTML, like Gecko) Chrome/62.0.3202.89 Safari/537.36",108,"[0.8, 0.4, 0.2]","[0.8, 0.4, 0.2]","[u'blue', u'black', u'red']","[u'left', u'middle', u'right']","[0.8, 0.4, 0.2]","[u'medium', u'high', u'low']",red,51,right,low,False,False,489,4950,NA
ANVAFB99K5RKP,Mon Dec 04 2017 08:05:24 GMT-0500 (EST),Mon Dec 04 2017 08:12:14 GMT-0500 (EST),"Mozilla/5.0 (Macintosh; Intel Mac OS X 10_11_6) AppleWebKit/537.36 (KHTML, like Gecko) Chrome/62.0.3202.89 Safari/537.36",109,"[0.8, 0.4, 0.2]","[0.8, 0.4, 0.2]","[u'blue', u'black', u'red']","[u'left', u'middle', u'right']","[0.8, 0.4, 0.2]","[u'medium', u'high', u'low']",red,51,right,low,True,False,319,5050,NA
ANVAFB99K5RKP,Mon Dec 04 2017 08:05:24 GMT-0500 (EST),Mon Dec 04 2017 08:12:14 GMT-0500 (EST),"Mozilla/5.0 (Macintosh; Intel Mac OS X 10_11_6) AppleWebKit/537.36 (KHTML, like Gecko) Chrome/62.0.3202.89 Safari/537.36",110,"[0.8, 0.4, 0.2]","[0.8, 0.4, 0.2]","[u'blue', u'black', u'red']","[u'left', u'middle', u'right']","[0.8, 0.4, 0.2]","[u'medium', u'high', u'low']",red,51,right,low,False,False,531,5000,NA
ANVAFB99K5RKP,Mon Dec 04 2017 08:05:24 GMT-0500 (EST),Mon Dec 04 2017 08:12:14 GMT-0500 (EST),"Mozilla/5.0 (Macintosh; Intel Mac OS X 10_11_6) AppleWebKit/537.36 (KHTML, like Gecko) Chrome/62.0.3202.89 Safari/537.36",111,"[0.8, 0.4, 0.2]","[0.8, 0.4, 0.2]","[u'blue', u'black', u'red']","[u'left', u'middle', u'right']","[0.8, 0.4, 0.2]","[u'medium', u'high', u'low']",red,51,right,low,False,False,252,4950,NA
ANVAFB99K5RKP,Mon Dec 04 2017 08:05:24 GMT-0500 (EST),Mon Dec 04 2017 08:12:14 GMT-0500 (EST),"Mozilla/5.0 (Macintosh; Intel Mac OS X 10_11_6) AppleWebKit/537.36 (KHTML, like Gecko) Chrome/62.0.3202.89 Safari/537.36",112,"[0.8, 0.4, 0.2]","[0.8, 0.4, 0.2]","[u'blue', u'black', u'red']","[u'left', u'middle', u'right']","[0.8, 0.4, 0.2]","[u'medium', u'high', u'low']",red,51,right,low,False,False,1580,4900,NA
ANVAFB99K5RKP,Mon Dec 04 2017 08:05:24 GMT-0500 (EST),Mon Dec 04 2017 08:12:14 GMT-0500 (EST),"Mozilla/5.0 (Macintosh; Intel Mac OS X 10_11_6) AppleWebKit/537.36 (KHTML, like Gecko) Chrome/62.0.3202.89 Safari/537.36",113,"[0.8, 0.4, 0.2]","[0.8, 0.4, 0.2]","[u'blue', u'black', u'red']","[u'left', u'middle', u'right']","[0.8, 0.4, 0.2]","[u'medium', u'high', u'low']",black,50,middle,high,True,False,354,5000,NA
ANVAFB99K5RKP,Mon Dec 04 2017 08:05:24 GMT-0500 (EST),Mon Dec 04 2017 08:12:14 GMT-0500 (EST),"Mozilla/5.0 (Macintosh; Intel Mac OS X 10_11_6) AppleWebKit/537.36 (KHTML, like Gecko) Chrome/62.0.3202.89 Safari/537.36",114,"[0.8, 0.4, 0.2]","[0.8, 0.4, 0.2]","[u'blue', u'black', u'red']","[u'left', u'middle', u'right']","[0.8, 0.4, 0.2]","[u'medium', u'high', u'low']",black,50,middle,high,True,False,330,5100,NA
ANVAFB99K5RKP,Mon Dec 04 2017 08:05:24 GMT-0500 (EST),Mon Dec 04 2017 08:12:14 GMT-0500 (EST),"Mozilla/5.0 (Macintosh; Intel Mac OS X 10_11_6) AppleWebKit/537.36 (KHTML, like Gecko) Chrome/62.0.3202.89 Safari/537.36",115,"[0.8, 0.4, 0.2]","[0.8, 0.4, 0.2]","[u'blue', u'black', u'red']","[u'left', u'middle', u'right']","[0.8, 0.4, 0.2]","[u'medium', u'high', u'low']",black,50,middle,high,True,False,249,5200,NA
ANVAFB99K5RKP,Mon Dec 04 2017 08:05:24 GMT-0500 (EST),Mon Dec 04 2017 08:12:14 GMT-0500 (EST),"Mozilla/5.0 (Macintosh; Intel Mac OS X 10_11_6) AppleWebKit/537.36 (KHTML, like Gecko) Chrome/62.0.3202.89 Safari/537.36",116,"[0.8, 0.4, 0.2]","[0.8, 0.4, 0.2]","[u'blue', u'black', u'red']","[u'left', u'middle', u'right']","[0.8, 0.4, 0.2]","[u'medium', u'high', u'low']",black,50,middle,high,True,False,1177,5300,NA
ANVAFB99K5RKP,Mon Dec 04 2017 08:05:24 GMT-0500 (EST),Mon Dec 04 2017 08:12:14 GMT-0500 (EST),"Mozilla/5.0 (Macintosh; Intel Mac OS X 10_11_6) AppleWebKit/537.36 (KHTML, like Gecko) Chrome/62.0.3202.89 Safari/537.36",117,"[0.8, 0.4, 0.2]","[0.8, 0.4, 0.2]","[u'blue', u'black', u'red']","[u'left', u'middle', u'right']","[0.8, 0.4, 0.2]","[u'medium', u'high', u'low']",black,50,middle,high,True,False,376,5400,NA
ANVAFB99K5RKP,Mon Dec 04 2017 08:05:24 GMT-0500 (EST),Mon Dec 04 2017 08:12:14 GMT-0500 (EST),"Mozilla/5.0 (Macintosh; Intel Mac OS X 10_11_6) AppleWebKit/537.36 (KHTML, like Gecko) Chrome/62.0.3202.89 Safari/537.36",118,"[0.8, 0.4, 0.2]","[0.8, 0.4, 0.2]","[u'blue', u'black', u'red']","[u'left', u'middle', u'right']","[0.8, 0.4, 0.2]","[u'medium', u'high', u'low']",black,50,middle,high,True,False,825,5500,NA
ANVAFB99K5RKP,Mon Dec 04 2017 08:05:24 GMT-0500 (EST),Mon Dec 04 2017 08:12:14 GMT-0500 (EST),"Mozilla/5.0 (Macintosh; Intel Mac OS X 10_11_6) AppleWebKit/537.36 (KHTML, like Gecko) Chrome/62.0.3202.89 Safari/537.36",119,"[0.8, 0.4, 0.2]","[0.8, 0.4, 0.2]","[u'blue', u'black', u'red']","[u'left', u'middle', u'right']","[0.8, 0.4, 0.2]","[u'medium', u'high', u'low']",black,50,middle,high,True,False,513,5600,NA
ANVAFB99K5RKP,Mon Dec 04 2017 08:05:24 GMT-0500 (EST),Mon Dec 04 2017 08:12:14 GMT-0500 (EST),"Mozilla/5.0 (Macintosh; Intel Mac OS X 10_11_6) AppleWebKit/537.36 (KHTML, like Gecko) Chrome/62.0.3202.89 Safari/537.36",120,"[0.8, 0.4, 0.2]","[0.8, 0.4, 0.2]","[u'blue', u'black', u'red']","[u'left', u'middle', u'right']","[0.8, 0.4, 0.2]","[u'medium', u'high', u'low']",black,50,middle,high,False,False,361,5550,NA
ANVAFB99K5RKP,Mon Dec 04 2017 08:05:24 GMT-0500 (EST),Mon Dec 04 2017 08:12:14 GMT-0500 (EST),"Mozilla/5.0 (Macintosh; Intel Mac OS X 10_11_6) AppleWebKit/537.36 (KHTML, like Gecko) Chrome/62.0.3202.89 Safari/537.36",121,"[0.8, 0.4, 0.2]","[0.8, 0.4, 0.2]","[u'blue', u'black', u'red']","[u'left', u'middle', u'right']","[0.8, 0.4, 0.2]","[u'high', u'medium', u'low']",black,50,middle,medium,True,False,296,5650,NA
ANVAFB99K5RKP,Mon Dec 04 2017 08:05:24 GMT-0500 (EST),Mon Dec 04 2017 08:12:14 GMT-0500 (EST),"Mozilla/5.0 (Macintosh; Intel Mac OS X 10_11_6) AppleWebKit/537.36 (KHTML, like Gecko) Chrome/62.0.3202.89 Safari/537.36",122,"[0.8, 0.4, 0.2]","[0.8, 0.4, 0.2]","[u'blue', u'black', u'red']","[u'left', u'middle', u'right']","[0.8, 0.4, 0.2]","[u'high', u'medium', u'low']",black,50,middle,medium,False,False,705,5600,NA
ANVAFB99K5RKP,Mon Dec 04 2017 08:05:24 GMT-0500 (EST),Mon Dec 04 2017 08:12:14 GMT-0500 (EST),"Mozilla/5.0 (Macintosh; Intel Mac OS X 10_11_6) AppleWebKit/537.36 (KHTML, like Gecko) Chrome/62.0.3202.89 Safari/537.36",123,"[0.8, 0.4, 0.2]","[0.8, 0.4, 0.2]","[u'blue', u'black', u'red']","[u'left', u'middle', u'right']","[0.8, 0.4, 0.2]","[u'high', u'medium', u'low']",black,50,middle,medium,False,False,265,5550,NA
ANVAFB99K5RKP,Mon Dec 04 2017 08:05:24 GMT-0500 (EST),Mon Dec 04 2017 08:12:14 GMT-0500 (EST),"Mozilla/5.0 (Macintosh; Intel Mac OS X 10_11_6) AppleWebKit/537.36 (KHTML, like Gecko) Chrome/62.0.3202.89 Safari/537.36",124,"[0.8, 0.4, 0.2]","[0.8, 0.4, 0.2]","[u'blue', u'black', u'red']","[u'left', u'middle', u'right']","[0.8, 0.4, 0.2]","[u'high', u'medium', u'low']",black,50,middle,medium,True,False,397,5650,NA
ANVAFB99K5RKP,Mon Dec 04 2017 08:05:24 GMT-0500 (EST),Mon Dec 04 2017 08:12:14 GMT-0500 (EST),"Mozilla/5.0 (Macintosh; Intel Mac OS X 10_11_6) AppleWebKit/537.36 (KHTML, like Gecko) Chrome/62.0.3202.89 Safari/537.36",125,"[0.8, 0.4, 0.2]","[0.8, 0.4, 0.2]","[u'blue', u'black', u'red']","[u'left', u'middle', u'right']","[0.8, 0.4, 0.2]","[u'high', u'medium', u'low']",black,50,middle,medium,False,False,950,5600,NA
ANVAFB99K5RKP,Mon Dec 04 2017 08:05:24 GMT-0500 (EST),Mon Dec 04 2017 08:12:14 GMT-0500 (EST),"Mozilla/5.0 (Macintosh; Intel Mac OS X 10_11_6) AppleWebKit/537.36 (KHTML, like Gecko) Chrome/62.0.3202.89 Safari/537.36",126,"[0.8, 0.4, 0.2]","[0.8, 0.4, 0.2]","[u'blue', u'black', u'red']","[u'left', u'middle', u'right']","[0.8, 0.4, 0.2]","[u'high', u'medium', u'low']",blue,49,left,high,True,False,464,5700,NA
ANVAFB99K5RKP,Mon Dec 04 2017 08:05:24 GMT-0500 (EST),Mon Dec 04 2017 08:12:14 GMT-0500 (EST),"Mozilla/5.0 (Macintosh; Intel Mac OS X 10_11_6) AppleWebKit/537.36 (KHTML, like Gecko) Chrome/62.0.3202.89 Safari/537.36",127,"[0.8, 0.4, 0.2]","[0.8, 0.4, 0.2]","[u'blue', u'black', u'red']","[u'left', u'middle', u'right']","[0.8, 0.4, 0.2]","[u'high', u'medium', u'low']",blue,49,left,high,True,False,271,5800,NA
ANVAFB99K5RKP,Mon Dec 04 2017 08:05:24 GMT-0500 (EST),Mon Dec 04 2017 08:12:14 GMT-0500 (EST),"Mozilla/5.0 (Macintosh; Intel Mac OS X 10_11_6) AppleWebKit/537.36 (KHTML, like Gecko) Chrome/62.0.3202.89 Safari/537.36",128,"[0.8, 0.4, 0.2]","[0.8, 0.4, 0.2]","[u'blue', u'black', u'red']","[u'left', u'middle', u'right']","[0.8, 0.4, 0.2]","[u'high', u'medium', u'low']",blue,49,left,high,True,False,366,5900,NA
ANVAFB99K5RKP,Mon Dec 04 2017 08:05:24 GMT-0500 (EST),Mon Dec 04 2017 08:12:14 GMT-0500 (EST),"Mozilla/5.0 (Macintosh; Intel Mac OS X 10_11_6) AppleWebKit/537.36 (KHTML, like Gecko) Chrome/62.0.3202.89 Safari/537.36",129,"[0.8, 0.4, 0.2]","[0.8, 0.4, 0.2]","[u'blue', u'black', u'red']","[u'left', u'middle', u'right']","[0.8, 0.4, 0.2]","[u'high', u'medium', u'low']",blue,49,left,high,True,False,332,6000,NA
ANVAFB99K5RKP,Mon Dec 04 2017 08:05:24 GMT-0500 (EST),Mon Dec 04 2017 08:12:14 GMT-0500 (EST),"Mozilla/5.0 (Macintosh; Intel Mac OS X 10_11_6) AppleWebKit/537.36 (KHTML, like Gecko) Chrome/62.0.3202.89 Safari/537.36",130,"[0.8, 0.4, 0.2]","[0.8, 0.4, 0.2]","[u'blue', u'black', u'red']","[u'left', u'middle', u'right']","[0.8, 0.4, 0.2]","[u'high', u'medium', u'low']",blue,49,left,high,True,False,280,6100,NA
ANVAFB99K5RKP,Mon Dec 04 2017 08:05:24 GMT-0500 (EST),Mon Dec 04 2017 08:12:14 GMT-0500 (EST),"Mozilla/5.0 (Macintosh; Intel Mac OS X 10_11_6) AppleWebKit/537.36 (KHTML, like Gecko) Chrome/62.0.3202.89 Safari/537.36",131,"[0.8, 0.4, 0.2]","[0.8, 0.4, 0.2]","[u'blue', u'black', u'red']","[u'left', u'middle', u'right']","[0.8, 0.4, 0.2]","[u'high', u'medium', u'low']",blue,49,left,high,True,False,265,6200,NA
ANVAFB99K5RKP,Mon Dec 04 2017 08:05:24 GMT-0500 (EST),Mon Dec 04 2017 08:12:14 GMT-0500 (EST),"Mozilla/5.0 (Macintosh; Intel Mac OS X 10_11_6) AppleWebKit/537.36 (KHTML, like Gecko) Chrome/62.0.3202.89 Safari/537.36",132,"[0.8, 0.4, 0.2]","[0.8, 0.4, 0.2]","[u'blue', u'black', u'red']","[u'left', u'middle', u'right']","[0.8, 0.4, 0.2]","[u'high', u'medium', u'low']",blue,49,left,high,True,False,296,6300,NA
ANVAFB99K5RKP,Mon Dec 04 2017 08:05:24 GMT-0500 (EST),Mon Dec 04 2017 08:12:14 GMT-0500 (EST),"Mozilla/5.0 (Macintosh; Intel Mac OS X 10_11_6) AppleWebKit/537.36 (KHTML, like Gecko) Chrome/62.0.3202.89 Safari/537.36",133,"[0.8, 0.4, 0.2]","[0.8, 0.4, 0.2]","[u'blue', u'black', u'red']","[u'left', u'middle', u'right']","[0.8, 0.4, 0.2]","[u'high', u'medium', u'low']",blue,49,left,high,True,False,300,6400,NA
ANVAFB99K5RKP,Mon Dec 04 2017 08:05:24 GMT-0500 (EST),Mon Dec 04 2017 08:12:14 GMT-0500 (EST),"Mozilla/5.0 (Macintosh; Intel Mac OS X 10_11_6) AppleWebKit/537.36 (KHTML, like Gecko) Chrome/62.0.3202.89 Safari/537.36",134,"[0.8, 0.4, 0.2]","[0.8, 0.4, 0.2]","[u'blue', u'black', u'red']","[u'left', u'middle', u'right']","[0.8, 0.4, 0.2]","[u'high', u'medium', u'low']",blue,49,left,high,True,True,322,6500,NA
ANVAFB99K5RKP,Mon Dec 04 2017 08:05:24 GMT-0500 (EST),Mon Dec 04 2017 08:12:14 GMT-0500 (EST),"Mozilla/5.0 (Macintosh; Intel Mac OS X 10_11_6) AppleWebKit/537.36 (KHTML, like Gecko) Chrome/62.0.3202.89 Safari/537.36",135,"[0.8, 0.4, 0.2]","[0.8, 0.4, 0.2]","[u'blue', u'black', u'red']","[u'left', u'middle', u'right']","[0.8, 0.4, 0.2]","[u'low', u'medium', u'high']",blue,49,left,low,False,False,339,6450,NA
ANVAFB99K5RKP,Mon Dec 04 2017 08:05:24 GMT-0500 (EST),Mon Dec 04 2017 08:12:14 GMT-0500 (EST),"Mozilla/5.0 (Macintosh; Intel Mac OS X 10_11_6) AppleWebKit/537.36 (KHTML, like Gecko) Chrome/62.0.3202.89 Safari/537.36",136,"[0.8, 0.4, 0.2]","[0.8, 0.4, 0.2]","[u'blue', u'black', u'red']","[u'left', u'middle', u'right']","[0.8, 0.4, 0.2]","[u'low', u'medium', u'high']",blue,49,left,low,True,False,313,6550,NA
ANVAFB99K5RKP,Mon Dec 04 2017 08:05:24 GMT-0500 (EST),Mon Dec 04 2017 08:12:14 GMT-0500 (EST),"Mozilla/5.0 (Macintosh; Intel Mac OS X 10_11_6) AppleWebKit/537.36 (KHTML, like Gecko) Chrome/62.0.3202.89 Safari/537.36",137,"[0.8, 0.4, 0.2]","[0.8, 0.4, 0.2]","[u'blue', u'black', u'red']","[u'left', u'middle', u'right']","[0.8, 0.4, 0.2]","[u'low', u'medium', u'high']",blue,49,left,low,True,False,131,6650,NA
ANVAFB99K5RKP,Mon Dec 04 2017 08:05:24 GMT-0500 (EST),Mon Dec 04 2017 08:12:14 GMT-0500 (EST),"Mozilla/5.0 (Macintosh; Intel Mac OS X 10_11_6) AppleWebKit/537.36 (KHTML, like Gecko) Chrome/62.0.3202.89 Safari/537.36",138,"[0.8, 0.4, 0.2]","[0.8, 0.4, 0.2]","[u'blue', u'black', u'red']","[u'left', u'middle', u'right']","[0.8, 0.4, 0.2]","[u'low', u'medium', u'high']",blue,49,left,low,False,False,314,6600,NA
ANVAFB99K5RKP,Mon Dec 04 2017 08:05:24 GMT-0500 (EST),Mon Dec 04 2017 08:12:14 GMT-0500 (EST),"Mozilla/5.0 (Macintosh; Intel Mac OS X 10_11_6) AppleWebKit/537.36 (KHTML, like Gecko) Chrome/62.0.3202.89 Safari/537.36",139,"[0.8, 0.4, 0.2]","[0.8, 0.4, 0.2]","[u'blue', u'black', u'red']","[u'left', u'middle', u'right']","[0.8, 0.4, 0.2]","[u'low', u'medium', u'high']",blue,49,left,low,True,False,250,6700,NA
ANVAFB99K5RKP,Mon Dec 04 2017 08:05:24 GMT-0500 (EST),Mon Dec 04 2017 08:12:14 GMT-0500 (EST),"Mozilla/5.0 (Macintosh; Intel Mac OS X 10_11_6) AppleWebKit/537.36 (KHTML, like Gecko) Chrome/62.0.3202.89 Safari/537.36",140,"[0.8, 0.4, 0.2]","[0.8, 0.4, 0.2]","[u'blue', u'black', u'red']","[u'left', u'middle', u'right']","[0.8, 0.4, 0.2]","[u'low', u'medium', u'high']",blue,49,left,low,False,False,352,6650,NA
ANVAFB99K5RKP,Mon Dec 04 2017 08:05:24 GMT-0500 (EST),Mon Dec 04 2017 08:12:14 GMT-0500 (EST),"Mozilla/5.0 (Macintosh; Intel Mac OS X 10_11_6) AppleWebKit/537.36 (KHTML, like Gecko) Chrome/62.0.3202.89 Safari/537.36",141,"[0.8, 0.4, 0.2]","[0.8, 0.4, 0.2]","[u'blue', u'black', u'red']","[u'left', u'middle', u'right']","[0.8, 0.4, 0.2]","[u'low', u'medium', u'high']",blue,49,left,low,False,False,517,6600,NA
ANVAFB99K5RKP,Mon Dec 04 2017 08:05:24 GMT-0500 (EST),Mon Dec 04 2017 08:12:14 GMT-0500 (EST),"Mozilla/5.0 (Macintosh; Intel Mac OS X 10_11_6) AppleWebKit/537.36 (KHTML, like Gecko) Chrome/62.0.3202.89 Safari/537.36",142,"[0.8, 0.4, 0.2]","[0.8, 0.4, 0.2]","[u'blue', u'black', u'red']","[u'left', u'middle', u'right']","[0.8, 0.4, 0.2]","[u'low', u'medium', u'high']",red,51,right,high,False,False,42,6550,NA
ANVAFB99K5RKP,Mon Dec 04 2017 08:05:24 GMT-0500 (EST),Mon Dec 04 2017 08:12:14 GMT-0500 (EST),"Mozilla/5.0 (Macintosh; Intel Mac OS X 10_11_6) AppleWebKit/537.36 (KHTML, like Gecko) Chrome/62.0.3202.89 Safari/537.36",143,"[0.8, 0.4, 0.2]","[0.8, 0.4, 0.2]","[u'blue', u'black', u'red']","[u'left', u'middle', u'right']","[0.8, 0.4, 0.2]","[u'low', u'medium', u'high']",black,50,middle,medium,True,False,65,6650,NA
ANVAFB99K5RKP,Mon Dec 04 2017 08:05:24 GMT-0500 (EST),Mon Dec 04 2017 08:12:14 GMT-0500 (EST),"Mozilla/5.0 (Macintosh; Intel Mac OS X 10_11_6) AppleWebKit/537.36 (KHTML, like Gecko) Chrome/62.0.3202.89 Safari/537.36",144,"[0.8, 0.4, 0.2]","[0.8, 0.4, 0.2]","[u'blue', u'black', u'red']","[u'left', u'middle', u'right']","[0.8, 0.4, 0.2]","[u'low', u'medium', u'high']",black,50,middle,medium,False,False,699,6600,NA
ANVAFB99K5RKP,Mon Dec 04 2017 08:05:24 GMT-0500 (EST),Mon Dec 04 2017 08:12:14 GMT-0500 (EST),"Mozilla/5.0 (Macintosh; Intel Mac OS X 10_11_6) AppleWebKit/537.36 (KHTML, like Gecko) Chrome/62.0.3202.89 Safari/537.36",145,"[0.8, 0.4, 0.2]","[0.8, 0.4, 0.2]","[u'blue', u'black', u'red']","[u'left', u'middle', u'right']","[0.8, 0.4, 0.2]","[u'low', u'medium', u'high']",blue,49,left,low,False,False,217,6550,NA
ANVAFB99K5RKP,Mon Dec 04 2017 08:05:24 GMT-0500 (EST),Mon Dec 04 2017 08:12:14 GMT-0500 (EST),"Mozilla/5.0 (Macintosh; Intel Mac OS X 10_11_6) AppleWebKit/537.36 (KHTML, like Gecko) Chrome/62.0.3202.89 Safari/537.36",146,"[0.8, 0.4, 0.2]","[0.8, 0.4, 0.2]","[u'blue', u'black', u'red']","[u'left', u'middle', u'right']","[0.8, 0.4, 0.2]","[u'low', u'medium', u'high']",red,51,right,high,True,False,192,6650,NA
ANVAFB99K5RKP,Mon Dec 04 2017 08:05:24 GMT-0500 (EST),Mon Dec 04 2017 08:12:14 GMT-0500 (EST),"Mozilla/5.0 (Macintosh; Intel Mac OS X 10_11_6) AppleWebKit/537.36 (KHTML, like Gecko) Chrome/62.0.3202.89 Safari/537.36",147,"[0.8, 0.4, 0.2]","[0.8, 0.4, 0.2]","[u'blue', u'black', u'red']","[u'left', u'middle', u'right']","[0.8, 0.4, 0.2]","[u'low', u'medium', u'high']",red,51,right,high,True,False,266,6750,NA
ANVAFB99K5RKP,Mon Dec 04 2017 08:05:24 GMT-0500 (EST),Mon Dec 04 2017 08:12:14 GMT-0500 (EST),"Mozilla/5.0 (Macintosh; Intel Mac OS X 10_11_6) AppleWebKit/537.36 (KHTML, like Gecko) Chrome/62.0.3202.89 Safari/537.36",148,"[0.8, 0.4, 0.2]","[0.8, 0.4, 0.2]","[u'blue', u'black', u'red']","[u'left', u'middle', u'right']","[0.8, 0.4, 0.2]","[u'low', u'medium', u'high']",red,51,right,high,True,False,271,6850,NA
ANVAFB99K5RKP,Mon Dec 04 2017 08:05:24 GMT-0500 (EST),Mon Dec 04 2017 08:12:14 GMT-0500 (EST),"Mozilla/5.0 (Macintosh; Intel Mac OS X 10_11_6) AppleWebKit/537.36 (KHTML, like Gecko) Chrome/62.0.3202.89 Safari/537.36",149,"[0.8, 0.4, 0.2]","[0.8, 0.4, 0.2]","[u'blue', u'black', u'red']","[u'left', u'middle', u'right']","[0.8, 0.4, 0.2]","[u'low', u'medium', u'high']",red,51,right,high,False,False,406,6800,NA
ANVAFB99K5RKP,Mon Dec 04 2017 08:05:24 GMT-0500 (EST),Mon Dec 04 2017 08:12:14 GMT-0500 (EST),"Mozilla/5.0 (Macintosh; Intel Mac OS X 10_11_6) AppleWebKit/537.36 (KHTML, like Gecko) Chrome/62.0.3202.89 Safari/537.36",150,"[0.8, 0.4, 0.2]","[0.8, 0.4, 0.2]","[u'blue', u'black', u'red']","[u'left', u'middle', u'right']","[0.8, 0.4, 0.2]","[u'low', u'medium', u'high']",black,50,middle,medium,False,False,330,6750,NA
ANVAFB99K5RKP,Mon Dec 04 2017 08:05:24 GMT-0500 (EST),Mon Dec 04 2017 08:12:14 GMT-0500 (EST),"Mozilla/5.0 (Macintosh; Intel Mac OS X 10_11_6) AppleWebKit/537.36 (KHTML, like Gecko) Chrome/62.0.3202.89 Safari/537.36",151,"[0.8, 0.4, 0.2]","[0.8, 0.4, 0.2]","[u'blue', u'black', u'red']","[u'left', u'middle', u'right']","[0.8, 0.4, 0.2]","[u'low', u'medium', u'high']",blue,49,left,low,False,False,159,6700,NA
ANVAFB99K5RKP,Mon Dec 04 2017 08:05:24 GMT-0500 (EST),Mon Dec 04 2017 08:12:14 GMT-0500 (EST),"Mozilla/5.0 (Macintosh; Intel Mac OS X 10_11_6) AppleWebKit/537.36 (KHTML, like Gecko) Chrome/62.0.3202.89 Safari/537.36",152,"[0.8, 0.4, 0.2]","[0.8, 0.4, 0.2]","[u'blue', u'black', u'red']","[u'left', u'middle', u'right']","[0.8, 0.4, 0.2]","[u'low', u'medium', u'high']",red,51,right,high,False,False,275,6650,NA
ANVAFB99K5RKP,Mon Dec 04 2017 08:05:24 GMT-0500 (EST),Mon Dec 04 2017 08:12:14 GMT-0500 (EST),"Mozilla/5.0 (Macintosh; Intel Mac OS X 10_11_6) AppleWebKit/537.36 (KHTML, like Gecko) Chrome/62.0.3202.89 Safari/537.36",153,"[0.8, 0.4, 0.2]","[0.8, 0.4, 0.2]","[u'blue', u'black', u'red']","[u'left', u'middle', u'right']","[0.8, 0.4, 0.2]","[u'low', u'medium', u'high']",black,50,middle,medium,False,False,114,6600,NA
ANVAFB99K5RKP,Mon Dec 04 2017 08:05:24 GMT-0500 (EST),Mon Dec 04 2017 08:12:14 GMT-0500 (EST),"Mozilla/5.0 (Macintosh; Intel Mac OS X 10_11_6) AppleWebKit/537.36 (KHTML, like Gecko) Chrome/62.0.3202.89 Safari/537.36",154,"[0.8, 0.4, 0.2]","[0.8, 0.4, 0.2]","[u'blue', u'black', u'red']","[u'left', u'middle', u'right']","[0.8, 0.4, 0.2]","[u'low', u'medium', u'high']",blue,49,left,low,True,False,208,6700,NA
ANVAFB99K5RKP,Mon Dec 04 2017 08:05:24 GMT-0500 (EST),Mon Dec 04 2017 08:12:14 GMT-0500 (EST),"Mozilla/5.0 (Macintosh; Intel Mac OS X 10_11_6) AppleWebKit/537.36 (KHTML, like Gecko) Chrome/62.0.3202.89 Safari/537.36",155,"[0.8, 0.4, 0.2]","[0.8, 0.4, 0.2]","[u'blue', u'black', u'red']","[u'left', u'middle', u'right']","[0.8, 0.4, 0.2]","[u'low', u'medium', u'high']",blue,49,left,low,True,False,320,6800,NA
ANVAFB99K5RKP,Mon Dec 04 2017 08:05:24 GMT-0500 (EST),Mon Dec 04 2017 08:12:14 GMT-0500 (EST),"Mozilla/5.0 (Macintosh; Intel Mac OS X 10_11_6) AppleWebKit/537.36 (KHTML, like Gecko) Chrome/62.0.3202.89 Safari/537.36",156,"[0.8, 0.4, 0.2]","[0.8, 0.4, 0.2]","[u'blue', u'black', u'red']","[u'left', u'middle', u'right']","[0.8, 0.4, 0.2]","[u'low', u'medium', u'high']",blue,49,left,low,False,False,649,6750,NA
ANVAFB99K5RKP,Mon Dec 04 2017 08:05:24 GMT-0500 (EST),Mon Dec 04 2017 08:12:14 GMT-0500 (EST),"Mozilla/5.0 (Macintosh; Intel Mac OS X 10_11_6) AppleWebKit/537.36 (KHTML, like Gecko) Chrome/62.0.3202.89 Safari/537.36",157,"[0.8, 0.4, 0.2]","[0.8, 0.4, 0.2]","[u'blue', u'black', u'red']","[u'left', u'middle', u'right']","[0.8, 0.4, 0.2]","[u'low', u'medium', u'high']",blue,49,left,low,False,False,279,6700,NA
ANVAFB99K5RKP,Mon Dec 04 2017 08:05:24 GMT-0500 (EST),Mon Dec 04 2017 08:12:14 GMT-0500 (EST),"Mozilla/5.0 (Macintosh; Intel Mac OS X 10_11_6) AppleWebKit/537.36 (KHTML, like Gecko) Chrome/62.0.3202.89 Safari/537.36",158,"[0.8, 0.4, 0.2]","[0.8, 0.4, 0.2]","[u'blue', u'black', u'red']","[u'left', u'middle', u'right']","[0.8, 0.4, 0.2]","[u'low', u'medium', u'high']",blue,49,left,low,False,False,594,6650,NA
ANVAFB99K5RKP,Mon Dec 04 2017 08:05:24 GMT-0500 (EST),Mon Dec 04 2017 08:12:14 GMT-0500 (EST),"Mozilla/5.0 (Macintosh; Intel Mac OS X 10_11_6) AppleWebKit/537.36 (KHTML, like Gecko) Chrome/62.0.3202.89 Safari/537.36",159,"[0.8, 0.4, 0.2]","[0.8, 0.4, 0.2]","[u'blue', u'black', u'red']","[u'left', u'middle', u'right']","[0.8, 0.4, 0.2]","[u'low', u'medium', u'high']",red,51,right,high,True,False,256,6750,NA
ANVAFB99K5RKP,Mon Dec 04 2017 08:05:24 GMT-0500 (EST),Mon Dec 04 2017 08:12:14 GMT-0500 (EST),"Mozilla/5.0 (Macintosh; Intel Mac OS X 10_11_6) AppleWebKit/537.36 (KHTML, like Gecko) Chrome/62.0.3202.89 Safari/537.36",160,"[0.8, 0.4, 0.2]","[0.8, 0.4, 0.2]","[u'blue', u'black', u'red']","[u'left', u'middle', u'right']","[0.8, 0.4, 0.2]","[u'low', u'medium', u'high']",red,51,right,high,True,False,407,6850,NA
