A2N72OL21SAV0P,Mon Dec 04 2017 08:00:20 GMT-0500 (Eastern Standard Time),Mon Dec 04 2017 08:07:22 GMT-0500 (Eastern Standard Time),"Mozilla/5.0 (Windows NT 10.0; Win64; x64) AppleWebKit/537.36 (KHTML, like Gecko) Chrome/62.0.3202.94 Safari/537.36",1,"[0.9, 0.5, 0.1]","[0.8, 0.4, 0.2]","[u'black', u'blue', u'red']","[u'left', u'middle', u'right']","[0.9, 0.5, 0.1]","[u'high', u'low', u'medium']",black,49,left,high,True,False,1255,100,NA
A2N72OL21SAV0P,Mon Dec 04 2017 08:00:20 GMT-0500 (Eastern Standard Time),Mon Dec 04 2017 08:07:22 GMT-0500 (Eastern Standard Time),"Mozilla/5.0 (Windows NT 10.0; Win64; x64) AppleWebKit/537.36 (KHTML, like Gecko) Chrome/62.0.3202.94 Safari/537.36",2,"[0.9, 0.5, 0.1]","[0.8, 0.4, 0.2]","[u'black', u'blue', u'red']","[u'left', u'middle', u'right']","[0.9, 0.5, 0.1]","[u'high', u'low', u'medium']",black,49,left,high,True,False,304,200,NA
A2N72OL21SAV0P,Mon Dec 04 2017 08:00:20 GMT-0500 (Eastern Standard Time),Mon Dec 04 2017 08:07:22 GMT-0500 (Eastern Standard Time),"Mozilla/5.0 (Windows NT 10.0; Win64; x64) AppleWebKit/537.36 (KHTML, like Gecko) Chrome/62.0.3202.94 Safari/537.36",3,"[0.9, 0.5, 0.1]","[0.8, 0.4, 0.2]","[u'black', u'blue', u'red']","[u'left', u'middle', u'right']","[0.9, 0.5, 0.1]","[u'high', u'low', u'medium']",black,49,left,high,True,False,291,300,NA
A2N72OL21SAV0P,Mon Dec 04 2017 08:00:20 GMT-0500 (Eastern Standard Time),Mon Dec 04 2017 08:07:22 GMT-0500 (Eastern Standard Time),"Mozilla/5.0 (Windows NT 10.0; Win64; x64) AppleWebKit/537.36 (KHTML, like Gecko) Chrome/62.0.3202.94 Safari/537.36",4,"[0.9, 0.5, 0.1]","[0.8, 0.4, 0.2]","[u'black', u'blue', u'red']","[u'left', u'middle', u'right']","[0.9, 0.5, 0.1]","[u'high', u'low', u'medium']",black,49,left,high,True,False,306,400,NA
A2N72OL21SAV0P,Mon Dec 04 2017 08:00:20 GMT-0500 (Eastern Standard Time),Mon Dec 04 2017 08:07:22 GMT-0500 (Eastern Standard Time),"Mozilla/5.0 (Windows NT 10.0; Win64; x64) AppleWebKit/537.36 (KHTML, like Gecko) Chrome/62.0.3202.94 Safari/537.36",5,"[0.9, 0.5, 0.1]","[0.8, 0.4, 0.2]","[u'black', u'blue', u'red']","[u'left', u'middle', u'right']","[0.9, 0.5, 0.1]","[u'high', u'low', u'medium']",black,49,left,high,True,False,291,500,NA
A2N72OL21SAV0P,Mon Dec 04 2017 08:00:20 GMT-0500 (Eastern Standard Time),Mon Dec 04 2017 08:07:22 GMT-0500 (Eastern Standard Time),"Mozilla/5.0 (Windows NT 10.0; Win64; x64) AppleWebKit/537.36 (KHTML, like Gecko) Chrome/62.0.3202.94 Safari/537.36",6,"[0.9, 0.5, 0.1]","[0.8, 0.4, 0.2]","[u'black', u'blue', u'red']","[u'left', u'middle', u'right']","[0.9, 0.5, 0.1]","[u'high', u'low', u'medium']",black,49,left,high,True,False,291,600,NA
A2N72OL21SAV0P,Mon Dec 04 2017 08:00:20 GMT-0500 (Eastern Standard Time),Mon Dec 04 2017 08:07:22 GMT-0500 (Eastern Standard Time),"Mozilla/5.0 (Windows NT 10.0; Win64; x64) AppleWebKit/537.36 (KHTML, like Gecko) Chrome/62.0.3202.94 Safari/537.36",7,"[0.9, 0.5, 0.1]","[0.8, 0.4, 0.2]","[u'black', u'blue', u'red']","[u'left', u'middle', u'right']","[0.9, 0.5, 0.1]","[u'high', u'low', u'medium']",blue,50,middle,low,False,False,306,550,NA
A2N72OL21SAV0P,Mon Dec 04 2017 08:00:20 GMT-0500 (Eastern Standard Time),Mon Dec 04 2017 08:07:22 GMT-0500 (Eastern Standard Time),"Mozilla/5.0 (Windows NT 10.0; Win64; x64) AppleWebKit/537.36 (KHTML, like Gecko) Chrome/62.0.3202.94 Safari/537.36",8,"[0.9, 0.5, 0.1]","[0.8, 0.4, 0.2]","[u'black', u'blue', u'red']","[u'left', u'middle', u'right']","[0.9, 0.5, 0.1]","[u'high', u'low', u'medium']",red,51,right,medium,True,False,979,650,NA
A2N72OL21SAV0P,Mon Dec 04 2017 08:00:20 GMT-0500 (Eastern Standard Time),Mon Dec 04 2017 08:07:22 GMT-0500 (Eastern Standard Time),"Mozilla/5.0 (Windows NT 10.0; Win64; x64) AppleWebKit/537.36 (KHTML, like Gecko) Chrome/62.0.3202.94 Safari/537.36",9,"[0.9, 0.5, 0.1]","[0.8, 0.4, 0.2]","[u'black', u'blue', u'red']","[u'left', u'middle', u'right']","[0.9, 0.5, 0.1]","[u'high', u'low', u'medium']",black,49,left,high,True,False,353,750,NA
A2N72OL21SAV0P,Mon Dec 04 2017 08:00:20 GMT-0500 (Eastern Standard Time),Mon Dec 04 2017 08:07:22 GMT-0500 (Eastern Standard Time),"Mozilla/5.0 (Windows NT 10.0; Win64; x64) AppleWebKit/537.36 (KHTML, like Gecko) Chrome/62.0.3202.94 Safari/537.36",10,"[0.9, 0.5, 0.1]","[0.8, 0.4, 0.2]","[u'black', u'blue', u'red']","[u'left', u'middle', u'right']","[0.9, 0.5, 0.1]","[u'high', u'low', u'medium']",black,49,left,high,True,False,419,850,NA
A2N72OL21SAV0P,Mon Dec 04 2017 08:00:20 GMT-0500 (Eastern Standard Time),Mon Dec 04 2017 08:07:22 GMT-0500 (Eastern Standard Time),"Mozilla/5.0 (Windows NT 10.0; Win64; x64) AppleWebKit/537.36 (KHTML, like Gecko) Chrome/62.0.3202.94 Safari/537.36",11,"[0.9, 0.5, 0.1]","[0.8, 0.4, 0.2]","[u'black', u'blue', u'red']","[u'left', u'middle', u'right']","[0.9, 0.5, 0.1]","[u'high', u'low', u'medium']",black,49,left,high,False,False,291,800,NA
A2N72OL21SAV0P,Mon Dec 04 2017 08:00:20 GMT-0500 (Eastern Standard Time),Mon Dec 04 2017 08:07:22 GMT-0500 (Eastern Standard Time),"Mozilla/5.0 (Windows NT 10.0; Win64; x64) AppleWebKit/537.36 (KHTML, like Gecko) Chrome/62.0.3202.94 Safari/537.36",12,"[0.9, 0.5, 0.1]","[0.8, 0.4, 0.2]","[u'black', u'blue', u'red']","[u'left', u'middle', u'right']","[0.9, 0.5, 0.1]","[u'high', u'low', u'medium']",black,49,left,high,True,False,675,900,NA
A2N72OL21SAV0P,Mon Dec 04 2017 08:00:20 GMT-0500 (Eastern Standard Time),Mon Dec 04 2017 08:07:22 GMT-0500 (Eastern Standard Time),"Mozilla/5.0 (Windows NT 10.0; Win64; x64) AppleWebKit/537.36 (KHTML, like Gecko) Chrome/62.0.3202.94 Safari/537.36",13,"[0.9, 0.5, 0.1]","[0.8, 0.4, 0.2]","[u'black', u'blue', u'red']","[u'left', u'middle', u'right']","[0.9, 0.5, 0.1]","[u'high', u'low', u'medium']",black,49,left,high,True,False,339,1000,NA
A2N72OL21SAV0P,Mon Dec 04 2017 08:00:20 GMT-0500 (Eastern Standard Time),Mon Dec 04 2017 08:07:22 GMT-0500 (Eastern Standard Time),"Mozilla/5.0 (Windows NT 10.0; Win64; x64) AppleWebKit/537.36 (KHTML, like Gecko) Chrome/62.0.3202.94 Safari/537.36",14,"[0.9, 0.5, 0.1]","[0.8, 0.4, 0.2]","[u'black', u'blue', u'red']","[u'left', u'middle', u'right']","[0.9, 0.5, 0.1]","[u'high', u'low', u'medium']",black,49,left,high,True,False,306,1100,NA
A2N72OL21SAV0P,Mon Dec 04 2017 08:00:20 GMT-0500 (Eastern Standard Time),Mon Dec 04 2017 08:07:22 GMT-0500 (Eastern Standard Time),"Mozilla/5.0 (Windows NT 10.0; Win64; x64) AppleWebKit/537.36 (KHTML, like Gecko) Chrome/62.0.3202.94 Safari/537.36",15,"[0.9, 0.5, 0.1]","[0.8, 0.4, 0.2]","[u'black', u'blue', u'red']","[u'left', u'middle', u'right']","[0.9, 0.5, 0.1]","[u'high', u'low', u'medium']",black,49,left,high,True,False,292,1200,NA
A2N72OL21SAV0P,Mon Dec 04 2017 08:00:20 GMT-0500 (Eastern Standard Time),Mon Dec 04 2017 08:07:22 GMT-0500 (Eastern Standard Time),"Mozilla/5.0 (Windows NT 10.0; Win64; x64) AppleWebKit/537.36 (KHTML, like Gecko) Chrome/62.0.3202.94 Safari/537.36",16,"[0.9, 0.5, 0.1]","[0.8, 0.4, 0.2]","[u'black', u'blue', u'red']","[u'left', u'middle', u'right']","[0.9, 0.5, 0.1]","[u'high', u'low', u'medium']",black,49,left,high,False,False,259,1150,NA
A2N72OL21SAV0P,Mon Dec 04 2017 08:00:20 GMT-0500 (Eastern Standard Time),Mon Dec 04 2017 08:07:22 GMT-0500 (Eastern Standard Time),"Mozilla/5.0 (Windows NT 10.0; Win64; x64) AppleWebKit/537.36 (KHTML, like Gecko) Chrome/62.0.3202.94 Safari/537.36",17,"[0.9, 0.5, 0.1]","[0.8, 0.4, 0.2]","[u'black', u'blue', u'red']","[u'left', u'middle', u'right']","[0.9, 0.5, 0.1]","[u'high', u'low', u'medium']",black,49,left,high,True,True,259,1250,NA
A2N72OL21SAV0P,Mon Dec 04 2017 08:00:20 GMT-0500 (Eastern Standard Time),Mon Dec 04 2017 08:07:22 GMT-0500 (Eastern Standard Time),"Mozilla/5.0 (Windows NT 10.0; Win64; x64) AppleWebKit/537.36 (KHTML, like Gecko) Chrome/62.0.3202.94 Safari/537.36",18,"[0.9, 0.5, 0.1]","[0.8, 0.4, 0.2]","[u'black', u'blue', u'red']","[u'left', u'middle', u'right']","[0.9, 0.5, 0.1]","[u'low', u'high', u'medium']",black,49,left,low,False,False,291,1200,NA
A2N72OL21SAV0P,Mon Dec 04 2017 08:00:20 GMT-0500 (Eastern Standard Time),Mon Dec 04 2017 08:07:22 GMT-0500 (Eastern Standard Time),"Mozilla/5.0 (Windows NT 10.0; Win64; x64) AppleWebKit/537.36 (KHTML, like Gecko) Chrome/62.0.3202.94 Safari/537.36",19,"[0.9, 0.5, 0.1]","[0.8, 0.4, 0.2]","[u'black', u'blue', u'red']","[u'left', u'middle', u'right']","[0.9, 0.5, 0.1]","[u'low', u'high', u'medium']",black,49,left,low,True,False,290,1300,NA
A2N72OL21SAV0P,Mon Dec 04 2017 08:00:20 GMT-0500 (Eastern Standard Time),Mon Dec 04 2017 08:07:22 GMT-0500 (Eastern Standard Time),"Mozilla/5.0 (Windows NT 10.0; Win64; x64) AppleWebKit/537.36 (KHTML, like Gecko) Chrome/62.0.3202.94 Safari/537.36",20,"[0.9, 0.5, 0.1]","[0.8, 0.4, 0.2]","[u'black', u'blue', u'red']","[u'left', u'middle', u'right']","[0.9, 0.5, 0.1]","[u'low', u'high', u'medium']",black,49,left,low,False,False,274,1250,NA
A2N72OL21SAV0P,Mon Dec 04 2017 08:00:20 GMT-0500 (Eastern Standard Time),Mon Dec 04 2017 08:07:22 GMT-0500 (Eastern Standard Time),"Mozilla/5.0 (Windows NT 10.0; Win64; x64) AppleWebKit/537.36 (KHTML, like Gecko) Chrome/62.0.3202.94 Safari/537.36",21,"[0.9, 0.5, 0.1]","[0.8, 0.4, 0.2]","[u'black', u'blue', u'red']","[u'left', u'middle', u'right']","[0.9, 0.5, 0.1]","[u'low', u'high', u'medium']",black,49,left,low,False,False,276,1200,NA
A2N72OL21SAV0P,Mon Dec 04 2017 08:00:20 GMT-0500 (Eastern Standard Time),Mon Dec 04 2017 08:07:22 GMT-0500 (Eastern Standard Time),"Mozilla/5.0 (Windows NT 10.0; Win64; x64) AppleWebKit/537.36 (KHTML, like Gecko) Chrome/62.0.3202.94 Safari/537.36",22,"[0.9, 0.5, 0.1]","[0.8, 0.4, 0.2]","[u'black', u'blue', u'red']","[u'left', u'middle', u'right']","[0.9, 0.5, 0.1]","[u'low', u'high', u'medium']",black,49,left,low,False,False,194,1150,NA
A2N72OL21SAV0P,Mon Dec 04 2017 08:00:20 GMT-0500 (Eastern Standard Time),Mon Dec 04 2017 08:07:22 GMT-0500 (Eastern Standard Time),"Mozilla/5.0 (Windows NT 10.0; Win64; x64) AppleWebKit/537.36 (KHTML, like Gecko) Chrome/62.0.3202.94 Safari/537.36",23,"[0.9, 0.5, 0.1]","[0.8, 0.4, 0.2]","[u'black', u'blue', u'red']","[u'left', u'middle', u'right']","[0.9, 0.5, 0.1]","[u'low', u'high', u'medium']",blue,50,middle,high,True,False,451,1250,NA
A2N72OL21SAV0P,Mon Dec 04 2017 08:00:20 GMT-0500 (Eastern Standard Time),Mon Dec 04 2017 08:07:22 GMT-0500 (Eastern Standard Time),"Mozilla/5.0 (Windows NT 10.0; Win64; x64) AppleWebKit/537.36 (KHTML, like Gecko) Chrome/62.0.3202.94 Safari/537.36",24,"[0.9, 0.5, 0.1]","[0.8, 0.4, 0.2]","[u'black', u'blue', u'red']","[u'left', u'middle', u'right']","[0.9, 0.5, 0.1]","[u'low', u'high', u'medium']",blue,50,middle,high,True,False,291,1350,NA
A2N72OL21SAV0P,Mon Dec 04 2017 08:00:20 GMT-0500 (Eastern Standard Time),Mon Dec 04 2017 08:07:22 GMT-0500 (Eastern Standard Time),"Mozilla/5.0 (Windows NT 10.0; Win64; x64) AppleWebKit/537.36 (KHTML, like Gecko) Chrome/62.0.3202.94 Safari/537.36",25,"[0.9, 0.5, 0.1]","[0.8, 0.4, 0.2]","[u'black', u'blue', u'red']","[u'left', u'middle', u'right']","[0.9, 0.5, 0.1]","[u'low', u'high', u'medium']",blue,50,middle,high,True,False,258,1450,NA
A2N72OL21SAV0P,Mon Dec 04 2017 08:00:20 GMT-0500 (Eastern Standard Time),Mon Dec 04 2017 08:07:22 GMT-0500 (Eastern Standard Time),"Mozilla/5.0 (Windows NT 10.0; Win64; x64) AppleWebKit/537.36 (KHTML, like Gecko) Chrome/62.0.3202.94 Safari/537.36",26,"[0.9, 0.5, 0.1]","[0.8, 0.4, 0.2]","[u'black', u'blue', u'red']","[u'left', u'middle', u'right']","[0.9, 0.5, 0.1]","[u'low', u'high', u'medium']",blue,50,middle,high,True,False,276,1550,NA
A2N72OL21SAV0P,Mon Dec 04 2017 08:00:20 GMT-0500 (Eastern Standard Time),Mon Dec 04 2017 08:07:22 GMT-0500 (Eastern Standard Time),"Mozilla/5.0 (Windows NT 10.0; Win64; x64) AppleWebKit/537.36 (KHTML, like Gecko) Chrome/62.0.3202.94 Safari/537.36",27,"[0.9, 0.5, 0.1]","[0.8, 0.4, 0.2]","[u'black', u'blue', u'red']","[u'left', u'middle', u'right']","[0.9, 0.5, 0.1]","[u'low', u'high', u'medium']",blue,50,middle,high,True,False,259,1650,NA
A2N72OL21SAV0P,Mon Dec 04 2017 08:00:20 GMT-0500 (Eastern Standard Time),Mon Dec 04 2017 08:07:22 GMT-0500 (Eastern Standard Time),"Mozilla/5.0 (Windows NT 10.0; Win64; x64) AppleWebKit/537.36 (KHTML, like Gecko) Chrome/62.0.3202.94 Safari/537.36",28,"[0.9, 0.5, 0.1]","[0.8, 0.4, 0.2]","[u'black', u'blue', u'red']","[u'left', u'middle', u'right']","[0.9, 0.5, 0.1]","[u'low', u'high', u'medium']",blue,50,middle,high,True,False,258,1750,NA
A2N72OL21SAV0P,Mon Dec 04 2017 08:00:20 GMT-0500 (Eastern Standard Time),Mon Dec 04 2017 08:07:22 GMT-0500 (Eastern Standard Time),"Mozilla/5.0 (Windows NT 10.0; Win64; x64) AppleWebKit/537.36 (KHTML, like Gecko) Chrome/62.0.3202.94 Safari/537.36",29,"[0.9, 0.5, 0.1]","[0.8, 0.4, 0.2]","[u'black', u'blue', u'red']","[u'left', u'middle', u'right']","[0.9, 0.5, 0.1]","[u'low', u'high', u'medium']",blue,50,middle,high,True,False,243,1850,NA
A2N72OL21SAV0P,Mon Dec 04 2017 08:00:20 GMT-0500 (Eastern Standard Time),Mon Dec 04 2017 08:07:22 GMT-0500 (Eastern Standard Time),"Mozilla/5.0 (Windows NT 10.0; Win64; x64) AppleWebKit/537.36 (KHTML, like Gecko) Chrome/62.0.3202.94 Safari/537.36",30,"[0.9, 0.5, 0.1]","[0.8, 0.4, 0.2]","[u'black', u'blue', u'red']","[u'left', u'middle', u'right']","[0.9, 0.5, 0.1]","[u'low', u'high', u'medium']",blue,50,middle,high,False,False,243,1800,NA
A2N72OL21SAV0P,Mon Dec 04 2017 08:00:20 GMT-0500 (Eastern Standard Time),Mon Dec 04 2017 08:07:22 GMT-0500 (Eastern Standard Time),"Mozilla/5.0 (Windows NT 10.0; Win64; x64) AppleWebKit/537.36 (KHTML, like Gecko) Chrome/62.0.3202.94 Safari/537.36",31,"[0.9, 0.5, 0.1]","[0.8, 0.4, 0.2]","[u'black', u'blue', u'red']","[u'left', u'middle', u'right']","[0.9, 0.5, 0.1]","[u'low', u'high', u'medium']",blue,50,middle,high,False,True,243,1750,NA
A2N72OL21SAV0P,Mon Dec 04 2017 08:00:20 GMT-0500 (Eastern Standard Time),Mon Dec 04 2017 08:07:22 GMT-0500 (Eastern Standard Time),"Mozilla/5.0 (Windows NT 10.0; Win64; x64) AppleWebKit/537.36 (KHTML, like Gecko) Chrome/62.0.3202.94 Safari/537.36",32,"[0.9, 0.5, 0.1]","[0.8, 0.4, 0.2]","[u'black', u'blue', u'red']","[u'left', u'middle', u'right']","[0.9, 0.5, 0.1]","[u'low', u'medium', u'high']",black,49,left,low,False,False,273,1700,NA
A2N72OL21SAV0P,Mon Dec 04 2017 08:00:20 GMT-0500 (Eastern Standard Time),Mon Dec 04 2017 08:07:22 GMT-0500 (Eastern Standard Time),"Mozilla/5.0 (Windows NT 10.0; Win64; x64) AppleWebKit/537.36 (KHTML, like Gecko) Chrome/62.0.3202.94 Safari/537.36",33,"[0.9, 0.5, 0.1]","[0.8, 0.4, 0.2]","[u'black', u'blue', u'red']","[u'left', u'middle', u'right']","[0.9, 0.5, 0.1]","[u'low', u'medium', u'high']",red,51,right,high,True,False,260,1800,NA
A2N72OL21SAV0P,Mon Dec 04 2017 08:00:20 GMT-0500 (Eastern Standard Time),Mon Dec 04 2017 08:07:22 GMT-0500 (Eastern Standard Time),"Mozilla/5.0 (Windows NT 10.0; Win64; x64) AppleWebKit/537.36 (KHTML, like Gecko) Chrome/62.0.3202.94 Safari/537.36",34,"[0.9, 0.5, 0.1]","[0.8, 0.4, 0.2]","[u'black', u'blue', u'red']","[u'left', u'middle', u'right']","[0.9, 0.5, 0.1]","[u'low', u'medium', u'high']",red,51,right,high,True,False,274,1900,NA
A2N72OL21SAV0P,Mon Dec 04 2017 08:00:20 GMT-0500 (Eastern Standard Time),Mon Dec 04 2017 08:07:22 GMT-0500 (Eastern Standard Time),"Mozilla/5.0 (Windows NT 10.0; Win64; x64) AppleWebKit/537.36 (KHTML, like Gecko) Chrome/62.0.3202.94 Safari/537.36",35,"[0.9, 0.5, 0.1]","[0.8, 0.4, 0.2]","[u'black', u'blue', u'red']","[u'left', u'middle', u'right']","[0.9, 0.5, 0.1]","[u'low', u'medium', u'high']",red,51,right,high,True,False,242,2000,NA
A2N72OL21SAV0P,Mon Dec 04 2017 08:00:20 GMT-0500 (Eastern Standard Time),Mon Dec 04 2017 08:07:22 GMT-0500 (Eastern Standard Time),"Mozilla/5.0 (Windows NT 10.0; Win64; x64) AppleWebKit/537.36 (KHTML, like Gecko) Chrome/62.0.3202.94 Safari/537.36",36,"[0.9, 0.5, 0.1]","[0.8, 0.4, 0.2]","[u'black', u'blue', u'red']","[u'left', u'middle', u'right']","[0.9, 0.5, 0.1]","[u'low', u'medium', u'high']",red,51,right,high,False,False,258,1950,NA
A2N72OL21SAV0P,Mon Dec 04 2017 08:00:20 GMT-0500 (Eastern Standard Time),Mon Dec 04 2017 08:07:22 GMT-0500 (Eastern Standard Time),"Mozilla/5.0 (Windows NT 10.0; Win64; x64) AppleWebKit/537.36 (KHTML, like Gecko) Chrome/62.0.3202.94 Safari/537.36",37,"[0.9, 0.5, 0.1]","[0.8, 0.4, 0.2]","[u'black', u'blue', u'red']","[u'left', u'middle', u'right']","[0.9, 0.5, 0.1]","[u'low', u'medium', u'high']",red,51,right,high,True,False,258,2050,NA
A2N72OL21SAV0P,Mon Dec 04 2017 08:00:20 GMT-0500 (Eastern Standard Time),Mon Dec 04 2017 08:07:22 GMT-0500 (Eastern Standard Time),"Mozilla/5.0 (Windows NT 10.0; Win64; x64) AppleWebKit/537.36 (KHTML, like Gecko) Chrome/62.0.3202.94 Safari/537.36",38,"[0.9, 0.5, 0.1]","[0.8, 0.4, 0.2]","[u'black', u'blue', u'red']","[u'left', u'middle', u'right']","[0.9, 0.5, 0.1]","[u'low', u'medium', u'high']",red,51,right,high,True,False,260,2150,NA
A2N72OL21SAV0P,Mon Dec 04 2017 08:00:20 GMT-0500 (Eastern Standard Time),Mon Dec 04 2017 08:07:22 GMT-0500 (Eastern Standard Time),"Mozilla/5.0 (Windows NT 10.0; Win64; x64) AppleWebKit/537.36 (KHTML, like Gecko) Chrome/62.0.3202.94 Safari/537.36",39,"[0.9, 0.5, 0.1]","[0.8, 0.4, 0.2]","[u'black', u'blue', u'red']","[u'left', u'middle', u'right']","[0.9, 0.5, 0.1]","[u'low', u'medium', u'high']",red,51,right,high,True,False,196,2250,NA
A2N72OL21SAV0P,Mon Dec 04 2017 08:00:20 GMT-0500 (Eastern Standard Time),Mon Dec 04 2017 08:07:22 GMT-0500 (Eastern Standard Time),"Mozilla/5.0 (Windows NT 10.0; Win64; x64) AppleWebKit/537.36 (KHTML, like Gecko) Chrome/62.0.3202.94 Safari/537.36",40,"[0.9, 0.5, 0.1]","[0.8, 0.4, 0.2]","[u'black', u'blue', u'red']","[u'left', u'middle', u'right']","[0.9, 0.5, 0.1]","[u'low', u'medium', u'high']",red,51,right,high,True,False,210,2350,NA
A2N72OL21SAV0P,Mon Dec 04 2017 08:00:20 GMT-0500 (Eastern Standard Time),Mon Dec 04 2017 08:07:22 GMT-0500 (Eastern Standard Time),"Mozilla/5.0 (Windows NT 10.0; Win64; x64) AppleWebKit/537.36 (KHTML, like Gecko) Chrome/62.0.3202.94 Safari/537.36",41,"[0.9, 0.5, 0.1]","[0.8, 0.4, 0.2]","[u'black', u'blue', u'red']","[u'left', u'middle', u'right']","[0.9, 0.5, 0.1]","[u'medium', u'high', u'low']",red,51,right,low,False,False,796,2300,NA
A2N72OL21SAV0P,Mon Dec 04 2017 08:00:20 GMT-0500 (Eastern Standard Time),Mon Dec 04 2017 08:07:22 GMT-0500 (Eastern Standard Time),"Mozilla/5.0 (Windows NT 10.0; Win64; x64) AppleWebKit/537.36 (KHTML, like Gecko) Chrome/62.0.3202.94 Safari/537.36",42,"[0.9, 0.5, 0.1]","[0.8, 0.4, 0.2]","[u'black', u'blue', u'red']","[u'left', u'middle', u'right']","[0.9, 0.5, 0.1]","[u'medium', u'high', u'low']",blue,50,middle,high,True,False,386,2400,NA
A2N72OL21SAV0P,Mon Dec 04 2017 08:00:20 GMT-0500 (Eastern Standard Time),Mon Dec 04 2017 08:07:22 GMT-0500 (Eastern Standard Time),"Mozilla/5.0 (Windows NT 10.0; Win64; x64) AppleWebKit/537.36 (KHTML, like Gecko) Chrome/62.0.3202.94 Safari/537.36",43,"[0.9, 0.5, 0.1]","[0.8, 0.4, 0.2]","[u'black', u'blue', u'red']","[u'left', u'middle', u'right']","[0.9, 0.5, 0.1]","[u'medium', u'high', u'low']",blue,50,middle,high,True,False,306,2500,NA
A2N72OL21SAV0P,Mon Dec 04 2017 08:00:20 GMT-0500 (Eastern Standard Time),Mon Dec 04 2017 08:07:22 GMT-0500 (Eastern Standard Time),"Mozilla/5.0 (Windows NT 10.0; Win64; x64) AppleWebKit/537.36 (KHTML, like Gecko) Chrome/62.0.3202.94 Safari/537.36",44,"[0.9, 0.5, 0.1]","[0.8, 0.4, 0.2]","[u'black', u'blue', u'red']","[u'left', u'middle', u'right']","[0.9, 0.5, 0.1]","[u'medium', u'high', u'low']",blue,50,middle,high,True,False,276,2600,NA
A2N72OL21SAV0P,Mon Dec 04 2017 08:00:20 GMT-0500 (Eastern Standard Time),Mon Dec 04 2017 08:07:22 GMT-0500 (Eastern Standard Time),"Mozilla/5.0 (Windows NT 10.0; Win64; x64) AppleWebKit/537.36 (KHTML, like Gecko) Chrome/62.0.3202.94 Safari/537.36",45,"[0.9, 0.5, 0.1]","[0.8, 0.4, 0.2]","[u'black', u'blue', u'red']","[u'left', u'middle', u'right']","[0.9, 0.5, 0.1]","[u'medium', u'high', u'low']",blue,50,middle,high,True,False,275,2700,NA
A2N72OL21SAV0P,Mon Dec 04 2017 08:00:20 GMT-0500 (Eastern Standard Time),Mon Dec 04 2017 08:07:22 GMT-0500 (Eastern Standard Time),"Mozilla/5.0 (Windows NT 10.0; Win64; x64) AppleWebKit/537.36 (KHTML, like Gecko) Chrome/62.0.3202.94 Safari/537.36",46,"[0.9, 0.5, 0.1]","[0.8, 0.4, 0.2]","[u'black', u'blue', u'red']","[u'left', u'middle', u'right']","[0.9, 0.5, 0.1]","[u'medium', u'high', u'low']",blue,50,middle,high,True,False,194,2800,NA
A2N72OL21SAV0P,Mon Dec 04 2017 08:00:20 GMT-0500 (Eastern Standard Time),Mon Dec 04 2017 08:07:22 GMT-0500 (Eastern Standard Time),"Mozilla/5.0 (Windows NT 10.0; Win64; x64) AppleWebKit/537.36 (KHTML, like Gecko) Chrome/62.0.3202.94 Safari/537.36",47,"[0.9, 0.5, 0.1]","[0.8, 0.4, 0.2]","[u'black', u'blue', u'red']","[u'left', u'middle', u'right']","[0.9, 0.5, 0.1]","[u'medium', u'high', u'low']",blue,50,middle,high,False,False,244,2750,NA
A2N72OL21SAV0P,Mon Dec 04 2017 08:00:20 GMT-0500 (Eastern Standard Time),Mon Dec 04 2017 08:07:22 GMT-0500 (Eastern Standard Time),"Mozilla/5.0 (Windows NT 10.0; Win64; x64) AppleWebKit/537.36 (KHTML, like Gecko) Chrome/62.0.3202.94 Safari/537.36",48,"[0.9, 0.5, 0.1]","[0.8, 0.4, 0.2]","[u'black', u'blue', u'red']","[u'left', u'middle', u'right']","[0.9, 0.5, 0.1]","[u'medium', u'high', u'low']",blue,50,middle,high,True,False,227,2850,NA
A2N72OL21SAV0P,Mon Dec 04 2017 08:00:20 GMT-0500 (Eastern Standard Time),Mon Dec 04 2017 08:07:22 GMT-0500 (Eastern Standard Time),"Mozilla/5.0 (Windows NT 10.0; Win64; x64) AppleWebKit/537.36 (KHTML, like Gecko) Chrome/62.0.3202.94 Safari/537.36",49,"[0.9, 0.5, 0.1]","[0.8, 0.4, 0.2]","[u'black', u'blue', u'red']","[u'left', u'middle', u'right']","[0.9, 0.5, 0.1]","[u'medium', u'high', u'low']",blue,50,middle,high,True,False,242,2950,NA
A2N72OL21SAV0P,Mon Dec 04 2017 08:00:20 GMT-0500 (Eastern Standard Time),Mon Dec 04 2017 08:07:22 GMT-0500 (Eastern Standard Time),"Mozilla/5.0 (Windows NT 10.0; Win64; x64) AppleWebKit/537.36 (KHTML, like Gecko) Chrome/62.0.3202.94 Safari/537.36",50,"[0.9, 0.5, 0.1]","[0.8, 0.4, 0.2]","[u'black', u'blue', u'red']","[u'left', u'middle', u'right']","[0.9, 0.5, 0.1]","[u'medium', u'high', u'low']",blue,50,middle,high,True,True,308,3050,NA
A2N72OL21SAV0P,Mon Dec 04 2017 08:00:20 GMT-0500 (Eastern Standard Time),Mon Dec 04 2017 08:07:22 GMT-0500 (Eastern Standard Time),"Mozilla/5.0 (Windows NT 10.0; Win64; x64) AppleWebKit/537.36 (KHTML, like Gecko) Chrome/62.0.3202.94 Safari/537.36",51,"[0.9, 0.5, 0.1]","[0.8, 0.4, 0.2]","[u'black', u'blue', u'red']","[u'left', u'middle', u'right']","[0.9, 0.5, 0.1]","[u'high', u'low', u'medium']",blue,50,middle,low,False,False,290,3000,NA
A2N72OL21SAV0P,Mon Dec 04 2017 08:00:20 GMT-0500 (Eastern Standard Time),Mon Dec 04 2017 08:07:22 GMT-0500 (Eastern Standard Time),"Mozilla/5.0 (Windows NT 10.0; Win64; x64) AppleWebKit/537.36 (KHTML, like Gecko) Chrome/62.0.3202.94 Safari/537.36",52,"[0.9, 0.5, 0.1]","[0.8, 0.4, 0.2]","[u'black', u'blue', u'red']","[u'left', u'middle', u'right']","[0.9, 0.5, 0.1]","[u'high', u'low', u'medium']",blue,50,middle,low,False,False,210,2950,NA
A2N72OL21SAV0P,Mon Dec 04 2017 08:00:20 GMT-0500 (Eastern Standard Time),Mon Dec 04 2017 08:07:22 GMT-0500 (Eastern Standard Time),"Mozilla/5.0 (Windows NT 10.0; Win64; x64) AppleWebKit/537.36 (KHTML, like Gecko) Chrome/62.0.3202.94 Safari/537.36",53,"[0.9, 0.5, 0.1]","[0.8, 0.4, 0.2]","[u'black', u'blue', u'red']","[u'left', u'middle', u'right']","[0.9, 0.5, 0.1]","[u'high', u'low', u'medium']",black,49,left,high,True,False,274,3050,NA
A2N72OL21SAV0P,Mon Dec 04 2017 08:00:20 GMT-0500 (Eastern Standard Time),Mon Dec 04 2017 08:07:22 GMT-0500 (Eastern Standard Time),"Mozilla/5.0 (Windows NT 10.0; Win64; x64) AppleWebKit/537.36 (KHTML, like Gecko) Chrome/62.0.3202.94 Safari/537.36",54,"[0.9, 0.5, 0.1]","[0.8, 0.4, 0.2]","[u'black', u'blue', u'red']","[u'left', u'middle', u'right']","[0.9, 0.5, 0.1]","[u'high', u'low', u'medium']",black,49,left,high,True,False,242,3150,NA
A2N72OL21SAV0P,Mon Dec 04 2017 08:00:20 GMT-0500 (Eastern Standard Time),Mon Dec 04 2017 08:07:22 GMT-0500 (Eastern Standard Time),"Mozilla/5.0 (Windows NT 10.0; Win64; x64) AppleWebKit/537.36 (KHTML, like Gecko) Chrome/62.0.3202.94 Safari/537.36",55,"[0.9, 0.5, 0.1]","[0.8, 0.4, 0.2]","[u'black', u'blue', u'red']","[u'left', u'middle', u'right']","[0.9, 0.5, 0.1]","[u'high', u'low', u'medium']",black,49,left,high,False,False,291,3100,NA
A2N72OL21SAV0P,Mon Dec 04 2017 08:00:20 GMT-0500 (Eastern Standard Time),Mon Dec 04 2017 08:07:22 GMT-0500 (Eastern Standard Time),"Mozilla/5.0 (Windows NT 10.0; Win64; x64) AppleWebKit/537.36 (KHTML, like Gecko) Chrome/62.0.3202.94 Safari/537.36",56,"[0.9, 0.5, 0.1]","[0.8, 0.4, 0.2]","[u'black', u'blue', u'red']","[u'left', u'middle', u'right']","[0.9, 0.5, 0.1]","[u'high', u'low', u'medium']",black,49,left,high,True,False,355,3200,NA
A2N72OL21SAV0P,Mon Dec 04 2017 08:00:20 GMT-0500 (Eastern Standard Time),Mon Dec 04 2017 08:07:22 GMT-0500 (Eastern Standard Time),"Mozilla/5.0 (Windows NT 10.0; Win64; x64) AppleWebKit/537.36 (KHTML, like Gecko) Chrome/62.0.3202.94 Safari/537.36",57,"[0.9, 0.5, 0.1]","[0.8, 0.4, 0.2]","[u'black', u'blue', u'red']","[u'left', u'middle', u'right']","[0.9, 0.5, 0.1]","[u'high', u'low', u'medium']",black,49,left,high,True,False,289,3300,NA
A2N72OL21SAV0P,Mon Dec 04 2017 08:00:20 GMT-0500 (Eastern Standard Time),Mon Dec 04 2017 08:07:22 GMT-0500 (Eastern Standard Time),"Mozilla/5.0 (Windows NT 10.0; Win64; x64) AppleWebKit/537.36 (KHTML, like Gecko) Chrome/62.0.3202.94 Safari/537.36",58,"[0.9, 0.5, 0.1]","[0.8, 0.4, 0.2]","[u'black', u'blue', u'red']","[u'left', u'middle', u'right']","[0.9, 0.5, 0.1]","[u'high', u'low', u'medium']",black,49,left,high,True,False,276,3400,NA
A2N72OL21SAV0P,Mon Dec 04 2017 08:00:20 GMT-0500 (Eastern Standard Time),Mon Dec 04 2017 08:07:22 GMT-0500 (Eastern Standard Time),"Mozilla/5.0 (Windows NT 10.0; Win64; x64) AppleWebKit/537.36 (KHTML, like Gecko) Chrome/62.0.3202.94 Safari/537.36",59,"[0.9, 0.5, 0.1]","[0.8, 0.4, 0.2]","[u'black', u'blue', u'red']","[u'left', u'middle', u'right']","[0.9, 0.5, 0.1]","[u'high', u'low', u'medium']",black,49,left,high,True,False,305,3500,NA
A2N72OL21SAV0P,Mon Dec 04 2017 08:00:20 GMT-0500 (Eastern Standard Time),Mon Dec 04 2017 08:07:22 GMT-0500 (Eastern Standard Time),"Mozilla/5.0 (Windows NT 10.0; Win64; x64) AppleWebKit/537.36 (KHTML, like Gecko) Chrome/62.0.3202.94 Safari/537.36",60,"[0.9, 0.5, 0.1]","[0.8, 0.4, 0.2]","[u'black', u'blue', u'red']","[u'left', u'middle', u'right']","[0.9, 0.5, 0.1]","[u'high', u'low', u'medium']",black,49,left,high,True,False,228,3600,NA
A2N72OL21SAV0P,Mon Dec 04 2017 08:00:20 GMT-0500 (Eastern Standard Time),Mon Dec 04 2017 08:07:22 GMT-0500 (Eastern Standard Time),"Mozilla/5.0 (Windows NT 10.0; Win64; x64) AppleWebKit/537.36 (KHTML, like Gecko) Chrome/62.0.3202.94 Safari/537.36",61,"[0.9, 0.5, 0.1]","[0.8, 0.4, 0.2]","[u'black', u'blue', u'red']","[u'left', u'middle', u'right']","[0.9, 0.5, 0.1]","[u'high', u'low', u'medium']",black,49,left,high,True,True,242,3700,NA
A2N72OL21SAV0P,Mon Dec 04 2017 08:00:20 GMT-0500 (Eastern Standard Time),Mon Dec 04 2017 08:07:22 GMT-0500 (Eastern Standard Time),"Mozilla/5.0 (Windows NT 10.0; Win64; x64) AppleWebKit/537.36 (KHTML, like Gecko) Chrome/62.0.3202.94 Safari/537.36",62,"[0.9, 0.5, 0.1]","[0.8, 0.4, 0.2]","[u'black', u'blue', u'red']","[u'left', u'middle', u'right']","[0.9, 0.5, 0.1]","[u'low', u'high', u'medium']",black,49,left,low,False,False,276,3650,NA
A2N72OL21SAV0P,Mon Dec 04 2017 08:00:20 GMT-0500 (Eastern Standard Time),Mon Dec 04 2017 08:07:22 GMT-0500 (Eastern Standard Time),"Mozilla/5.0 (Windows NT 10.0; Win64; x64) AppleWebKit/537.36 (KHTML, like Gecko) Chrome/62.0.3202.94 Safari/537.36",63,"[0.9, 0.5, 0.1]","[0.8, 0.4, 0.2]","[u'black', u'blue', u'red']","[u'left', u'middle', u'right']","[0.9, 0.5, 0.1]","[u'low', u'high', u'medium']",black,49,left,low,False,False,129,3600,NA
A2N72OL21SAV0P,Mon Dec 04 2017 08:00:20 GMT-0500 (Eastern Standard Time),Mon Dec 04 2017 08:07:22 GMT-0500 (Eastern Standard Time),"Mozilla/5.0 (Windows NT 10.0; Win64; x64) AppleWebKit/537.36 (KHTML, like Gecko) Chrome/62.0.3202.94 Safari/537.36",64,"[0.9, 0.5, 0.1]","[0.8, 0.4, 0.2]","[u'black', u'blue', u'red']","[u'left', u'middle', u'right']","[0.9, 0.5, 0.1]","[u'low', u'high', u'medium']",red,51,right,medium,False,False,290,3550,NA
A2N72OL21SAV0P,Mon Dec 04 2017 08:00:20 GMT-0500 (Eastern Standard Time),Mon Dec 04 2017 08:07:22 GMT-0500 (Eastern Standard Time),"Mozilla/5.0 (Windows NT 10.0; Win64; x64) AppleWebKit/537.36 (KHTML, like Gecko) Chrome/62.0.3202.94 Safari/537.36",65,"[0.9, 0.5, 0.1]","[0.8, 0.4, 0.2]","[u'black', u'blue', u'red']","[u'left', u'middle', u'right']","[0.9, 0.5, 0.1]","[u'low', u'high', u'medium']",blue,50,middle,high,True,False,277,3650,NA
A2N72OL21SAV0P,Mon Dec 04 2017 08:00:20 GMT-0500 (Eastern Standard Time),Mon Dec 04 2017 08:07:22 GMT-0500 (Eastern Standard Time),"Mozilla/5.0 (Windows NT 10.0; Win64; x64) AppleWebKit/537.36 (KHTML, like Gecko) Chrome/62.0.3202.94 Safari/537.36",66,"[0.9, 0.5, 0.1]","[0.8, 0.4, 0.2]","[u'black', u'blue', u'red']","[u'left', u'middle', u'right']","[0.9, 0.5, 0.1]","[u'low', u'high', u'medium']",blue,50,middle,high,True,False,291,3750,NA
A2N72OL21SAV0P,Mon Dec 04 2017 08:00:20 GMT-0500 (Eastern Standard Time),Mon Dec 04 2017 08:07:22 GMT-0500 (Eastern Standard Time),"Mozilla/5.0 (Windows NT 10.0; Win64; x64) AppleWebKit/537.36 (KHTML, like Gecko) Chrome/62.0.3202.94 Safari/537.36",67,"[0.9, 0.5, 0.1]","[0.8, 0.4, 0.2]","[u'black', u'blue', u'red']","[u'left', u'middle', u'right']","[0.9, 0.5, 0.1]","[u'low', u'high', u'medium']",blue,50,middle,high,True,False,274,3850,NA
A2N72OL21SAV0P,Mon Dec 04 2017 08:00:20 GMT-0500 (Eastern Standard Time),Mon Dec 04 2017 08:07:22 GMT-0500 (Eastern Standard Time),"Mozilla/5.0 (Windows NT 10.0; Win64; x64) AppleWebKit/537.36 (KHTML, like Gecko) Chrome/62.0.3202.94 Safari/537.36",68,"[0.9, 0.5, 0.1]","[0.8, 0.4, 0.2]","[u'black', u'blue', u'red']","[u'left', u'middle', u'right']","[0.9, 0.5, 0.1]","[u'low', u'high', u'medium']",blue,50,middle,high,True,False,291,3950,NA
A2N72OL21SAV0P,Mon Dec 04 2017 08:00:20 GMT-0500 (Eastern Standard Time),Mon Dec 04 2017 08:07:22 GMT-0500 (Eastern Standard Time),"Mozilla/5.0 (Windows NT 10.0; Win64; x64) AppleWebKit/537.36 (KHTML, like Gecko) Chrome/62.0.3202.94 Safari/537.36",69,"[0.9, 0.5, 0.1]","[0.8, 0.4, 0.2]","[u'black', u'blue', u'red']","[u'left', u'middle', u'right']","[0.9, 0.5, 0.1]","[u'low', u'high', u'medium']",blue,50,middle,high,True,False,276,4050,NA
A2N72OL21SAV0P,Mon Dec 04 2017 08:00:20 GMT-0500 (Eastern Standard Time),Mon Dec 04 2017 08:07:22 GMT-0500 (Eastern Standard Time),"Mozilla/5.0 (Windows NT 10.0; Win64; x64) AppleWebKit/537.36 (KHTML, like Gecko) Chrome/62.0.3202.94 Safari/537.36",70,"[0.9, 0.5, 0.1]","[0.8, 0.4, 0.2]","[u'black', u'blue', u'red']","[u'left', u'middle', u'right']","[0.9, 0.5, 0.1]","[u'low', u'high', u'medium']",blue,50,middle,high,True,False,293,4150,NA
A2N72OL21SAV0P,Mon Dec 04 2017 08:00:20 GMT-0500 (Eastern Standard Time),Mon Dec 04 2017 08:07:22 GMT-0500 (Eastern Standard Time),"Mozilla/5.0 (Windows NT 10.0; Win64; x64) AppleWebKit/537.36 (KHTML, like Gecko) Chrome/62.0.3202.94 Safari/537.36",71,"[0.9, 0.5, 0.1]","[0.8, 0.4, 0.2]","[u'black', u'blue', u'red']","[u'left', u'middle', u'right']","[0.9, 0.5, 0.1]","[u'low', u'high', u'medium']",blue,50,middle,high,True,False,290,4250,NA
A2N72OL21SAV0P,Mon Dec 04 2017 08:00:20 GMT-0500 (Eastern Standard Time),Mon Dec 04 2017 08:07:22 GMT-0500 (Eastern Standard Time),"Mozilla/5.0 (Windows NT 10.0; Win64; x64) AppleWebKit/537.36 (KHTML, like Gecko) Chrome/62.0.3202.94 Safari/537.36",72,"[0.9, 0.5, 0.1]","[0.8, 0.4, 0.2]","[u'black', u'blue', u'red']","[u'left', u'middle', u'right']","[0.9, 0.5, 0.1]","[u'low', u'high', u'medium']",blue,50,middle,high,True,False,178,4350,NA
A2N72OL21SAV0P,Mon Dec 04 2017 08:00:20 GMT-0500 (Eastern Standard Time),Mon Dec 04 2017 08:07:22 GMT-0500 (Eastern Standard Time),"Mozilla/5.0 (Windows NT 10.0; Win64; x64) AppleWebKit/537.36 (KHTML, like Gecko) Chrome/62.0.3202.94 Safari/537.36",73,"[0.9, 0.5, 0.1]","[0.8, 0.4, 0.2]","[u'black', u'blue', u'red']","[u'left', u'middle', u'right']","[0.9, 0.5, 0.1]","[u'low', u'high', u'medium']",blue,50,middle,high,True,True,259,4450,NA
A2N72OL21SAV0P,Mon Dec 04 2017 08:00:20 GMT-0500 (Eastern Standard Time),Mon Dec 04 2017 08:07:22 GMT-0500 (Eastern Standard Time),"Mozilla/5.0 (Windows NT 10.0; Win64; x64) AppleWebKit/537.36 (KHTML, like Gecko) Chrome/62.0.3202.94 Safari/537.36",74,"[0.9, 0.5, 0.1]","[0.8, 0.4, 0.2]","[u'black', u'blue', u'red']","[u'left', u'middle', u'right']","[0.9, 0.5, 0.1]","[u'medium', u'low', u'high']",blue,50,middle,low,False,False,243,4400,NA
A2N72OL21SAV0P,Mon Dec 04 2017 08:00:20 GMT-0500 (Eastern Standard Time),Mon Dec 04 2017 08:07:22 GMT-0500 (Eastern Standard Time),"Mozilla/5.0 (Windows NT 10.0; Win64; x64) AppleWebKit/537.36 (KHTML, like Gecko) Chrome/62.0.3202.94 Safari/537.36",75,"[0.9, 0.5, 0.1]","[0.8, 0.4, 0.2]","[u'black', u'blue', u'red']","[u'left', u'middle', u'right']","[0.9, 0.5, 0.1]","[u'medium', u'low', u'high']",blue,50,middle,low,False,False,82,4350,NA
A2N72OL21SAV0P,Mon Dec 04 2017 08:00:20 GMT-0500 (Eastern Standard Time),Mon Dec 04 2017 08:07:22 GMT-0500 (Eastern Standard Time),"Mozilla/5.0 (Windows NT 10.0; Win64; x64) AppleWebKit/537.36 (KHTML, like Gecko) Chrome/62.0.3202.94 Safari/537.36",76,"[0.9, 0.5, 0.1]","[0.8, 0.4, 0.2]","[u'black', u'blue', u'red']","[u'left', u'middle', u'right']","[0.9, 0.5, 0.1]","[u'medium', u'low', u'high']",black,49,left,medium,False,False,274,4300,NA
A2N72OL21SAV0P,Mon Dec 04 2017 08:00:20 GMT-0500 (Eastern Standard Time),Mon Dec 04 2017 08:07:22 GMT-0500 (Eastern Standard Time),"Mozilla/5.0 (Windows NT 10.0; Win64; x64) AppleWebKit/537.36 (KHTML, like Gecko) Chrome/62.0.3202.94 Safari/537.36",77,"[0.9, 0.5, 0.1]","[0.8, 0.4, 0.2]","[u'black', u'blue', u'red']","[u'left', u'middle', u'right']","[0.9, 0.5, 0.1]","[u'medium', u'low', u'high']",red,51,right,high,True,False,212,4400,NA
A2N72OL21SAV0P,Mon Dec 04 2017 08:00:20 GMT-0500 (Eastern Standard Time),Mon Dec 04 2017 08:07:22 GMT-0500 (Eastern Standard Time),"Mozilla/5.0 (Windows NT 10.0; Win64; x64) AppleWebKit/537.36 (KHTML, like Gecko) Chrome/62.0.3202.94 Safari/537.36",78,"[0.9, 0.5, 0.1]","[0.8, 0.4, 0.2]","[u'black', u'blue', u'red']","[u'left', u'middle', u'right']","[0.9, 0.5, 0.1]","[u'medium', u'low', u'high']",red,51,right,high,False,False,325,4350,NA
A2N72OL21SAV0P,Mon Dec 04 2017 08:00:20 GMT-0500 (Eastern Standard Time),Mon Dec 04 2017 08:07:22 GMT-0500 (Eastern Standard Time),"Mozilla/5.0 (Windows NT 10.0; Win64; x64) AppleWebKit/537.36 (KHTML, like Gecko) Chrome/62.0.3202.94 Safari/537.36",79,"[0.9, 0.5, 0.1]","[0.8, 0.4, 0.2]","[u'black', u'blue', u'red']","[u'left', u'middle', u'right']","[0.9, 0.5, 0.1]","[u'medium', u'low', u'high']",red,51,right,high,True,False,273,4450,NA
A2N72OL21SAV0P,Mon Dec 04 2017 08:00:20 GMT-0500 (Eastern Standard Time),Mon Dec 04 2017 08:07:22 GMT-0500 (Eastern Standard Time),"Mozilla/5.0 (Windows NT 10.0; Win64; x64) AppleWebKit/537.36 (KHTML, like Gecko) Chrome/62.0.3202.94 Safari/537.36",80,"[0.9, 0.5, 0.1]","[0.8, 0.4, 0.2]","[u'black', u'blue', u'red']","[u'left', u'middle', u'right']","[0.9, 0.5, 0.1]","[u'medium', u'low', u'high']",red,51,right,high,True,False,308,4550,NA
A2N72OL21SAV0P,Mon Dec 04 2017 08:00:20 GMT-0500 (Eastern Standard Time),Mon Dec 04 2017 08:07:22 GMT-0500 (Eastern Standard Time),"Mozilla/5.0 (Windows NT 10.0; Win64; x64) AppleWebKit/537.36 (KHTML, like Gecko) Chrome/62.0.3202.94 Safari/537.36",81,"[0.9, 0.5, 0.1]","[0.8, 0.4, 0.2]","[u'black', u'blue', u'red']","[u'left', u'middle', u'right']","[0.8, 0.4, 0.2]","[u'low', u'high', u'medium']",black,49,left,low,False,False,795,4500,NA
A2N72OL21SAV0P,Mon Dec 04 2017 08:00:20 GMT-0500 (Eastern Standard Time),Mon Dec 04 2017 08:07:22 GMT-0500 (Eastern Standard Time),"Mozilla/5.0 (Windows NT 10.0; Win64; x64) AppleWebKit/537.36 (KHTML, like Gecko) Chrome/62.0.3202.94 Safari/537.36",82,"[0.9, 0.5, 0.1]","[0.8, 0.4, 0.2]","[u'black', u'blue', u'red']","[u'left', u'middle', u'right']","[0.8, 0.4, 0.2]","[u'low', u'high', u'medium']",blue,50,middle,high,True,False,275,4600,NA
A2N72OL21SAV0P,Mon Dec 04 2017 08:00:20 GMT-0500 (Eastern Standard Time),Mon Dec 04 2017 08:07:22 GMT-0500 (Eastern Standard Time),"Mozilla/5.0 (Windows NT 10.0; Win64; x64) AppleWebKit/537.36 (KHTML, like Gecko) Chrome/62.0.3202.94 Safari/537.36",83,"[0.9, 0.5, 0.1]","[0.8, 0.4, 0.2]","[u'black', u'blue', u'red']","[u'left', u'middle', u'right']","[0.8, 0.4, 0.2]","[u'low', u'high', u'medium']",blue,50,middle,high,True,False,274,4700,NA
A2N72OL21SAV0P,Mon Dec 04 2017 08:00:20 GMT-0500 (Eastern Standard Time),Mon Dec 04 2017 08:07:22 GMT-0500 (Eastern Standard Time),"Mozilla/5.0 (Windows NT 10.0; Win64; x64) AppleWebKit/537.36 (KHTML, like Gecko) Chrome/62.0.3202.94 Safari/537.36",84,"[0.9, 0.5, 0.1]","[0.8, 0.4, 0.2]","[u'black', u'blue', u'red']","[u'left', u'middle', u'right']","[0.8, 0.4, 0.2]","[u'low', u'high', u'medium']",blue,50,middle,high,True,False,259,4800,NA
A2N72OL21SAV0P,Mon Dec 04 2017 08:00:20 GMT-0500 (Eastern Standard Time),Mon Dec 04 2017 08:07:22 GMT-0500 (Eastern Standard Time),"Mozilla/5.0 (Windows NT 10.0; Win64; x64) AppleWebKit/537.36 (KHTML, like Gecko) Chrome/62.0.3202.94 Safari/537.36",85,"[0.9, 0.5, 0.1]","[0.8, 0.4, 0.2]","[u'black', u'blue', u'red']","[u'left', u'middle', u'right']","[0.8, 0.4, 0.2]","[u'low', u'high', u'medium']",blue,50,middle,high,True,False,260,4900,NA
A2N72OL21SAV0P,Mon Dec 04 2017 08:00:20 GMT-0500 (Eastern Standard Time),Mon Dec 04 2017 08:07:22 GMT-0500 (Eastern Standard Time),"Mozilla/5.0 (Windows NT 10.0; Win64; x64) AppleWebKit/537.36 (KHTML, like Gecko) Chrome/62.0.3202.94 Safari/537.36",86,"[0.9, 0.5, 0.1]","[0.8, 0.4, 0.2]","[u'black', u'blue', u'red']","[u'left', u'middle', u'right']","[0.8, 0.4, 0.2]","[u'low', u'high', u'medium']",blue,50,middle,high,True,False,273,5000,NA
A2N72OL21SAV0P,Mon Dec 04 2017 08:00:20 GMT-0500 (Eastern Standard Time),Mon Dec 04 2017 08:07:22 GMT-0500 (Eastern Standard Time),"Mozilla/5.0 (Windows NT 10.0; Win64; x64) AppleWebKit/537.36 (KHTML, like Gecko) Chrome/62.0.3202.94 Safari/537.36",87,"[0.9, 0.5, 0.1]","[0.8, 0.4, 0.2]","[u'black', u'blue', u'red']","[u'left', u'middle', u'right']","[0.8, 0.4, 0.2]","[u'low', u'high', u'medium']",blue,50,middle,high,True,False,292,5100,NA
A2N72OL21SAV0P,Mon Dec 04 2017 08:00:20 GMT-0500 (Eastern Standard Time),Mon Dec 04 2017 08:07:22 GMT-0500 (Eastern Standard Time),"Mozilla/5.0 (Windows NT 10.0; Win64; x64) AppleWebKit/537.36 (KHTML, like Gecko) Chrome/62.0.3202.94 Safari/537.36",88,"[0.9, 0.5, 0.1]","[0.8, 0.4, 0.2]","[u'black', u'blue', u'red']","[u'left', u'middle', u'right']","[0.8, 0.4, 0.2]","[u'low', u'high', u'medium']",blue,50,middle,high,True,False,259,5200,NA
A2N72OL21SAV0P,Mon Dec 04 2017 08:00:20 GMT-0500 (Eastern Standard Time),Mon Dec 04 2017 08:07:22 GMT-0500 (Eastern Standard Time),"Mozilla/5.0 (Windows NT 10.0; Win64; x64) AppleWebKit/537.36 (KHTML, like Gecko) Chrome/62.0.3202.94 Safari/537.36",89,"[0.9, 0.5, 0.1]","[0.8, 0.4, 0.2]","[u'black', u'blue', u'red']","[u'left', u'middle', u'right']","[0.8, 0.4, 0.2]","[u'low', u'high', u'medium']",blue,50,middle,high,True,False,257,5300,NA
A2N72OL21SAV0P,Mon Dec 04 2017 08:00:20 GMT-0500 (Eastern Standard Time),Mon Dec 04 2017 08:07:22 GMT-0500 (Eastern Standard Time),"Mozilla/5.0 (Windows NT 10.0; Win64; x64) AppleWebKit/537.36 (KHTML, like Gecko) Chrome/62.0.3202.94 Safari/537.36",90,"[0.9, 0.5, 0.1]","[0.8, 0.4, 0.2]","[u'black', u'blue', u'red']","[u'left', u'middle', u'right']","[0.8, 0.4, 0.2]","[u'low', u'high', u'medium']",blue,50,middle,high,True,True,341,5400,NA
A2N72OL21SAV0P,Mon Dec 04 2017 08:00:20 GMT-0500 (Eastern Standard Time),Mon Dec 04 2017 08:07:22 GMT-0500 (Eastern Standard Time),"Mozilla/5.0 (Windows NT 10.0; Win64; x64) AppleWebKit/537.36 (KHTML, like Gecko) Chrome/62.0.3202.94 Safari/537.36",91,"[0.9, 0.5, 0.1]","[0.8, 0.4, 0.2]","[u'black', u'blue', u'red']","[u'left', u'middle', u'right']","[0.8, 0.4, 0.2]","[u'low', u'medium', u'high']",blue,50,middle,medium,True,False,82,5500,NA
A2N72OL21SAV0P,Mon Dec 04 2017 08:00:20 GMT-0500 (Eastern Standard Time),Mon Dec 04 2017 08:07:22 GMT-0500 (Eastern Standard Time),"Mozilla/5.0 (Windows NT 10.0; Win64; x64) AppleWebKit/537.36 (KHTML, like Gecko) Chrome/62.0.3202.94 Safari/537.36",92,"[0.9, 0.5, 0.1]","[0.8, 0.4, 0.2]","[u'black', u'blue', u'red']","[u'left', u'middle', u'right']","[0.8, 0.4, 0.2]","[u'low', u'medium', u'high']",blue,50,middle,medium,False,False,291,5450,NA
A2N72OL21SAV0P,Mon Dec 04 2017 08:00:20 GMT-0500 (Eastern Standard Time),Mon Dec 04 2017 08:07:22 GMT-0500 (Eastern Standard Time),"Mozilla/5.0 (Windows NT 10.0; Win64; x64) AppleWebKit/537.36 (KHTML, like Gecko) Chrome/62.0.3202.94 Safari/537.36",93,"[0.9, 0.5, 0.1]","[0.8, 0.4, 0.2]","[u'black', u'blue', u'red']","[u'left', u'middle', u'right']","[0.8, 0.4, 0.2]","[u'low', u'medium', u'high']",blue,50,middle,medium,False,False,226,5400,NA
A2N72OL21SAV0P,Mon Dec 04 2017 08:00:20 GMT-0500 (Eastern Standard Time),Mon Dec 04 2017 08:07:22 GMT-0500 (Eastern Standard Time),"Mozilla/5.0 (Windows NT 10.0; Win64; x64) AppleWebKit/537.36 (KHTML, like Gecko) Chrome/62.0.3202.94 Safari/537.36",94,"[0.9, 0.5, 0.1]","[0.8, 0.4, 0.2]","[u'black', u'blue', u'red']","[u'left', u'middle', u'right']","[0.8, 0.4, 0.2]","[u'low', u'medium', u'high']",black,49,left,low,False,False,324,5350,NA
A2N72OL21SAV0P,Mon Dec 04 2017 08:00:20 GMT-0500 (Eastern Standard Time),Mon Dec 04 2017 08:07:22 GMT-0500 (Eastern Standard Time),"Mozilla/5.0 (Windows NT 10.0; Win64; x64) AppleWebKit/537.36 (KHTML, like Gecko) Chrome/62.0.3202.94 Safari/537.36",95,"[0.9, 0.5, 0.1]","[0.8, 0.4, 0.2]","[u'black', u'blue', u'red']","[u'left', u'middle', u'right']","[0.8, 0.4, 0.2]","[u'low', u'medium', u'high']",red,51,right,high,True,False,274,5450,NA
A2N72OL21SAV0P,Mon Dec 04 2017 08:00:20 GMT-0500 (Eastern Standard Time),Mon Dec 04 2017 08:07:22 GMT-0500 (Eastern Standard Time),"Mozilla/5.0 (Windows NT 10.0; Win64; x64) AppleWebKit/537.36 (KHTML, like Gecko) Chrome/62.0.3202.94 Safari/537.36",96,"[0.9, 0.5, 0.1]","[0.8, 0.4, 0.2]","[u'black', u'blue', u'red']","[u'left', u'middle', u'right']","[0.8, 0.4, 0.2]","[u'low', u'medium', u'high']",red,51,right,high,False,False,259,5400,NA
A2N72OL21SAV0P,Mon Dec 04 2017 08:00:20 GMT-0500 (Eastern Standard Time),Mon Dec 04 2017 08:07:22 GMT-0500 (Eastern Standard Time),"Mozilla/5.0 (Windows NT 10.0; Win64; x64) AppleWebKit/537.36 (KHTML, like Gecko) Chrome/62.0.3202.94 Safari/537.36",97,"[0.9, 0.5, 0.1]","[0.8, 0.4, 0.2]","[u'black', u'blue', u'red']","[u'left', u'middle', u'right']","[0.8, 0.4, 0.2]","[u'low', u'medium', u'high']",red,51,right,high,True,False,276,5500,NA
A2N72OL21SAV0P,Mon Dec 04 2017 08:00:20 GMT-0500 (Eastern Standard Time),Mon Dec 04 2017 08:07:22 GMT-0500 (Eastern Standard Time),"Mozilla/5.0 (Windows NT 10.0; Win64; x64) AppleWebKit/537.36 (KHTML, like Gecko) Chrome/62.0.3202.94 Safari/537.36",98,"[0.9, 0.5, 0.1]","[0.8, 0.4, 0.2]","[u'black', u'blue', u'red']","[u'left', u'middle', u'right']","[0.8, 0.4, 0.2]","[u'low', u'medium', u'high']",red,51,right,high,True,False,241,5600,NA
A2N72OL21SAV0P,Mon Dec 04 2017 08:00:20 GMT-0500 (Eastern Standard Time),Mon Dec 04 2017 08:07:22 GMT-0500 (Eastern Standard Time),"Mozilla/5.0 (Windows NT 10.0; Win64; x64) AppleWebKit/537.36 (KHTML, like Gecko) Chrome/62.0.3202.94 Safari/537.36",99,"[0.9, 0.5, 0.1]","[0.8, 0.4, 0.2]","[u'black', u'blue', u'red']","[u'left', u'middle', u'right']","[0.8, 0.4, 0.2]","[u'low', u'medium', u'high']",red,51,right,high,True,False,275,5700,NA
A2N72OL21SAV0P,Mon Dec 04 2017 08:00:20 GMT-0500 (Eastern Standard Time),Mon Dec 04 2017 08:07:22 GMT-0500 (Eastern Standard Time),"Mozilla/5.0 (Windows NT 10.0; Win64; x64) AppleWebKit/537.36 (KHTML, like Gecko) Chrome/62.0.3202.94 Safari/537.36",100,"[0.9, 0.5, 0.1]","[0.8, 0.4, 0.2]","[u'black', u'blue', u'red']","[u'left', u'middle', u'right']","[0.8, 0.4, 0.2]","[u'low', u'medium', u'high']",red,51,right,high,True,False,259,5800,NA
A2N72OL21SAV0P,Mon Dec 04 2017 08:00:20 GMT-0500 (Eastern Standard Time),Mon Dec 04 2017 08:07:22 GMT-0500 (Eastern Standard Time),"Mozilla/5.0 (Windows NT 10.0; Win64; x64) AppleWebKit/537.36 (KHTML, like Gecko) Chrome/62.0.3202.94 Safari/537.36",101,"[0.9, 0.5, 0.1]","[0.8, 0.4, 0.2]","[u'black', u'blue', u'red']","[u'left', u'middle', u'right']","[0.8, 0.4, 0.2]","[u'low', u'medium', u'high']",red,51,right,high,True,False,240,5900,NA
A2N72OL21SAV0P,Mon Dec 04 2017 08:00:20 GMT-0500 (Eastern Standard Time),Mon Dec 04 2017 08:07:22 GMT-0500 (Eastern Standard Time),"Mozilla/5.0 (Windows NT 10.0; Win64; x64) AppleWebKit/537.36 (KHTML, like Gecko) Chrome/62.0.3202.94 Safari/537.36",102,"[0.9, 0.5, 0.1]","[0.8, 0.4, 0.2]","[u'black', u'blue', u'red']","[u'left', u'middle', u'right']","[0.8, 0.4, 0.2]","[u'low', u'medium', u'high']",red,51,right,high,False,False,307,5850,NA
A2N72OL21SAV0P,Mon Dec 04 2017 08:00:20 GMT-0500 (Eastern Standard Time),Mon Dec 04 2017 08:07:22 GMT-0500 (Eastern Standard Time),"Mozilla/5.0 (Windows NT 10.0; Win64; x64) AppleWebKit/537.36 (KHTML, like Gecko) Chrome/62.0.3202.94 Safari/537.36",103,"[0.9, 0.5, 0.1]","[0.8, 0.4, 0.2]","[u'black', u'blue', u'red']","[u'left', u'middle', u'right']","[0.8, 0.4, 0.2]","[u'low', u'medium', u'high']",red,51,right,high,True,True,228,5950,NA
A2N72OL21SAV0P,Mon Dec 04 2017 08:00:20 GMT-0500 (Eastern Standard Time),Mon Dec 04 2017 08:07:22 GMT-0500 (Eastern Standard Time),"Mozilla/5.0 (Windows NT 10.0; Win64; x64) AppleWebKit/537.36 (KHTML, like Gecko) Chrome/62.0.3202.94 Safari/537.36",104,"[0.9, 0.5, 0.1]","[0.8, 0.4, 0.2]","[u'black', u'blue', u'red']","[u'left', u'middle', u'right']","[0.8, 0.4, 0.2]","[u'low', u'high', u'medium']",red,51,right,medium,False,False,273,5900,NA
A2N72OL21SAV0P,Mon Dec 04 2017 08:00:20 GMT-0500 (Eastern Standard Time),Mon Dec 04 2017 08:07:22 GMT-0500 (Eastern Standard Time),"Mozilla/5.0 (Windows NT 10.0; Win64; x64) AppleWebKit/537.36 (KHTML, like Gecko) Chrome/62.0.3202.94 Safari/537.36",105,"[0.9, 0.5, 0.1]","[0.8, 0.4, 0.2]","[u'black', u'blue', u'red']","[u'left', u'middle', u'right']","[0.8, 0.4, 0.2]","[u'low', u'high', u'medium']",red,51,right,medium,True,False,244,6000,NA
A2N72OL21SAV0P,Mon Dec 04 2017 08:00:20 GMT-0500 (Eastern Standard Time),Mon Dec 04 2017 08:07:22 GMT-0500 (Eastern Standard Time),"Mozilla/5.0 (Windows NT 10.0; Win64; x64) AppleWebKit/537.36 (KHTML, like Gecko) Chrome/62.0.3202.94 Safari/537.36",106,"[0.9, 0.5, 0.1]","[0.8, 0.4, 0.2]","[u'black', u'blue', u'red']","[u'left', u'middle', u'right']","[0.8, 0.4, 0.2]","[u'low', u'high', u'medium']",red,51,right,medium,False,False,259,5950,NA
A2N72OL21SAV0P,Mon Dec 04 2017 08:00:20 GMT-0500 (Eastern Standard Time),Mon Dec 04 2017 08:07:22 GMT-0500 (Eastern Standard Time),"Mozilla/5.0 (Windows NT 10.0; Win64; x64) AppleWebKit/537.36 (KHTML, like Gecko) Chrome/62.0.3202.94 Safari/537.36",107,"[0.9, 0.5, 0.1]","[0.8, 0.4, 0.2]","[u'black', u'blue', u'red']","[u'left', u'middle', u'right']","[0.8, 0.4, 0.2]","[u'low', u'high', u'medium']",red,51,right,medium,False,False,257,5900,NA
A2N72OL21SAV0P,Mon Dec 04 2017 08:00:20 GMT-0500 (Eastern Standard Time),Mon Dec 04 2017 08:07:22 GMT-0500 (Eastern Standard Time),"Mozilla/5.0 (Windows NT 10.0; Win64; x64) AppleWebKit/537.36 (KHTML, like Gecko) Chrome/62.0.3202.94 Safari/537.36",108,"[0.9, 0.5, 0.1]","[0.8, 0.4, 0.2]","[u'black', u'blue', u'red']","[u'left', u'middle', u'right']","[0.8, 0.4, 0.2]","[u'low', u'high', u'medium']",black,49,left,low,False,False,276,5850,NA
A2N72OL21SAV0P,Mon Dec 04 2017 08:00:20 GMT-0500 (Eastern Standard Time),Mon Dec 04 2017 08:07:22 GMT-0500 (Eastern Standard Time),"Mozilla/5.0 (Windows NT 10.0; Win64; x64) AppleWebKit/537.36 (KHTML, like Gecko) Chrome/62.0.3202.94 Safari/537.36",109,"[0.9, 0.5, 0.1]","[0.8, 0.4, 0.2]","[u'black', u'blue', u'red']","[u'left', u'middle', u'right']","[0.8, 0.4, 0.2]","[u'low', u'high', u'medium']",blue,50,middle,high,True,False,275,5950,NA
A2N72OL21SAV0P,Mon Dec 04 2017 08:00:20 GMT-0500 (Eastern Standard Time),Mon Dec 04 2017 08:07:22 GMT-0500 (Eastern Standard Time),"Mozilla/5.0 (Windows NT 10.0; Win64; x64) AppleWebKit/537.36 (KHTML, like Gecko) Chrome/62.0.3202.94 Safari/537.36",110,"[0.9, 0.5, 0.1]","[0.8, 0.4, 0.2]","[u'black', u'blue', u'red']","[u'left', u'middle', u'right']","[0.8, 0.4, 0.2]","[u'low', u'high', u'medium']",blue,50,middle,high,True,False,271,6050,NA
A2N72OL21SAV0P,Mon Dec 04 2017 08:00:20 GMT-0500 (Eastern Standard Time),Mon Dec 04 2017 08:07:22 GMT-0500 (Eastern Standard Time),"Mozilla/5.0 (Windows NT 10.0; Win64; x64) AppleWebKit/537.36 (KHTML, like Gecko) Chrome/62.0.3202.94 Safari/537.36",111,"[0.9, 0.5, 0.1]","[0.8, 0.4, 0.2]","[u'black', u'blue', u'red']","[u'left', u'middle', u'right']","[0.8, 0.4, 0.2]","[u'low', u'high', u'medium']",blue,50,middle,high,False,False,277,6000,NA
A2N72OL21SAV0P,Mon Dec 04 2017 08:00:20 GMT-0500 (Eastern Standard Time),Mon Dec 04 2017 08:07:22 GMT-0500 (Eastern Standard Time),"Mozilla/5.0 (Windows NT 10.0; Win64; x64) AppleWebKit/537.36 (KHTML, like Gecko) Chrome/62.0.3202.94 Safari/537.36",112,"[0.9, 0.5, 0.1]","[0.8, 0.4, 0.2]","[u'black', u'blue', u'red']","[u'left', u'middle', u'right']","[0.8, 0.4, 0.2]","[u'low', u'high', u'medium']",blue,50,middle,high,True,False,292,6100,NA
A2N72OL21SAV0P,Mon Dec 04 2017 08:00:20 GMT-0500 (Eastern Standard Time),Mon Dec 04 2017 08:07:22 GMT-0500 (Eastern Standard Time),"Mozilla/5.0 (Windows NT 10.0; Win64; x64) AppleWebKit/537.36 (KHTML, like Gecko) Chrome/62.0.3202.94 Safari/537.36",113,"[0.9, 0.5, 0.1]","[0.8, 0.4, 0.2]","[u'black', u'blue', u'red']","[u'left', u'middle', u'right']","[0.8, 0.4, 0.2]","[u'low', u'high', u'medium']",blue,50,middle,high,False,False,275,6050,NA
A2N72OL21SAV0P,Mon Dec 04 2017 08:00:20 GMT-0500 (Eastern Standard Time),Mon Dec 04 2017 08:07:22 GMT-0500 (Eastern Standard Time),"Mozilla/5.0 (Windows NT 10.0; Win64; x64) AppleWebKit/537.36 (KHTML, like Gecko) Chrome/62.0.3202.94 Safari/537.36",114,"[0.9, 0.5, 0.1]","[0.8, 0.4, 0.2]","[u'black', u'blue', u'red']","[u'left', u'middle', u'right']","[0.8, 0.4, 0.2]","[u'low', u'high', u'medium']",blue,50,middle,high,True,False,146,6150,NA
A2N72OL21SAV0P,Mon Dec 04 2017 08:00:20 GMT-0500 (Eastern Standard Time),Mon Dec 04 2017 08:07:22 GMT-0500 (Eastern Standard Time),"Mozilla/5.0 (Windows NT 10.0; Win64; x64) AppleWebKit/537.36 (KHTML, like Gecko) Chrome/62.0.3202.94 Safari/537.36",115,"[0.9, 0.5, 0.1]","[0.8, 0.4, 0.2]","[u'black', u'blue', u'red']","[u'left', u'middle', u'right']","[0.8, 0.4, 0.2]","[u'low', u'high', u'medium']",blue,50,middle,high,False,False,309,6100,NA
A2N72OL21SAV0P,Mon Dec 04 2017 08:00:20 GMT-0500 (Eastern Standard Time),Mon Dec 04 2017 08:07:22 GMT-0500 (Eastern Standard Time),"Mozilla/5.0 (Windows NT 10.0; Win64; x64) AppleWebKit/537.36 (KHTML, like Gecko) Chrome/62.0.3202.94 Safari/537.36",116,"[0.9, 0.5, 0.1]","[0.8, 0.4, 0.2]","[u'black', u'blue', u'red']","[u'left', u'middle', u'right']","[0.8, 0.4, 0.2]","[u'low', u'high', u'medium']",blue,50,middle,high,True,False,242,6200,NA
A2N72OL21SAV0P,Mon Dec 04 2017 08:00:20 GMT-0500 (Eastern Standard Time),Mon Dec 04 2017 08:07:22 GMT-0500 (Eastern Standard Time),"Mozilla/5.0 (Windows NT 10.0; Win64; x64) AppleWebKit/537.36 (KHTML, like Gecko) Chrome/62.0.3202.94 Safari/537.36",117,"[0.9, 0.5, 0.1]","[0.8, 0.4, 0.2]","[u'black', u'blue', u'red']","[u'left', u'middle', u'right']","[0.8, 0.4, 0.2]","[u'low', u'high', u'medium']",blue,50,middle,high,True,True,275,6300,NA
A2N72OL21SAV0P,Mon Dec 04 2017 08:00:20 GMT-0500 (Eastern Standard Time),Mon Dec 04 2017 08:07:22 GMT-0500 (Eastern Standard Time),"Mozilla/5.0 (Windows NT 10.0; Win64; x64) AppleWebKit/537.36 (KHTML, like Gecko) Chrome/62.0.3202.94 Safari/537.36",118,"[0.9, 0.5, 0.1]","[0.8, 0.4, 0.2]","[u'black', u'blue', u'red']","[u'left', u'middle', u'right']","[0.8, 0.4, 0.2]","[u'high', u'medium', u'low']",blue,50,middle,medium,False,False,306,6250,NA
A2N72OL21SAV0P,Mon Dec 04 2017 08:00:20 GMT-0500 (Eastern Standard Time),Mon Dec 04 2017 08:07:22 GMT-0500 (Eastern Standard Time),"Mozilla/5.0 (Windows NT 10.0; Win64; x64) AppleWebKit/537.36 (KHTML, like Gecko) Chrome/62.0.3202.94 Safari/537.36",119,"[0.9, 0.5, 0.1]","[0.8, 0.4, 0.2]","[u'black', u'blue', u'red']","[u'left', u'middle', u'right']","[0.8, 0.4, 0.2]","[u'high', u'medium', u'low']",blue,50,middle,medium,True,False,261,6350,NA
A2N72OL21SAV0P,Mon Dec 04 2017 08:00:20 GMT-0500 (Eastern Standard Time),Mon Dec 04 2017 08:07:22 GMT-0500 (Eastern Standard Time),"Mozilla/5.0 (Windows NT 10.0; Win64; x64) AppleWebKit/537.36 (KHTML, like Gecko) Chrome/62.0.3202.94 Safari/537.36",120,"[0.9, 0.5, 0.1]","[0.8, 0.4, 0.2]","[u'black', u'blue', u'red']","[u'left', u'middle', u'right']","[0.8, 0.4, 0.2]","[u'high', u'medium', u'low']",blue,50,middle,medium,False,False,306,6300,NA
A2N72OL21SAV0P,Mon Dec 04 2017 08:00:20 GMT-0500 (Eastern Standard Time),Mon Dec 04 2017 08:07:22 GMT-0500 (Eastern Standard Time),"Mozilla/5.0 (Windows NT 10.0; Win64; x64) AppleWebKit/537.36 (KHTML, like Gecko) Chrome/62.0.3202.94 Safari/537.36",121,"[0.9, 0.5, 0.1]","[0.8, 0.4, 0.2]","[u'black', u'blue', u'red']","[u'left', u'middle', u'right']","[0.8, 0.4, 0.2]","[u'low', u'high', u'medium']",black,49,left,low,False,False,299,6250,NA
A2N72OL21SAV0P,Mon Dec 04 2017 08:00:20 GMT-0500 (Eastern Standard Time),Mon Dec 04 2017 08:07:22 GMT-0500 (Eastern Standard Time),"Mozilla/5.0 (Windows NT 10.0; Win64; x64) AppleWebKit/537.36 (KHTML, like Gecko) Chrome/62.0.3202.94 Safari/537.36",122,"[0.9, 0.5, 0.1]","[0.8, 0.4, 0.2]","[u'black', u'blue', u'red']","[u'left', u'middle', u'right']","[0.8, 0.4, 0.2]","[u'low', u'high', u'medium']",blue,50,middle,high,False,False,291,6200,NA
A2N72OL21SAV0P,Mon Dec 04 2017 08:00:20 GMT-0500 (Eastern Standard Time),Mon Dec 04 2017 08:07:22 GMT-0500 (Eastern Standard Time),"Mozilla/5.0 (Windows NT 10.0; Win64; x64) AppleWebKit/537.36 (KHTML, like Gecko) Chrome/62.0.3202.94 Safari/537.36",123,"[0.9, 0.5, 0.1]","[0.8, 0.4, 0.2]","[u'black', u'blue', u'red']","[u'left', u'middle', u'right']","[0.8, 0.4, 0.2]","[u'low', u'high', u'medium']",red,51,right,medium,False,False,258,6150,NA
A2N72OL21SAV0P,Mon Dec 04 2017 08:00:20 GMT-0500 (Eastern Standard Time),Mon Dec 04 2017 08:07:22 GMT-0500 (Eastern Standard Time),"Mozilla/5.0 (Windows NT 10.0; Win64; x64) AppleWebKit/537.36 (KHTML, like Gecko) Chrome/62.0.3202.94 Safari/537.36",124,"[0.9, 0.5, 0.1]","[0.8, 0.4, 0.2]","[u'black', u'blue', u'red']","[u'left', u'middle', u'right']","[0.8, 0.4, 0.2]","[u'low', u'high', u'medium']",black,49,left,low,False,False,273,6100,NA
A2N72OL21SAV0P,Mon Dec 04 2017 08:00:20 GMT-0500 (Eastern Standard Time),Mon Dec 04 2017 08:07:22 GMT-0500 (Eastern Standard Time),"Mozilla/5.0 (Windows NT 10.0; Win64; x64) AppleWebKit/537.36 (KHTML, like Gecko) Chrome/62.0.3202.94 Safari/537.36",125,"[0.9, 0.5, 0.1]","[0.8, 0.4, 0.2]","[u'black', u'blue', u'red']","[u'left', u'middle', u'right']","[0.8, 0.4, 0.2]","[u'low', u'high', u'medium']",blue,50,middle,high,True,False,260,6200,NA
A2N72OL21SAV0P,Mon Dec 04 2017 08:00:20 GMT-0500 (Eastern Standard Time),Mon Dec 04 2017 08:07:22 GMT-0500 (Eastern Standard Time),"Mozilla/5.0 (Windows NT 10.0; Win64; x64) AppleWebKit/537.36 (KHTML, like Gecko) Chrome/62.0.3202.94 Safari/537.36",126,"[0.9, 0.5, 0.1]","[0.8, 0.4, 0.2]","[u'black', u'blue', u'red']","[u'left', u'middle', u'right']","[0.8, 0.4, 0.2]","[u'low', u'high', u'medium']",blue,50,middle,high,True,False,274,6300,NA
A2N72OL21SAV0P,Mon Dec 04 2017 08:00:20 GMT-0500 (Eastern Standard Time),Mon Dec 04 2017 08:07:22 GMT-0500 (Eastern Standard Time),"Mozilla/5.0 (Windows NT 10.0; Win64; x64) AppleWebKit/537.36 (KHTML, like Gecko) Chrome/62.0.3202.94 Safari/537.36",127,"[0.9, 0.5, 0.1]","[0.8, 0.4, 0.2]","[u'black', u'blue', u'red']","[u'left', u'middle', u'right']","[0.8, 0.4, 0.2]","[u'low', u'high', u'medium']",blue,50,middle,high,False,False,274,6250,NA
A2N72OL21SAV0P,Mon Dec 04 2017 08:00:20 GMT-0500 (Eastern Standard Time),Mon Dec 04 2017 08:07:22 GMT-0500 (Eastern Standard Time),"Mozilla/5.0 (Windows NT 10.0; Win64; x64) AppleWebKit/537.36 (KHTML, like Gecko) Chrome/62.0.3202.94 Safari/537.36",128,"[0.9, 0.5, 0.1]","[0.8, 0.4, 0.2]","[u'black', u'blue', u'red']","[u'left', u'middle', u'right']","[0.8, 0.4, 0.2]","[u'low', u'high', u'medium']",blue,50,middle,high,True,False,163,6350,NA
A2N72OL21SAV0P,Mon Dec 04 2017 08:00:20 GMT-0500 (Eastern Standard Time),Mon Dec 04 2017 08:07:22 GMT-0500 (Eastern Standard Time),"Mozilla/5.0 (Windows NT 10.0; Win64; x64) AppleWebKit/537.36 (KHTML, like Gecko) Chrome/62.0.3202.94 Safari/537.36",129,"[0.9, 0.5, 0.1]","[0.8, 0.4, 0.2]","[u'black', u'blue', u'red']","[u'left', u'middle', u'right']","[0.8, 0.4, 0.2]","[u'low', u'high', u'medium']",blue,50,middle,high,True,False,274,6450,NA
A2N72OL21SAV0P,Mon Dec 04 2017 08:00:20 GMT-0500 (Eastern Standard Time),Mon Dec 04 2017 08:07:22 GMT-0500 (Eastern Standard Time),"Mozilla/5.0 (Windows NT 10.0; Win64; x64) AppleWebKit/537.36 (KHTML, like Gecko) Chrome/62.0.3202.94 Safari/537.36",130,"[0.9, 0.5, 0.1]","[0.8, 0.4, 0.2]","[u'black', u'blue', u'red']","[u'left', u'middle', u'right']","[0.8, 0.4, 0.2]","[u'low', u'high', u'medium']",blue,50,middle,high,True,False,259,6550,NA
A2N72OL21SAV0P,Mon Dec 04 2017 08:00:20 GMT-0500 (Eastern Standard Time),Mon Dec 04 2017 08:07:22 GMT-0500 (Eastern Standard Time),"Mozilla/5.0 (Windows NT 10.0; Win64; x64) AppleWebKit/537.36 (KHTML, like Gecko) Chrome/62.0.3202.94 Safari/537.36",131,"[0.9, 0.5, 0.1]","[0.8, 0.4, 0.2]","[u'black', u'blue', u'red']","[u'left', u'middle', u'right']","[0.8, 0.4, 0.2]","[u'low', u'high', u'medium']",blue,50,middle,high,True,False,309,6650,NA
A2N72OL21SAV0P,Mon Dec 04 2017 08:00:20 GMT-0500 (Eastern Standard Time),Mon Dec 04 2017 08:07:22 GMT-0500 (Eastern Standard Time),"Mozilla/5.0 (Windows NT 10.0; Win64; x64) AppleWebKit/537.36 (KHTML, like Gecko) Chrome/62.0.3202.94 Safari/537.36",132,"[0.9, 0.5, 0.1]","[0.8, 0.4, 0.2]","[u'black', u'blue', u'red']","[u'left', u'middle', u'right']","[0.8, 0.4, 0.2]","[u'low', u'high', u'medium']",blue,50,middle,high,True,False,195,6750,NA
A2N72OL21SAV0P,Mon Dec 04 2017 08:00:20 GMT-0500 (Eastern Standard Time),Mon Dec 04 2017 08:07:22 GMT-0500 (Eastern Standard Time),"Mozilla/5.0 (Windows NT 10.0; Win64; x64) AppleWebKit/537.36 (KHTML, like Gecko) Chrome/62.0.3202.94 Safari/537.36",133,"[0.9, 0.5, 0.1]","[0.8, 0.4, 0.2]","[u'black', u'blue', u'red']","[u'left', u'middle', u'right']","[0.8, 0.4, 0.2]","[u'low', u'high', u'medium']",blue,50,middle,high,True,True,209,6850,NA
A2N72OL21SAV0P,Mon Dec 04 2017 08:00:20 GMT-0500 (Eastern Standard Time),Mon Dec 04 2017 08:07:22 GMT-0500 (Eastern Standard Time),"Mozilla/5.0 (Windows NT 10.0; Win64; x64) AppleWebKit/537.36 (KHTML, like Gecko) Chrome/62.0.3202.94 Safari/537.36",134,"[0.9, 0.5, 0.1]","[0.8, 0.4, 0.2]","[u'black', u'blue', u'red']","[u'left', u'middle', u'right']","[0.8, 0.4, 0.2]","[u'high', u'medium', u'low']",blue,50,middle,medium,False,False,307,6800,NA
A2N72OL21SAV0P,Mon Dec 04 2017 08:00:20 GMT-0500 (Eastern Standard Time),Mon Dec 04 2017 08:07:22 GMT-0500 (Eastern Standard Time),"Mozilla/5.0 (Windows NT 10.0; Win64; x64) AppleWebKit/537.36 (KHTML, like Gecko) Chrome/62.0.3202.94 Safari/537.36",135,"[0.9, 0.5, 0.1]","[0.8, 0.4, 0.2]","[u'black', u'blue', u'red']","[u'left', u'middle', u'right']","[0.8, 0.4, 0.2]","[u'high', u'medium', u'low']",blue,50,middle,medium,False,False,195,6750,NA
A2N72OL21SAV0P,Mon Dec 04 2017 08:00:20 GMT-0500 (Eastern Standard Time),Mon Dec 04 2017 08:07:22 GMT-0500 (Eastern Standard Time),"Mozilla/5.0 (Windows NT 10.0; Win64; x64) AppleWebKit/537.36 (KHTML, like Gecko) Chrome/62.0.3202.94 Safari/537.36",136,"[0.9, 0.5, 0.1]","[0.8, 0.4, 0.2]","[u'black', u'blue', u'red']","[u'left', u'middle', u'right']","[0.8, 0.4, 0.2]","[u'high', u'medium', u'low']",black,49,left,high,False,False,292,6700,NA
A2N72OL21SAV0P,Mon Dec 04 2017 08:00:20 GMT-0500 (Eastern Standard Time),Mon Dec 04 2017 08:07:22 GMT-0500 (Eastern Standard Time),"Mozilla/5.0 (Windows NT 10.0; Win64; x64) AppleWebKit/537.36 (KHTML, like Gecko) Chrome/62.0.3202.94 Safari/537.36",137,"[0.9, 0.5, 0.1]","[0.8, 0.4, 0.2]","[u'black', u'blue', u'red']","[u'left', u'middle', u'right']","[0.8, 0.4, 0.2]","[u'high', u'medium', u'low']",red,51,right,low,True,False,273,6800,NA
A2N72OL21SAV0P,Mon Dec 04 2017 08:00:20 GMT-0500 (Eastern Standard Time),Mon Dec 04 2017 08:07:22 GMT-0500 (Eastern Standard Time),"Mozilla/5.0 (Windows NT 10.0; Win64; x64) AppleWebKit/537.36 (KHTML, like Gecko) Chrome/62.0.3202.94 Safari/537.36",138,"[0.9, 0.5, 0.1]","[0.8, 0.4, 0.2]","[u'black', u'blue', u'red']","[u'left', u'middle', u'right']","[0.8, 0.4, 0.2]","[u'high', u'medium', u'low']",red,51,right,low,True,False,516,6900,NA
A2N72OL21SAV0P,Mon Dec 04 2017 08:00:20 GMT-0500 (Eastern Standard Time),Mon Dec 04 2017 08:07:22 GMT-0500 (Eastern Standard Time),"Mozilla/5.0 (Windows NT 10.0; Win64; x64) AppleWebKit/537.36 (KHTML, like Gecko) Chrome/62.0.3202.94 Safari/537.36",139,"[0.9, 0.5, 0.1]","[0.8, 0.4, 0.2]","[u'black', u'blue', u'red']","[u'left', u'middle', u'right']","[0.8, 0.4, 0.2]","[u'high', u'medium', u'low']",red,51,right,low,False,False,564,6850,NA
A2N72OL21SAV0P,Mon Dec 04 2017 08:00:20 GMT-0500 (Eastern Standard Time),Mon Dec 04 2017 08:07:22 GMT-0500 (Eastern Standard Time),"Mozilla/5.0 (Windows NT 10.0; Win64; x64) AppleWebKit/537.36 (KHTML, like Gecko) Chrome/62.0.3202.94 Safari/537.36",140,"[0.9, 0.5, 0.1]","[0.8, 0.4, 0.2]","[u'black', u'blue', u'red']","[u'left', u'middle', u'right']","[0.8, 0.4, 0.2]","[u'high', u'medium', u'low']",red,51,right,low,False,False,194,6800,NA
A2N72OL21SAV0P,Mon Dec 04 2017 08:00:20 GMT-0500 (Eastern Standard Time),Mon Dec 04 2017 08:07:22 GMT-0500 (Eastern Standard Time),"Mozilla/5.0 (Windows NT 10.0; Win64; x64) AppleWebKit/537.36 (KHTML, like Gecko) Chrome/62.0.3202.94 Safari/537.36",141,"[0.9, 0.5, 0.1]","[0.8, 0.4, 0.2]","[u'black', u'blue', u'red']","[u'left', u'middle', u'right']","[0.8, 0.4, 0.2]","[u'high', u'medium', u'low']",blue,50,middle,medium,False,False,259,6750,NA
A2N72OL21SAV0P,Mon Dec 04 2017 08:00:20 GMT-0500 (Eastern Standard Time),Mon Dec 04 2017 08:07:22 GMT-0500 (Eastern Standard Time),"Mozilla/5.0 (Windows NT 10.0; Win64; x64) AppleWebKit/537.36 (KHTML, like Gecko) Chrome/62.0.3202.94 Safari/537.36",142,"[0.9, 0.5, 0.1]","[0.8, 0.4, 0.2]","[u'black', u'blue', u'red']","[u'left', u'middle', u'right']","[0.8, 0.4, 0.2]","[u'high', u'medium', u'low']",black,49,left,high,True,False,245,6850,NA
A2N72OL21SAV0P,Mon Dec 04 2017 08:00:20 GMT-0500 (Eastern Standard Time),Mon Dec 04 2017 08:07:22 GMT-0500 (Eastern Standard Time),"Mozilla/5.0 (Windows NT 10.0; Win64; x64) AppleWebKit/537.36 (KHTML, like Gecko) Chrome/62.0.3202.94 Safari/537.36",143,"[0.9, 0.5, 0.1]","[0.8, 0.4, 0.2]","[u'black', u'blue', u'red']","[u'left', u'middle', u'right']","[0.8, 0.4, 0.2]","[u'high', u'medium', u'low']",black,49,left,high,True,False,304,6950,NA
A2N72OL21SAV0P,Mon Dec 04 2017 08:00:20 GMT-0500 (Eastern Standard Time),Mon Dec 04 2017 08:07:22 GMT-0500 (Eastern Standard Time),"Mozilla/5.0 (Windows NT 10.0; Win64; x64) AppleWebKit/537.36 (KHTML, like Gecko) Chrome/62.0.3202.94 Safari/537.36",144,"[0.9, 0.5, 0.1]","[0.8, 0.4, 0.2]","[u'black', u'blue', u'red']","[u'left', u'middle', u'right']","[0.8, 0.4, 0.2]","[u'high', u'medium', u'low']",black,49,left,high,True,False,260,7050,NA
A2N72OL21SAV0P,Mon Dec 04 2017 08:00:20 GMT-0500 (Eastern Standard Time),Mon Dec 04 2017 08:07:22 GMT-0500 (Eastern Standard Time),"Mozilla/5.0 (Windows NT 10.0; Win64; x64) AppleWebKit/537.36 (KHTML, like Gecko) Chrome/62.0.3202.94 Safari/537.36",145,"[0.9, 0.5, 0.1]","[0.8, 0.4, 0.2]","[u'black', u'blue', u'red']","[u'left', u'middle', u'right']","[0.8, 0.4, 0.2]","[u'high', u'medium', u'low']",black,49,left,high,True,False,82,7150,NA
A2N72OL21SAV0P,Mon Dec 04 2017 08:00:20 GMT-0500 (Eastern Standard Time),Mon Dec 04 2017 08:07:22 GMT-0500 (Eastern Standard Time),"Mozilla/5.0 (Windows NT 10.0; Win64; x64) AppleWebKit/537.36 (KHTML, like Gecko) Chrome/62.0.3202.94 Safari/537.36",146,"[0.9, 0.5, 0.1]","[0.8, 0.4, 0.2]","[u'black', u'blue', u'red']","[u'left', u'middle', u'right']","[0.8, 0.4, 0.2]","[u'high', u'medium', u'low']",black,49,left,high,True,False,307,7250,NA
A2N72OL21SAV0P,Mon Dec 04 2017 08:00:20 GMT-0500 (Eastern Standard Time),Mon Dec 04 2017 08:07:22 GMT-0500 (Eastern Standard Time),"Mozilla/5.0 (Windows NT 10.0; Win64; x64) AppleWebKit/537.36 (KHTML, like Gecko) Chrome/62.0.3202.94 Safari/537.36",147,"[0.9, 0.5, 0.1]","[0.8, 0.4, 0.2]","[u'black', u'blue', u'red']","[u'left', u'middle', u'right']","[0.8, 0.4, 0.2]","[u'high', u'medium', u'low']",black,49,left,high,True,False,226,7350,NA
A2N72OL21SAV0P,Mon Dec 04 2017 08:00:20 GMT-0500 (Eastern Standard Time),Mon Dec 04 2017 08:07:22 GMT-0500 (Eastern Standard Time),"Mozilla/5.0 (Windows NT 10.0; Win64; x64) AppleWebKit/537.36 (KHTML, like Gecko) Chrome/62.0.3202.94 Safari/537.36",148,"[0.9, 0.5, 0.1]","[0.8, 0.4, 0.2]","[u'black', u'blue', u'red']","[u'left', u'middle', u'right']","[0.8, 0.4, 0.2]","[u'high', u'medium', u'low']",black,49,left,high,True,False,274,7450,NA
A2N72OL21SAV0P,Mon Dec 04 2017 08:00:20 GMT-0500 (Eastern Standard Time),Mon Dec 04 2017 08:07:22 GMT-0500 (Eastern Standard Time),"Mozilla/5.0 (Windows NT 10.0; Win64; x64) AppleWebKit/537.36 (KHTML, like Gecko) Chrome/62.0.3202.94 Safari/537.36",149,"[0.9, 0.5, 0.1]","[0.8, 0.4, 0.2]","[u'black', u'blue', u'red']","[u'left', u'middle', u'right']","[0.8, 0.4, 0.2]","[u'high', u'medium', u'low']",black,49,left,high,True,False,276,7550,NA
A2N72OL21SAV0P,Mon Dec 04 2017 08:00:20 GMT-0500 (Eastern Standard Time),Mon Dec 04 2017 08:07:22 GMT-0500 (Eastern Standard Time),"Mozilla/5.0 (Windows NT 10.0; Win64; x64) AppleWebKit/537.36 (KHTML, like Gecko) Chrome/62.0.3202.94 Safari/537.36",150,"[0.9, 0.5, 0.1]","[0.8, 0.4, 0.2]","[u'black', u'blue', u'red']","[u'left', u'middle', u'right']","[0.8, 0.4, 0.2]","[u'high', u'medium', u'low']",black,49,left,high,True,True,228,7650,NA
A2N72OL21SAV0P,Mon Dec 04 2017 08:00:20 GMT-0500 (Eastern Standard Time),Mon Dec 04 2017 08:07:22 GMT-0500 (Eastern Standard Time),"Mozilla/5.0 (Windows NT 10.0; Win64; x64) AppleWebKit/537.36 (KHTML, like Gecko) Chrome/62.0.3202.94 Safari/537.36",151,"[0.9, 0.5, 0.1]","[0.8, 0.4, 0.2]","[u'black', u'blue', u'red']","[u'left', u'middle', u'right']","[0.8, 0.4, 0.2]","[u'low', u'medium', u'high']",black,49,left,low,False,False,178,7600,NA
A2N72OL21SAV0P,Mon Dec 04 2017 08:00:20 GMT-0500 (Eastern Standard Time),Mon Dec 04 2017 08:07:22 GMT-0500 (Eastern Standard Time),"Mozilla/5.0 (Windows NT 10.0; Win64; x64) AppleWebKit/537.36 (KHTML, like Gecko) Chrome/62.0.3202.94 Safari/537.36",152,"[0.9, 0.5, 0.1]","[0.8, 0.4, 0.2]","[u'black', u'blue', u'red']","[u'left', u'middle', u'right']","[0.8, 0.4, 0.2]","[u'low', u'medium', u'high']",black,49,left,low,True,False,259,7700,NA
A2N72OL21SAV0P,Mon Dec 04 2017 08:00:20 GMT-0500 (Eastern Standard Time),Mon Dec 04 2017 08:07:22 GMT-0500 (Eastern Standard Time),"Mozilla/5.0 (Windows NT 10.0; Win64; x64) AppleWebKit/537.36 (KHTML, like Gecko) Chrome/62.0.3202.94 Safari/537.36",153,"[0.9, 0.5, 0.1]","[0.8, 0.4, 0.2]","[u'black', u'blue', u'red']","[u'left', u'middle', u'right']","[0.8, 0.4, 0.2]","[u'low', u'medium', u'high']",black,49,left,low,False,False,274,7650,NA
A2N72OL21SAV0P,Mon Dec 04 2017 08:00:20 GMT-0500 (Eastern Standard Time),Mon Dec 04 2017 08:07:22 GMT-0500 (Eastern Standard Time),"Mozilla/5.0 (Windows NT 10.0; Win64; x64) AppleWebKit/537.36 (KHTML, like Gecko) Chrome/62.0.3202.94 Safari/537.36",154,"[0.9, 0.5, 0.1]","[0.8, 0.4, 0.2]","[u'black', u'blue', u'red']","[u'left', u'middle', u'right']","[0.8, 0.4, 0.2]","[u'low', u'medium', u'high']",blue,50,middle,medium,False,False,291,7600,NA
A2N72OL21SAV0P,Mon Dec 04 2017 08:00:20 GMT-0500 (Eastern Standard Time),Mon Dec 04 2017 08:07:22 GMT-0500 (Eastern Standard Time),"Mozilla/5.0 (Windows NT 10.0; Win64; x64) AppleWebKit/537.36 (KHTML, like Gecko) Chrome/62.0.3202.94 Safari/537.36",155,"[0.9, 0.5, 0.1]","[0.8, 0.4, 0.2]","[u'black', u'blue', u'red']","[u'left', u'middle', u'right']","[0.8, 0.4, 0.2]","[u'low', u'medium', u'high']",red,51,right,high,True,False,98,7700,NA
A2N72OL21SAV0P,Mon Dec 04 2017 08:00:20 GMT-0500 (Eastern Standard Time),Mon Dec 04 2017 08:07:22 GMT-0500 (Eastern Standard Time),"Mozilla/5.0 (Windows NT 10.0; Win64; x64) AppleWebKit/537.36 (KHTML, like Gecko) Chrome/62.0.3202.94 Safari/537.36",156,"[0.9, 0.5, 0.1]","[0.8, 0.4, 0.2]","[u'black', u'blue', u'red']","[u'left', u'middle', u'right']","[0.8, 0.4, 0.2]","[u'low', u'medium', u'high']",red,51,right,high,True,False,372,7800,NA
A2N72OL21SAV0P,Mon Dec 04 2017 08:00:20 GMT-0500 (Eastern Standard Time),Mon Dec 04 2017 08:07:22 GMT-0500 (Eastern Standard Time),"Mozilla/5.0 (Windows NT 10.0; Win64; x64) AppleWebKit/537.36 (KHTML, like Gecko) Chrome/62.0.3202.94 Safari/537.36",157,"[0.9, 0.5, 0.1]","[0.8, 0.4, 0.2]","[u'black', u'blue', u'red']","[u'left', u'middle', u'right']","[0.8, 0.4, 0.2]","[u'low', u'medium', u'high']",red,51,right,high,True,False,244,7900,NA
A2N72OL21SAV0P,Mon Dec 04 2017 08:00:20 GMT-0500 (Eastern Standard Time),Mon Dec 04 2017 08:07:22 GMT-0500 (Eastern Standard Time),"Mozilla/5.0 (Windows NT 10.0; Win64; x64) AppleWebKit/537.36 (KHTML, like Gecko) Chrome/62.0.3202.94 Safari/537.36",158,"[0.9, 0.5, 0.1]","[0.8, 0.4, 0.2]","[u'black', u'blue', u'red']","[u'left', u'middle', u'right']","[0.8, 0.4, 0.2]","[u'low', u'medium', u'high']",red,51,right,high,True,False,259,8000,NA
A2N72OL21SAV0P,Mon Dec 04 2017 08:00:20 GMT-0500 (Eastern Standard Time),Mon Dec 04 2017 08:07:22 GMT-0500 (Eastern Standard Time),"Mozilla/5.0 (Windows NT 10.0; Win64; x64) AppleWebKit/537.36 (KHTML, like Gecko) Chrome/62.0.3202.94 Safari/537.36",159,"[0.9, 0.5, 0.1]","[0.8, 0.4, 0.2]","[u'black', u'blue', u'red']","[u'left', u'middle', u'right']","[0.8, 0.4, 0.2]","[u'low', u'medium', u'high']",red,51,right,high,True,False,256,8100,NA
A2N72OL21SAV0P,Mon Dec 04 2017 08:00:20 GMT-0500 (Eastern Standard Time),Mon Dec 04 2017 08:07:22 GMT-0500 (Eastern Standard Time),"Mozilla/5.0 (Windows NT 10.0; Win64; x64) AppleWebKit/537.36 (KHTML, like Gecko) Chrome/62.0.3202.94 Safari/537.36",160,"[0.9, 0.5, 0.1]","[0.8, 0.4, 0.2]","[u'black', u'blue', u'red']","[u'left', u'middle', u'right']","[0.8, 0.4, 0.2]","[u'low', u'medium', u'high']",red,51,right,high,True,False,51,8200,NA
