ARVXIBUCA8WDZ,Sun Dec 03 2017 18:49:34 GMT-0500 (Eastern Standard Time),Sun Dec 03 2017 19:16:48 GMT-0500 (Eastern Standard Time),"Mozilla/5.0 (Windows NT 10.0; Win64; x64) AppleWebKit/537.36 (KHTML, like Gecko) Chrome/62.0.3202.94 Safari/537.36",1,"[0.9, 0.5, 0.1]","[0.9, 0.5, 0.1]","[u'blue', u'red', u'black']","[u'left', u'middle', u'right']","[0.9, 0.5, 0.1]","[u'high', u'low', u'medium']",red,50,middle,low,True,False,2305,100,NA
ARVXIBUCA8WDZ,Sun Dec 03 2017 18:49:34 GMT-0500 (Eastern Standard Time),Sun Dec 03 2017 19:16:48 GMT-0500 (Eastern Standard Time),"Mozilla/5.0 (Windows NT 10.0; Win64; x64) AppleWebKit/537.36 (KHTML, like Gecko) Chrome/62.0.3202.94 Safari/537.36",2,"[0.9, 0.5, 0.1]","[0.9, 0.5, 0.1]","[u'blue', u'red', u'black']","[u'left', u'middle', u'right']","[0.9, 0.5, 0.1]","[u'high', u'low', u'medium']",red,50,middle,low,False,False,631,50,NA
ARVXIBUCA8WDZ,Sun Dec 03 2017 18:49:34 GMT-0500 (Eastern Standard Time),Sun Dec 03 2017 19:16:48 GMT-0500 (Eastern Standard Time),"Mozilla/5.0 (Windows NT 10.0; Win64; x64) AppleWebKit/537.36 (KHTML, like Gecko) Chrome/62.0.3202.94 Safari/537.36",3,"[0.9, 0.5, 0.1]","[0.9, 0.5, 0.1]","[u'blue', u'red', u'black']","[u'left', u'middle', u'right']","[0.9, 0.5, 0.1]","[u'high', u'low', u'medium']",red,50,middle,low,False,False,499,0,NA
ARVXIBUCA8WDZ,Sun Dec 03 2017 18:49:34 GMT-0500 (Eastern Standard Time),Sun Dec 03 2017 19:16:48 GMT-0500 (Eastern Standard Time),"Mozilla/5.0 (Windows NT 10.0; Win64; x64) AppleWebKit/537.36 (KHTML, like Gecko) Chrome/62.0.3202.94 Safari/537.36",4,"[0.9, 0.5, 0.1]","[0.9, 0.5, 0.1]","[u'blue', u'red', u'black']","[u'left', u'middle', u'right']","[0.9, 0.5, 0.1]","[u'high', u'low', u'medium']",blue,49,left,high,True,False,254,100,NA
ARVXIBUCA8WDZ,Sun Dec 03 2017 18:49:34 GMT-0500 (Eastern Standard Time),Sun Dec 03 2017 19:16:48 GMT-0500 (Eastern Standard Time),"Mozilla/5.0 (Windows NT 10.0; Win64; x64) AppleWebKit/537.36 (KHTML, like Gecko) Chrome/62.0.3202.94 Safari/537.36",5,"[0.9, 0.5, 0.1]","[0.9, 0.5, 0.1]","[u'blue', u'red', u'black']","[u'left', u'middle', u'right']","[0.9, 0.5, 0.1]","[u'high', u'low', u'medium']",blue,49,left,high,True,False,376,200,NA
ARVXIBUCA8WDZ,Sun Dec 03 2017 18:49:34 GMT-0500 (Eastern Standard Time),Sun Dec 03 2017 19:16:48 GMT-0500 (Eastern Standard Time),"Mozilla/5.0 (Windows NT 10.0; Win64; x64) AppleWebKit/537.36 (KHTML, like Gecko) Chrome/62.0.3202.94 Safari/537.36",6,"[0.9, 0.5, 0.1]","[0.9, 0.5, 0.1]","[u'blue', u'red', u'black']","[u'left', u'middle', u'right']","[0.9, 0.5, 0.1]","[u'high', u'low', u'medium']",blue,49,left,high,True,False,342,300,NA
ARVXIBUCA8WDZ,Sun Dec 03 2017 18:49:34 GMT-0500 (Eastern Standard Time),Sun Dec 03 2017 19:16:48 GMT-0500 (Eastern Standard Time),"Mozilla/5.0 (Windows NT 10.0; Win64; x64) AppleWebKit/537.36 (KHTML, like Gecko) Chrome/62.0.3202.94 Safari/537.36",7,"[0.9, 0.5, 0.1]","[0.9, 0.5, 0.1]","[u'blue', u'red', u'black']","[u'left', u'middle', u'right']","[0.9, 0.5, 0.1]","[u'high', u'low', u'medium']",blue,49,left,high,True,False,346,400,NA
ARVXIBUCA8WDZ,Sun Dec 03 2017 18:49:34 GMT-0500 (Eastern Standard Time),Sun Dec 03 2017 19:16:48 GMT-0500 (Eastern Standard Time),"Mozilla/5.0 (Windows NT 10.0; Win64; x64) AppleWebKit/537.36 (KHTML, like Gecko) Chrome/62.0.3202.94 Safari/537.36",8,"[0.9, 0.5, 0.1]","[0.9, 0.5, 0.1]","[u'blue', u'red', u'black']","[u'left', u'middle', u'right']","[0.9, 0.5, 0.1]","[u'high', u'low', u'medium']",blue,49,left,high,True,False,253,500,NA
ARVXIBUCA8WDZ,Sun Dec 03 2017 18:49:34 GMT-0500 (Eastern Standard Time),Sun Dec 03 2017 19:16:48 GMT-0500 (Eastern Standard Time),"Mozilla/5.0 (Windows NT 10.0; Win64; x64) AppleWebKit/537.36 (KHTML, like Gecko) Chrome/62.0.3202.94 Safari/537.36",9,"[0.9, 0.5, 0.1]","[0.9, 0.5, 0.1]","[u'blue', u'red', u'black']","[u'left', u'middle', u'right']","[0.9, 0.5, 0.1]","[u'high', u'low', u'medium']",blue,49,left,high,True,False,208,600,NA
ARVXIBUCA8WDZ,Sun Dec 03 2017 18:49:34 GMT-0500 (Eastern Standard Time),Sun Dec 03 2017 19:16:48 GMT-0500 (Eastern Standard Time),"Mozilla/5.0 (Windows NT 10.0; Win64; x64) AppleWebKit/537.36 (KHTML, like Gecko) Chrome/62.0.3202.94 Safari/537.36",10,"[0.9, 0.5, 0.1]","[0.9, 0.5, 0.1]","[u'blue', u'red', u'black']","[u'left', u'middle', u'right']","[0.9, 0.5, 0.1]","[u'high', u'low', u'medium']",blue,49,left,high,True,False,163,700,NA
ARVXIBUCA8WDZ,Sun Dec 03 2017 18:49:34 GMT-0500 (Eastern Standard Time),Sun Dec 03 2017 19:16:48 GMT-0500 (Eastern Standard Time),"Mozilla/5.0 (Windows NT 10.0; Win64; x64) AppleWebKit/537.36 (KHTML, like Gecko) Chrome/62.0.3202.94 Safari/537.36",11,"[0.9, 0.5, 0.1]","[0.9, 0.5, 0.1]","[u'blue', u'red', u'black']","[u'left', u'middle', u'right']","[0.9, 0.5, 0.1]","[u'high', u'low', u'medium']",blue,49,left,high,True,False,297,800,NA
ARVXIBUCA8WDZ,Sun Dec 03 2017 18:49:34 GMT-0500 (Eastern Standard Time),Sun Dec 03 2017 19:16:48 GMT-0500 (Eastern Standard Time),"Mozilla/5.0 (Windows NT 10.0; Win64; x64) AppleWebKit/537.36 (KHTML, like Gecko) Chrome/62.0.3202.94 Safari/537.36",12,"[0.9, 0.5, 0.1]","[0.9, 0.5, 0.1]","[u'blue', u'red', u'black']","[u'left', u'middle', u'right']","[0.9, 0.5, 0.1]","[u'high', u'low', u'medium']",blue,49,left,high,True,True,211,900,NA
ARVXIBUCA8WDZ,Sun Dec 03 2017 18:49:34 GMT-0500 (Eastern Standard Time),Sun Dec 03 2017 19:16:48 GMT-0500 (Eastern Standard Time),"Mozilla/5.0 (Windows NT 10.0; Win64; x64) AppleWebKit/537.36 (KHTML, like Gecko) Chrome/62.0.3202.94 Safari/537.36",13,"[0.9, 0.5, 0.1]","[0.9, 0.5, 0.1]","[u'blue', u'red', u'black']","[u'left', u'middle', u'right']","[0.9, 0.5, 0.1]","[u'low', u'high', u'medium']",blue,49,left,low,False,False,341,850,NA
ARVXIBUCA8WDZ,Sun Dec 03 2017 18:49:34 GMT-0500 (Eastern Standard Time),Sun Dec 03 2017 19:16:48 GMT-0500 (Eastern Standard Time),"Mozilla/5.0 (Windows NT 10.0; Win64; x64) AppleWebKit/537.36 (KHTML, like Gecko) Chrome/62.0.3202.94 Safari/537.36",14,"[0.9, 0.5, 0.1]","[0.9, 0.5, 0.1]","[u'blue', u'red', u'black']","[u'left', u'middle', u'right']","[0.9, 0.5, 0.1]","[u'low', u'high', u'medium']",blue,49,left,low,False,False,242,800,NA
ARVXIBUCA8WDZ,Sun Dec 03 2017 18:49:34 GMT-0500 (Eastern Standard Time),Sun Dec 03 2017 19:16:48 GMT-0500 (Eastern Standard Time),"Mozilla/5.0 (Windows NT 10.0; Win64; x64) AppleWebKit/537.36 (KHTML, like Gecko) Chrome/62.0.3202.94 Safari/537.36",15,"[0.9, 0.5, 0.1]","[0.9, 0.5, 0.1]","[u'blue', u'red', u'black']","[u'left', u'middle', u'right']","[0.9, 0.5, 0.1]","[u'low', u'high', u'medium']",black,51,right,medium,True,False,238,900,NA
ARVXIBUCA8WDZ,Sun Dec 03 2017 18:49:34 GMT-0500 (Eastern Standard Time),Sun Dec 03 2017 19:16:48 GMT-0500 (Eastern Standard Time),"Mozilla/5.0 (Windows NT 10.0; Win64; x64) AppleWebKit/537.36 (KHTML, like Gecko) Chrome/62.0.3202.94 Safari/537.36",16,"[0.9, 0.5, 0.1]","[0.9, 0.5, 0.1]","[u'blue', u'red', u'black']","[u'left', u'middle', u'right']","[0.9, 0.5, 0.1]","[u'low', u'high', u'medium']",black,51,right,medium,True,False,225,1000,NA
ARVXIBUCA8WDZ,Sun Dec 03 2017 18:49:34 GMT-0500 (Eastern Standard Time),Sun Dec 03 2017 19:16:48 GMT-0500 (Eastern Standard Time),"Mozilla/5.0 (Windows NT 10.0; Win64; x64) AppleWebKit/537.36 (KHTML, like Gecko) Chrome/62.0.3202.94 Safari/537.36",17,"[0.9, 0.5, 0.1]","[0.9, 0.5, 0.1]","[u'blue', u'red', u'black']","[u'left', u'middle', u'right']","[0.9, 0.5, 0.1]","[u'low', u'high', u'medium']",black,51,right,medium,True,False,226,1100,NA
ARVXIBUCA8WDZ,Sun Dec 03 2017 18:49:34 GMT-0500 (Eastern Standard Time),Sun Dec 03 2017 19:16:48 GMT-0500 (Eastern Standard Time),"Mozilla/5.0 (Windows NT 10.0; Win64; x64) AppleWebKit/537.36 (KHTML, like Gecko) Chrome/62.0.3202.94 Safari/537.36",18,"[0.9, 0.5, 0.1]","[0.9, 0.5, 0.1]","[u'blue', u'red', u'black']","[u'left', u'middle', u'right']","[0.9, 0.5, 0.1]","[u'low', u'high', u'medium']",black,51,right,medium,True,False,482,1200,NA
ARVXIBUCA8WDZ,Sun Dec 03 2017 18:49:34 GMT-0500 (Eastern Standard Time),Sun Dec 03 2017 19:16:48 GMT-0500 (Eastern Standard Time),"Mozilla/5.0 (Windows NT 10.0; Win64; x64) AppleWebKit/537.36 (KHTML, like Gecko) Chrome/62.0.3202.94 Safari/537.36",19,"[0.9, 0.5, 0.1]","[0.9, 0.5, 0.1]","[u'blue', u'red', u'black']","[u'left', u'middle', u'right']","[0.9, 0.5, 0.1]","[u'low', u'high', u'medium']",black,51,right,medium,True,False,436,1300,NA
ARVXIBUCA8WDZ,Sun Dec 03 2017 18:49:34 GMT-0500 (Eastern Standard Time),Sun Dec 03 2017 19:16:48 GMT-0500 (Eastern Standard Time),"Mozilla/5.0 (Windows NT 10.0; Win64; x64) AppleWebKit/537.36 (KHTML, like Gecko) Chrome/62.0.3202.94 Safari/537.36",20,"[0.9, 0.5, 0.1]","[0.9, 0.5, 0.1]","[u'blue', u'red', u'black']","[u'left', u'middle', u'right']","[0.9, 0.5, 0.1]","[u'low', u'high', u'medium']",black,51,right,medium,False,False,496,1250,NA
ARVXIBUCA8WDZ,Sun Dec 03 2017 18:49:34 GMT-0500 (Eastern Standard Time),Sun Dec 03 2017 19:16:48 GMT-0500 (Eastern Standard Time),"Mozilla/5.0 (Windows NT 10.0; Win64; x64) AppleWebKit/537.36 (KHTML, like Gecko) Chrome/62.0.3202.94 Safari/537.36",21,"[0.9, 0.5, 0.1]","[0.9, 0.5, 0.1]","[u'blue', u'red', u'black']","[u'left', u'middle', u'right']","[0.9, 0.5, 0.1]","[u'low', u'high', u'medium']",black,51,right,medium,True,False,142,1350,NA
ARVXIBUCA8WDZ,Sun Dec 03 2017 18:49:34 GMT-0500 (Eastern Standard Time),Sun Dec 03 2017 19:16:48 GMT-0500 (Eastern Standard Time),"Mozilla/5.0 (Windows NT 10.0; Win64; x64) AppleWebKit/537.36 (KHTML, like Gecko) Chrome/62.0.3202.94 Safari/537.36",22,"[0.9, 0.5, 0.1]","[0.9, 0.5, 0.1]","[u'blue', u'red', u'black']","[u'left', u'middle', u'right']","[0.9, 0.5, 0.1]","[u'low', u'high', u'medium']",black,51,right,medium,True,False,313,1450,NA
ARVXIBUCA8WDZ,Sun Dec 03 2017 18:49:34 GMT-0500 (Eastern Standard Time),Sun Dec 03 2017 19:16:48 GMT-0500 (Eastern Standard Time),"Mozilla/5.0 (Windows NT 10.0; Win64; x64) AppleWebKit/537.36 (KHTML, like Gecko) Chrome/62.0.3202.94 Safari/537.36",23,"[0.9, 0.5, 0.1]","[0.9, 0.5, 0.1]","[u'blue', u'red', u'black']","[u'left', u'middle', u'right']","[0.9, 0.5, 0.1]","[u'low', u'high', u'medium']",black,51,right,medium,False,False,299,1400,NA
ARVXIBUCA8WDZ,Sun Dec 03 2017 18:49:34 GMT-0500 (Eastern Standard Time),Sun Dec 03 2017 19:16:48 GMT-0500 (Eastern Standard Time),"Mozilla/5.0 (Windows NT 10.0; Win64; x64) AppleWebKit/537.36 (KHTML, like Gecko) Chrome/62.0.3202.94 Safari/537.36",24,"[0.9, 0.5, 0.1]","[0.9, 0.5, 0.1]","[u'blue', u'red', u'black']","[u'left', u'middle', u'right']","[0.9, 0.5, 0.1]","[u'low', u'high', u'medium']",red,50,middle,high,True,False,201,1500,NA
ARVXIBUCA8WDZ,Sun Dec 03 2017 18:49:34 GMT-0500 (Eastern Standard Time),Sun Dec 03 2017 19:16:48 GMT-0500 (Eastern Standard Time),"Mozilla/5.0 (Windows NT 10.0; Win64; x64) AppleWebKit/537.36 (KHTML, like Gecko) Chrome/62.0.3202.94 Safari/537.36",25,"[0.9, 0.5, 0.1]","[0.9, 0.5, 0.1]","[u'blue', u'red', u'black']","[u'left', u'middle', u'right']","[0.9, 0.5, 0.1]","[u'low', u'high', u'medium']",red,50,middle,high,True,False,220,1600,NA
ARVXIBUCA8WDZ,Sun Dec 03 2017 18:49:34 GMT-0500 (Eastern Standard Time),Sun Dec 03 2017 19:16:48 GMT-0500 (Eastern Standard Time),"Mozilla/5.0 (Windows NT 10.0; Win64; x64) AppleWebKit/537.36 (KHTML, like Gecko) Chrome/62.0.3202.94 Safari/537.36",26,"[0.9, 0.5, 0.1]","[0.9, 0.5, 0.1]","[u'blue', u'red', u'black']","[u'left', u'middle', u'right']","[0.9, 0.5, 0.1]","[u'low', u'high', u'medium']",red,50,middle,high,True,False,262,1700,NA
ARVXIBUCA8WDZ,Sun Dec 03 2017 18:49:34 GMT-0500 (Eastern Standard Time),Sun Dec 03 2017 19:16:48 GMT-0500 (Eastern Standard Time),"Mozilla/5.0 (Windows NT 10.0; Win64; x64) AppleWebKit/537.36 (KHTML, like Gecko) Chrome/62.0.3202.94 Safari/537.36",27,"[0.9, 0.5, 0.1]","[0.9, 0.5, 0.1]","[u'blue', u'red', u'black']","[u'left', u'middle', u'right']","[0.9, 0.5, 0.1]","[u'low', u'high', u'medium']",red,50,middle,high,True,False,259,1800,NA
ARVXIBUCA8WDZ,Sun Dec 03 2017 18:49:34 GMT-0500 (Eastern Standard Time),Sun Dec 03 2017 19:16:48 GMT-0500 (Eastern Standard Time),"Mozilla/5.0 (Windows NT 10.0; Win64; x64) AppleWebKit/537.36 (KHTML, like Gecko) Chrome/62.0.3202.94 Safari/537.36",28,"[0.9, 0.5, 0.1]","[0.9, 0.5, 0.1]","[u'blue', u'red', u'black']","[u'left', u'middle', u'right']","[0.9, 0.5, 0.1]","[u'low', u'high', u'medium']",red,50,middle,high,True,False,164,1900,NA
ARVXIBUCA8WDZ,Sun Dec 03 2017 18:49:34 GMT-0500 (Eastern Standard Time),Sun Dec 03 2017 19:16:48 GMT-0500 (Eastern Standard Time),"Mozilla/5.0 (Windows NT 10.0; Win64; x64) AppleWebKit/537.36 (KHTML, like Gecko) Chrome/62.0.3202.94 Safari/537.36",29,"[0.9, 0.5, 0.1]","[0.9, 0.5, 0.1]","[u'blue', u'red', u'black']","[u'left', u'middle', u'right']","[0.9, 0.5, 0.1]","[u'low', u'high', u'medium']",red,50,middle,high,True,False,262,2000,NA
ARVXIBUCA8WDZ,Sun Dec 03 2017 18:49:34 GMT-0500 (Eastern Standard Time),Sun Dec 03 2017 19:16:48 GMT-0500 (Eastern Standard Time),"Mozilla/5.0 (Windows NT 10.0; Win64; x64) AppleWebKit/537.36 (KHTML, like Gecko) Chrome/62.0.3202.94 Safari/537.36",30,"[0.9, 0.5, 0.1]","[0.9, 0.5, 0.1]","[u'blue', u'red', u'black']","[u'left', u'middle', u'right']","[0.9, 0.5, 0.1]","[u'low', u'high', u'medium']",red,50,middle,high,False,False,271,1950,NA
ARVXIBUCA8WDZ,Sun Dec 03 2017 18:49:34 GMT-0500 (Eastern Standard Time),Sun Dec 03 2017 19:16:48 GMT-0500 (Eastern Standard Time),"Mozilla/5.0 (Windows NT 10.0; Win64; x64) AppleWebKit/537.36 (KHTML, like Gecko) Chrome/62.0.3202.94 Safari/537.36",31,"[0.9, 0.5, 0.1]","[0.9, 0.5, 0.1]","[u'blue', u'red', u'black']","[u'left', u'middle', u'right']","[0.9, 0.5, 0.1]","[u'low', u'high', u'medium']",black,51,right,medium,True,False,190,2050,NA
ARVXIBUCA8WDZ,Sun Dec 03 2017 18:49:34 GMT-0500 (Eastern Standard Time),Sun Dec 03 2017 19:16:48 GMT-0500 (Eastern Standard Time),"Mozilla/5.0 (Windows NT 10.0; Win64; x64) AppleWebKit/537.36 (KHTML, like Gecko) Chrome/62.0.3202.94 Safari/537.36",32,"[0.9, 0.5, 0.1]","[0.9, 0.5, 0.1]","[u'blue', u'red', u'black']","[u'left', u'middle', u'right']","[0.9, 0.5, 0.1]","[u'low', u'high', u'medium']",black,51,right,medium,True,False,246,2150,NA
ARVXIBUCA8WDZ,Sun Dec 03 2017 18:49:34 GMT-0500 (Eastern Standard Time),Sun Dec 03 2017 19:16:48 GMT-0500 (Eastern Standard Time),"Mozilla/5.0 (Windows NT 10.0; Win64; x64) AppleWebKit/537.36 (KHTML, like Gecko) Chrome/62.0.3202.94 Safari/537.36",33,"[0.9, 0.5, 0.1]","[0.9, 0.5, 0.1]","[u'blue', u'red', u'black']","[u'left', u'middle', u'right']","[0.9, 0.5, 0.1]","[u'low', u'high', u'medium']",black,51,right,medium,True,False,207,2250,NA
ARVXIBUCA8WDZ,Sun Dec 03 2017 18:49:34 GMT-0500 (Eastern Standard Time),Sun Dec 03 2017 19:16:48 GMT-0500 (Eastern Standard Time),"Mozilla/5.0 (Windows NT 10.0; Win64; x64) AppleWebKit/537.36 (KHTML, like Gecko) Chrome/62.0.3202.94 Safari/537.36",34,"[0.9, 0.5, 0.1]","[0.9, 0.5, 0.1]","[u'blue', u'red', u'black']","[u'left', u'middle', u'right']","[0.9, 0.5, 0.1]","[u'low', u'high', u'medium']",black,51,right,medium,False,False,235,2200,NA
ARVXIBUCA8WDZ,Sun Dec 03 2017 18:49:34 GMT-0500 (Eastern Standard Time),Sun Dec 03 2017 19:16:48 GMT-0500 (Eastern Standard Time),"Mozilla/5.0 (Windows NT 10.0; Win64; x64) AppleWebKit/537.36 (KHTML, like Gecko) Chrome/62.0.3202.94 Safari/537.36",35,"[0.9, 0.5, 0.1]","[0.9, 0.5, 0.1]","[u'blue', u'red', u'black']","[u'left', u'middle', u'right']","[0.9, 0.5, 0.1]","[u'low', u'high', u'medium']",blue,49,left,low,False,False,155,2150,NA
ARVXIBUCA8WDZ,Sun Dec 03 2017 18:49:34 GMT-0500 (Eastern Standard Time),Sun Dec 03 2017 19:16:48 GMT-0500 (Eastern Standard Time),"Mozilla/5.0 (Windows NT 10.0; Win64; x64) AppleWebKit/537.36 (KHTML, like Gecko) Chrome/62.0.3202.94 Safari/537.36",36,"[0.9, 0.5, 0.1]","[0.9, 0.5, 0.1]","[u'blue', u'red', u'black']","[u'left', u'middle', u'right']","[0.9, 0.5, 0.1]","[u'low', u'high', u'medium']",red,50,middle,high,True,False,508,2250,NA
ARVXIBUCA8WDZ,Sun Dec 03 2017 18:49:34 GMT-0500 (Eastern Standard Time),Sun Dec 03 2017 19:16:48 GMT-0500 (Eastern Standard Time),"Mozilla/5.0 (Windows NT 10.0; Win64; x64) AppleWebKit/537.36 (KHTML, like Gecko) Chrome/62.0.3202.94 Safari/537.36",37,"[0.9, 0.5, 0.1]","[0.9, 0.5, 0.1]","[u'blue', u'red', u'black']","[u'left', u'middle', u'right']","[0.9, 0.5, 0.1]","[u'low', u'high', u'medium']",red,50,middle,high,True,False,100,2350,NA
ARVXIBUCA8WDZ,Sun Dec 03 2017 18:49:34 GMT-0500 (Eastern Standard Time),Sun Dec 03 2017 19:16:48 GMT-0500 (Eastern Standard Time),"Mozilla/5.0 (Windows NT 10.0; Win64; x64) AppleWebKit/537.36 (KHTML, like Gecko) Chrome/62.0.3202.94 Safari/537.36",38,"[0.9, 0.5, 0.1]","[0.9, 0.5, 0.1]","[u'blue', u'red', u'black']","[u'left', u'middle', u'right']","[0.9, 0.5, 0.1]","[u'low', u'high', u'medium']",red,50,middle,high,True,False,347,2450,NA
ARVXIBUCA8WDZ,Sun Dec 03 2017 18:49:34 GMT-0500 (Eastern Standard Time),Sun Dec 03 2017 19:16:48 GMT-0500 (Eastern Standard Time),"Mozilla/5.0 (Windows NT 10.0; Win64; x64) AppleWebKit/537.36 (KHTML, like Gecko) Chrome/62.0.3202.94 Safari/537.36",39,"[0.9, 0.5, 0.1]","[0.9, 0.5, 0.1]","[u'blue', u'red', u'black']","[u'left', u'middle', u'right']","[0.9, 0.5, 0.1]","[u'low', u'high', u'medium']",red,50,middle,high,True,False,400,2550,NA
ARVXIBUCA8WDZ,Sun Dec 03 2017 18:49:34 GMT-0500 (Eastern Standard Time),Sun Dec 03 2017 19:16:48 GMT-0500 (Eastern Standard Time),"Mozilla/5.0 (Windows NT 10.0; Win64; x64) AppleWebKit/537.36 (KHTML, like Gecko) Chrome/62.0.3202.94 Safari/537.36",40,"[0.9, 0.5, 0.1]","[0.9, 0.5, 0.1]","[u'blue', u'red', u'black']","[u'left', u'middle', u'right']","[0.9, 0.5, 0.1]","[u'low', u'high', u'medium']",red,50,middle,high,True,False,280,2650,NA
ARVXIBUCA8WDZ,Sun Dec 03 2017 18:49:34 GMT-0500 (Eastern Standard Time),Sun Dec 03 2017 19:16:48 GMT-0500 (Eastern Standard Time),"Mozilla/5.0 (Windows NT 10.0; Win64; x64) AppleWebKit/537.36 (KHTML, like Gecko) Chrome/62.0.3202.94 Safari/537.36",41,"[0.9, 0.5, 0.1]","[0.9, 0.5, 0.1]","[u'blue', u'red', u'black']","[u'left', u'middle', u'right']","[0.9, 0.5, 0.1]","[u'high', u'medium', u'low']",red,50,middle,medium,True,False,480,2750,NA
ARVXIBUCA8WDZ,Sun Dec 03 2017 18:49:34 GMT-0500 (Eastern Standard Time),Sun Dec 03 2017 19:16:48 GMT-0500 (Eastern Standard Time),"Mozilla/5.0 (Windows NT 10.0; Win64; x64) AppleWebKit/537.36 (KHTML, like Gecko) Chrome/62.0.3202.94 Safari/537.36",42,"[0.9, 0.5, 0.1]","[0.9, 0.5, 0.1]","[u'blue', u'red', u'black']","[u'left', u'middle', u'right']","[0.9, 0.5, 0.1]","[u'high', u'medium', u'low']",red,50,middle,medium,True,False,400,2850,NA
ARVXIBUCA8WDZ,Sun Dec 03 2017 18:49:34 GMT-0500 (Eastern Standard Time),Sun Dec 03 2017 19:16:48 GMT-0500 (Eastern Standard Time),"Mozilla/5.0 (Windows NT 10.0; Win64; x64) AppleWebKit/537.36 (KHTML, like Gecko) Chrome/62.0.3202.94 Safari/537.36",43,"[0.9, 0.5, 0.1]","[0.9, 0.5, 0.1]","[u'blue', u'red', u'black']","[u'left', u'middle', u'right']","[0.9, 0.5, 0.1]","[u'high', u'medium', u'low']",red,50,middle,medium,True,False,717,2950,NA
ARVXIBUCA8WDZ,Sun Dec 03 2017 18:49:34 GMT-0500 (Eastern Standard Time),Sun Dec 03 2017 19:16:48 GMT-0500 (Eastern Standard Time),"Mozilla/5.0 (Windows NT 10.0; Win64; x64) AppleWebKit/537.36 (KHTML, like Gecko) Chrome/62.0.3202.94 Safari/537.36",44,"[0.9, 0.5, 0.1]","[0.9, 0.5, 0.1]","[u'blue', u'red', u'black']","[u'left', u'middle', u'right']","[0.9, 0.5, 0.1]","[u'high', u'medium', u'low']",red,50,middle,medium,True,False,517,3050,NA
ARVXIBUCA8WDZ,Sun Dec 03 2017 18:49:34 GMT-0500 (Eastern Standard Time),Sun Dec 03 2017 19:16:48 GMT-0500 (Eastern Standard Time),"Mozilla/5.0 (Windows NT 10.0; Win64; x64) AppleWebKit/537.36 (KHTML, like Gecko) Chrome/62.0.3202.94 Safari/537.36",45,"[0.9, 0.5, 0.1]","[0.9, 0.5, 0.1]","[u'blue', u'red', u'black']","[u'left', u'middle', u'right']","[0.9, 0.5, 0.1]","[u'high', u'medium', u'low']",red,50,middle,medium,False,False,367,3000,NA
ARVXIBUCA8WDZ,Sun Dec 03 2017 18:49:34 GMT-0500 (Eastern Standard Time),Sun Dec 03 2017 19:16:48 GMT-0500 (Eastern Standard Time),"Mozilla/5.0 (Windows NT 10.0; Win64; x64) AppleWebKit/537.36 (KHTML, like Gecko) Chrome/62.0.3202.94 Safari/537.36",46,"[0.9, 0.5, 0.1]","[0.9, 0.5, 0.1]","[u'blue', u'red', u'black']","[u'left', u'middle', u'right']","[0.9, 0.5, 0.1]","[u'high', u'medium', u'low']",black,51,right,low,True,False,185,3100,NA
ARVXIBUCA8WDZ,Sun Dec 03 2017 18:49:34 GMT-0500 (Eastern Standard Time),Sun Dec 03 2017 19:16:48 GMT-0500 (Eastern Standard Time),"Mozilla/5.0 (Windows NT 10.0; Win64; x64) AppleWebKit/537.36 (KHTML, like Gecko) Chrome/62.0.3202.94 Safari/537.36",47,"[0.9, 0.5, 0.1]","[0.9, 0.5, 0.1]","[u'blue', u'red', u'black']","[u'left', u'middle', u'right']","[0.9, 0.5, 0.1]","[u'high', u'medium', u'low']",black,51,right,low,False,False,405,3050,NA
ARVXIBUCA8WDZ,Sun Dec 03 2017 18:49:34 GMT-0500 (Eastern Standard Time),Sun Dec 03 2017 19:16:48 GMT-0500 (Eastern Standard Time),"Mozilla/5.0 (Windows NT 10.0; Win64; x64) AppleWebKit/537.36 (KHTML, like Gecko) Chrome/62.0.3202.94 Safari/537.36",48,"[0.9, 0.5, 0.1]","[0.9, 0.5, 0.1]","[u'blue', u'red', u'black']","[u'left', u'middle', u'right']","[0.9, 0.5, 0.1]","[u'high', u'medium', u'low']",blue,49,left,high,True,False,361,3150,NA
ARVXIBUCA8WDZ,Sun Dec 03 2017 18:49:34 GMT-0500 (Eastern Standard Time),Sun Dec 03 2017 19:16:48 GMT-0500 (Eastern Standard Time),"Mozilla/5.0 (Windows NT 10.0; Win64; x64) AppleWebKit/537.36 (KHTML, like Gecko) Chrome/62.0.3202.94 Safari/537.36",49,"[0.9, 0.5, 0.1]","[0.9, 0.5, 0.1]","[u'blue', u'red', u'black']","[u'left', u'middle', u'right']","[0.9, 0.5, 0.1]","[u'high', u'medium', u'low']",blue,49,left,high,True,False,172,3250,NA
ARVXIBUCA8WDZ,Sun Dec 03 2017 18:49:34 GMT-0500 (Eastern Standard Time),Sun Dec 03 2017 19:16:48 GMT-0500 (Eastern Standard Time),"Mozilla/5.0 (Windows NT 10.0; Win64; x64) AppleWebKit/537.36 (KHTML, like Gecko) Chrome/62.0.3202.94 Safari/537.36",50,"[0.9, 0.5, 0.1]","[0.9, 0.5, 0.1]","[u'blue', u'red', u'black']","[u'left', u'middle', u'right']","[0.9, 0.5, 0.1]","[u'high', u'medium', u'low']",blue,49,left,high,True,False,327,3350,NA
ARVXIBUCA8WDZ,Sun Dec 03 2017 18:49:34 GMT-0500 (Eastern Standard Time),Sun Dec 03 2017 19:16:48 GMT-0500 (Eastern Standard Time),"Mozilla/5.0 (Windows NT 10.0; Win64; x64) AppleWebKit/537.36 (KHTML, like Gecko) Chrome/62.0.3202.94 Safari/537.36",51,"[0.9, 0.5, 0.1]","[0.9, 0.5, 0.1]","[u'blue', u'red', u'black']","[u'left', u'middle', u'right']","[0.9, 0.5, 0.1]","[u'high', u'medium', u'low']",blue,49,left,high,True,False,153,3450,NA
ARVXIBUCA8WDZ,Sun Dec 03 2017 18:49:34 GMT-0500 (Eastern Standard Time),Sun Dec 03 2017 19:16:48 GMT-0500 (Eastern Standard Time),"Mozilla/5.0 (Windows NT 10.0; Win64; x64) AppleWebKit/537.36 (KHTML, like Gecko) Chrome/62.0.3202.94 Safari/537.36",52,"[0.9, 0.5, 0.1]","[0.9, 0.5, 0.1]","[u'blue', u'red', u'black']","[u'left', u'middle', u'right']","[0.9, 0.5, 0.1]","[u'high', u'medium', u'low']",blue,49,left,high,True,False,150,3550,NA
ARVXIBUCA8WDZ,Sun Dec 03 2017 18:49:34 GMT-0500 (Eastern Standard Time),Sun Dec 03 2017 19:16:48 GMT-0500 (Eastern Standard Time),"Mozilla/5.0 (Windows NT 10.0; Win64; x64) AppleWebKit/537.36 (KHTML, like Gecko) Chrome/62.0.3202.94 Safari/537.36",53,"[0.9, 0.5, 0.1]","[0.9, 0.5, 0.1]","[u'blue', u'red', u'black']","[u'left', u'middle', u'right']","[0.9, 0.5, 0.1]","[u'high', u'medium', u'low']",blue,49,left,high,True,False,2127,3650,NA
ARVXIBUCA8WDZ,Sun Dec 03 2017 18:49:34 GMT-0500 (Eastern Standard Time),Sun Dec 03 2017 19:16:48 GMT-0500 (Eastern Standard Time),"Mozilla/5.0 (Windows NT 10.0; Win64; x64) AppleWebKit/537.36 (KHTML, like Gecko) Chrome/62.0.3202.94 Safari/537.36",54,"[0.9, 0.5, 0.1]","[0.9, 0.5, 0.1]","[u'blue', u'red', u'black']","[u'left', u'middle', u'right']","[0.9, 0.5, 0.1]","[u'high', u'medium', u'low']",blue,49,left,high,True,False,1740,3750,NA
ARVXIBUCA8WDZ,Sun Dec 03 2017 18:49:34 GMT-0500 (Eastern Standard Time),Sun Dec 03 2017 19:16:48 GMT-0500 (Eastern Standard Time),"Mozilla/5.0 (Windows NT 10.0; Win64; x64) AppleWebKit/537.36 (KHTML, like Gecko) Chrome/62.0.3202.94 Safari/537.36",55,"[0.9, 0.5, 0.1]","[0.9, 0.5, 0.1]","[u'blue', u'red', u'black']","[u'left', u'middle', u'right']","[0.9, 0.5, 0.1]","[u'high', u'medium', u'low']",blue,49,left,high,True,False,932,3850,NA
ARVXIBUCA8WDZ,Sun Dec 03 2017 18:49:34 GMT-0500 (Eastern Standard Time),Sun Dec 03 2017 19:16:48 GMT-0500 (Eastern Standard Time),"Mozilla/5.0 (Windows NT 10.0; Win64; x64) AppleWebKit/537.36 (KHTML, like Gecko) Chrome/62.0.3202.94 Safari/537.36",56,"[0.9, 0.5, 0.1]","[0.9, 0.5, 0.1]","[u'blue', u'red', u'black']","[u'left', u'middle', u'right']","[0.9, 0.5, 0.1]","[u'high', u'medium', u'low']",blue,49,left,high,True,True,629,3950,NA
ARVXIBUCA8WDZ,Sun Dec 03 2017 18:49:34 GMT-0500 (Eastern Standard Time),Sun Dec 03 2017 19:16:48 GMT-0500 (Eastern Standard Time),"Mozilla/5.0 (Windows NT 10.0; Win64; x64) AppleWebKit/537.36 (KHTML, like Gecko) Chrome/62.0.3202.94 Safari/537.36",57,"[0.9, 0.5, 0.1]","[0.9, 0.5, 0.1]","[u'blue', u'red', u'black']","[u'left', u'middle', u'right']","[0.9, 0.5, 0.1]","[u'medium', u'high', u'low']",blue,49,left,medium,False,False,310,3900,NA
ARVXIBUCA8WDZ,Sun Dec 03 2017 18:49:34 GMT-0500 (Eastern Standard Time),Sun Dec 03 2017 19:16:48 GMT-0500 (Eastern Standard Time),"Mozilla/5.0 (Windows NT 10.0; Win64; x64) AppleWebKit/537.36 (KHTML, like Gecko) Chrome/62.0.3202.94 Safari/537.36",58,"[0.9, 0.5, 0.1]","[0.9, 0.5, 0.1]","[u'blue', u'red', u'black']","[u'left', u'middle', u'right']","[0.9, 0.5, 0.1]","[u'medium', u'high', u'low']",black,51,right,low,False,False,563,3850,NA
ARVXIBUCA8WDZ,Sun Dec 03 2017 18:49:34 GMT-0500 (Eastern Standard Time),Sun Dec 03 2017 19:16:48 GMT-0500 (Eastern Standard Time),"Mozilla/5.0 (Windows NT 10.0; Win64; x64) AppleWebKit/537.36 (KHTML, like Gecko) Chrome/62.0.3202.94 Safari/537.36",59,"[0.9, 0.5, 0.1]","[0.9, 0.5, 0.1]","[u'blue', u'red', u'black']","[u'left', u'middle', u'right']","[0.9, 0.5, 0.1]","[u'medium', u'high', u'low']",red,50,middle,high,True,False,3386,3950,NA
ARVXIBUCA8WDZ,Sun Dec 03 2017 18:49:34 GMT-0500 (Eastern Standard Time),Sun Dec 03 2017 19:16:48 GMT-0500 (Eastern Standard Time),"Mozilla/5.0 (Windows NT 10.0; Win64; x64) AppleWebKit/537.36 (KHTML, like Gecko) Chrome/62.0.3202.94 Safari/537.36",60,"[0.9, 0.5, 0.1]","[0.9, 0.5, 0.1]","[u'blue', u'red', u'black']","[u'left', u'middle', u'right']","[0.9, 0.5, 0.1]","[u'medium', u'high', u'low']",red,50,middle,high,True,False,116,4050,NA
ARVXIBUCA8WDZ,Sun Dec 03 2017 18:49:34 GMT-0500 (Eastern Standard Time),Sun Dec 03 2017 19:16:48 GMT-0500 (Eastern Standard Time),"Mozilla/5.0 (Windows NT 10.0; Win64; x64) AppleWebKit/537.36 (KHTML, like Gecko) Chrome/62.0.3202.94 Safari/537.36",61,"[0.9, 0.5, 0.1]","[0.9, 0.5, 0.1]","[u'blue', u'red', u'black']","[u'left', u'middle', u'right']","[0.9, 0.5, 0.1]","[u'medium', u'high', u'low']",red,50,middle,high,True,False,111,4150,NA
ARVXIBUCA8WDZ,Sun Dec 03 2017 18:49:34 GMT-0500 (Eastern Standard Time),Sun Dec 03 2017 19:16:48 GMT-0500 (Eastern Standard Time),"Mozilla/5.0 (Windows NT 10.0; Win64; x64) AppleWebKit/537.36 (KHTML, like Gecko) Chrome/62.0.3202.94 Safari/537.36",62,"[0.9, 0.5, 0.1]","[0.9, 0.5, 0.1]","[u'blue', u'red', u'black']","[u'left', u'middle', u'right']","[0.9, 0.5, 0.1]","[u'medium', u'high', u'low']",red,50,middle,high,True,False,220,4250,NA
ARVXIBUCA8WDZ,Sun Dec 03 2017 18:49:34 GMT-0500 (Eastern Standard Time),Sun Dec 03 2017 19:16:48 GMT-0500 (Eastern Standard Time),"Mozilla/5.0 (Windows NT 10.0; Win64; x64) AppleWebKit/537.36 (KHTML, like Gecko) Chrome/62.0.3202.94 Safari/537.36",63,"[0.9, 0.5, 0.1]","[0.9, 0.5, 0.1]","[u'blue', u'red', u'black']","[u'left', u'middle', u'right']","[0.9, 0.5, 0.1]","[u'medium', u'high', u'low']",red,50,middle,high,True,False,272,4350,NA
ARVXIBUCA8WDZ,Sun Dec 03 2017 18:49:34 GMT-0500 (Eastern Standard Time),Sun Dec 03 2017 19:16:48 GMT-0500 (Eastern Standard Time),"Mozilla/5.0 (Windows NT 10.0; Win64; x64) AppleWebKit/537.36 (KHTML, like Gecko) Chrome/62.0.3202.94 Safari/537.36",64,"[0.9, 0.5, 0.1]","[0.9, 0.5, 0.1]","[u'blue', u'red', u'black']","[u'left', u'middle', u'right']","[0.9, 0.5, 0.1]","[u'medium', u'high', u'low']",red,50,middle,high,True,False,332,4450,NA
ARVXIBUCA8WDZ,Sun Dec 03 2017 18:49:34 GMT-0500 (Eastern Standard Time),Sun Dec 03 2017 19:16:48 GMT-0500 (Eastern Standard Time),"Mozilla/5.0 (Windows NT 10.0; Win64; x64) AppleWebKit/537.36 (KHTML, like Gecko) Chrome/62.0.3202.94 Safari/537.36",65,"[0.9, 0.5, 0.1]","[0.9, 0.5, 0.1]","[u'blue', u'red', u'black']","[u'left', u'middle', u'right']","[0.9, 0.5, 0.1]","[u'medium', u'high', u'low']",red,50,middle,high,False,False,143,4400,NA
ARVXIBUCA8WDZ,Sun Dec 03 2017 18:49:34 GMT-0500 (Eastern Standard Time),Sun Dec 03 2017 19:16:48 GMT-0500 (Eastern Standard Time),"Mozilla/5.0 (Windows NT 10.0; Win64; x64) AppleWebKit/537.36 (KHTML, like Gecko) Chrome/62.0.3202.94 Safari/537.36",66,"[0.9, 0.5, 0.1]","[0.9, 0.5, 0.1]","[u'blue', u'red', u'black']","[u'left', u'middle', u'right']","[0.9, 0.5, 0.1]","[u'medium', u'high', u'low']",black,51,right,low,False,False,252,4350,NA
ARVXIBUCA8WDZ,Sun Dec 03 2017 18:49:34 GMT-0500 (Eastern Standard Time),Sun Dec 03 2017 19:16:48 GMT-0500 (Eastern Standard Time),"Mozilla/5.0 (Windows NT 10.0; Win64; x64) AppleWebKit/537.36 (KHTML, like Gecko) Chrome/62.0.3202.94 Safari/537.36",67,"[0.9, 0.5, 0.1]","[0.9, 0.5, 0.1]","[u'blue', u'red', u'black']","[u'left', u'middle', u'right']","[0.9, 0.5, 0.1]","[u'medium', u'high', u'low']",blue,49,left,medium,False,False,285,4300,NA
ARVXIBUCA8WDZ,Sun Dec 03 2017 18:49:34 GMT-0500 (Eastern Standard Time),Sun Dec 03 2017 19:16:48 GMT-0500 (Eastern Standard Time),"Mozilla/5.0 (Windows NT 10.0; Win64; x64) AppleWebKit/537.36 (KHTML, like Gecko) Chrome/62.0.3202.94 Safari/537.36",68,"[0.9, 0.5, 0.1]","[0.9, 0.5, 0.1]","[u'blue', u'red', u'black']","[u'left', u'middle', u'right']","[0.9, 0.5, 0.1]","[u'medium', u'high', u'low']",black,51,right,low,False,False,277,4250,NA
ARVXIBUCA8WDZ,Sun Dec 03 2017 18:49:34 GMT-0500 (Eastern Standard Time),Sun Dec 03 2017 19:16:48 GMT-0500 (Eastern Standard Time),"Mozilla/5.0 (Windows NT 10.0; Win64; x64) AppleWebKit/537.36 (KHTML, like Gecko) Chrome/62.0.3202.94 Safari/537.36",69,"[0.9, 0.5, 0.1]","[0.9, 0.5, 0.1]","[u'blue', u'red', u'black']","[u'left', u'middle', u'right']","[0.9, 0.5, 0.1]","[u'medium', u'high', u'low']",red,50,middle,high,True,False,125,4350,NA
ARVXIBUCA8WDZ,Sun Dec 03 2017 18:49:34 GMT-0500 (Eastern Standard Time),Sun Dec 03 2017 19:16:48 GMT-0500 (Eastern Standard Time),"Mozilla/5.0 (Windows NT 10.0; Win64; x64) AppleWebKit/537.36 (KHTML, like Gecko) Chrome/62.0.3202.94 Safari/537.36",70,"[0.9, 0.5, 0.1]","[0.9, 0.5, 0.1]","[u'blue', u'red', u'black']","[u'left', u'middle', u'right']","[0.9, 0.5, 0.1]","[u'medium', u'high', u'low']",red,50,middle,high,False,False,205,4300,NA
ARVXIBUCA8WDZ,Sun Dec 03 2017 18:49:34 GMT-0500 (Eastern Standard Time),Sun Dec 03 2017 19:16:48 GMT-0500 (Eastern Standard Time),"Mozilla/5.0 (Windows NT 10.0; Win64; x64) AppleWebKit/537.36 (KHTML, like Gecko) Chrome/62.0.3202.94 Safari/537.36",71,"[0.9, 0.5, 0.1]","[0.9, 0.5, 0.1]","[u'blue', u'red', u'black']","[u'left', u'middle', u'right']","[0.9, 0.5, 0.1]","[u'medium', u'high', u'low']",red,50,middle,high,True,False,255,4400,NA
ARVXIBUCA8WDZ,Sun Dec 03 2017 18:49:34 GMT-0500 (Eastern Standard Time),Sun Dec 03 2017 19:16:48 GMT-0500 (Eastern Standard Time),"Mozilla/5.0 (Windows NT 10.0; Win64; x64) AppleWebKit/537.36 (KHTML, like Gecko) Chrome/62.0.3202.94 Safari/537.36",72,"[0.9, 0.5, 0.1]","[0.9, 0.5, 0.1]","[u'blue', u'red', u'black']","[u'left', u'middle', u'right']","[0.9, 0.5, 0.1]","[u'medium', u'high', u'low']",red,50,middle,high,True,False,278,4500,NA
ARVXIBUCA8WDZ,Sun Dec 03 2017 18:49:34 GMT-0500 (Eastern Standard Time),Sun Dec 03 2017 19:16:48 GMT-0500 (Eastern Standard Time),"Mozilla/5.0 (Windows NT 10.0; Win64; x64) AppleWebKit/537.36 (KHTML, like Gecko) Chrome/62.0.3202.94 Safari/537.36",73,"[0.9, 0.5, 0.1]","[0.9, 0.5, 0.1]","[u'blue', u'red', u'black']","[u'left', u'middle', u'right']","[0.9, 0.5, 0.1]","[u'medium', u'high', u'low']",red,50,middle,high,True,False,216,4600,NA
ARVXIBUCA8WDZ,Sun Dec 03 2017 18:49:34 GMT-0500 (Eastern Standard Time),Sun Dec 03 2017 19:16:48 GMT-0500 (Eastern Standard Time),"Mozilla/5.0 (Windows NT 10.0; Win64; x64) AppleWebKit/537.36 (KHTML, like Gecko) Chrome/62.0.3202.94 Safari/537.36",74,"[0.9, 0.5, 0.1]","[0.9, 0.5, 0.1]","[u'blue', u'red', u'black']","[u'left', u'middle', u'right']","[0.9, 0.5, 0.1]","[u'medium', u'high', u'low']",red,50,middle,high,True,False,384,4700,NA
ARVXIBUCA8WDZ,Sun Dec 03 2017 18:49:34 GMT-0500 (Eastern Standard Time),Sun Dec 03 2017 19:16:48 GMT-0500 (Eastern Standard Time),"Mozilla/5.0 (Windows NT 10.0; Win64; x64) AppleWebKit/537.36 (KHTML, like Gecko) Chrome/62.0.3202.94 Safari/537.36",75,"[0.9, 0.5, 0.1]","[0.9, 0.5, 0.1]","[u'blue', u'red', u'black']","[u'left', u'middle', u'right']","[0.9, 0.5, 0.1]","[u'medium', u'high', u'low']",red,50,middle,high,True,False,364,4800,NA
ARVXIBUCA8WDZ,Sun Dec 03 2017 18:49:34 GMT-0500 (Eastern Standard Time),Sun Dec 03 2017 19:16:48 GMT-0500 (Eastern Standard Time),"Mozilla/5.0 (Windows NT 10.0; Win64; x64) AppleWebKit/537.36 (KHTML, like Gecko) Chrome/62.0.3202.94 Safari/537.36",76,"[0.9, 0.5, 0.1]","[0.9, 0.5, 0.1]","[u'blue', u'red', u'black']","[u'left', u'middle', u'right']","[0.9, 0.5, 0.1]","[u'medium', u'high', u'low']",red,50,middle,high,True,False,270,4900,NA
ARVXIBUCA8WDZ,Sun Dec 03 2017 18:49:34 GMT-0500 (Eastern Standard Time),Sun Dec 03 2017 19:16:48 GMT-0500 (Eastern Standard Time),"Mozilla/5.0 (Windows NT 10.0; Win64; x64) AppleWebKit/537.36 (KHTML, like Gecko) Chrome/62.0.3202.94 Safari/537.36",77,"[0.9, 0.5, 0.1]","[0.9, 0.5, 0.1]","[u'blue', u'red', u'black']","[u'left', u'middle', u'right']","[0.9, 0.5, 0.1]","[u'medium', u'high', u'low']",red,50,middle,high,True,True,297,5000,NA
ARVXIBUCA8WDZ,Sun Dec 03 2017 18:49:34 GMT-0500 (Eastern Standard Time),Sun Dec 03 2017 19:16:48 GMT-0500 (Eastern Standard Time),"Mozilla/5.0 (Windows NT 10.0; Win64; x64) AppleWebKit/537.36 (KHTML, like Gecko) Chrome/62.0.3202.94 Safari/537.36",78,"[0.9, 0.5, 0.1]","[0.9, 0.5, 0.1]","[u'blue', u'red', u'black']","[u'left', u'middle', u'right']","[0.9, 0.5, 0.1]","[u'high', u'medium', u'low']",red,50,middle,medium,False,False,234,4950,NA
ARVXIBUCA8WDZ,Sun Dec 03 2017 18:49:34 GMT-0500 (Eastern Standard Time),Sun Dec 03 2017 19:16:48 GMT-0500 (Eastern Standard Time),"Mozilla/5.0 (Windows NT 10.0; Win64; x64) AppleWebKit/537.36 (KHTML, like Gecko) Chrome/62.0.3202.94 Safari/537.36",79,"[0.9, 0.5, 0.1]","[0.9, 0.5, 0.1]","[u'blue', u'red', u'black']","[u'left', u'middle', u'right']","[0.9, 0.5, 0.1]","[u'high', u'medium', u'low']",red,50,middle,medium,True,False,176,5050,NA
ARVXIBUCA8WDZ,Sun Dec 03 2017 18:49:34 GMT-0500 (Eastern Standard Time),Sun Dec 03 2017 19:16:48 GMT-0500 (Eastern Standard Time),"Mozilla/5.0 (Windows NT 10.0; Win64; x64) AppleWebKit/537.36 (KHTML, like Gecko) Chrome/62.0.3202.94 Safari/537.36",80,"[0.9, 0.5, 0.1]","[0.9, 0.5, 0.1]","[u'blue', u'red', u'black']","[u'left', u'middle', u'right']","[0.9, 0.5, 0.1]","[u'high', u'medium', u'low']",red,50,middle,medium,True,False,226,5150,NA
ARVXIBUCA8WDZ,Sun Dec 03 2017 18:49:34 GMT-0500 (Eastern Standard Time),Sun Dec 03 2017 19:16:48 GMT-0500 (Eastern Standard Time),"Mozilla/5.0 (Windows NT 10.0; Win64; x64) AppleWebKit/537.36 (KHTML, like Gecko) Chrome/62.0.3202.94 Safari/537.36",81,"[0.9, 0.5, 0.1]","[0.9, 0.5, 0.1]","[u'blue', u'red', u'black']","[u'left', u'middle', u'right']","[0.9, 0.5, 0.1]","[u'medium', u'high', u'low']",red,50,middle,high,True,False,759,5250,NA
ARVXIBUCA8WDZ,Sun Dec 03 2017 18:49:34 GMT-0500 (Eastern Standard Time),Sun Dec 03 2017 19:16:48 GMT-0500 (Eastern Standard Time),"Mozilla/5.0 (Windows NT 10.0; Win64; x64) AppleWebKit/537.36 (KHTML, like Gecko) Chrome/62.0.3202.94 Safari/537.36",82,"[0.9, 0.5, 0.1]","[0.9, 0.5, 0.1]","[u'blue', u'red', u'black']","[u'left', u'middle', u'right']","[0.9, 0.5, 0.1]","[u'medium', u'high', u'low']",red,50,middle,high,True,False,322,5350,NA
ARVXIBUCA8WDZ,Sun Dec 03 2017 18:49:34 GMT-0500 (Eastern Standard Time),Sun Dec 03 2017 19:16:48 GMT-0500 (Eastern Standard Time),"Mozilla/5.0 (Windows NT 10.0; Win64; x64) AppleWebKit/537.36 (KHTML, like Gecko) Chrome/62.0.3202.94 Safari/537.36",83,"[0.9, 0.5, 0.1]","[0.9, 0.5, 0.1]","[u'blue', u'red', u'black']","[u'left', u'middle', u'right']","[0.9, 0.5, 0.1]","[u'medium', u'high', u'low']",red,50,middle,high,True,False,389,5450,NA
ARVXIBUCA8WDZ,Sun Dec 03 2017 18:49:34 GMT-0500 (Eastern Standard Time),Sun Dec 03 2017 19:16:48 GMT-0500 (Eastern Standard Time),"Mozilla/5.0 (Windows NT 10.0; Win64; x64) AppleWebKit/537.36 (KHTML, like Gecko) Chrome/62.0.3202.94 Safari/537.36",84,"[0.9, 0.5, 0.1]","[0.9, 0.5, 0.1]","[u'blue', u'red', u'black']","[u'left', u'middle', u'right']","[0.9, 0.5, 0.1]","[u'medium', u'high', u'low']",red,50,middle,high,True,False,326,5550,NA
ARVXIBUCA8WDZ,Sun Dec 03 2017 18:49:34 GMT-0500 (Eastern Standard Time),Sun Dec 03 2017 19:16:48 GMT-0500 (Eastern Standard Time),"Mozilla/5.0 (Windows NT 10.0; Win64; x64) AppleWebKit/537.36 (KHTML, like Gecko) Chrome/62.0.3202.94 Safari/537.36",85,"[0.9, 0.5, 0.1]","[0.9, 0.5, 0.1]","[u'blue', u'red', u'black']","[u'left', u'middle', u'right']","[0.9, 0.5, 0.1]","[u'medium', u'high', u'low']",red,50,middle,high,True,False,264,5650,NA
ARVXIBUCA8WDZ,Sun Dec 03 2017 18:49:34 GMT-0500 (Eastern Standard Time),Sun Dec 03 2017 19:16:48 GMT-0500 (Eastern Standard Time),"Mozilla/5.0 (Windows NT 10.0; Win64; x64) AppleWebKit/537.36 (KHTML, like Gecko) Chrome/62.0.3202.94 Safari/537.36",86,"[0.9, 0.5, 0.1]","[0.9, 0.5, 0.1]","[u'blue', u'red', u'black']","[u'left', u'middle', u'right']","[0.9, 0.5, 0.1]","[u'medium', u'high', u'low']",red,50,middle,high,True,False,545,5750,NA
ARVXIBUCA8WDZ,Sun Dec 03 2017 18:49:34 GMT-0500 (Eastern Standard Time),Sun Dec 03 2017 19:16:48 GMT-0500 (Eastern Standard Time),"Mozilla/5.0 (Windows NT 10.0; Win64; x64) AppleWebKit/537.36 (KHTML, like Gecko) Chrome/62.0.3202.94 Safari/537.36",87,"[0.9, 0.5, 0.1]","[0.9, 0.5, 0.1]","[u'blue', u'red', u'black']","[u'left', u'middle', u'right']","[0.9, 0.5, 0.1]","[u'medium', u'high', u'low']",red,50,middle,high,True,False,293,5850,NA
ARVXIBUCA8WDZ,Sun Dec 03 2017 18:49:34 GMT-0500 (Eastern Standard Time),Sun Dec 03 2017 19:16:48 GMT-0500 (Eastern Standard Time),"Mozilla/5.0 (Windows NT 10.0; Win64; x64) AppleWebKit/537.36 (KHTML, like Gecko) Chrome/62.0.3202.94 Safari/537.36",88,"[0.9, 0.5, 0.1]","[0.9, 0.5, 0.1]","[u'blue', u'red', u'black']","[u'left', u'middle', u'right']","[0.9, 0.5, 0.1]","[u'medium', u'high', u'low']",red,50,middle,high,True,False,406,5950,NA
ARVXIBUCA8WDZ,Sun Dec 03 2017 18:49:34 GMT-0500 (Eastern Standard Time),Sun Dec 03 2017 19:16:48 GMT-0500 (Eastern Standard Time),"Mozilla/5.0 (Windows NT 10.0; Win64; x64) AppleWebKit/537.36 (KHTML, like Gecko) Chrome/62.0.3202.94 Safari/537.36",89,"[0.9, 0.5, 0.1]","[0.9, 0.5, 0.1]","[u'blue', u'red', u'black']","[u'left', u'middle', u'right']","[0.9, 0.5, 0.1]","[u'medium', u'high', u'low']",red,50,middle,high,True,True,358,6050,NA
ARVXIBUCA8WDZ,Sun Dec 03 2017 18:49:34 GMT-0500 (Eastern Standard Time),Sun Dec 03 2017 19:16:48 GMT-0500 (Eastern Standard Time),"Mozilla/5.0 (Windows NT 10.0; Win64; x64) AppleWebKit/537.36 (KHTML, like Gecko) Chrome/62.0.3202.94 Safari/537.36",90,"[0.9, 0.5, 0.1]","[0.9, 0.5, 0.1]","[u'blue', u'red', u'black']","[u'left', u'middle', u'right']","[0.9, 0.5, 0.1]","[u'high', u'medium', u'low']",red,50,middle,medium,False,False,303,6000,NA
ARVXIBUCA8WDZ,Sun Dec 03 2017 18:49:34 GMT-0500 (Eastern Standard Time),Sun Dec 03 2017 19:16:48 GMT-0500 (Eastern Standard Time),"Mozilla/5.0 (Windows NT 10.0; Win64; x64) AppleWebKit/537.36 (KHTML, like Gecko) Chrome/62.0.3202.94 Safari/537.36",91,"[0.9, 0.5, 0.1]","[0.9, 0.5, 0.1]","[u'blue', u'red', u'black']","[u'left', u'middle', u'right']","[0.9, 0.5, 0.1]","[u'high', u'medium', u'low']",red,50,middle,medium,True,False,293,6100,NA
ARVXIBUCA8WDZ,Sun Dec 03 2017 18:49:34 GMT-0500 (Eastern Standard Time),Sun Dec 03 2017 19:16:48 GMT-0500 (Eastern Standard Time),"Mozilla/5.0 (Windows NT 10.0; Win64; x64) AppleWebKit/537.36 (KHTML, like Gecko) Chrome/62.0.3202.94 Safari/537.36",92,"[0.9, 0.5, 0.1]","[0.9, 0.5, 0.1]","[u'blue', u'red', u'black']","[u'left', u'middle', u'right']","[0.9, 0.5, 0.1]","[u'high', u'medium', u'low']",red,50,middle,medium,False,False,260,6050,NA
ARVXIBUCA8WDZ,Sun Dec 03 2017 18:49:34 GMT-0500 (Eastern Standard Time),Sun Dec 03 2017 19:16:48 GMT-0500 (Eastern Standard Time),"Mozilla/5.0 (Windows NT 10.0; Win64; x64) AppleWebKit/537.36 (KHTML, like Gecko) Chrome/62.0.3202.94 Safari/537.36",93,"[0.9, 0.5, 0.1]","[0.9, 0.5, 0.1]","[u'blue', u'red', u'black']","[u'left', u'middle', u'right']","[0.9, 0.5, 0.1]","[u'high', u'medium', u'low']",blue,49,left,high,True,False,312,6150,NA
ARVXIBUCA8WDZ,Sun Dec 03 2017 18:49:34 GMT-0500 (Eastern Standard Time),Sun Dec 03 2017 19:16:48 GMT-0500 (Eastern Standard Time),"Mozilla/5.0 (Windows NT 10.0; Win64; x64) AppleWebKit/537.36 (KHTML, like Gecko) Chrome/62.0.3202.94 Safari/537.36",94,"[0.9, 0.5, 0.1]","[0.9, 0.5, 0.1]","[u'blue', u'red', u'black']","[u'left', u'middle', u'right']","[0.9, 0.5, 0.1]","[u'high', u'medium', u'low']",blue,49,left,high,True,False,372,6250,NA
ARVXIBUCA8WDZ,Sun Dec 03 2017 18:49:34 GMT-0500 (Eastern Standard Time),Sun Dec 03 2017 19:16:48 GMT-0500 (Eastern Standard Time),"Mozilla/5.0 (Windows NT 10.0; Win64; x64) AppleWebKit/537.36 (KHTML, like Gecko) Chrome/62.0.3202.94 Safari/537.36",95,"[0.9, 0.5, 0.1]","[0.9, 0.5, 0.1]","[u'blue', u'red', u'black']","[u'left', u'middle', u'right']","[0.9, 0.5, 0.1]","[u'high', u'medium', u'low']",blue,49,left,high,True,False,346,6350,NA
ARVXIBUCA8WDZ,Sun Dec 03 2017 18:49:34 GMT-0500 (Eastern Standard Time),Sun Dec 03 2017 19:16:48 GMT-0500 (Eastern Standard Time),"Mozilla/5.0 (Windows NT 10.0; Win64; x64) AppleWebKit/537.36 (KHTML, like Gecko) Chrome/62.0.3202.94 Safari/537.36",96,"[0.9, 0.5, 0.1]","[0.9, 0.5, 0.1]","[u'blue', u'red', u'black']","[u'left', u'middle', u'right']","[0.9, 0.5, 0.1]","[u'high', u'medium', u'low']",blue,49,left,high,True,False,500,6450,NA
ARVXIBUCA8WDZ,Sun Dec 03 2017 18:49:34 GMT-0500 (Eastern Standard Time),Sun Dec 03 2017 19:16:48 GMT-0500 (Eastern Standard Time),"Mozilla/5.0 (Windows NT 10.0; Win64; x64) AppleWebKit/537.36 (KHTML, like Gecko) Chrome/62.0.3202.94 Safari/537.36",97,"[0.9, 0.5, 0.1]","[0.9, 0.5, 0.1]","[u'blue', u'red', u'black']","[u'left', u'middle', u'right']","[0.9, 0.5, 0.1]","[u'high', u'medium', u'low']",blue,49,left,high,True,False,460,6550,NA
ARVXIBUCA8WDZ,Sun Dec 03 2017 18:49:34 GMT-0500 (Eastern Standard Time),Sun Dec 03 2017 19:16:48 GMT-0500 (Eastern Standard Time),"Mozilla/5.0 (Windows NT 10.0; Win64; x64) AppleWebKit/537.36 (KHTML, like Gecko) Chrome/62.0.3202.94 Safari/537.36",98,"[0.9, 0.5, 0.1]","[0.9, 0.5, 0.1]","[u'blue', u'red', u'black']","[u'left', u'middle', u'right']","[0.9, 0.5, 0.1]","[u'high', u'medium', u'low']",blue,49,left,high,True,False,257,6650,NA
ARVXIBUCA8WDZ,Sun Dec 03 2017 18:49:34 GMT-0500 (Eastern Standard Time),Sun Dec 03 2017 19:16:48 GMT-0500 (Eastern Standard Time),"Mozilla/5.0 (Windows NT 10.0; Win64; x64) AppleWebKit/537.36 (KHTML, like Gecko) Chrome/62.0.3202.94 Safari/537.36",99,"[0.9, 0.5, 0.1]","[0.9, 0.5, 0.1]","[u'blue', u'red', u'black']","[u'left', u'middle', u'right']","[0.9, 0.5, 0.1]","[u'high', u'medium', u'low']",blue,49,left,high,True,False,388,6750,NA
ARVXIBUCA8WDZ,Sun Dec 03 2017 18:49:34 GMT-0500 (Eastern Standard Time),Sun Dec 03 2017 19:16:48 GMT-0500 (Eastern Standard Time),"Mozilla/5.0 (Windows NT 10.0; Win64; x64) AppleWebKit/537.36 (KHTML, like Gecko) Chrome/62.0.3202.94 Safari/537.36",100,"[0.9, 0.5, 0.1]","[0.9, 0.5, 0.1]","[u'blue', u'red', u'black']","[u'left', u'middle', u'right']","[0.9, 0.5, 0.1]","[u'high', u'medium', u'low']",blue,49,left,high,True,False,220,6850,NA
ARVXIBUCA8WDZ,Sun Dec 03 2017 18:49:34 GMT-0500 (Eastern Standard Time),Sun Dec 03 2017 19:16:48 GMT-0500 (Eastern Standard Time),"Mozilla/5.0 (Windows NT 10.0; Win64; x64) AppleWebKit/537.36 (KHTML, like Gecko) Chrome/62.0.3202.94 Safari/537.36",101,"[0.9, 0.5, 0.1]","[0.9, 0.5, 0.1]","[u'blue', u'red', u'black']","[u'left', u'middle', u'right']","[0.9, 0.5, 0.1]","[u'high', u'medium', u'low']",blue,49,left,high,False,True,485,6800,NA
ARVXIBUCA8WDZ,Sun Dec 03 2017 18:49:34 GMT-0500 (Eastern Standard Time),Sun Dec 03 2017 19:16:48 GMT-0500 (Eastern Standard Time),"Mozilla/5.0 (Windows NT 10.0; Win64; x64) AppleWebKit/537.36 (KHTML, like Gecko) Chrome/62.0.3202.94 Safari/537.36",102,"[0.9, 0.5, 0.1]","[0.9, 0.5, 0.1]","[u'blue', u'red', u'black']","[u'left', u'middle', u'right']","[0.9, 0.5, 0.1]","[u'medium', u'low', u'high']",blue,49,left,medium,True,False,265,6900,NA
ARVXIBUCA8WDZ,Sun Dec 03 2017 18:49:34 GMT-0500 (Eastern Standard Time),Sun Dec 03 2017 19:16:48 GMT-0500 (Eastern Standard Time),"Mozilla/5.0 (Windows NT 10.0; Win64; x64) AppleWebKit/537.36 (KHTML, like Gecko) Chrome/62.0.3202.94 Safari/537.36",103,"[0.9, 0.5, 0.1]","[0.9, 0.5, 0.1]","[u'blue', u'red', u'black']","[u'left', u'middle', u'right']","[0.9, 0.5, 0.1]","[u'medium', u'low', u'high']",blue,49,left,medium,True,False,40,7000,NA
ARVXIBUCA8WDZ,Sun Dec 03 2017 18:49:34 GMT-0500 (Eastern Standard Time),Sun Dec 03 2017 19:16:48 GMT-0500 (Eastern Standard Time),"Mozilla/5.0 (Windows NT 10.0; Win64; x64) AppleWebKit/537.36 (KHTML, like Gecko) Chrome/62.0.3202.94 Safari/537.36",104,"[0.9, 0.5, 0.1]","[0.9, 0.5, 0.1]","[u'blue', u'red', u'black']","[u'left', u'middle', u'right']","[0.9, 0.5, 0.1]","[u'medium', u'low', u'high']",blue,49,left,medium,True,False,180,7100,NA
ARVXIBUCA8WDZ,Sun Dec 03 2017 18:49:34 GMT-0500 (Eastern Standard Time),Sun Dec 03 2017 19:16:48 GMT-0500 (Eastern Standard Time),"Mozilla/5.0 (Windows NT 10.0; Win64; x64) AppleWebKit/537.36 (KHTML, like Gecko) Chrome/62.0.3202.94 Safari/537.36",105,"[0.9, 0.5, 0.1]","[0.9, 0.5, 0.1]","[u'blue', u'red', u'black']","[u'left', u'middle', u'right']","[0.9, 0.5, 0.1]","[u'medium', u'low', u'high']",blue,49,left,medium,True,False,127,7200,NA
ARVXIBUCA8WDZ,Sun Dec 03 2017 18:49:34 GMT-0500 (Eastern Standard Time),Sun Dec 03 2017 19:16:48 GMT-0500 (Eastern Standard Time),"Mozilla/5.0 (Windows NT 10.0; Win64; x64) AppleWebKit/537.36 (KHTML, like Gecko) Chrome/62.0.3202.94 Safari/537.36",106,"[0.9, 0.5, 0.1]","[0.9, 0.5, 0.1]","[u'blue', u'red', u'black']","[u'left', u'middle', u'right']","[0.9, 0.5, 0.1]","[u'medium', u'low', u'high']",blue,49,left,medium,False,False,243,7150,NA
ARVXIBUCA8WDZ,Sun Dec 03 2017 18:49:34 GMT-0500 (Eastern Standard Time),Sun Dec 03 2017 19:16:48 GMT-0500 (Eastern Standard Time),"Mozilla/5.0 (Windows NT 10.0; Win64; x64) AppleWebKit/537.36 (KHTML, like Gecko) Chrome/62.0.3202.94 Safari/537.36",107,"[0.9, 0.5, 0.1]","[0.9, 0.5, 0.1]","[u'blue', u'red', u'black']","[u'left', u'middle', u'right']","[0.9, 0.5, 0.1]","[u'medium', u'low', u'high']",black,51,right,high,True,False,448,7250,NA
ARVXIBUCA8WDZ,Sun Dec 03 2017 18:49:34 GMT-0500 (Eastern Standard Time),Sun Dec 03 2017 19:16:48 GMT-0500 (Eastern Standard Time),"Mozilla/5.0 (Windows NT 10.0; Win64; x64) AppleWebKit/537.36 (KHTML, like Gecko) Chrome/62.0.3202.94 Safari/537.36",108,"[0.9, 0.5, 0.1]","[0.9, 0.5, 0.1]","[u'blue', u'red', u'black']","[u'left', u'middle', u'right']","[0.9, 0.5, 0.1]","[u'medium', u'low', u'high']",black,51,right,high,True,False,347,7350,NA
ARVXIBUCA8WDZ,Sun Dec 03 2017 18:49:34 GMT-0500 (Eastern Standard Time),Sun Dec 03 2017 19:16:48 GMT-0500 (Eastern Standard Time),"Mozilla/5.0 (Windows NT 10.0; Win64; x64) AppleWebKit/537.36 (KHTML, like Gecko) Chrome/62.0.3202.94 Safari/537.36",109,"[0.9, 0.5, 0.1]","[0.9, 0.5, 0.1]","[u'blue', u'red', u'black']","[u'left', u'middle', u'right']","[0.9, 0.5, 0.1]","[u'medium', u'low', u'high']",black,51,right,high,True,False,328,7450,NA
ARVXIBUCA8WDZ,Sun Dec 03 2017 18:49:34 GMT-0500 (Eastern Standard Time),Sun Dec 03 2017 19:16:48 GMT-0500 (Eastern Standard Time),"Mozilla/5.0 (Windows NT 10.0; Win64; x64) AppleWebKit/537.36 (KHTML, like Gecko) Chrome/62.0.3202.94 Safari/537.36",110,"[0.9, 0.5, 0.1]","[0.9, 0.5, 0.1]","[u'blue', u'red', u'black']","[u'left', u'middle', u'right']","[0.9, 0.5, 0.1]","[u'medium', u'low', u'high']",black,51,right,high,True,False,158,7550,NA
ARVXIBUCA8WDZ,Sun Dec 03 2017 18:49:34 GMT-0500 (Eastern Standard Time),Sun Dec 03 2017 19:16:48 GMT-0500 (Eastern Standard Time),"Mozilla/5.0 (Windows NT 10.0; Win64; x64) AppleWebKit/537.36 (KHTML, like Gecko) Chrome/62.0.3202.94 Safari/537.36",111,"[0.9, 0.5, 0.1]","[0.9, 0.5, 0.1]","[u'blue', u'red', u'black']","[u'left', u'middle', u'right']","[0.9, 0.5, 0.1]","[u'medium', u'low', u'high']",black,51,right,high,True,False,489,7650,NA
ARVXIBUCA8WDZ,Sun Dec 03 2017 18:49:34 GMT-0500 (Eastern Standard Time),Sun Dec 03 2017 19:16:48 GMT-0500 (Eastern Standard Time),"Mozilla/5.0 (Windows NT 10.0; Win64; x64) AppleWebKit/537.36 (KHTML, like Gecko) Chrome/62.0.3202.94 Safari/537.36",112,"[0.9, 0.5, 0.1]","[0.9, 0.5, 0.1]","[u'blue', u'red', u'black']","[u'left', u'middle', u'right']","[0.9, 0.5, 0.1]","[u'medium', u'low', u'high']",black,51,right,high,True,False,393,7750,NA
ARVXIBUCA8WDZ,Sun Dec 03 2017 18:49:34 GMT-0500 (Eastern Standard Time),Sun Dec 03 2017 19:16:48 GMT-0500 (Eastern Standard Time),"Mozilla/5.0 (Windows NT 10.0; Win64; x64) AppleWebKit/537.36 (KHTML, like Gecko) Chrome/62.0.3202.94 Safari/537.36",113,"[0.9, 0.5, 0.1]","[0.9, 0.5, 0.1]","[u'blue', u'red', u'black']","[u'left', u'middle', u'right']","[0.9, 0.5, 0.1]","[u'medium', u'low', u'high']",black,51,right,high,True,False,479,7850,NA
ARVXIBUCA8WDZ,Sun Dec 03 2017 18:49:34 GMT-0500 (Eastern Standard Time),Sun Dec 03 2017 19:16:48 GMT-0500 (Eastern Standard Time),"Mozilla/5.0 (Windows NT 10.0; Win64; x64) AppleWebKit/537.36 (KHTML, like Gecko) Chrome/62.0.3202.94 Safari/537.36",114,"[0.9, 0.5, 0.1]","[0.9, 0.5, 0.1]","[u'blue', u'red', u'black']","[u'left', u'middle', u'right']","[0.9, 0.5, 0.1]","[u'medium', u'low', u'high']",black,51,right,high,False,False,138,7800,NA
ARVXIBUCA8WDZ,Sun Dec 03 2017 18:49:34 GMT-0500 (Eastern Standard Time),Sun Dec 03 2017 19:16:48 GMT-0500 (Eastern Standard Time),"Mozilla/5.0 (Windows NT 10.0; Win64; x64) AppleWebKit/537.36 (KHTML, like Gecko) Chrome/62.0.3202.94 Safari/537.36",115,"[0.9, 0.5, 0.1]","[0.9, 0.5, 0.1]","[u'blue', u'red', u'black']","[u'left', u'middle', u'right']","[0.9, 0.5, 0.1]","[u'medium', u'low', u'high']",black,51,right,high,True,True,107,7900,NA
ARVXIBUCA8WDZ,Sun Dec 03 2017 18:49:34 GMT-0500 (Eastern Standard Time),Sun Dec 03 2017 19:16:48 GMT-0500 (Eastern Standard Time),"Mozilla/5.0 (Windows NT 10.0; Win64; x64) AppleWebKit/537.36 (KHTML, like Gecko) Chrome/62.0.3202.94 Safari/537.36",116,"[0.9, 0.5, 0.1]","[0.9, 0.5, 0.1]","[u'blue', u'red', u'black']","[u'left', u'middle', u'right']","[0.9, 0.5, 0.1]","[u'high', u'medium', u'low']",black,51,right,low,False,False,358,7850,NA
ARVXIBUCA8WDZ,Sun Dec 03 2017 18:49:34 GMT-0500 (Eastern Standard Time),Sun Dec 03 2017 19:16:48 GMT-0500 (Eastern Standard Time),"Mozilla/5.0 (Windows NT 10.0; Win64; x64) AppleWebKit/537.36 (KHTML, like Gecko) Chrome/62.0.3202.94 Safari/537.36",117,"[0.9, 0.5, 0.1]","[0.9, 0.5, 0.1]","[u'blue', u'red', u'black']","[u'left', u'middle', u'right']","[0.9, 0.5, 0.1]","[u'high', u'medium', u'low']",red,50,middle,medium,False,False,270,7800,NA
ARVXIBUCA8WDZ,Sun Dec 03 2017 18:49:34 GMT-0500 (Eastern Standard Time),Sun Dec 03 2017 19:16:48 GMT-0500 (Eastern Standard Time),"Mozilla/5.0 (Windows NT 10.0; Win64; x64) AppleWebKit/537.36 (KHTML, like Gecko) Chrome/62.0.3202.94 Safari/537.36",118,"[0.9, 0.5, 0.1]","[0.9, 0.5, 0.1]","[u'blue', u'red', u'black']","[u'left', u'middle', u'right']","[0.9, 0.5, 0.1]","[u'high', u'medium', u'low']",blue,49,left,high,False,False,425,7750,NA
ARVXIBUCA8WDZ,Sun Dec 03 2017 18:49:34 GMT-0500 (Eastern Standard Time),Sun Dec 03 2017 19:16:48 GMT-0500 (Eastern Standard Time),"Mozilla/5.0 (Windows NT 10.0; Win64; x64) AppleWebKit/537.36 (KHTML, like Gecko) Chrome/62.0.3202.94 Safari/537.36",119,"[0.9, 0.5, 0.1]","[0.9, 0.5, 0.1]","[u'blue', u'red', u'black']","[u'left', u'middle', u'right']","[0.9, 0.5, 0.1]","[u'high', u'medium', u'low']",black,51,right,low,False,False,229,7700,NA
ARVXIBUCA8WDZ,Sun Dec 03 2017 18:49:34 GMT-0500 (Eastern Standard Time),Sun Dec 03 2017 19:16:48 GMT-0500 (Eastern Standard Time),"Mozilla/5.0 (Windows NT 10.0; Win64; x64) AppleWebKit/537.36 (KHTML, like Gecko) Chrome/62.0.3202.94 Safari/537.36",120,"[0.9, 0.5, 0.1]","[0.9, 0.5, 0.1]","[u'blue', u'red', u'black']","[u'left', u'middle', u'right']","[0.9, 0.5, 0.1]","[u'high', u'medium', u'low']",black,51,right,low,False,False,359,7650,NA
ARVXIBUCA8WDZ,Sun Dec 03 2017 18:49:34 GMT-0500 (Eastern Standard Time),Sun Dec 03 2017 19:16:48 GMT-0500 (Eastern Standard Time),"Mozilla/5.0 (Windows NT 10.0; Win64; x64) AppleWebKit/537.36 (KHTML, like Gecko) Chrome/62.0.3202.94 Safari/537.36",121,"[0.9, 0.5, 0.1]","[0.9, 0.5, 0.1]","[u'blue', u'red', u'black']","[u'left', u'middle', u'right']","[0.9, 0.5, 0.1]","[u'medium', u'high', u'low']",red,50,middle,high,True,False,894,7750,NA
ARVXIBUCA8WDZ,Sun Dec 03 2017 18:49:34 GMT-0500 (Eastern Standard Time),Sun Dec 03 2017 19:16:48 GMT-0500 (Eastern Standard Time),"Mozilla/5.0 (Windows NT 10.0; Win64; x64) AppleWebKit/537.36 (KHTML, like Gecko) Chrome/62.0.3202.94 Safari/537.36",122,"[0.9, 0.5, 0.1]","[0.9, 0.5, 0.1]","[u'blue', u'red', u'black']","[u'left', u'middle', u'right']","[0.9, 0.5, 0.1]","[u'medium', u'high', u'low']",red,50,middle,high,False,False,293,7700,NA
ARVXIBUCA8WDZ,Sun Dec 03 2017 18:49:34 GMT-0500 (Eastern Standard Time),Sun Dec 03 2017 19:16:48 GMT-0500 (Eastern Standard Time),"Mozilla/5.0 (Windows NT 10.0; Win64; x64) AppleWebKit/537.36 (KHTML, like Gecko) Chrome/62.0.3202.94 Safari/537.36",123,"[0.9, 0.5, 0.1]","[0.9, 0.5, 0.1]","[u'blue', u'red', u'black']","[u'left', u'middle', u'right']","[0.9, 0.5, 0.1]","[u'medium', u'high', u'low']",red,50,middle,high,True,False,203,7800,NA
ARVXIBUCA8WDZ,Sun Dec 03 2017 18:49:34 GMT-0500 (Eastern Standard Time),Sun Dec 03 2017 19:16:48 GMT-0500 (Eastern Standard Time),"Mozilla/5.0 (Windows NT 10.0; Win64; x64) AppleWebKit/537.36 (KHTML, like Gecko) Chrome/62.0.3202.94 Safari/537.36",124,"[0.9, 0.5, 0.1]","[0.9, 0.5, 0.1]","[u'blue', u'red', u'black']","[u'left', u'middle', u'right']","[0.9, 0.5, 0.1]","[u'medium', u'high', u'low']",red,50,middle,high,False,False,215,7750,NA
ARVXIBUCA8WDZ,Sun Dec 03 2017 18:49:34 GMT-0500 (Eastern Standard Time),Sun Dec 03 2017 19:16:48 GMT-0500 (Eastern Standard Time),"Mozilla/5.0 (Windows NT 10.0; Win64; x64) AppleWebKit/537.36 (KHTML, like Gecko) Chrome/62.0.3202.94 Safari/537.36",125,"[0.9, 0.5, 0.1]","[0.9, 0.5, 0.1]","[u'blue', u'red', u'black']","[u'left', u'middle', u'right']","[0.9, 0.5, 0.1]","[u'medium', u'high', u'low']",black,51,right,low,True,False,96,7850,NA
ARVXIBUCA8WDZ,Sun Dec 03 2017 18:49:34 GMT-0500 (Eastern Standard Time),Sun Dec 03 2017 19:16:48 GMT-0500 (Eastern Standard Time),"Mozilla/5.0 (Windows NT 10.0; Win64; x64) AppleWebKit/537.36 (KHTML, like Gecko) Chrome/62.0.3202.94 Safari/537.36",126,"[0.9, 0.5, 0.1]","[0.9, 0.5, 0.1]","[u'blue', u'red', u'black']","[u'left', u'middle', u'right']","[0.9, 0.5, 0.1]","[u'medium', u'high', u'low']",black,51,right,low,False,False,83,7800,NA
ARVXIBUCA8WDZ,Sun Dec 03 2017 18:49:34 GMT-0500 (Eastern Standard Time),Sun Dec 03 2017 19:16:48 GMT-0500 (Eastern Standard Time),"Mozilla/5.0 (Windows NT 10.0; Win64; x64) AppleWebKit/537.36 (KHTML, like Gecko) Chrome/62.0.3202.94 Safari/537.36",127,"[0.9, 0.5, 0.1]","[0.9, 0.5, 0.1]","[u'blue', u'red', u'black']","[u'left', u'middle', u'right']","[0.9, 0.5, 0.1]","[u'medium', u'high', u'low']",blue,49,left,medium,True,False,277,7900,NA
ARVXIBUCA8WDZ,Sun Dec 03 2017 18:49:34 GMT-0500 (Eastern Standard Time),Sun Dec 03 2017 19:16:48 GMT-0500 (Eastern Standard Time),"Mozilla/5.0 (Windows NT 10.0; Win64; x64) AppleWebKit/537.36 (KHTML, like Gecko) Chrome/62.0.3202.94 Safari/537.36",128,"[0.9, 0.5, 0.1]","[0.9, 0.5, 0.1]","[u'blue', u'red', u'black']","[u'left', u'middle', u'right']","[0.9, 0.5, 0.1]","[u'medium', u'high', u'low']",blue,49,left,medium,False,False,155,7850,NA
ARVXIBUCA8WDZ,Sun Dec 03 2017 18:49:34 GMT-0500 (Eastern Standard Time),Sun Dec 03 2017 19:16:48 GMT-0500 (Eastern Standard Time),"Mozilla/5.0 (Windows NT 10.0; Win64; x64) AppleWebKit/537.36 (KHTML, like Gecko) Chrome/62.0.3202.94 Safari/537.36",129,"[0.9, 0.5, 0.1]","[0.9, 0.5, 0.1]","[u'blue', u'red', u'black']","[u'left', u'middle', u'right']","[0.9, 0.5, 0.1]","[u'medium', u'high', u'low']",black,51,right,low,True,False,191,7950,NA
ARVXIBUCA8WDZ,Sun Dec 03 2017 18:49:34 GMT-0500 (Eastern Standard Time),Sun Dec 03 2017 19:16:48 GMT-0500 (Eastern Standard Time),"Mozilla/5.0 (Windows NT 10.0; Win64; x64) AppleWebKit/537.36 (KHTML, like Gecko) Chrome/62.0.3202.94 Safari/537.36",130,"[0.9, 0.5, 0.1]","[0.9, 0.5, 0.1]","[u'blue', u'red', u'black']","[u'left', u'middle', u'right']","[0.9, 0.5, 0.1]","[u'medium', u'high', u'low']",black,51,right,low,False,False,290,7900,NA
ARVXIBUCA8WDZ,Sun Dec 03 2017 18:49:34 GMT-0500 (Eastern Standard Time),Sun Dec 03 2017 19:16:48 GMT-0500 (Eastern Standard Time),"Mozilla/5.0 (Windows NT 10.0; Win64; x64) AppleWebKit/537.36 (KHTML, like Gecko) Chrome/62.0.3202.94 Safari/537.36",131,"[0.9, 0.5, 0.1]","[0.9, 0.5, 0.1]","[u'blue', u'red', u'black']","[u'left', u'middle', u'right']","[0.9, 0.5, 0.1]","[u'medium', u'high', u'low']",red,50,middle,high,False,False,306,7850,NA
ARVXIBUCA8WDZ,Sun Dec 03 2017 18:49:34 GMT-0500 (Eastern Standard Time),Sun Dec 03 2017 19:16:48 GMT-0500 (Eastern Standard Time),"Mozilla/5.0 (Windows NT 10.0; Win64; x64) AppleWebKit/537.36 (KHTML, like Gecko) Chrome/62.0.3202.94 Safari/537.36",132,"[0.9, 0.5, 0.1]","[0.9, 0.5, 0.1]","[u'blue', u'red', u'black']","[u'left', u'middle', u'right']","[0.9, 0.5, 0.1]","[u'medium', u'high', u'low']",black,51,right,low,False,False,107,7800,NA
ARVXIBUCA8WDZ,Sun Dec 03 2017 18:49:34 GMT-0500 (Eastern Standard Time),Sun Dec 03 2017 19:16:48 GMT-0500 (Eastern Standard Time),"Mozilla/5.0 (Windows NT 10.0; Win64; x64) AppleWebKit/537.36 (KHTML, like Gecko) Chrome/62.0.3202.94 Safari/537.36",133,"[0.9, 0.5, 0.1]","[0.9, 0.5, 0.1]","[u'blue', u'red', u'black']","[u'left', u'middle', u'right']","[0.9, 0.5, 0.1]","[u'medium', u'high', u'low']",black,51,right,low,False,False,436,7750,NA
ARVXIBUCA8WDZ,Sun Dec 03 2017 18:49:34 GMT-0500 (Eastern Standard Time),Sun Dec 03 2017 19:16:48 GMT-0500 (Eastern Standard Time),"Mozilla/5.0 (Windows NT 10.0; Win64; x64) AppleWebKit/537.36 (KHTML, like Gecko) Chrome/62.0.3202.94 Safari/537.36",134,"[0.9, 0.5, 0.1]","[0.9, 0.5, 0.1]","[u'blue', u'red', u'black']","[u'left', u'middle', u'right']","[0.9, 0.5, 0.1]","[u'medium', u'high', u'low']",blue,49,left,medium,True,False,59,7850,NA
ARVXIBUCA8WDZ,Sun Dec 03 2017 18:49:34 GMT-0500 (Eastern Standard Time),Sun Dec 03 2017 19:16:48 GMT-0500 (Eastern Standard Time),"Mozilla/5.0 (Windows NT 10.0; Win64; x64) AppleWebKit/537.36 (KHTML, like Gecko) Chrome/62.0.3202.94 Safari/537.36",135,"[0.9, 0.5, 0.1]","[0.9, 0.5, 0.1]","[u'blue', u'red', u'black']","[u'left', u'middle', u'right']","[0.9, 0.5, 0.1]","[u'medium', u'high', u'low']",blue,49,left,medium,True,False,224,7950,NA
ARVXIBUCA8WDZ,Sun Dec 03 2017 18:49:34 GMT-0500 (Eastern Standard Time),Sun Dec 03 2017 19:16:48 GMT-0500 (Eastern Standard Time),"Mozilla/5.0 (Windows NT 10.0; Win64; x64) AppleWebKit/537.36 (KHTML, like Gecko) Chrome/62.0.3202.94 Safari/537.36",136,"[0.9, 0.5, 0.1]","[0.9, 0.5, 0.1]","[u'blue', u'red', u'black']","[u'left', u'middle', u'right']","[0.9, 0.5, 0.1]","[u'medium', u'high', u'low']",blue,49,left,medium,True,False,27,8050,NA
ARVXIBUCA8WDZ,Sun Dec 03 2017 18:49:34 GMT-0500 (Eastern Standard Time),Sun Dec 03 2017 19:16:48 GMT-0500 (Eastern Standard Time),"Mozilla/5.0 (Windows NT 10.0; Win64; x64) AppleWebKit/537.36 (KHTML, like Gecko) Chrome/62.0.3202.94 Safari/537.36",137,"[0.9, 0.5, 0.1]","[0.9, 0.5, 0.1]","[u'blue', u'red', u'black']","[u'left', u'middle', u'right']","[0.9, 0.5, 0.1]","[u'medium', u'high', u'low']",blue,49,left,medium,False,False,168,8000,NA
ARVXIBUCA8WDZ,Sun Dec 03 2017 18:49:34 GMT-0500 (Eastern Standard Time),Sun Dec 03 2017 19:16:48 GMT-0500 (Eastern Standard Time),"Mozilla/5.0 (Windows NT 10.0; Win64; x64) AppleWebKit/537.36 (KHTML, like Gecko) Chrome/62.0.3202.94 Safari/537.36",138,"[0.9, 0.5, 0.1]","[0.9, 0.5, 0.1]","[u'blue', u'red', u'black']","[u'left', u'middle', u'right']","[0.9, 0.5, 0.1]","[u'medium', u'high', u'low']",blue,49,left,medium,True,False,17,8100,NA
ARVXIBUCA8WDZ,Sun Dec 03 2017 18:49:34 GMT-0500 (Eastern Standard Time),Sun Dec 03 2017 19:16:48 GMT-0500 (Eastern Standard Time),"Mozilla/5.0 (Windows NT 10.0; Win64; x64) AppleWebKit/537.36 (KHTML, like Gecko) Chrome/62.0.3202.94 Safari/537.36",139,"[0.9, 0.5, 0.1]","[0.9, 0.5, 0.1]","[u'blue', u'red', u'black']","[u'left', u'middle', u'right']","[0.9, 0.5, 0.1]","[u'medium', u'high', u'low']",blue,49,left,medium,False,False,90,8050,NA
ARVXIBUCA8WDZ,Sun Dec 03 2017 18:49:34 GMT-0500 (Eastern Standard Time),Sun Dec 03 2017 19:16:48 GMT-0500 (Eastern Standard Time),"Mozilla/5.0 (Windows NT 10.0; Win64; x64) AppleWebKit/537.36 (KHTML, like Gecko) Chrome/62.0.3202.94 Safari/537.36",140,"[0.9, 0.5, 0.1]","[0.9, 0.5, 0.1]","[u'blue', u'red', u'black']","[u'left', u'middle', u'right']","[0.9, 0.5, 0.1]","[u'medium', u'high', u'low']",red,50,middle,high,True,False,351,8150,NA
ARVXIBUCA8WDZ,Sun Dec 03 2017 18:49:34 GMT-0500 (Eastern Standard Time),Sun Dec 03 2017 19:16:48 GMT-0500 (Eastern Standard Time),"Mozilla/5.0 (Windows NT 10.0; Win64; x64) AppleWebKit/537.36 (KHTML, like Gecko) Chrome/62.0.3202.94 Safari/537.36",141,"[0.9, 0.5, 0.1]","[0.9, 0.5, 0.1]","[u'blue', u'red', u'black']","[u'left', u'middle', u'right']","[0.9, 0.5, 0.1]","[u'medium', u'high', u'low']",red,50,middle,high,True,False,150,8250,NA
ARVXIBUCA8WDZ,Sun Dec 03 2017 18:49:34 GMT-0500 (Eastern Standard Time),Sun Dec 03 2017 19:16:48 GMT-0500 (Eastern Standard Time),"Mozilla/5.0 (Windows NT 10.0; Win64; x64) AppleWebKit/537.36 (KHTML, like Gecko) Chrome/62.0.3202.94 Safari/537.36",142,"[0.9, 0.5, 0.1]","[0.9, 0.5, 0.1]","[u'blue', u'red', u'black']","[u'left', u'middle', u'right']","[0.9, 0.5, 0.1]","[u'medium', u'high', u'low']",red,50,middle,high,True,False,344,8350,NA
ARVXIBUCA8WDZ,Sun Dec 03 2017 18:49:34 GMT-0500 (Eastern Standard Time),Sun Dec 03 2017 19:16:48 GMT-0500 (Eastern Standard Time),"Mozilla/5.0 (Windows NT 10.0; Win64; x64) AppleWebKit/537.36 (KHTML, like Gecko) Chrome/62.0.3202.94 Safari/537.36",143,"[0.9, 0.5, 0.1]","[0.9, 0.5, 0.1]","[u'blue', u'red', u'black']","[u'left', u'middle', u'right']","[0.9, 0.5, 0.1]","[u'medium', u'high', u'low']",red,50,middle,high,True,False,723,8450,NA
ARVXIBUCA8WDZ,Sun Dec 03 2017 18:49:34 GMT-0500 (Eastern Standard Time),Sun Dec 03 2017 19:16:48 GMT-0500 (Eastern Standard Time),"Mozilla/5.0 (Windows NT 10.0; Win64; x64) AppleWebKit/537.36 (KHTML, like Gecko) Chrome/62.0.3202.94 Safari/537.36",144,"[0.9, 0.5, 0.1]","[0.9, 0.5, 0.1]","[u'blue', u'red', u'black']","[u'left', u'middle', u'right']","[0.9, 0.5, 0.1]","[u'medium', u'high', u'low']",red,50,middle,high,True,False,350,8550,NA
ARVXIBUCA8WDZ,Sun Dec 03 2017 18:49:34 GMT-0500 (Eastern Standard Time),Sun Dec 03 2017 19:16:48 GMT-0500 (Eastern Standard Time),"Mozilla/5.0 (Windows NT 10.0; Win64; x64) AppleWebKit/537.36 (KHTML, like Gecko) Chrome/62.0.3202.94 Safari/537.36",145,"[0.9, 0.5, 0.1]","[0.9, 0.5, 0.1]","[u'blue', u'red', u'black']","[u'left', u'middle', u'right']","[0.9, 0.5, 0.1]","[u'medium', u'high', u'low']",red,50,middle,high,True,False,150,8650,NA
ARVXIBUCA8WDZ,Sun Dec 03 2017 18:49:34 GMT-0500 (Eastern Standard Time),Sun Dec 03 2017 19:16:48 GMT-0500 (Eastern Standard Time),"Mozilla/5.0 (Windows NT 10.0; Win64; x64) AppleWebKit/537.36 (KHTML, like Gecko) Chrome/62.0.3202.94 Safari/537.36",146,"[0.9, 0.5, 0.1]","[0.9, 0.5, 0.1]","[u'blue', u'red', u'black']","[u'left', u'middle', u'right']","[0.9, 0.5, 0.1]","[u'medium', u'high', u'low']",red,50,middle,high,True,False,503,8750,NA
ARVXIBUCA8WDZ,Sun Dec 03 2017 18:49:34 GMT-0500 (Eastern Standard Time),Sun Dec 03 2017 19:16:48 GMT-0500 (Eastern Standard Time),"Mozilla/5.0 (Windows NT 10.0; Win64; x64) AppleWebKit/537.36 (KHTML, like Gecko) Chrome/62.0.3202.94 Safari/537.36",147,"[0.9, 0.5, 0.1]","[0.9, 0.5, 0.1]","[u'blue', u'red', u'black']","[u'left', u'middle', u'right']","[0.9, 0.5, 0.1]","[u'medium', u'high', u'low']",red,50,middle,high,True,False,268,8850,NA
ARVXIBUCA8WDZ,Sun Dec 03 2017 18:49:34 GMT-0500 (Eastern Standard Time),Sun Dec 03 2017 19:16:48 GMT-0500 (Eastern Standard Time),"Mozilla/5.0 (Windows NT 10.0; Win64; x64) AppleWebKit/537.36 (KHTML, like Gecko) Chrome/62.0.3202.94 Safari/537.36",148,"[0.9, 0.5, 0.1]","[0.9, 0.5, 0.1]","[u'blue', u'red', u'black']","[u'left', u'middle', u'right']","[0.9, 0.5, 0.1]","[u'medium', u'high', u'low']",red,50,middle,high,True,True,237,8950,NA
ARVXIBUCA8WDZ,Sun Dec 03 2017 18:49:34 GMT-0500 (Eastern Standard Time),Sun Dec 03 2017 19:16:48 GMT-0500 (Eastern Standard Time),"Mozilla/5.0 (Windows NT 10.0; Win64; x64) AppleWebKit/537.36 (KHTML, like Gecko) Chrome/62.0.3202.94 Safari/537.36",149,"[0.9, 0.5, 0.1]","[0.9, 0.5, 0.1]","[u'blue', u'red', u'black']","[u'left', u'middle', u'right']","[0.9, 0.5, 0.1]","[u'high', u'low', u'medium']",red,50,middle,low,False,False,288,8900,NA
ARVXIBUCA8WDZ,Sun Dec 03 2017 18:49:34 GMT-0500 (Eastern Standard Time),Sun Dec 03 2017 19:16:48 GMT-0500 (Eastern Standard Time),"Mozilla/5.0 (Windows NT 10.0; Win64; x64) AppleWebKit/537.36 (KHTML, like Gecko) Chrome/62.0.3202.94 Safari/537.36",150,"[0.9, 0.5, 0.1]","[0.9, 0.5, 0.1]","[u'blue', u'red', u'black']","[u'left', u'middle', u'right']","[0.9, 0.5, 0.1]","[u'high', u'low', u'medium']",blue,49,left,high,True,False,383,9000,NA
ARVXIBUCA8WDZ,Sun Dec 03 2017 18:49:34 GMT-0500 (Eastern Standard Time),Sun Dec 03 2017 19:16:48 GMT-0500 (Eastern Standard Time),"Mozilla/5.0 (Windows NT 10.0; Win64; x64) AppleWebKit/537.36 (KHTML, like Gecko) Chrome/62.0.3202.94 Safari/537.36",151,"[0.9, 0.5, 0.1]","[0.9, 0.5, 0.1]","[u'blue', u'red', u'black']","[u'left', u'middle', u'right']","[0.9, 0.5, 0.1]","[u'high', u'low', u'medium']",blue,49,left,high,True,False,264,9100,NA
ARVXIBUCA8WDZ,Sun Dec 03 2017 18:49:34 GMT-0500 (Eastern Standard Time),Sun Dec 03 2017 19:16:48 GMT-0500 (Eastern Standard Time),"Mozilla/5.0 (Windows NT 10.0; Win64; x64) AppleWebKit/537.36 (KHTML, like Gecko) Chrome/62.0.3202.94 Safari/537.36",152,"[0.9, 0.5, 0.1]","[0.9, 0.5, 0.1]","[u'blue', u'red', u'black']","[u'left', u'middle', u'right']","[0.9, 0.5, 0.1]","[u'high', u'low', u'medium']",blue,49,left,high,True,False,452,9200,NA
ARVXIBUCA8WDZ,Sun Dec 03 2017 18:49:34 GMT-0500 (Eastern Standard Time),Sun Dec 03 2017 19:16:48 GMT-0500 (Eastern Standard Time),"Mozilla/5.0 (Windows NT 10.0; Win64; x64) AppleWebKit/537.36 (KHTML, like Gecko) Chrome/62.0.3202.94 Safari/537.36",153,"[0.9, 0.5, 0.1]","[0.9, 0.5, 0.1]","[u'blue', u'red', u'black']","[u'left', u'middle', u'right']","[0.9, 0.5, 0.1]","[u'high', u'low', u'medium']",blue,49,left,high,False,False,164,9150,NA
ARVXIBUCA8WDZ,Sun Dec 03 2017 18:49:34 GMT-0500 (Eastern Standard Time),Sun Dec 03 2017 19:16:48 GMT-0500 (Eastern Standard Time),"Mozilla/5.0 (Windows NT 10.0; Win64; x64) AppleWebKit/537.36 (KHTML, like Gecko) Chrome/62.0.3202.94 Safari/537.36",154,"[0.9, 0.5, 0.1]","[0.9, 0.5, 0.1]","[u'blue', u'red', u'black']","[u'left', u'middle', u'right']","[0.9, 0.5, 0.1]","[u'high', u'low', u'medium']",blue,49,left,high,True,False,202,9250,NA
ARVXIBUCA8WDZ,Sun Dec 03 2017 18:49:34 GMT-0500 (Eastern Standard Time),Sun Dec 03 2017 19:16:48 GMT-0500 (Eastern Standard Time),"Mozilla/5.0 (Windows NT 10.0; Win64; x64) AppleWebKit/537.36 (KHTML, like Gecko) Chrome/62.0.3202.94 Safari/537.36",155,"[0.9, 0.5, 0.1]","[0.9, 0.5, 0.1]","[u'blue', u'red', u'black']","[u'left', u'middle', u'right']","[0.9, 0.5, 0.1]","[u'high', u'low', u'medium']",blue,49,left,high,True,False,212,9350,NA
ARVXIBUCA8WDZ,Sun Dec 03 2017 18:49:34 GMT-0500 (Eastern Standard Time),Sun Dec 03 2017 19:16:48 GMT-0500 (Eastern Standard Time),"Mozilla/5.0 (Windows NT 10.0; Win64; x64) AppleWebKit/537.36 (KHTML, like Gecko) Chrome/62.0.3202.94 Safari/537.36",156,"[0.9, 0.5, 0.1]","[0.9, 0.5, 0.1]","[u'blue', u'red', u'black']","[u'left', u'middle', u'right']","[0.9, 0.5, 0.1]","[u'high', u'low', u'medium']",blue,49,left,high,True,False,436,9450,NA
ARVXIBUCA8WDZ,Sun Dec 03 2017 18:49:34 GMT-0500 (Eastern Standard Time),Sun Dec 03 2017 19:16:48 GMT-0500 (Eastern Standard Time),"Mozilla/5.0 (Windows NT 10.0; Win64; x64) AppleWebKit/537.36 (KHTML, like Gecko) Chrome/62.0.3202.94 Safari/537.36",157,"[0.9, 0.5, 0.1]","[0.9, 0.5, 0.1]","[u'blue', u'red', u'black']","[u'left', u'middle', u'right']","[0.9, 0.5, 0.1]","[u'high', u'low', u'medium']",blue,49,left,high,True,False,238,9550,NA
ARVXIBUCA8WDZ,Sun Dec 03 2017 18:49:34 GMT-0500 (Eastern Standard Time),Sun Dec 03 2017 19:16:48 GMT-0500 (Eastern Standard Time),"Mozilla/5.0 (Windows NT 10.0; Win64; x64) AppleWebKit/537.36 (KHTML, like Gecko) Chrome/62.0.3202.94 Safari/537.36",158,"[0.9, 0.5, 0.1]","[0.9, 0.5, 0.1]","[u'blue', u'red', u'black']","[u'left', u'middle', u'right']","[0.9, 0.5, 0.1]","[u'high', u'low', u'medium']",blue,49,left,high,True,True,290,9650,NA
ARVXIBUCA8WDZ,Sun Dec 03 2017 18:49:34 GMT-0500 (Eastern Standard Time),Sun Dec 03 2017 19:16:48 GMT-0500 (Eastern Standard Time),"Mozilla/5.0 (Windows NT 10.0; Win64; x64) AppleWebKit/537.36 (KHTML, like Gecko) Chrome/62.0.3202.94 Safari/537.36",159,"[0.9, 0.5, 0.1]","[0.9, 0.5, 0.1]","[u'blue', u'red', u'black']","[u'left', u'middle', u'right']","[0.9, 0.5, 0.1]","[u'medium', u'high', u'low']",blue,49,left,medium,False,False,1102,9600,NA
ARVXIBUCA8WDZ,Sun Dec 03 2017 18:49:34 GMT-0500 (Eastern Standard Time),Sun Dec 03 2017 19:16:48 GMT-0500 (Eastern Standard Time),"Mozilla/5.0 (Windows NT 10.0; Win64; x64) AppleWebKit/537.36 (KHTML, like Gecko) Chrome/62.0.3202.94 Safari/537.36",160,"[0.9, 0.5, 0.1]","[0.9, 0.5, 0.1]","[u'blue', u'red', u'black']","[u'left', u'middle', u'right']","[0.9, 0.5, 0.1]","[u'medium', u'high', u'low']",black,51,right,low,False,False,462,9550,NA
