AIIOT9A7ARQZW,Mon Dec 04 2017 06:31:45 GMT-0800 (Pacific Standard Time),Mon Dec 04 2017 06:40:32 GMT-0800 (Pacific Standard Time),"Mozilla/5.0 (Windows NT 10.0; Win64; x64) AppleWebKit/537.36 (KHTML, like Gecko) Chrome/62.0.3202.94 Safari/537.36",1,"[0.8, 0.4, 0.2]","[0.8, 0.4, 0.2]","[u'blue', u'black', u'red']","[u'left', u'middle', u'right']","[0.8, 0.4, 0.2]","[u'high', u'low', u'medium']",blue,49,left,high,False,False,2680,-50,NA
AIIOT9A7ARQZW,Mon Dec 04 2017 06:31:45 GMT-0800 (Pacific Standard Time),Mon Dec 04 2017 06:40:32 GMT-0800 (Pacific Standard Time),"Mozilla/5.0 (Windows NT 10.0; Win64; x64) AppleWebKit/537.36 (KHTML, like Gecko) Chrome/62.0.3202.94 Safari/537.36",2,"[0.8, 0.4, 0.2]","[0.8, 0.4, 0.2]","[u'blue', u'black', u'red']","[u'left', u'middle', u'right']","[0.8, 0.4, 0.2]","[u'high', u'low', u'medium']",black,50,middle,low,True,False,449,50,NA
AIIOT9A7ARQZW,Mon Dec 04 2017 06:31:45 GMT-0800 (Pacific Standard Time),Mon Dec 04 2017 06:40:32 GMT-0800 (Pacific Standard Time),"Mozilla/5.0 (Windows NT 10.0; Win64; x64) AppleWebKit/537.36 (KHTML, like Gecko) Chrome/62.0.3202.94 Safari/537.36",3,"[0.8, 0.4, 0.2]","[0.8, 0.4, 0.2]","[u'blue', u'black', u'red']","[u'left', u'middle', u'right']","[0.8, 0.4, 0.2]","[u'high', u'low', u'medium']",red,51,right,medium,True,False,400,150,NA
AIIOT9A7ARQZW,Mon Dec 04 2017 06:31:45 GMT-0800 (Pacific Standard Time),Mon Dec 04 2017 06:40:32 GMT-0800 (Pacific Standard Time),"Mozilla/5.0 (Windows NT 10.0; Win64; x64) AppleWebKit/537.36 (KHTML, like Gecko) Chrome/62.0.3202.94 Safari/537.36",4,"[0.8, 0.4, 0.2]","[0.8, 0.4, 0.2]","[u'blue', u'black', u'red']","[u'left', u'middle', u'right']","[0.8, 0.4, 0.2]","[u'high', u'low', u'medium']",black,50,middle,low,False,False,116,100,NA
AIIOT9A7ARQZW,Mon Dec 04 2017 06:31:45 GMT-0800 (Pacific Standard Time),Mon Dec 04 2017 06:40:32 GMT-0800 (Pacific Standard Time),"Mozilla/5.0 (Windows NT 10.0; Win64; x64) AppleWebKit/537.36 (KHTML, like Gecko) Chrome/62.0.3202.94 Safari/537.36",5,"[0.8, 0.4, 0.2]","[0.8, 0.4, 0.2]","[u'blue', u'black', u'red']","[u'left', u'middle', u'right']","[0.8, 0.4, 0.2]","[u'high', u'low', u'medium']",red,51,right,medium,True,False,717,200,NA
AIIOT9A7ARQZW,Mon Dec 04 2017 06:31:45 GMT-0800 (Pacific Standard Time),Mon Dec 04 2017 06:40:32 GMT-0800 (Pacific Standard Time),"Mozilla/5.0 (Windows NT 10.0; Win64; x64) AppleWebKit/537.36 (KHTML, like Gecko) Chrome/62.0.3202.94 Safari/537.36",6,"[0.8, 0.4, 0.2]","[0.8, 0.4, 0.2]","[u'blue', u'black', u'red']","[u'left', u'middle', u'right']","[0.8, 0.4, 0.2]","[u'high', u'low', u'medium']",red,51,right,medium,False,False,386,150,NA
AIIOT9A7ARQZW,Mon Dec 04 2017 06:31:45 GMT-0800 (Pacific Standard Time),Mon Dec 04 2017 06:40:32 GMT-0800 (Pacific Standard Time),"Mozilla/5.0 (Windows NT 10.0; Win64; x64) AppleWebKit/537.36 (KHTML, like Gecko) Chrome/62.0.3202.94 Safari/537.36",7,"[0.8, 0.4, 0.2]","[0.8, 0.4, 0.2]","[u'blue', u'black', u'red']","[u'left', u'middle', u'right']","[0.8, 0.4, 0.2]","[u'high', u'low', u'medium']",red,51,right,medium,True,False,1501,250,NA
AIIOT9A7ARQZW,Mon Dec 04 2017 06:31:45 GMT-0800 (Pacific Standard Time),Mon Dec 04 2017 06:40:32 GMT-0800 (Pacific Standard Time),"Mozilla/5.0 (Windows NT 10.0; Win64; x64) AppleWebKit/537.36 (KHTML, like Gecko) Chrome/62.0.3202.94 Safari/537.36",8,"[0.8, 0.4, 0.2]","[0.8, 0.4, 0.2]","[u'blue', u'black', u'red']","[u'left', u'middle', u'right']","[0.8, 0.4, 0.2]","[u'high', u'low', u'medium']",red,51,right,medium,False,False,431,200,NA
AIIOT9A7ARQZW,Mon Dec 04 2017 06:31:45 GMT-0800 (Pacific Standard Time),Mon Dec 04 2017 06:40:32 GMT-0800 (Pacific Standard Time),"Mozilla/5.0 (Windows NT 10.0; Win64; x64) AppleWebKit/537.36 (KHTML, like Gecko) Chrome/62.0.3202.94 Safari/537.36",9,"[0.8, 0.4, 0.2]","[0.8, 0.4, 0.2]","[u'blue', u'black', u'red']","[u'left', u'middle', u'right']","[0.8, 0.4, 0.2]","[u'high', u'low', u'medium']",black,50,middle,low,False,False,524,150,NA
AIIOT9A7ARQZW,Mon Dec 04 2017 06:31:45 GMT-0800 (Pacific Standard Time),Mon Dec 04 2017 06:40:32 GMT-0800 (Pacific Standard Time),"Mozilla/5.0 (Windows NT 10.0; Win64; x64) AppleWebKit/537.36 (KHTML, like Gecko) Chrome/62.0.3202.94 Safari/537.36",10,"[0.8, 0.4, 0.2]","[0.8, 0.4, 0.2]","[u'blue', u'black', u'red']","[u'left', u'middle', u'right']","[0.8, 0.4, 0.2]","[u'high', u'low', u'medium']",blue,49,left,high,True,False,348,250,NA
AIIOT9A7ARQZW,Mon Dec 04 2017 06:31:45 GMT-0800 (Pacific Standard Time),Mon Dec 04 2017 06:40:32 GMT-0800 (Pacific Standard Time),"Mozilla/5.0 (Windows NT 10.0; Win64; x64) AppleWebKit/537.36 (KHTML, like Gecko) Chrome/62.0.3202.94 Safari/537.36",11,"[0.8, 0.4, 0.2]","[0.8, 0.4, 0.2]","[u'blue', u'black', u'red']","[u'left', u'middle', u'right']","[0.8, 0.4, 0.2]","[u'high', u'low', u'medium']",blue,49,left,high,True,False,331,350,NA
AIIOT9A7ARQZW,Mon Dec 04 2017 06:31:45 GMT-0800 (Pacific Standard Time),Mon Dec 04 2017 06:40:32 GMT-0800 (Pacific Standard Time),"Mozilla/5.0 (Windows NT 10.0; Win64; x64) AppleWebKit/537.36 (KHTML, like Gecko) Chrome/62.0.3202.94 Safari/537.36",12,"[0.8, 0.4, 0.2]","[0.8, 0.4, 0.2]","[u'blue', u'black', u'red']","[u'left', u'middle', u'right']","[0.8, 0.4, 0.2]","[u'high', u'low', u'medium']",blue,49,left,high,True,False,300,450,NA
AIIOT9A7ARQZW,Mon Dec 04 2017 06:31:45 GMT-0800 (Pacific Standard Time),Mon Dec 04 2017 06:40:32 GMT-0800 (Pacific Standard Time),"Mozilla/5.0 (Windows NT 10.0; Win64; x64) AppleWebKit/537.36 (KHTML, like Gecko) Chrome/62.0.3202.94 Safari/537.36",13,"[0.8, 0.4, 0.2]","[0.8, 0.4, 0.2]","[u'blue', u'black', u'red']","[u'left', u'middle', u'right']","[0.8, 0.4, 0.2]","[u'high', u'low', u'medium']",blue,49,left,high,False,False,319,400,NA
AIIOT9A7ARQZW,Mon Dec 04 2017 06:31:45 GMT-0800 (Pacific Standard Time),Mon Dec 04 2017 06:40:32 GMT-0800 (Pacific Standard Time),"Mozilla/5.0 (Windows NT 10.0; Win64; x64) AppleWebKit/537.36 (KHTML, like Gecko) Chrome/62.0.3202.94 Safari/537.36",14,"[0.8, 0.4, 0.2]","[0.8, 0.4, 0.2]","[u'blue', u'black', u'red']","[u'left', u'middle', u'right']","[0.8, 0.4, 0.2]","[u'high', u'low', u'medium']",blue,49,left,high,True,False,675,500,NA
AIIOT9A7ARQZW,Mon Dec 04 2017 06:31:45 GMT-0800 (Pacific Standard Time),Mon Dec 04 2017 06:40:32 GMT-0800 (Pacific Standard Time),"Mozilla/5.0 (Windows NT 10.0; Win64; x64) AppleWebKit/537.36 (KHTML, like Gecko) Chrome/62.0.3202.94 Safari/537.36",15,"[0.8, 0.4, 0.2]","[0.8, 0.4, 0.2]","[u'blue', u'black', u'red']","[u'left', u'middle', u'right']","[0.8, 0.4, 0.2]","[u'high', u'low', u'medium']",blue,49,left,high,False,False,801,450,NA
AIIOT9A7ARQZW,Mon Dec 04 2017 06:31:45 GMT-0800 (Pacific Standard Time),Mon Dec 04 2017 06:40:32 GMT-0800 (Pacific Standard Time),"Mozilla/5.0 (Windows NT 10.0; Win64; x64) AppleWebKit/537.36 (KHTML, like Gecko) Chrome/62.0.3202.94 Safari/537.36",16,"[0.8, 0.4, 0.2]","[0.8, 0.4, 0.2]","[u'blue', u'black', u'red']","[u'left', u'middle', u'right']","[0.8, 0.4, 0.2]","[u'high', u'low', u'medium']",blue,49,left,high,True,False,166,550,NA
AIIOT9A7ARQZW,Mon Dec 04 2017 06:31:45 GMT-0800 (Pacific Standard Time),Mon Dec 04 2017 06:40:32 GMT-0800 (Pacific Standard Time),"Mozilla/5.0 (Windows NT 10.0; Win64; x64) AppleWebKit/537.36 (KHTML, like Gecko) Chrome/62.0.3202.94 Safari/537.36",17,"[0.8, 0.4, 0.2]","[0.8, 0.4, 0.2]","[u'blue', u'black', u'red']","[u'left', u'middle', u'right']","[0.8, 0.4, 0.2]","[u'high', u'low', u'medium']",blue,49,left,high,False,False,416,500,NA
AIIOT9A7ARQZW,Mon Dec 04 2017 06:31:45 GMT-0800 (Pacific Standard Time),Mon Dec 04 2017 06:40:32 GMT-0800 (Pacific Standard Time),"Mozilla/5.0 (Windows NT 10.0; Win64; x64) AppleWebKit/537.36 (KHTML, like Gecko) Chrome/62.0.3202.94 Safari/537.36",18,"[0.8, 0.4, 0.2]","[0.8, 0.4, 0.2]","[u'blue', u'black', u'red']","[u'left', u'middle', u'right']","[0.8, 0.4, 0.2]","[u'high', u'low', u'medium']",red,51,right,medium,False,False,452,450,NA
AIIOT9A7ARQZW,Mon Dec 04 2017 06:31:45 GMT-0800 (Pacific Standard Time),Mon Dec 04 2017 06:40:32 GMT-0800 (Pacific Standard Time),"Mozilla/5.0 (Windows NT 10.0; Win64; x64) AppleWebKit/537.36 (KHTML, like Gecko) Chrome/62.0.3202.94 Safari/537.36",19,"[0.8, 0.4, 0.2]","[0.8, 0.4, 0.2]","[u'blue', u'black', u'red']","[u'left', u'middle', u'right']","[0.8, 0.4, 0.2]","[u'high', u'low', u'medium']",red,51,right,medium,False,False,268,400,NA
AIIOT9A7ARQZW,Mon Dec 04 2017 06:31:45 GMT-0800 (Pacific Standard Time),Mon Dec 04 2017 06:40:32 GMT-0800 (Pacific Standard Time),"Mozilla/5.0 (Windows NT 10.0; Win64; x64) AppleWebKit/537.36 (KHTML, like Gecko) Chrome/62.0.3202.94 Safari/537.36",20,"[0.8, 0.4, 0.2]","[0.8, 0.4, 0.2]","[u'blue', u'black', u'red']","[u'left', u'middle', u'right']","[0.8, 0.4, 0.2]","[u'high', u'low', u'medium']",red,51,right,medium,True,False,485,500,NA
AIIOT9A7ARQZW,Mon Dec 04 2017 06:31:45 GMT-0800 (Pacific Standard Time),Mon Dec 04 2017 06:40:32 GMT-0800 (Pacific Standard Time),"Mozilla/5.0 (Windows NT 10.0; Win64; x64) AppleWebKit/537.36 (KHTML, like Gecko) Chrome/62.0.3202.94 Safari/537.36",21,"[0.8, 0.4, 0.2]","[0.8, 0.4, 0.2]","[u'blue', u'black', u'red']","[u'left', u'middle', u'right']","[0.8, 0.4, 0.2]","[u'high', u'low', u'medium']",red,51,right,medium,False,False,338,450,NA
AIIOT9A7ARQZW,Mon Dec 04 2017 06:31:45 GMT-0800 (Pacific Standard Time),Mon Dec 04 2017 06:40:32 GMT-0800 (Pacific Standard Time),"Mozilla/5.0 (Windows NT 10.0; Win64; x64) AppleWebKit/537.36 (KHTML, like Gecko) Chrome/62.0.3202.94 Safari/537.36",22,"[0.8, 0.4, 0.2]","[0.8, 0.4, 0.2]","[u'blue', u'black', u'red']","[u'left', u'middle', u'right']","[0.8, 0.4, 0.2]","[u'high', u'low', u'medium']",red,51,right,medium,False,False,334,400,NA
AIIOT9A7ARQZW,Mon Dec 04 2017 06:31:45 GMT-0800 (Pacific Standard Time),Mon Dec 04 2017 06:40:32 GMT-0800 (Pacific Standard Time),"Mozilla/5.0 (Windows NT 10.0; Win64; x64) AppleWebKit/537.36 (KHTML, like Gecko) Chrome/62.0.3202.94 Safari/537.36",23,"[0.8, 0.4, 0.2]","[0.8, 0.4, 0.2]","[u'blue', u'black', u'red']","[u'left', u'middle', u'right']","[0.8, 0.4, 0.2]","[u'high', u'low', u'medium']",red,51,right,medium,True,False,638,500,NA
AIIOT9A7ARQZW,Mon Dec 04 2017 06:31:45 GMT-0800 (Pacific Standard Time),Mon Dec 04 2017 06:40:32 GMT-0800 (Pacific Standard Time),"Mozilla/5.0 (Windows NT 10.0; Win64; x64) AppleWebKit/537.36 (KHTML, like Gecko) Chrome/62.0.3202.94 Safari/537.36",24,"[0.8, 0.4, 0.2]","[0.8, 0.4, 0.2]","[u'blue', u'black', u'red']","[u'left', u'middle', u'right']","[0.8, 0.4, 0.2]","[u'high', u'low', u'medium']",black,50,middle,low,False,False,332,450,NA
AIIOT9A7ARQZW,Mon Dec 04 2017 06:31:45 GMT-0800 (Pacific Standard Time),Mon Dec 04 2017 06:40:32 GMT-0800 (Pacific Standard Time),"Mozilla/5.0 (Windows NT 10.0; Win64; x64) AppleWebKit/537.36 (KHTML, like Gecko) Chrome/62.0.3202.94 Safari/537.36",25,"[0.8, 0.4, 0.2]","[0.8, 0.4, 0.2]","[u'blue', u'black', u'red']","[u'left', u'middle', u'right']","[0.8, 0.4, 0.2]","[u'high', u'low', u'medium']",black,50,middle,low,False,False,300,400,NA
AIIOT9A7ARQZW,Mon Dec 04 2017 06:31:45 GMT-0800 (Pacific Standard Time),Mon Dec 04 2017 06:40:32 GMT-0800 (Pacific Standard Time),"Mozilla/5.0 (Windows NT 10.0; Win64; x64) AppleWebKit/537.36 (KHTML, like Gecko) Chrome/62.0.3202.94 Safari/537.36",26,"[0.8, 0.4, 0.2]","[0.8, 0.4, 0.2]","[u'blue', u'black', u'red']","[u'left', u'middle', u'right']","[0.8, 0.4, 0.2]","[u'high', u'low', u'medium']",black,50,middle,low,False,False,307,350,NA
AIIOT9A7ARQZW,Mon Dec 04 2017 06:31:45 GMT-0800 (Pacific Standard Time),Mon Dec 04 2017 06:40:32 GMT-0800 (Pacific Standard Time),"Mozilla/5.0 (Windows NT 10.0; Win64; x64) AppleWebKit/537.36 (KHTML, like Gecko) Chrome/62.0.3202.94 Safari/537.36",27,"[0.8, 0.4, 0.2]","[0.8, 0.4, 0.2]","[u'blue', u'black', u'red']","[u'left', u'middle', u'right']","[0.8, 0.4, 0.2]","[u'high', u'low', u'medium']",blue,49,left,high,True,False,532,450,NA
AIIOT9A7ARQZW,Mon Dec 04 2017 06:31:45 GMT-0800 (Pacific Standard Time),Mon Dec 04 2017 06:40:32 GMT-0800 (Pacific Standard Time),"Mozilla/5.0 (Windows NT 10.0; Win64; x64) AppleWebKit/537.36 (KHTML, like Gecko) Chrome/62.0.3202.94 Safari/537.36",28,"[0.8, 0.4, 0.2]","[0.8, 0.4, 0.2]","[u'blue', u'black', u'red']","[u'left', u'middle', u'right']","[0.8, 0.4, 0.2]","[u'high', u'low', u'medium']",blue,49,left,high,False,False,253,400,NA
AIIOT9A7ARQZW,Mon Dec 04 2017 06:31:45 GMT-0800 (Pacific Standard Time),Mon Dec 04 2017 06:40:32 GMT-0800 (Pacific Standard Time),"Mozilla/5.0 (Windows NT 10.0; Win64; x64) AppleWebKit/537.36 (KHTML, like Gecko) Chrome/62.0.3202.94 Safari/537.36",29,"[0.8, 0.4, 0.2]","[0.8, 0.4, 0.2]","[u'blue', u'black', u'red']","[u'left', u'middle', u'right']","[0.8, 0.4, 0.2]","[u'high', u'low', u'medium']",blue,49,left,high,True,False,248,500,NA
AIIOT9A7ARQZW,Mon Dec 04 2017 06:31:45 GMT-0800 (Pacific Standard Time),Mon Dec 04 2017 06:40:32 GMT-0800 (Pacific Standard Time),"Mozilla/5.0 (Windows NT 10.0; Win64; x64) AppleWebKit/537.36 (KHTML, like Gecko) Chrome/62.0.3202.94 Safari/537.36",30,"[0.8, 0.4, 0.2]","[0.8, 0.4, 0.2]","[u'blue', u'black', u'red']","[u'left', u'middle', u'right']","[0.8, 0.4, 0.2]","[u'high', u'low', u'medium']",blue,49,left,high,False,False,325,450,NA
AIIOT9A7ARQZW,Mon Dec 04 2017 06:31:45 GMT-0800 (Pacific Standard Time),Mon Dec 04 2017 06:40:32 GMT-0800 (Pacific Standard Time),"Mozilla/5.0 (Windows NT 10.0; Win64; x64) AppleWebKit/537.36 (KHTML, like Gecko) Chrome/62.0.3202.94 Safari/537.36",31,"[0.8, 0.4, 0.2]","[0.8, 0.4, 0.2]","[u'blue', u'black', u'red']","[u'left', u'middle', u'right']","[0.8, 0.4, 0.2]","[u'high', u'low', u'medium']",blue,49,left,high,False,False,284,400,NA
AIIOT9A7ARQZW,Mon Dec 04 2017 06:31:45 GMT-0800 (Pacific Standard Time),Mon Dec 04 2017 06:40:32 GMT-0800 (Pacific Standard Time),"Mozilla/5.0 (Windows NT 10.0; Win64; x64) AppleWebKit/537.36 (KHTML, like Gecko) Chrome/62.0.3202.94 Safari/537.36",32,"[0.8, 0.4, 0.2]","[0.8, 0.4, 0.2]","[u'blue', u'black', u'red']","[u'left', u'middle', u'right']","[0.8, 0.4, 0.2]","[u'high', u'low', u'medium']",blue,49,left,high,True,False,231,500,NA
AIIOT9A7ARQZW,Mon Dec 04 2017 06:31:45 GMT-0800 (Pacific Standard Time),Mon Dec 04 2017 06:40:32 GMT-0800 (Pacific Standard Time),"Mozilla/5.0 (Windows NT 10.0; Win64; x64) AppleWebKit/537.36 (KHTML, like Gecko) Chrome/62.0.3202.94 Safari/537.36",33,"[0.8, 0.4, 0.2]","[0.8, 0.4, 0.2]","[u'blue', u'black', u'red']","[u'left', u'middle', u'right']","[0.8, 0.4, 0.2]","[u'high', u'low', u'medium']",blue,49,left,high,True,False,185,600,NA
AIIOT9A7ARQZW,Mon Dec 04 2017 06:31:45 GMT-0800 (Pacific Standard Time),Mon Dec 04 2017 06:40:32 GMT-0800 (Pacific Standard Time),"Mozilla/5.0 (Windows NT 10.0; Win64; x64) AppleWebKit/537.36 (KHTML, like Gecko) Chrome/62.0.3202.94 Safari/537.36",34,"[0.8, 0.4, 0.2]","[0.8, 0.4, 0.2]","[u'blue', u'black', u'red']","[u'left', u'middle', u'right']","[0.8, 0.4, 0.2]","[u'high', u'low', u'medium']",blue,49,left,high,True,False,331,700,NA
AIIOT9A7ARQZW,Mon Dec 04 2017 06:31:45 GMT-0800 (Pacific Standard Time),Mon Dec 04 2017 06:40:32 GMT-0800 (Pacific Standard Time),"Mozilla/5.0 (Windows NT 10.0; Win64; x64) AppleWebKit/537.36 (KHTML, like Gecko) Chrome/62.0.3202.94 Safari/537.36",35,"[0.8, 0.4, 0.2]","[0.8, 0.4, 0.2]","[u'blue', u'black', u'red']","[u'left', u'middle', u'right']","[0.8, 0.4, 0.2]","[u'high', u'low', u'medium']",blue,49,left,high,True,True,270,800,NA
AIIOT9A7ARQZW,Mon Dec 04 2017 06:31:45 GMT-0800 (Pacific Standard Time),Mon Dec 04 2017 06:40:32 GMT-0800 (Pacific Standard Time),"Mozilla/5.0 (Windows NT 10.0; Win64; x64) AppleWebKit/537.36 (KHTML, like Gecko) Chrome/62.0.3202.94 Safari/537.36",36,"[0.8, 0.4, 0.2]","[0.8, 0.4, 0.2]","[u'blue', u'black', u'red']","[u'left', u'middle', u'right']","[0.8, 0.4, 0.2]","[u'low', u'medium', u'high']",blue,49,left,low,False,False,313,750,NA
AIIOT9A7ARQZW,Mon Dec 04 2017 06:31:45 GMT-0800 (Pacific Standard Time),Mon Dec 04 2017 06:40:32 GMT-0800 (Pacific Standard Time),"Mozilla/5.0 (Windows NT 10.0; Win64; x64) AppleWebKit/537.36 (KHTML, like Gecko) Chrome/62.0.3202.94 Safari/537.36",37,"[0.8, 0.4, 0.2]","[0.8, 0.4, 0.2]","[u'blue', u'black', u'red']","[u'left', u'middle', u'right']","[0.8, 0.4, 0.2]","[u'low', u'medium', u'high']",blue,49,left,low,False,False,301,700,NA
AIIOT9A7ARQZW,Mon Dec 04 2017 06:31:45 GMT-0800 (Pacific Standard Time),Mon Dec 04 2017 06:40:32 GMT-0800 (Pacific Standard Time),"Mozilla/5.0 (Windows NT 10.0; Win64; x64) AppleWebKit/537.36 (KHTML, like Gecko) Chrome/62.0.3202.94 Safari/537.36",38,"[0.8, 0.4, 0.2]","[0.8, 0.4, 0.2]","[u'blue', u'black', u'red']","[u'left', u'middle', u'right']","[0.8, 0.4, 0.2]","[u'low', u'medium', u'high']",blue,49,left,low,False,False,299,650,NA
AIIOT9A7ARQZW,Mon Dec 04 2017 06:31:45 GMT-0800 (Pacific Standard Time),Mon Dec 04 2017 06:40:32 GMT-0800 (Pacific Standard Time),"Mozilla/5.0 (Windows NT 10.0; Win64; x64) AppleWebKit/537.36 (KHTML, like Gecko) Chrome/62.0.3202.94 Safari/537.36",39,"[0.8, 0.4, 0.2]","[0.8, 0.4, 0.2]","[u'blue', u'black', u'red']","[u'left', u'middle', u'right']","[0.8, 0.4, 0.2]","[u'low', u'medium', u'high']",blue,49,left,low,False,False,593,600,NA
AIIOT9A7ARQZW,Mon Dec 04 2017 06:31:45 GMT-0800 (Pacific Standard Time),Mon Dec 04 2017 06:40:32 GMT-0800 (Pacific Standard Time),"Mozilla/5.0 (Windows NT 10.0; Win64; x64) AppleWebKit/537.36 (KHTML, like Gecko) Chrome/62.0.3202.94 Safari/537.36",40,"[0.8, 0.4, 0.2]","[0.8, 0.4, 0.2]","[u'blue', u'black', u'red']","[u'left', u'middle', u'right']","[0.8, 0.4, 0.2]","[u'low', u'medium', u'high']",blue,49,left,low,False,False,300,550,NA
AIIOT9A7ARQZW,Mon Dec 04 2017 06:31:45 GMT-0800 (Pacific Standard Time),Mon Dec 04 2017 06:40:32 GMT-0800 (Pacific Standard Time),"Mozilla/5.0 (Windows NT 10.0; Win64; x64) AppleWebKit/537.36 (KHTML, like Gecko) Chrome/62.0.3202.94 Safari/537.36",41,"[0.8, 0.4, 0.2]","[0.8, 0.4, 0.2]","[u'blue', u'black', u'red']","[u'left', u'middle', u'right']","[0.8, 0.4, 0.2]","[u'medium', u'high', u'low']",black,50,middle,high,False,False,1769,500,NA
AIIOT9A7ARQZW,Mon Dec 04 2017 06:31:45 GMT-0800 (Pacific Standard Time),Mon Dec 04 2017 06:40:32 GMT-0800 (Pacific Standard Time),"Mozilla/5.0 (Windows NT 10.0; Win64; x64) AppleWebKit/537.36 (KHTML, like Gecko) Chrome/62.0.3202.94 Safari/537.36",42,"[0.8, 0.4, 0.2]","[0.8, 0.4, 0.2]","[u'blue', u'black', u'red']","[u'left', u'middle', u'right']","[0.8, 0.4, 0.2]","[u'medium', u'high', u'low']",black,50,middle,high,True,False,400,600,NA
AIIOT9A7ARQZW,Mon Dec 04 2017 06:31:45 GMT-0800 (Pacific Standard Time),Mon Dec 04 2017 06:40:32 GMT-0800 (Pacific Standard Time),"Mozilla/5.0 (Windows NT 10.0; Win64; x64) AppleWebKit/537.36 (KHTML, like Gecko) Chrome/62.0.3202.94 Safari/537.36",43,"[0.8, 0.4, 0.2]","[0.8, 0.4, 0.2]","[u'blue', u'black', u'red']","[u'left', u'middle', u'right']","[0.8, 0.4, 0.2]","[u'medium', u'high', u'low']",black,50,middle,high,True,False,369,700,NA
AIIOT9A7ARQZW,Mon Dec 04 2017 06:31:45 GMT-0800 (Pacific Standard Time),Mon Dec 04 2017 06:40:32 GMT-0800 (Pacific Standard Time),"Mozilla/5.0 (Windows NT 10.0; Win64; x64) AppleWebKit/537.36 (KHTML, like Gecko) Chrome/62.0.3202.94 Safari/537.36",44,"[0.8, 0.4, 0.2]","[0.8, 0.4, 0.2]","[u'blue', u'black', u'red']","[u'left', u'middle', u'right']","[0.8, 0.4, 0.2]","[u'medium', u'high', u'low']",black,50,middle,high,True,False,310,800,NA
AIIOT9A7ARQZW,Mon Dec 04 2017 06:31:45 GMT-0800 (Pacific Standard Time),Mon Dec 04 2017 06:40:32 GMT-0800 (Pacific Standard Time),"Mozilla/5.0 (Windows NT 10.0; Win64; x64) AppleWebKit/537.36 (KHTML, like Gecko) Chrome/62.0.3202.94 Safari/537.36",45,"[0.8, 0.4, 0.2]","[0.8, 0.4, 0.2]","[u'blue', u'black', u'red']","[u'left', u'middle', u'right']","[0.8, 0.4, 0.2]","[u'medium', u'high', u'low']",black,50,middle,high,True,False,307,900,NA
AIIOT9A7ARQZW,Mon Dec 04 2017 06:31:45 GMT-0800 (Pacific Standard Time),Mon Dec 04 2017 06:40:32 GMT-0800 (Pacific Standard Time),"Mozilla/5.0 (Windows NT 10.0; Win64; x64) AppleWebKit/537.36 (KHTML, like Gecko) Chrome/62.0.3202.94 Safari/537.36",46,"[0.8, 0.4, 0.2]","[0.8, 0.4, 0.2]","[u'blue', u'black', u'red']","[u'left', u'middle', u'right']","[0.8, 0.4, 0.2]","[u'medium', u'high', u'low']",black,50,middle,high,False,False,303,850,NA
AIIOT9A7ARQZW,Mon Dec 04 2017 06:31:45 GMT-0800 (Pacific Standard Time),Mon Dec 04 2017 06:40:32 GMT-0800 (Pacific Standard Time),"Mozilla/5.0 (Windows NT 10.0; Win64; x64) AppleWebKit/537.36 (KHTML, like Gecko) Chrome/62.0.3202.94 Safari/537.36",47,"[0.8, 0.4, 0.2]","[0.8, 0.4, 0.2]","[u'blue', u'black', u'red']","[u'left', u'middle', u'right']","[0.8, 0.4, 0.2]","[u'medium', u'high', u'low']",black,50,middle,high,False,False,497,800,NA
AIIOT9A7ARQZW,Mon Dec 04 2017 06:31:45 GMT-0800 (Pacific Standard Time),Mon Dec 04 2017 06:40:32 GMT-0800 (Pacific Standard Time),"Mozilla/5.0 (Windows NT 10.0; Win64; x64) AppleWebKit/537.36 (KHTML, like Gecko) Chrome/62.0.3202.94 Safari/537.36",48,"[0.8, 0.4, 0.2]","[0.8, 0.4, 0.2]","[u'blue', u'black', u'red']","[u'left', u'middle', u'right']","[0.8, 0.4, 0.2]","[u'medium', u'high', u'low']",black,50,middle,high,True,False,285,900,NA
AIIOT9A7ARQZW,Mon Dec 04 2017 06:31:45 GMT-0800 (Pacific Standard Time),Mon Dec 04 2017 06:40:32 GMT-0800 (Pacific Standard Time),"Mozilla/5.0 (Windows NT 10.0; Win64; x64) AppleWebKit/537.36 (KHTML, like Gecko) Chrome/62.0.3202.94 Safari/537.36",49,"[0.8, 0.4, 0.2]","[0.8, 0.4, 0.2]","[u'blue', u'black', u'red']","[u'left', u'middle', u'right']","[0.8, 0.4, 0.2]","[u'medium', u'high', u'low']",black,50,middle,high,True,True,337,1000,NA
AIIOT9A7ARQZW,Mon Dec 04 2017 06:31:45 GMT-0800 (Pacific Standard Time),Mon Dec 04 2017 06:40:32 GMT-0800 (Pacific Standard Time),"Mozilla/5.0 (Windows NT 10.0; Win64; x64) AppleWebKit/537.36 (KHTML, like Gecko) Chrome/62.0.3202.94 Safari/537.36",50,"[0.8, 0.4, 0.2]","[0.8, 0.4, 0.2]","[u'blue', u'black', u'red']","[u'left', u'middle', u'right']","[0.8, 0.4, 0.2]","[u'low', u'medium', u'high']",black,50,middle,medium,False,False,178,950,NA
AIIOT9A7ARQZW,Mon Dec 04 2017 06:31:45 GMT-0800 (Pacific Standard Time),Mon Dec 04 2017 06:40:32 GMT-0800 (Pacific Standard Time),"Mozilla/5.0 (Windows NT 10.0; Win64; x64) AppleWebKit/537.36 (KHTML, like Gecko) Chrome/62.0.3202.94 Safari/537.36",51,"[0.8, 0.4, 0.2]","[0.8, 0.4, 0.2]","[u'blue', u'black', u'red']","[u'left', u'middle', u'right']","[0.8, 0.4, 0.2]","[u'low', u'medium', u'high']",black,50,middle,medium,True,False,56,1050,NA
AIIOT9A7ARQZW,Mon Dec 04 2017 06:31:45 GMT-0800 (Pacific Standard Time),Mon Dec 04 2017 06:40:32 GMT-0800 (Pacific Standard Time),"Mozilla/5.0 (Windows NT 10.0; Win64; x64) AppleWebKit/537.36 (KHTML, like Gecko) Chrome/62.0.3202.94 Safari/537.36",52,"[0.8, 0.4, 0.2]","[0.8, 0.4, 0.2]","[u'blue', u'black', u'red']","[u'left', u'middle', u'right']","[0.8, 0.4, 0.2]","[u'low', u'medium', u'high']",black,50,middle,medium,True,False,296,1150,NA
AIIOT9A7ARQZW,Mon Dec 04 2017 06:31:45 GMT-0800 (Pacific Standard Time),Mon Dec 04 2017 06:40:32 GMT-0800 (Pacific Standard Time),"Mozilla/5.0 (Windows NT 10.0; Win64; x64) AppleWebKit/537.36 (KHTML, like Gecko) Chrome/62.0.3202.94 Safari/537.36",53,"[0.8, 0.4, 0.2]","[0.8, 0.4, 0.2]","[u'blue', u'black', u'red']","[u'left', u'middle', u'right']","[0.8, 0.4, 0.2]","[u'low', u'medium', u'high']",black,50,middle,medium,True,False,354,1250,NA
AIIOT9A7ARQZW,Mon Dec 04 2017 06:31:45 GMT-0800 (Pacific Standard Time),Mon Dec 04 2017 06:40:32 GMT-0800 (Pacific Standard Time),"Mozilla/5.0 (Windows NT 10.0; Win64; x64) AppleWebKit/537.36 (KHTML, like Gecko) Chrome/62.0.3202.94 Safari/537.36",54,"[0.8, 0.4, 0.2]","[0.8, 0.4, 0.2]","[u'blue', u'black', u'red']","[u'left', u'middle', u'right']","[0.8, 0.4, 0.2]","[u'low', u'medium', u'high']",black,50,middle,medium,False,False,286,1200,NA
AIIOT9A7ARQZW,Mon Dec 04 2017 06:31:45 GMT-0800 (Pacific Standard Time),Mon Dec 04 2017 06:40:32 GMT-0800 (Pacific Standard Time),"Mozilla/5.0 (Windows NT 10.0; Win64; x64) AppleWebKit/537.36 (KHTML, like Gecko) Chrome/62.0.3202.94 Safari/537.36",55,"[0.8, 0.4, 0.2]","[0.8, 0.4, 0.2]","[u'blue', u'black', u'red']","[u'left', u'middle', u'right']","[0.8, 0.4, 0.2]","[u'low', u'medium', u'high']",black,50,middle,medium,False,False,332,1150,NA
AIIOT9A7ARQZW,Mon Dec 04 2017 06:31:45 GMT-0800 (Pacific Standard Time),Mon Dec 04 2017 06:40:32 GMT-0800 (Pacific Standard Time),"Mozilla/5.0 (Windows NT 10.0; Win64; x64) AppleWebKit/537.36 (KHTML, like Gecko) Chrome/62.0.3202.94 Safari/537.36",56,"[0.8, 0.4, 0.2]","[0.8, 0.4, 0.2]","[u'blue', u'black', u'red']","[u'left', u'middle', u'right']","[0.8, 0.4, 0.2]","[u'low', u'medium', u'high']",black,50,middle,medium,True,False,287,1250,NA
AIIOT9A7ARQZW,Mon Dec 04 2017 06:31:45 GMT-0800 (Pacific Standard Time),Mon Dec 04 2017 06:40:32 GMT-0800 (Pacific Standard Time),"Mozilla/5.0 (Windows NT 10.0; Win64; x64) AppleWebKit/537.36 (KHTML, like Gecko) Chrome/62.0.3202.94 Safari/537.36",57,"[0.8, 0.4, 0.2]","[0.8, 0.4, 0.2]","[u'blue', u'black', u'red']","[u'left', u'middle', u'right']","[0.8, 0.4, 0.2]","[u'low', u'medium', u'high']",black,50,middle,medium,False,False,369,1200,NA
AIIOT9A7ARQZW,Mon Dec 04 2017 06:31:45 GMT-0800 (Pacific Standard Time),Mon Dec 04 2017 06:40:32 GMT-0800 (Pacific Standard Time),"Mozilla/5.0 (Windows NT 10.0; Win64; x64) AppleWebKit/537.36 (KHTML, like Gecko) Chrome/62.0.3202.94 Safari/537.36",58,"[0.8, 0.4, 0.2]","[0.8, 0.4, 0.2]","[u'blue', u'black', u'red']","[u'left', u'middle', u'right']","[0.8, 0.4, 0.2]","[u'low', u'medium', u'high']",black,50,middle,medium,False,False,231,1150,NA
AIIOT9A7ARQZW,Mon Dec 04 2017 06:31:45 GMT-0800 (Pacific Standard Time),Mon Dec 04 2017 06:40:32 GMT-0800 (Pacific Standard Time),"Mozilla/5.0 (Windows NT 10.0; Win64; x64) AppleWebKit/537.36 (KHTML, like Gecko) Chrome/62.0.3202.94 Safari/537.36",59,"[0.8, 0.4, 0.2]","[0.8, 0.4, 0.2]","[u'blue', u'black', u'red']","[u'left', u'middle', u'right']","[0.8, 0.4, 0.2]","[u'low', u'medium', u'high']",black,50,middle,medium,True,False,132,1250,NA
AIIOT9A7ARQZW,Mon Dec 04 2017 06:31:45 GMT-0800 (Pacific Standard Time),Mon Dec 04 2017 06:40:32 GMT-0800 (Pacific Standard Time),"Mozilla/5.0 (Windows NT 10.0; Win64; x64) AppleWebKit/537.36 (KHTML, like Gecko) Chrome/62.0.3202.94 Safari/537.36",60,"[0.8, 0.4, 0.2]","[0.8, 0.4, 0.2]","[u'blue', u'black', u'red']","[u'left', u'middle', u'right']","[0.8, 0.4, 0.2]","[u'low', u'medium', u'high']",black,50,middle,medium,False,False,369,1200,NA
AIIOT9A7ARQZW,Mon Dec 04 2017 06:31:45 GMT-0800 (Pacific Standard Time),Mon Dec 04 2017 06:40:32 GMT-0800 (Pacific Standard Time),"Mozilla/5.0 (Windows NT 10.0; Win64; x64) AppleWebKit/537.36 (KHTML, like Gecko) Chrome/62.0.3202.94 Safari/537.36",61,"[0.8, 0.4, 0.2]","[0.8, 0.4, 0.2]","[u'blue', u'black', u'red']","[u'left', u'middle', u'right']","[0.8, 0.4, 0.2]","[u'low', u'medium', u'high']",blue,49,left,low,False,False,532,1150,NA
AIIOT9A7ARQZW,Mon Dec 04 2017 06:31:45 GMT-0800 (Pacific Standard Time),Mon Dec 04 2017 06:40:32 GMT-0800 (Pacific Standard Time),"Mozilla/5.0 (Windows NT 10.0; Win64; x64) AppleWebKit/537.36 (KHTML, like Gecko) Chrome/62.0.3202.94 Safari/537.36",62,"[0.8, 0.4, 0.2]","[0.8, 0.4, 0.2]","[u'blue', u'black', u'red']","[u'left', u'middle', u'right']","[0.8, 0.4, 0.2]","[u'low', u'medium', u'high']",blue,49,left,low,False,False,385,1100,NA
AIIOT9A7ARQZW,Mon Dec 04 2017 06:31:45 GMT-0800 (Pacific Standard Time),Mon Dec 04 2017 06:40:32 GMT-0800 (Pacific Standard Time),"Mozilla/5.0 (Windows NT 10.0; Win64; x64) AppleWebKit/537.36 (KHTML, like Gecko) Chrome/62.0.3202.94 Safari/537.36",63,"[0.8, 0.4, 0.2]","[0.8, 0.4, 0.2]","[u'blue', u'black', u'red']","[u'left', u'middle', u'right']","[0.8, 0.4, 0.2]","[u'low', u'medium', u'high']",blue,49,left,low,True,False,160,1200,NA
AIIOT9A7ARQZW,Mon Dec 04 2017 06:31:45 GMT-0800 (Pacific Standard Time),Mon Dec 04 2017 06:40:32 GMT-0800 (Pacific Standard Time),"Mozilla/5.0 (Windows NT 10.0; Win64; x64) AppleWebKit/537.36 (KHTML, like Gecko) Chrome/62.0.3202.94 Safari/537.36",64,"[0.8, 0.4, 0.2]","[0.8, 0.4, 0.2]","[u'blue', u'black', u'red']","[u'left', u'middle', u'right']","[0.8, 0.4, 0.2]","[u'low', u'medium', u'high']",blue,49,left,low,False,False,268,1150,NA
AIIOT9A7ARQZW,Mon Dec 04 2017 06:31:45 GMT-0800 (Pacific Standard Time),Mon Dec 04 2017 06:40:32 GMT-0800 (Pacific Standard Time),"Mozilla/5.0 (Windows NT 10.0; Win64; x64) AppleWebKit/537.36 (KHTML, like Gecko) Chrome/62.0.3202.94 Safari/537.36",65,"[0.8, 0.4, 0.2]","[0.8, 0.4, 0.2]","[u'blue', u'black', u'red']","[u'left', u'middle', u'right']","[0.8, 0.4, 0.2]","[u'low', u'medium', u'high']",red,51,right,high,False,False,338,1100,NA
AIIOT9A7ARQZW,Mon Dec 04 2017 06:31:45 GMT-0800 (Pacific Standard Time),Mon Dec 04 2017 06:40:32 GMT-0800 (Pacific Standard Time),"Mozilla/5.0 (Windows NT 10.0; Win64; x64) AppleWebKit/537.36 (KHTML, like Gecko) Chrome/62.0.3202.94 Safari/537.36",66,"[0.8, 0.4, 0.2]","[0.8, 0.4, 0.2]","[u'blue', u'black', u'red']","[u'left', u'middle', u'right']","[0.8, 0.4, 0.2]","[u'low', u'medium', u'high']",red,51,right,high,True,False,327,1200,NA
AIIOT9A7ARQZW,Mon Dec 04 2017 06:31:45 GMT-0800 (Pacific Standard Time),Mon Dec 04 2017 06:40:32 GMT-0800 (Pacific Standard Time),"Mozilla/5.0 (Windows NT 10.0; Win64; x64) AppleWebKit/537.36 (KHTML, like Gecko) Chrome/62.0.3202.94 Safari/537.36",67,"[0.8, 0.4, 0.2]","[0.8, 0.4, 0.2]","[u'blue', u'black', u'red']","[u'left', u'middle', u'right']","[0.8, 0.4, 0.2]","[u'low', u'medium', u'high']",red,51,right,high,False,False,348,1150,NA
AIIOT9A7ARQZW,Mon Dec 04 2017 06:31:45 GMT-0800 (Pacific Standard Time),Mon Dec 04 2017 06:40:32 GMT-0800 (Pacific Standard Time),"Mozilla/5.0 (Windows NT 10.0; Win64; x64) AppleWebKit/537.36 (KHTML, like Gecko) Chrome/62.0.3202.94 Safari/537.36",68,"[0.8, 0.4, 0.2]","[0.8, 0.4, 0.2]","[u'blue', u'black', u'red']","[u'left', u'middle', u'right']","[0.8, 0.4, 0.2]","[u'low', u'medium', u'high']",red,51,right,high,True,False,185,1250,NA
AIIOT9A7ARQZW,Mon Dec 04 2017 06:31:45 GMT-0800 (Pacific Standard Time),Mon Dec 04 2017 06:40:32 GMT-0800 (Pacific Standard Time),"Mozilla/5.0 (Windows NT 10.0; Win64; x64) AppleWebKit/537.36 (KHTML, like Gecko) Chrome/62.0.3202.94 Safari/537.36",69,"[0.8, 0.4, 0.2]","[0.8, 0.4, 0.2]","[u'blue', u'black', u'red']","[u'left', u'middle', u'right']","[0.8, 0.4, 0.2]","[u'low', u'medium', u'high']",red,51,right,high,True,False,398,1350,NA
AIIOT9A7ARQZW,Mon Dec 04 2017 06:31:45 GMT-0800 (Pacific Standard Time),Mon Dec 04 2017 06:40:32 GMT-0800 (Pacific Standard Time),"Mozilla/5.0 (Windows NT 10.0; Win64; x64) AppleWebKit/537.36 (KHTML, like Gecko) Chrome/62.0.3202.94 Safari/537.36",70,"[0.8, 0.4, 0.2]","[0.8, 0.4, 0.2]","[u'blue', u'black', u'red']","[u'left', u'middle', u'right']","[0.8, 0.4, 0.2]","[u'low', u'medium', u'high']",red,51,right,high,False,False,216,1300,NA
AIIOT9A7ARQZW,Mon Dec 04 2017 06:31:45 GMT-0800 (Pacific Standard Time),Mon Dec 04 2017 06:40:32 GMT-0800 (Pacific Standard Time),"Mozilla/5.0 (Windows NT 10.0; Win64; x64) AppleWebKit/537.36 (KHTML, like Gecko) Chrome/62.0.3202.94 Safari/537.36",71,"[0.8, 0.4, 0.2]","[0.8, 0.4, 0.2]","[u'blue', u'black', u'red']","[u'left', u'middle', u'right']","[0.8, 0.4, 0.2]","[u'low', u'medium', u'high']",red,51,right,high,True,False,468,1400,NA
AIIOT9A7ARQZW,Mon Dec 04 2017 06:31:45 GMT-0800 (Pacific Standard Time),Mon Dec 04 2017 06:40:32 GMT-0800 (Pacific Standard Time),"Mozilla/5.0 (Windows NT 10.0; Win64; x64) AppleWebKit/537.36 (KHTML, like Gecko) Chrome/62.0.3202.94 Safari/537.36",72,"[0.8, 0.4, 0.2]","[0.8, 0.4, 0.2]","[u'blue', u'black', u'red']","[u'left', u'middle', u'right']","[0.8, 0.4, 0.2]","[u'low', u'medium', u'high']",red,51,right,high,True,False,401,1500,NA
AIIOT9A7ARQZW,Mon Dec 04 2017 06:31:45 GMT-0800 (Pacific Standard Time),Mon Dec 04 2017 06:40:32 GMT-0800 (Pacific Standard Time),"Mozilla/5.0 (Windows NT 10.0; Win64; x64) AppleWebKit/537.36 (KHTML, like Gecko) Chrome/62.0.3202.94 Safari/537.36",73,"[0.8, 0.4, 0.2]","[0.8, 0.4, 0.2]","[u'blue', u'black', u'red']","[u'left', u'middle', u'right']","[0.8, 0.4, 0.2]","[u'low', u'medium', u'high']",red,51,right,high,True,True,369,1600,NA
AIIOT9A7ARQZW,Mon Dec 04 2017 06:31:45 GMT-0800 (Pacific Standard Time),Mon Dec 04 2017 06:40:32 GMT-0800 (Pacific Standard Time),"Mozilla/5.0 (Windows NT 10.0; Win64; x64) AppleWebKit/537.36 (KHTML, like Gecko) Chrome/62.0.3202.94 Safari/537.36",74,"[0.8, 0.4, 0.2]","[0.8, 0.4, 0.2]","[u'blue', u'black', u'red']","[u'left', u'middle', u'right']","[0.8, 0.4, 0.2]","[u'low', u'high', u'medium']",red,51,right,medium,False,False,459,1550,NA
AIIOT9A7ARQZW,Mon Dec 04 2017 06:31:45 GMT-0800 (Pacific Standard Time),Mon Dec 04 2017 06:40:32 GMT-0800 (Pacific Standard Time),"Mozilla/5.0 (Windows NT 10.0; Win64; x64) AppleWebKit/537.36 (KHTML, like Gecko) Chrome/62.0.3202.94 Safari/537.36",75,"[0.8, 0.4, 0.2]","[0.8, 0.4, 0.2]","[u'blue', u'black', u'red']","[u'left', u'middle', u'right']","[0.8, 0.4, 0.2]","[u'low', u'high', u'medium']",red,51,right,medium,False,False,269,1500,NA
AIIOT9A7ARQZW,Mon Dec 04 2017 06:31:45 GMT-0800 (Pacific Standard Time),Mon Dec 04 2017 06:40:32 GMT-0800 (Pacific Standard Time),"Mozilla/5.0 (Windows NT 10.0; Win64; x64) AppleWebKit/537.36 (KHTML, like Gecko) Chrome/62.0.3202.94 Safari/537.36",76,"[0.8, 0.4, 0.2]","[0.8, 0.4, 0.2]","[u'blue', u'black', u'red']","[u'left', u'middle', u'right']","[0.8, 0.4, 0.2]","[u'low', u'high', u'medium']",red,51,right,medium,True,False,67,1600,NA
AIIOT9A7ARQZW,Mon Dec 04 2017 06:31:45 GMT-0800 (Pacific Standard Time),Mon Dec 04 2017 06:40:32 GMT-0800 (Pacific Standard Time),"Mozilla/5.0 (Windows NT 10.0; Win64; x64) AppleWebKit/537.36 (KHTML, like Gecko) Chrome/62.0.3202.94 Safari/537.36",77,"[0.8, 0.4, 0.2]","[0.8, 0.4, 0.2]","[u'blue', u'black', u'red']","[u'left', u'middle', u'right']","[0.8, 0.4, 0.2]","[u'low', u'high', u'medium']",red,51,right,medium,False,False,365,1550,NA
AIIOT9A7ARQZW,Mon Dec 04 2017 06:31:45 GMT-0800 (Pacific Standard Time),Mon Dec 04 2017 06:40:32 GMT-0800 (Pacific Standard Time),"Mozilla/5.0 (Windows NT 10.0; Win64; x64) AppleWebKit/537.36 (KHTML, like Gecko) Chrome/62.0.3202.94 Safari/537.36",78,"[0.8, 0.4, 0.2]","[0.8, 0.4, 0.2]","[u'blue', u'black', u'red']","[u'left', u'middle', u'right']","[0.8, 0.4, 0.2]","[u'low', u'high', u'medium']",red,51,right,medium,True,False,334,1650,NA
AIIOT9A7ARQZW,Mon Dec 04 2017 06:31:45 GMT-0800 (Pacific Standard Time),Mon Dec 04 2017 06:40:32 GMT-0800 (Pacific Standard Time),"Mozilla/5.0 (Windows NT 10.0; Win64; x64) AppleWebKit/537.36 (KHTML, like Gecko) Chrome/62.0.3202.94 Safari/537.36",79,"[0.8, 0.4, 0.2]","[0.8, 0.4, 0.2]","[u'blue', u'black', u'red']","[u'left', u'middle', u'right']","[0.8, 0.4, 0.2]","[u'low', u'high', u'medium']",red,51,right,medium,True,False,353,1750,NA
AIIOT9A7ARQZW,Mon Dec 04 2017 06:31:45 GMT-0800 (Pacific Standard Time),Mon Dec 04 2017 06:40:32 GMT-0800 (Pacific Standard Time),"Mozilla/5.0 (Windows NT 10.0; Win64; x64) AppleWebKit/537.36 (KHTML, like Gecko) Chrome/62.0.3202.94 Safari/537.36",80,"[0.8, 0.4, 0.2]","[0.8, 0.4, 0.2]","[u'blue', u'black', u'red']","[u'left', u'middle', u'right']","[0.8, 0.4, 0.2]","[u'low', u'high', u'medium']",red,51,right,medium,False,False,382,1700,NA
AIIOT9A7ARQZW,Mon Dec 04 2017 06:31:45 GMT-0800 (Pacific Standard Time),Mon Dec 04 2017 06:40:32 GMT-0800 (Pacific Standard Time),"Mozilla/5.0 (Windows NT 10.0; Win64; x64) AppleWebKit/537.36 (KHTML, like Gecko) Chrome/62.0.3202.94 Safari/537.36",81,"[0.8, 0.4, 0.2]","[0.8, 0.4, 0.2]","[u'blue', u'black', u'red']","[u'left', u'middle', u'right']","[0.8, 0.4, 0.2]","[u'medium', u'low', u'high']",blue,49,left,medium,True,False,632,1800,NA
AIIOT9A7ARQZW,Mon Dec 04 2017 06:31:45 GMT-0800 (Pacific Standard Time),Mon Dec 04 2017 06:40:32 GMT-0800 (Pacific Standard Time),"Mozilla/5.0 (Windows NT 10.0; Win64; x64) AppleWebKit/537.36 (KHTML, like Gecko) Chrome/62.0.3202.94 Safari/537.36",82,"[0.8, 0.4, 0.2]","[0.8, 0.4, 0.2]","[u'blue', u'black', u'red']","[u'left', u'middle', u'right']","[0.8, 0.4, 0.2]","[u'medium', u'low', u'high']",blue,49,left,medium,False,False,307,1750,NA
AIIOT9A7ARQZW,Mon Dec 04 2017 06:31:45 GMT-0800 (Pacific Standard Time),Mon Dec 04 2017 06:40:32 GMT-0800 (Pacific Standard Time),"Mozilla/5.0 (Windows NT 10.0; Win64; x64) AppleWebKit/537.36 (KHTML, like Gecko) Chrome/62.0.3202.94 Safari/537.36",83,"[0.8, 0.4, 0.2]","[0.8, 0.4, 0.2]","[u'blue', u'black', u'red']","[u'left', u'middle', u'right']","[0.8, 0.4, 0.2]","[u'medium', u'low', u'high']",blue,49,left,medium,True,False,348,1850,NA
AIIOT9A7ARQZW,Mon Dec 04 2017 06:31:45 GMT-0800 (Pacific Standard Time),Mon Dec 04 2017 06:40:32 GMT-0800 (Pacific Standard Time),"Mozilla/5.0 (Windows NT 10.0; Win64; x64) AppleWebKit/537.36 (KHTML, like Gecko) Chrome/62.0.3202.94 Safari/537.36",84,"[0.8, 0.4, 0.2]","[0.8, 0.4, 0.2]","[u'blue', u'black', u'red']","[u'left', u'middle', u'right']","[0.8, 0.4, 0.2]","[u'medium', u'low', u'high']",blue,49,left,medium,False,False,340,1800,NA
AIIOT9A7ARQZW,Mon Dec 04 2017 06:31:45 GMT-0800 (Pacific Standard Time),Mon Dec 04 2017 06:40:32 GMT-0800 (Pacific Standard Time),"Mozilla/5.0 (Windows NT 10.0; Win64; x64) AppleWebKit/537.36 (KHTML, like Gecko) Chrome/62.0.3202.94 Safari/537.36",85,"[0.8, 0.4, 0.2]","[0.8, 0.4, 0.2]","[u'blue', u'black', u'red']","[u'left', u'middle', u'right']","[0.8, 0.4, 0.2]","[u'medium', u'low', u'high']",blue,49,left,medium,False,False,316,1750,NA
AIIOT9A7ARQZW,Mon Dec 04 2017 06:31:45 GMT-0800 (Pacific Standard Time),Mon Dec 04 2017 06:40:32 GMT-0800 (Pacific Standard Time),"Mozilla/5.0 (Windows NT 10.0; Win64; x64) AppleWebKit/537.36 (KHTML, like Gecko) Chrome/62.0.3202.94 Safari/537.36",86,"[0.8, 0.4, 0.2]","[0.8, 0.4, 0.2]","[u'blue', u'black', u'red']","[u'left', u'middle', u'right']","[0.8, 0.4, 0.2]","[u'medium', u'low', u'high']",black,50,middle,low,True,False,285,1850,NA
AIIOT9A7ARQZW,Mon Dec 04 2017 06:31:45 GMT-0800 (Pacific Standard Time),Mon Dec 04 2017 06:40:32 GMT-0800 (Pacific Standard Time),"Mozilla/5.0 (Windows NT 10.0; Win64; x64) AppleWebKit/537.36 (KHTML, like Gecko) Chrome/62.0.3202.94 Safari/537.36",87,"[0.8, 0.4, 0.2]","[0.8, 0.4, 0.2]","[u'blue', u'black', u'red']","[u'left', u'middle', u'right']","[0.8, 0.4, 0.2]","[u'medium', u'low', u'high']",black,50,middle,low,True,False,339,1950,NA
AIIOT9A7ARQZW,Mon Dec 04 2017 06:31:45 GMT-0800 (Pacific Standard Time),Mon Dec 04 2017 06:40:32 GMT-0800 (Pacific Standard Time),"Mozilla/5.0 (Windows NT 10.0; Win64; x64) AppleWebKit/537.36 (KHTML, like Gecko) Chrome/62.0.3202.94 Safari/537.36",88,"[0.8, 0.4, 0.2]","[0.8, 0.4, 0.2]","[u'blue', u'black', u'red']","[u'left', u'middle', u'right']","[0.8, 0.4, 0.2]","[u'medium', u'low', u'high']",black,50,middle,low,True,False,286,2050,NA
AIIOT9A7ARQZW,Mon Dec 04 2017 06:31:45 GMT-0800 (Pacific Standard Time),Mon Dec 04 2017 06:40:32 GMT-0800 (Pacific Standard Time),"Mozilla/5.0 (Windows NT 10.0; Win64; x64) AppleWebKit/537.36 (KHTML, like Gecko) Chrome/62.0.3202.94 Safari/537.36",89,"[0.8, 0.4, 0.2]","[0.8, 0.4, 0.2]","[u'blue', u'black', u'red']","[u'left', u'middle', u'right']","[0.8, 0.4, 0.2]","[u'medium', u'low', u'high']",black,50,middle,low,False,False,316,2000,NA
AIIOT9A7ARQZW,Mon Dec 04 2017 06:31:45 GMT-0800 (Pacific Standard Time),Mon Dec 04 2017 06:40:32 GMT-0800 (Pacific Standard Time),"Mozilla/5.0 (Windows NT 10.0; Win64; x64) AppleWebKit/537.36 (KHTML, like Gecko) Chrome/62.0.3202.94 Safari/537.36",90,"[0.8, 0.4, 0.2]","[0.8, 0.4, 0.2]","[u'blue', u'black', u'red']","[u'left', u'middle', u'right']","[0.8, 0.4, 0.2]","[u'medium', u'low', u'high']",black,50,middle,low,False,False,331,1950,NA
AIIOT9A7ARQZW,Mon Dec 04 2017 06:31:45 GMT-0800 (Pacific Standard Time),Mon Dec 04 2017 06:40:32 GMT-0800 (Pacific Standard Time),"Mozilla/5.0 (Windows NT 10.0; Win64; x64) AppleWebKit/537.36 (KHTML, like Gecko) Chrome/62.0.3202.94 Safari/537.36",91,"[0.8, 0.4, 0.2]","[0.8, 0.4, 0.2]","[u'blue', u'black', u'red']","[u'left', u'middle', u'right']","[0.8, 0.4, 0.2]","[u'medium', u'low', u'high']",black,50,middle,low,False,False,18,1900,NA
AIIOT9A7ARQZW,Mon Dec 04 2017 06:31:45 GMT-0800 (Pacific Standard Time),Mon Dec 04 2017 06:40:32 GMT-0800 (Pacific Standard Time),"Mozilla/5.0 (Windows NT 10.0; Win64; x64) AppleWebKit/537.36 (KHTML, like Gecko) Chrome/62.0.3202.94 Safari/537.36",92,"[0.8, 0.4, 0.2]","[0.8, 0.4, 0.2]","[u'blue', u'black', u'red']","[u'left', u'middle', u'right']","[0.8, 0.4, 0.2]","[u'medium', u'low', u'high']",black,50,middle,low,True,False,363,2000,NA
AIIOT9A7ARQZW,Mon Dec 04 2017 06:31:45 GMT-0800 (Pacific Standard Time),Mon Dec 04 2017 06:40:32 GMT-0800 (Pacific Standard Time),"Mozilla/5.0 (Windows NT 10.0; Win64; x64) AppleWebKit/537.36 (KHTML, like Gecko) Chrome/62.0.3202.94 Safari/537.36",93,"[0.8, 0.4, 0.2]","[0.8, 0.4, 0.2]","[u'blue', u'black', u'red']","[u'left', u'middle', u'right']","[0.8, 0.4, 0.2]","[u'medium', u'low', u'high']",black,50,middle,low,False,False,285,1950,NA
AIIOT9A7ARQZW,Mon Dec 04 2017 06:31:45 GMT-0800 (Pacific Standard Time),Mon Dec 04 2017 06:40:32 GMT-0800 (Pacific Standard Time),"Mozilla/5.0 (Windows NT 10.0; Win64; x64) AppleWebKit/537.36 (KHTML, like Gecko) Chrome/62.0.3202.94 Safari/537.36",94,"[0.8, 0.4, 0.2]","[0.8, 0.4, 0.2]","[u'blue', u'black', u'red']","[u'left', u'middle', u'right']","[0.8, 0.4, 0.2]","[u'medium', u'low', u'high']",red,51,right,high,True,False,368,2050,NA
AIIOT9A7ARQZW,Mon Dec 04 2017 06:31:45 GMT-0800 (Pacific Standard Time),Mon Dec 04 2017 06:40:32 GMT-0800 (Pacific Standard Time),"Mozilla/5.0 (Windows NT 10.0; Win64; x64) AppleWebKit/537.36 (KHTML, like Gecko) Chrome/62.0.3202.94 Safari/537.36",95,"[0.8, 0.4, 0.2]","[0.8, 0.4, 0.2]","[u'blue', u'black', u'red']","[u'left', u'middle', u'right']","[0.8, 0.4, 0.2]","[u'medium', u'low', u'high']",red,51,right,high,False,False,385,2000,NA
AIIOT9A7ARQZW,Mon Dec 04 2017 06:31:45 GMT-0800 (Pacific Standard Time),Mon Dec 04 2017 06:40:32 GMT-0800 (Pacific Standard Time),"Mozilla/5.0 (Windows NT 10.0; Win64; x64) AppleWebKit/537.36 (KHTML, like Gecko) Chrome/62.0.3202.94 Safari/537.36",96,"[0.8, 0.4, 0.2]","[0.8, 0.4, 0.2]","[u'blue', u'black', u'red']","[u'left', u'middle', u'right']","[0.8, 0.4, 0.2]","[u'medium', u'low', u'high']",red,51,right,high,False,False,242,1950,NA
AIIOT9A7ARQZW,Mon Dec 04 2017 06:31:45 GMT-0800 (Pacific Standard Time),Mon Dec 04 2017 06:40:32 GMT-0800 (Pacific Standard Time),"Mozilla/5.0 (Windows NT 10.0; Win64; x64) AppleWebKit/537.36 (KHTML, like Gecko) Chrome/62.0.3202.94 Safari/537.36",97,"[0.8, 0.4, 0.2]","[0.8, 0.4, 0.2]","[u'blue', u'black', u'red']","[u'left', u'middle', u'right']","[0.8, 0.4, 0.2]","[u'medium', u'low', u'high']",red,51,right,high,True,False,195,2050,NA
AIIOT9A7ARQZW,Mon Dec 04 2017 06:31:45 GMT-0800 (Pacific Standard Time),Mon Dec 04 2017 06:40:32 GMT-0800 (Pacific Standard Time),"Mozilla/5.0 (Windows NT 10.0; Win64; x64) AppleWebKit/537.36 (KHTML, like Gecko) Chrome/62.0.3202.94 Safari/537.36",98,"[0.8, 0.4, 0.2]","[0.8, 0.4, 0.2]","[u'blue', u'black', u'red']","[u'left', u'middle', u'right']","[0.8, 0.4, 0.2]","[u'medium', u'low', u'high']",red,51,right,high,True,False,323,2150,NA
AIIOT9A7ARQZW,Mon Dec 04 2017 06:31:45 GMT-0800 (Pacific Standard Time),Mon Dec 04 2017 06:40:32 GMT-0800 (Pacific Standard Time),"Mozilla/5.0 (Windows NT 10.0; Win64; x64) AppleWebKit/537.36 (KHTML, like Gecko) Chrome/62.0.3202.94 Safari/537.36",99,"[0.8, 0.4, 0.2]","[0.8, 0.4, 0.2]","[u'blue', u'black', u'red']","[u'left', u'middle', u'right']","[0.8, 0.4, 0.2]","[u'medium', u'low', u'high']",red,51,right,high,False,False,347,2100,NA
AIIOT9A7ARQZW,Mon Dec 04 2017 06:31:45 GMT-0800 (Pacific Standard Time),Mon Dec 04 2017 06:40:32 GMT-0800 (Pacific Standard Time),"Mozilla/5.0 (Windows NT 10.0; Win64; x64) AppleWebKit/537.36 (KHTML, like Gecko) Chrome/62.0.3202.94 Safari/537.36",100,"[0.8, 0.4, 0.2]","[0.8, 0.4, 0.2]","[u'blue', u'black', u'red']","[u'left', u'middle', u'right']","[0.8, 0.4, 0.2]","[u'medium', u'low', u'high']",red,51,right,high,True,False,287,2200,NA
AIIOT9A7ARQZW,Mon Dec 04 2017 06:31:45 GMT-0800 (Pacific Standard Time),Mon Dec 04 2017 06:40:32 GMT-0800 (Pacific Standard Time),"Mozilla/5.0 (Windows NT 10.0; Win64; x64) AppleWebKit/537.36 (KHTML, like Gecko) Chrome/62.0.3202.94 Safari/537.36",101,"[0.8, 0.4, 0.2]","[0.8, 0.4, 0.2]","[u'blue', u'black', u'red']","[u'left', u'middle', u'right']","[0.8, 0.4, 0.2]","[u'medium', u'low', u'high']",red,51,right,high,False,False,384,2150,NA
AIIOT9A7ARQZW,Mon Dec 04 2017 06:31:45 GMT-0800 (Pacific Standard Time),Mon Dec 04 2017 06:40:32 GMT-0800 (Pacific Standard Time),"Mozilla/5.0 (Windows NT 10.0; Win64; x64) AppleWebKit/537.36 (KHTML, like Gecko) Chrome/62.0.3202.94 Safari/537.36",102,"[0.8, 0.4, 0.2]","[0.8, 0.4, 0.2]","[u'blue', u'black', u'red']","[u'left', u'middle', u'right']","[0.8, 0.4, 0.2]","[u'medium', u'low', u'high']",red,51,right,high,True,True,354,2250,NA
AIIOT9A7ARQZW,Mon Dec 04 2017 06:31:45 GMT-0800 (Pacific Standard Time),Mon Dec 04 2017 06:40:32 GMT-0800 (Pacific Standard Time),"Mozilla/5.0 (Windows NT 10.0; Win64; x64) AppleWebKit/537.36 (KHTML, like Gecko) Chrome/62.0.3202.94 Safari/537.36",103,"[0.8, 0.4, 0.2]","[0.8, 0.4, 0.2]","[u'blue', u'black', u'red']","[u'left', u'middle', u'right']","[0.8, 0.4, 0.2]","[u'high', u'medium', u'low']",red,51,right,low,False,False,316,2200,NA
AIIOT9A7ARQZW,Mon Dec 04 2017 06:31:45 GMT-0800 (Pacific Standard Time),Mon Dec 04 2017 06:40:32 GMT-0800 (Pacific Standard Time),"Mozilla/5.0 (Windows NT 10.0; Win64; x64) AppleWebKit/537.36 (KHTML, like Gecko) Chrome/62.0.3202.94 Safari/537.36",104,"[0.8, 0.4, 0.2]","[0.8, 0.4, 0.2]","[u'blue', u'black', u'red']","[u'left', u'middle', u'right']","[0.8, 0.4, 0.2]","[u'high', u'medium', u'low']",red,51,right,low,False,False,737,2150,NA
AIIOT9A7ARQZW,Mon Dec 04 2017 06:31:45 GMT-0800 (Pacific Standard Time),Mon Dec 04 2017 06:40:32 GMT-0800 (Pacific Standard Time),"Mozilla/5.0 (Windows NT 10.0; Win64; x64) AppleWebKit/537.36 (KHTML, like Gecko) Chrome/62.0.3202.94 Safari/537.36",105,"[0.8, 0.4, 0.2]","[0.8, 0.4, 0.2]","[u'blue', u'black', u'red']","[u'left', u'middle', u'right']","[0.8, 0.4, 0.2]","[u'high', u'medium', u'low']",red,51,right,low,True,False,501,2250,NA
AIIOT9A7ARQZW,Mon Dec 04 2017 06:31:45 GMT-0800 (Pacific Standard Time),Mon Dec 04 2017 06:40:32 GMT-0800 (Pacific Standard Time),"Mozilla/5.0 (Windows NT 10.0; Win64; x64) AppleWebKit/537.36 (KHTML, like Gecko) Chrome/62.0.3202.94 Safari/537.36",106,"[0.8, 0.4, 0.2]","[0.8, 0.4, 0.2]","[u'blue', u'black', u'red']","[u'left', u'middle', u'right']","[0.8, 0.4, 0.2]","[u'high', u'medium', u'low']",red,51,right,low,False,False,377,2200,NA
AIIOT9A7ARQZW,Mon Dec 04 2017 06:31:45 GMT-0800 (Pacific Standard Time),Mon Dec 04 2017 06:40:32 GMT-0800 (Pacific Standard Time),"Mozilla/5.0 (Windows NT 10.0; Win64; x64) AppleWebKit/537.36 (KHTML, like Gecko) Chrome/62.0.3202.94 Safari/537.36",107,"[0.8, 0.4, 0.2]","[0.8, 0.4, 0.2]","[u'blue', u'black', u'red']","[u'left', u'middle', u'right']","[0.8, 0.4, 0.2]","[u'high', u'medium', u'low']",blue,49,left,high,True,False,284,2300,NA
AIIOT9A7ARQZW,Mon Dec 04 2017 06:31:45 GMT-0800 (Pacific Standard Time),Mon Dec 04 2017 06:40:32 GMT-0800 (Pacific Standard Time),"Mozilla/5.0 (Windows NT 10.0; Win64; x64) AppleWebKit/537.36 (KHTML, like Gecko) Chrome/62.0.3202.94 Safari/537.36",108,"[0.8, 0.4, 0.2]","[0.8, 0.4, 0.2]","[u'blue', u'black', u'red']","[u'left', u'middle', u'right']","[0.8, 0.4, 0.2]","[u'high', u'medium', u'low']",blue,49,left,high,True,False,439,2400,NA
AIIOT9A7ARQZW,Mon Dec 04 2017 06:31:45 GMT-0800 (Pacific Standard Time),Mon Dec 04 2017 06:40:32 GMT-0800 (Pacific Standard Time),"Mozilla/5.0 (Windows NT 10.0; Win64; x64) AppleWebKit/537.36 (KHTML, like Gecko) Chrome/62.0.3202.94 Safari/537.36",109,"[0.8, 0.4, 0.2]","[0.8, 0.4, 0.2]","[u'blue', u'black', u'red']","[u'left', u'middle', u'right']","[0.8, 0.4, 0.2]","[u'high', u'medium', u'low']",blue,49,left,high,True,False,340,2500,NA
AIIOT9A7ARQZW,Mon Dec 04 2017 06:31:45 GMT-0800 (Pacific Standard Time),Mon Dec 04 2017 06:40:32 GMT-0800 (Pacific Standard Time),"Mozilla/5.0 (Windows NT 10.0; Win64; x64) AppleWebKit/537.36 (KHTML, like Gecko) Chrome/62.0.3202.94 Safari/537.36",110,"[0.8, 0.4, 0.2]","[0.8, 0.4, 0.2]","[u'blue', u'black', u'red']","[u'left', u'middle', u'right']","[0.8, 0.4, 0.2]","[u'high', u'medium', u'low']",blue,49,left,high,True,False,273,2600,NA
AIIOT9A7ARQZW,Mon Dec 04 2017 06:31:45 GMT-0800 (Pacific Standard Time),Mon Dec 04 2017 06:40:32 GMT-0800 (Pacific Standard Time),"Mozilla/5.0 (Windows NT 10.0; Win64; x64) AppleWebKit/537.36 (KHTML, like Gecko) Chrome/62.0.3202.94 Safari/537.36",111,"[0.8, 0.4, 0.2]","[0.8, 0.4, 0.2]","[u'blue', u'black', u'red']","[u'left', u'middle', u'right']","[0.8, 0.4, 0.2]","[u'high', u'medium', u'low']",blue,49,left,high,True,False,347,2700,NA
AIIOT9A7ARQZW,Mon Dec 04 2017 06:31:45 GMT-0800 (Pacific Standard Time),Mon Dec 04 2017 06:40:32 GMT-0800 (Pacific Standard Time),"Mozilla/5.0 (Windows NT 10.0; Win64; x64) AppleWebKit/537.36 (KHTML, like Gecko) Chrome/62.0.3202.94 Safari/537.36",112,"[0.8, 0.4, 0.2]","[0.8, 0.4, 0.2]","[u'blue', u'black', u'red']","[u'left', u'middle', u'right']","[0.8, 0.4, 0.2]","[u'high', u'medium', u'low']",blue,49,left,high,False,False,300,2650,NA
AIIOT9A7ARQZW,Mon Dec 04 2017 06:31:45 GMT-0800 (Pacific Standard Time),Mon Dec 04 2017 06:40:32 GMT-0800 (Pacific Standard Time),"Mozilla/5.0 (Windows NT 10.0; Win64; x64) AppleWebKit/537.36 (KHTML, like Gecko) Chrome/62.0.3202.94 Safari/537.36",113,"[0.8, 0.4, 0.2]","[0.8, 0.4, 0.2]","[u'blue', u'black', u'red']","[u'left', u'middle', u'right']","[0.8, 0.4, 0.2]","[u'high', u'medium', u'low']",blue,49,left,high,True,False,253,2750,NA
AIIOT9A7ARQZW,Mon Dec 04 2017 06:31:45 GMT-0800 (Pacific Standard Time),Mon Dec 04 2017 06:40:32 GMT-0800 (Pacific Standard Time),"Mozilla/5.0 (Windows NT 10.0; Win64; x64) AppleWebKit/537.36 (KHTML, like Gecko) Chrome/62.0.3202.94 Safari/537.36",114,"[0.8, 0.4, 0.2]","[0.8, 0.4, 0.2]","[u'blue', u'black', u'red']","[u'left', u'middle', u'right']","[0.8, 0.4, 0.2]","[u'high', u'medium', u'low']",blue,49,left,high,True,False,339,2850,NA
AIIOT9A7ARQZW,Mon Dec 04 2017 06:31:45 GMT-0800 (Pacific Standard Time),Mon Dec 04 2017 06:40:32 GMT-0800 (Pacific Standard Time),"Mozilla/5.0 (Windows NT 10.0; Win64; x64) AppleWebKit/537.36 (KHTML, like Gecko) Chrome/62.0.3202.94 Safari/537.36",115,"[0.8, 0.4, 0.2]","[0.8, 0.4, 0.2]","[u'blue', u'black', u'red']","[u'left', u'middle', u'right']","[0.8, 0.4, 0.2]","[u'high', u'medium', u'low']",blue,49,left,high,True,True,331,2950,NA
AIIOT9A7ARQZW,Mon Dec 04 2017 06:31:45 GMT-0800 (Pacific Standard Time),Mon Dec 04 2017 06:40:32 GMT-0800 (Pacific Standard Time),"Mozilla/5.0 (Windows NT 10.0; Win64; x64) AppleWebKit/537.36 (KHTML, like Gecko) Chrome/62.0.3202.94 Safari/537.36",116,"[0.8, 0.4, 0.2]","[0.8, 0.4, 0.2]","[u'blue', u'black', u'red']","[u'left', u'middle', u'right']","[0.8, 0.4, 0.2]","[u'low', u'high', u'medium']",blue,49,left,low,True,False,301,3050,NA
AIIOT9A7ARQZW,Mon Dec 04 2017 06:31:45 GMT-0800 (Pacific Standard Time),Mon Dec 04 2017 06:40:32 GMT-0800 (Pacific Standard Time),"Mozilla/5.0 (Windows NT 10.0; Win64; x64) AppleWebKit/537.36 (KHTML, like Gecko) Chrome/62.0.3202.94 Safari/537.36",117,"[0.8, 0.4, 0.2]","[0.8, 0.4, 0.2]","[u'blue', u'black', u'red']","[u'left', u'middle', u'right']","[0.8, 0.4, 0.2]","[u'low', u'high', u'medium']",blue,49,left,low,False,False,369,3000,NA
AIIOT9A7ARQZW,Mon Dec 04 2017 06:31:45 GMT-0800 (Pacific Standard Time),Mon Dec 04 2017 06:40:32 GMT-0800 (Pacific Standard Time),"Mozilla/5.0 (Windows NT 10.0; Win64; x64) AppleWebKit/537.36 (KHTML, like Gecko) Chrome/62.0.3202.94 Safari/537.36",118,"[0.8, 0.4, 0.2]","[0.8, 0.4, 0.2]","[u'blue', u'black', u'red']","[u'left', u'middle', u'right']","[0.8, 0.4, 0.2]","[u'low', u'high', u'medium']",blue,49,left,low,False,False,253,2950,NA
AIIOT9A7ARQZW,Mon Dec 04 2017 06:31:45 GMT-0800 (Pacific Standard Time),Mon Dec 04 2017 06:40:32 GMT-0800 (Pacific Standard Time),"Mozilla/5.0 (Windows NT 10.0; Win64; x64) AppleWebKit/537.36 (KHTML, like Gecko) Chrome/62.0.3202.94 Safari/537.36",119,"[0.8, 0.4, 0.2]","[0.8, 0.4, 0.2]","[u'blue', u'black', u'red']","[u'left', u'middle', u'right']","[0.8, 0.4, 0.2]","[u'low', u'high', u'medium']",blue,49,left,low,False,False,416,2900,NA
AIIOT9A7ARQZW,Mon Dec 04 2017 06:31:45 GMT-0800 (Pacific Standard Time),Mon Dec 04 2017 06:40:32 GMT-0800 (Pacific Standard Time),"Mozilla/5.0 (Windows NT 10.0; Win64; x64) AppleWebKit/537.36 (KHTML, like Gecko) Chrome/62.0.3202.94 Safari/537.36",120,"[0.8, 0.4, 0.2]","[0.8, 0.4, 0.2]","[u'blue', u'black', u'red']","[u'left', u'middle', u'right']","[0.8, 0.4, 0.2]","[u'low', u'high', u'medium']",black,50,middle,high,False,False,270,2850,NA
AIIOT9A7ARQZW,Mon Dec 04 2017 06:31:45 GMT-0800 (Pacific Standard Time),Mon Dec 04 2017 06:40:32 GMT-0800 (Pacific Standard Time),"Mozilla/5.0 (Windows NT 10.0; Win64; x64) AppleWebKit/537.36 (KHTML, like Gecko) Chrome/62.0.3202.94 Safari/537.36",121,"[0.8, 0.4, 0.2]","[0.8, 0.4, 0.2]","[u'blue', u'black', u'red']","[u'left', u'middle', u'right']","[0.8, 0.4, 0.2]","[u'high', u'medium', u'low']",blue,49,left,high,True,False,452,2950,NA
AIIOT9A7ARQZW,Mon Dec 04 2017 06:31:45 GMT-0800 (Pacific Standard Time),Mon Dec 04 2017 06:40:32 GMT-0800 (Pacific Standard Time),"Mozilla/5.0 (Windows NT 10.0; Win64; x64) AppleWebKit/537.36 (KHTML, like Gecko) Chrome/62.0.3202.94 Safari/537.36",122,"[0.8, 0.4, 0.2]","[0.8, 0.4, 0.2]","[u'blue', u'black', u'red']","[u'left', u'middle', u'right']","[0.8, 0.4, 0.2]","[u'high', u'medium', u'low']",blue,49,left,high,True,False,307,3050,NA
AIIOT9A7ARQZW,Mon Dec 04 2017 06:31:45 GMT-0800 (Pacific Standard Time),Mon Dec 04 2017 06:40:32 GMT-0800 (Pacific Standard Time),"Mozilla/5.0 (Windows NT 10.0; Win64; x64) AppleWebKit/537.36 (KHTML, like Gecko) Chrome/62.0.3202.94 Safari/537.36",123,"[0.8, 0.4, 0.2]","[0.8, 0.4, 0.2]","[u'blue', u'black', u'red']","[u'left', u'middle', u'right']","[0.8, 0.4, 0.2]","[u'high', u'medium', u'low']",blue,49,left,high,True,False,147,3150,NA
AIIOT9A7ARQZW,Mon Dec 04 2017 06:31:45 GMT-0800 (Pacific Standard Time),Mon Dec 04 2017 06:40:32 GMT-0800 (Pacific Standard Time),"Mozilla/5.0 (Windows NT 10.0; Win64; x64) AppleWebKit/537.36 (KHTML, like Gecko) Chrome/62.0.3202.94 Safari/537.36",124,"[0.8, 0.4, 0.2]","[0.8, 0.4, 0.2]","[u'blue', u'black', u'red']","[u'left', u'middle', u'right']","[0.8, 0.4, 0.2]","[u'high', u'medium', u'low']",blue,49,left,high,True,False,428,3250,NA
AIIOT9A7ARQZW,Mon Dec 04 2017 06:31:45 GMT-0800 (Pacific Standard Time),Mon Dec 04 2017 06:40:32 GMT-0800 (Pacific Standard Time),"Mozilla/5.0 (Windows NT 10.0; Win64; x64) AppleWebKit/537.36 (KHTML, like Gecko) Chrome/62.0.3202.94 Safari/537.36",125,"[0.8, 0.4, 0.2]","[0.8, 0.4, 0.2]","[u'blue', u'black', u'red']","[u'left', u'middle', u'right']","[0.8, 0.4, 0.2]","[u'high', u'medium', u'low']",blue,49,left,high,True,False,354,3350,NA
AIIOT9A7ARQZW,Mon Dec 04 2017 06:31:45 GMT-0800 (Pacific Standard Time),Mon Dec 04 2017 06:40:32 GMT-0800 (Pacific Standard Time),"Mozilla/5.0 (Windows NT 10.0; Win64; x64) AppleWebKit/537.36 (KHTML, like Gecko) Chrome/62.0.3202.94 Safari/537.36",126,"[0.8, 0.4, 0.2]","[0.8, 0.4, 0.2]","[u'blue', u'black', u'red']","[u'left', u'middle', u'right']","[0.8, 0.4, 0.2]","[u'high', u'medium', u'low']",blue,49,left,high,True,False,390,3450,NA
AIIOT9A7ARQZW,Mon Dec 04 2017 06:31:45 GMT-0800 (Pacific Standard Time),Mon Dec 04 2017 06:40:32 GMT-0800 (Pacific Standard Time),"Mozilla/5.0 (Windows NT 10.0; Win64; x64) AppleWebKit/537.36 (KHTML, like Gecko) Chrome/62.0.3202.94 Safari/537.36",127,"[0.8, 0.4, 0.2]","[0.8, 0.4, 0.2]","[u'blue', u'black', u'red']","[u'left', u'middle', u'right']","[0.8, 0.4, 0.2]","[u'high', u'medium', u'low']",blue,49,left,high,False,False,336,3400,NA
AIIOT9A7ARQZW,Mon Dec 04 2017 06:31:45 GMT-0800 (Pacific Standard Time),Mon Dec 04 2017 06:40:32 GMT-0800 (Pacific Standard Time),"Mozilla/5.0 (Windows NT 10.0; Win64; x64) AppleWebKit/537.36 (KHTML, like Gecko) Chrome/62.0.3202.94 Safari/537.36",128,"[0.8, 0.4, 0.2]","[0.8, 0.4, 0.2]","[u'blue', u'black', u'red']","[u'left', u'middle', u'right']","[0.8, 0.4, 0.2]","[u'high', u'medium', u'low']",blue,49,left,high,False,False,254,3350,NA
AIIOT9A7ARQZW,Mon Dec 04 2017 06:31:45 GMT-0800 (Pacific Standard Time),Mon Dec 04 2017 06:40:32 GMT-0800 (Pacific Standard Time),"Mozilla/5.0 (Windows NT 10.0; Win64; x64) AppleWebKit/537.36 (KHTML, like Gecko) Chrome/62.0.3202.94 Safari/537.36",129,"[0.8, 0.4, 0.2]","[0.8, 0.4, 0.2]","[u'blue', u'black', u'red']","[u'left', u'middle', u'right']","[0.8, 0.4, 0.2]","[u'high', u'medium', u'low']",blue,49,left,high,True,True,516,3450,NA
AIIOT9A7ARQZW,Mon Dec 04 2017 06:31:45 GMT-0800 (Pacific Standard Time),Mon Dec 04 2017 06:40:32 GMT-0800 (Pacific Standard Time),"Mozilla/5.0 (Windows NT 10.0; Win64; x64) AppleWebKit/537.36 (KHTML, like Gecko) Chrome/62.0.3202.94 Safari/537.36",130,"[0.8, 0.4, 0.2]","[0.8, 0.4, 0.2]","[u'blue', u'black', u'red']","[u'left', u'middle', u'right']","[0.8, 0.4, 0.2]","[u'low', u'high', u'medium']",blue,49,left,low,False,False,363,3400,NA
AIIOT9A7ARQZW,Mon Dec 04 2017 06:31:45 GMT-0800 (Pacific Standard Time),Mon Dec 04 2017 06:40:32 GMT-0800 (Pacific Standard Time),"Mozilla/5.0 (Windows NT 10.0; Win64; x64) AppleWebKit/537.36 (KHTML, like Gecko) Chrome/62.0.3202.94 Safari/537.36",131,"[0.8, 0.4, 0.2]","[0.8, 0.4, 0.2]","[u'blue', u'black', u'red']","[u'left', u'middle', u'right']","[0.8, 0.4, 0.2]","[u'low', u'high', u'medium']",blue,49,left,low,False,False,335,3350,NA
AIIOT9A7ARQZW,Mon Dec 04 2017 06:31:45 GMT-0800 (Pacific Standard Time),Mon Dec 04 2017 06:40:32 GMT-0800 (Pacific Standard Time),"Mozilla/5.0 (Windows NT 10.0; Win64; x64) AppleWebKit/537.36 (KHTML, like Gecko) Chrome/62.0.3202.94 Safari/537.36",132,"[0.8, 0.4, 0.2]","[0.8, 0.4, 0.2]","[u'blue', u'black', u'red']","[u'left', u'middle', u'right']","[0.8, 0.4, 0.2]","[u'low', u'high', u'medium']",black,50,middle,high,False,False,331,3300,NA
AIIOT9A7ARQZW,Mon Dec 04 2017 06:31:45 GMT-0800 (Pacific Standard Time),Mon Dec 04 2017 06:40:32 GMT-0800 (Pacific Standard Time),"Mozilla/5.0 (Windows NT 10.0; Win64; x64) AppleWebKit/537.36 (KHTML, like Gecko) Chrome/62.0.3202.94 Safari/537.36",133,"[0.8, 0.4, 0.2]","[0.8, 0.4, 0.2]","[u'blue', u'black', u'red']","[u'left', u'middle', u'right']","[0.8, 0.4, 0.2]","[u'low', u'high', u'medium']",black,50,middle,high,True,False,259,3400,NA
AIIOT9A7ARQZW,Mon Dec 04 2017 06:31:45 GMT-0800 (Pacific Standard Time),Mon Dec 04 2017 06:40:32 GMT-0800 (Pacific Standard Time),"Mozilla/5.0 (Windows NT 10.0; Win64; x64) AppleWebKit/537.36 (KHTML, like Gecko) Chrome/62.0.3202.94 Safari/537.36",134,"[0.8, 0.4, 0.2]","[0.8, 0.4, 0.2]","[u'blue', u'black', u'red']","[u'left', u'middle', u'right']","[0.8, 0.4, 0.2]","[u'low', u'high', u'medium']",black,50,middle,high,True,False,350,3500,NA
AIIOT9A7ARQZW,Mon Dec 04 2017 06:31:45 GMT-0800 (Pacific Standard Time),Mon Dec 04 2017 06:40:32 GMT-0800 (Pacific Standard Time),"Mozilla/5.0 (Windows NT 10.0; Win64; x64) AppleWebKit/537.36 (KHTML, like Gecko) Chrome/62.0.3202.94 Safari/537.36",135,"[0.8, 0.4, 0.2]","[0.8, 0.4, 0.2]","[u'blue', u'black', u'red']","[u'left', u'middle', u'right']","[0.8, 0.4, 0.2]","[u'low', u'high', u'medium']",black,50,middle,high,False,False,284,3450,NA
AIIOT9A7ARQZW,Mon Dec 04 2017 06:31:45 GMT-0800 (Pacific Standard Time),Mon Dec 04 2017 06:40:32 GMT-0800 (Pacific Standard Time),"Mozilla/5.0 (Windows NT 10.0; Win64; x64) AppleWebKit/537.36 (KHTML, like Gecko) Chrome/62.0.3202.94 Safari/537.36",136,"[0.8, 0.4, 0.2]","[0.8, 0.4, 0.2]","[u'blue', u'black', u'red']","[u'left', u'middle', u'right']","[0.8, 0.4, 0.2]","[u'low', u'high', u'medium']",black,50,middle,high,True,False,285,3550,NA
AIIOT9A7ARQZW,Mon Dec 04 2017 06:31:45 GMT-0800 (Pacific Standard Time),Mon Dec 04 2017 06:40:32 GMT-0800 (Pacific Standard Time),"Mozilla/5.0 (Windows NT 10.0; Win64; x64) AppleWebKit/537.36 (KHTML, like Gecko) Chrome/62.0.3202.94 Safari/537.36",137,"[0.8, 0.4, 0.2]","[0.8, 0.4, 0.2]","[u'blue', u'black', u'red']","[u'left', u'middle', u'right']","[0.8, 0.4, 0.2]","[u'low', u'high', u'medium']",black,50,middle,high,True,False,315,3650,NA
AIIOT9A7ARQZW,Mon Dec 04 2017 06:31:45 GMT-0800 (Pacific Standard Time),Mon Dec 04 2017 06:40:32 GMT-0800 (Pacific Standard Time),"Mozilla/5.0 (Windows NT 10.0; Win64; x64) AppleWebKit/537.36 (KHTML, like Gecko) Chrome/62.0.3202.94 Safari/537.36",138,"[0.8, 0.4, 0.2]","[0.8, 0.4, 0.2]","[u'blue', u'black', u'red']","[u'left', u'middle', u'right']","[0.8, 0.4, 0.2]","[u'low', u'high', u'medium']",black,50,middle,high,False,False,290,3600,NA
AIIOT9A7ARQZW,Mon Dec 04 2017 06:31:45 GMT-0800 (Pacific Standard Time),Mon Dec 04 2017 06:40:32 GMT-0800 (Pacific Standard Time),"Mozilla/5.0 (Windows NT 10.0; Win64; x64) AppleWebKit/537.36 (KHTML, like Gecko) Chrome/62.0.3202.94 Safari/537.36",139,"[0.8, 0.4, 0.2]","[0.8, 0.4, 0.2]","[u'blue', u'black', u'red']","[u'left', u'middle', u'right']","[0.8, 0.4, 0.2]","[u'low', u'high', u'medium']",black,50,middle,high,True,False,222,3700,NA
AIIOT9A7ARQZW,Mon Dec 04 2017 06:31:45 GMT-0800 (Pacific Standard Time),Mon Dec 04 2017 06:40:32 GMT-0800 (Pacific Standard Time),"Mozilla/5.0 (Windows NT 10.0; Win64; x64) AppleWebKit/537.36 (KHTML, like Gecko) Chrome/62.0.3202.94 Safari/537.36",140,"[0.8, 0.4, 0.2]","[0.8, 0.4, 0.2]","[u'blue', u'black', u'red']","[u'left', u'middle', u'right']","[0.8, 0.4, 0.2]","[u'low', u'high', u'medium']",black,50,middle,high,True,True,380,3800,NA
AIIOT9A7ARQZW,Mon Dec 04 2017 06:31:45 GMT-0800 (Pacific Standard Time),Mon Dec 04 2017 06:40:32 GMT-0800 (Pacific Standard Time),"Mozilla/5.0 (Windows NT 10.0; Win64; x64) AppleWebKit/537.36 (KHTML, like Gecko) Chrome/62.0.3202.94 Safari/537.36",141,"[0.8, 0.4, 0.2]","[0.8, 0.4, 0.2]","[u'blue', u'black', u'red']","[u'left', u'middle', u'right']","[0.8, 0.4, 0.2]","[u'low', u'medium', u'high']",black,50,middle,medium,False,False,286,3750,NA
AIIOT9A7ARQZW,Mon Dec 04 2017 06:31:45 GMT-0800 (Pacific Standard Time),Mon Dec 04 2017 06:40:32 GMT-0800 (Pacific Standard Time),"Mozilla/5.0 (Windows NT 10.0; Win64; x64) AppleWebKit/537.36 (KHTML, like Gecko) Chrome/62.0.3202.94 Safari/537.36",142,"[0.8, 0.4, 0.2]","[0.8, 0.4, 0.2]","[u'blue', u'black', u'red']","[u'left', u'middle', u'right']","[0.8, 0.4, 0.2]","[u'low', u'medium', u'high']",black,50,middle,medium,False,False,469,3700,NA
AIIOT9A7ARQZW,Mon Dec 04 2017 06:31:45 GMT-0800 (Pacific Standard Time),Mon Dec 04 2017 06:40:32 GMT-0800 (Pacific Standard Time),"Mozilla/5.0 (Windows NT 10.0; Win64; x64) AppleWebKit/537.36 (KHTML, like Gecko) Chrome/62.0.3202.94 Safari/537.36",143,"[0.8, 0.4, 0.2]","[0.8, 0.4, 0.2]","[u'blue', u'black', u'red']","[u'left', u'middle', u'right']","[0.8, 0.4, 0.2]","[u'low', u'medium', u'high']",black,50,middle,medium,True,False,284,3800,NA
AIIOT9A7ARQZW,Mon Dec 04 2017 06:31:45 GMT-0800 (Pacific Standard Time),Mon Dec 04 2017 06:40:32 GMT-0800 (Pacific Standard Time),"Mozilla/5.0 (Windows NT 10.0; Win64; x64) AppleWebKit/537.36 (KHTML, like Gecko) Chrome/62.0.3202.94 Safari/537.36",144,"[0.8, 0.4, 0.2]","[0.8, 0.4, 0.2]","[u'blue', u'black', u'red']","[u'left', u'middle', u'right']","[0.8, 0.4, 0.2]","[u'low', u'medium', u'high']",black,50,middle,medium,True,False,405,3900,NA
AIIOT9A7ARQZW,Mon Dec 04 2017 06:31:45 GMT-0800 (Pacific Standard Time),Mon Dec 04 2017 06:40:32 GMT-0800 (Pacific Standard Time),"Mozilla/5.0 (Windows NT 10.0; Win64; x64) AppleWebKit/537.36 (KHTML, like Gecko) Chrome/62.0.3202.94 Safari/537.36",145,"[0.8, 0.4, 0.2]","[0.8, 0.4, 0.2]","[u'blue', u'black', u'red']","[u'left', u'middle', u'right']","[0.8, 0.4, 0.2]","[u'low', u'medium', u'high']",black,50,middle,medium,False,False,235,3850,NA
AIIOT9A7ARQZW,Mon Dec 04 2017 06:31:45 GMT-0800 (Pacific Standard Time),Mon Dec 04 2017 06:40:32 GMT-0800 (Pacific Standard Time),"Mozilla/5.0 (Windows NT 10.0; Win64; x64) AppleWebKit/537.36 (KHTML, like Gecko) Chrome/62.0.3202.94 Safari/537.36",146,"[0.8, 0.4, 0.2]","[0.8, 0.4, 0.2]","[u'blue', u'black', u'red']","[u'left', u'middle', u'right']","[0.8, 0.4, 0.2]","[u'low', u'medium', u'high']",red,51,right,high,True,False,108,3950,NA
AIIOT9A7ARQZW,Mon Dec 04 2017 06:31:45 GMT-0800 (Pacific Standard Time),Mon Dec 04 2017 06:40:32 GMT-0800 (Pacific Standard Time),"Mozilla/5.0 (Windows NT 10.0; Win64; x64) AppleWebKit/537.36 (KHTML, like Gecko) Chrome/62.0.3202.94 Safari/537.36",147,"[0.8, 0.4, 0.2]","[0.8, 0.4, 0.2]","[u'blue', u'black', u'red']","[u'left', u'middle', u'right']","[0.8, 0.4, 0.2]","[u'low', u'medium', u'high']",red,51,right,high,True,False,335,4050,NA
AIIOT9A7ARQZW,Mon Dec 04 2017 06:31:45 GMT-0800 (Pacific Standard Time),Mon Dec 04 2017 06:40:32 GMT-0800 (Pacific Standard Time),"Mozilla/5.0 (Windows NT 10.0; Win64; x64) AppleWebKit/537.36 (KHTML, like Gecko) Chrome/62.0.3202.94 Safari/537.36",148,"[0.8, 0.4, 0.2]","[0.8, 0.4, 0.2]","[u'blue', u'black', u'red']","[u'left', u'middle', u'right']","[0.8, 0.4, 0.2]","[u'low', u'medium', u'high']",red,51,right,high,False,False,269,4000,NA
AIIOT9A7ARQZW,Mon Dec 04 2017 06:31:45 GMT-0800 (Pacific Standard Time),Mon Dec 04 2017 06:40:32 GMT-0800 (Pacific Standard Time),"Mozilla/5.0 (Windows NT 10.0; Win64; x64) AppleWebKit/537.36 (KHTML, like Gecko) Chrome/62.0.3202.94 Safari/537.36",149,"[0.8, 0.4, 0.2]","[0.8, 0.4, 0.2]","[u'blue', u'black', u'red']","[u'left', u'middle', u'right']","[0.8, 0.4, 0.2]","[u'low', u'medium', u'high']",red,51,right,high,True,False,185,4100,NA
AIIOT9A7ARQZW,Mon Dec 04 2017 06:31:45 GMT-0800 (Pacific Standard Time),Mon Dec 04 2017 06:40:32 GMT-0800 (Pacific Standard Time),"Mozilla/5.0 (Windows NT 10.0; Win64; x64) AppleWebKit/537.36 (KHTML, like Gecko) Chrome/62.0.3202.94 Safari/537.36",150,"[0.8, 0.4, 0.2]","[0.8, 0.4, 0.2]","[u'blue', u'black', u'red']","[u'left', u'middle', u'right']","[0.8, 0.4, 0.2]","[u'low', u'medium', u'high']",red,51,right,high,True,False,267,4200,NA
AIIOT9A7ARQZW,Mon Dec 04 2017 06:31:45 GMT-0800 (Pacific Standard Time),Mon Dec 04 2017 06:40:32 GMT-0800 (Pacific Standard Time),"Mozilla/5.0 (Windows NT 10.0; Win64; x64) AppleWebKit/537.36 (KHTML, like Gecko) Chrome/62.0.3202.94 Safari/537.36",151,"[0.8, 0.4, 0.2]","[0.8, 0.4, 0.2]","[u'blue', u'black', u'red']","[u'left', u'middle', u'right']","[0.8, 0.4, 0.2]","[u'low', u'medium', u'high']",red,51,right,high,True,False,384,4300,NA
AIIOT9A7ARQZW,Mon Dec 04 2017 06:31:45 GMT-0800 (Pacific Standard Time),Mon Dec 04 2017 06:40:32 GMT-0800 (Pacific Standard Time),"Mozilla/5.0 (Windows NT 10.0; Win64; x64) AppleWebKit/537.36 (KHTML, like Gecko) Chrome/62.0.3202.94 Safari/537.36",152,"[0.8, 0.4, 0.2]","[0.8, 0.4, 0.2]","[u'blue', u'black', u'red']","[u'left', u'middle', u'right']","[0.8, 0.4, 0.2]","[u'low', u'medium', u'high']",red,51,right,high,True,False,282,4400,NA
AIIOT9A7ARQZW,Mon Dec 04 2017 06:31:45 GMT-0800 (Pacific Standard Time),Mon Dec 04 2017 06:40:32 GMT-0800 (Pacific Standard Time),"Mozilla/5.0 (Windows NT 10.0; Win64; x64) AppleWebKit/537.36 (KHTML, like Gecko) Chrome/62.0.3202.94 Safari/537.36",153,"[0.8, 0.4, 0.2]","[0.8, 0.4, 0.2]","[u'blue', u'black', u'red']","[u'left', u'middle', u'right']","[0.8, 0.4, 0.2]","[u'low', u'medium', u'high']",red,51,right,high,True,False,353,4500,NA
AIIOT9A7ARQZW,Mon Dec 04 2017 06:31:45 GMT-0800 (Pacific Standard Time),Mon Dec 04 2017 06:40:32 GMT-0800 (Pacific Standard Time),"Mozilla/5.0 (Windows NT 10.0; Win64; x64) AppleWebKit/537.36 (KHTML, like Gecko) Chrome/62.0.3202.94 Safari/537.36",154,"[0.8, 0.4, 0.2]","[0.8, 0.4, 0.2]","[u'blue', u'black', u'red']","[u'left', u'middle', u'right']","[0.8, 0.4, 0.2]","[u'low', u'medium', u'high']",red,51,right,high,False,True,272,4450,NA
AIIOT9A7ARQZW,Mon Dec 04 2017 06:31:45 GMT-0800 (Pacific Standard Time),Mon Dec 04 2017 06:40:32 GMT-0800 (Pacific Standard Time),"Mozilla/5.0 (Windows NT 10.0; Win64; x64) AppleWebKit/537.36 (KHTML, like Gecko) Chrome/62.0.3202.94 Safari/537.36",155,"[0.8, 0.4, 0.2]","[0.8, 0.4, 0.2]","[u'blue', u'black', u'red']","[u'left', u'middle', u'right']","[0.8, 0.4, 0.2]","[u'high', u'low', u'medium']",red,51,right,medium,False,False,269,4400,NA
AIIOT9A7ARQZW,Mon Dec 04 2017 06:31:45 GMT-0800 (Pacific Standard Time),Mon Dec 04 2017 06:40:32 GMT-0800 (Pacific Standard Time),"Mozilla/5.0 (Windows NT 10.0; Win64; x64) AppleWebKit/537.36 (KHTML, like Gecko) Chrome/62.0.3202.94 Safari/537.36",156,"[0.8, 0.4, 0.2]","[0.8, 0.4, 0.2]","[u'blue', u'black', u'red']","[u'left', u'middle', u'right']","[0.8, 0.4, 0.2]","[u'high', u'low', u'medium']",red,51,right,medium,False,False,386,4350,NA
AIIOT9A7ARQZW,Mon Dec 04 2017 06:31:45 GMT-0800 (Pacific Standard Time),Mon Dec 04 2017 06:40:32 GMT-0800 (Pacific Standard Time),"Mozilla/5.0 (Windows NT 10.0; Win64; x64) AppleWebKit/537.36 (KHTML, like Gecko) Chrome/62.0.3202.94 Safari/537.36",157,"[0.8, 0.4, 0.2]","[0.8, 0.4, 0.2]","[u'blue', u'black', u'red']","[u'left', u'middle', u'right']","[0.8, 0.4, 0.2]","[u'high', u'low', u'medium']",red,51,right,medium,False,False,347,4300,NA
AIIOT9A7ARQZW,Mon Dec 04 2017 06:31:45 GMT-0800 (Pacific Standard Time),Mon Dec 04 2017 06:40:32 GMT-0800 (Pacific Standard Time),"Mozilla/5.0 (Windows NT 10.0; Win64; x64) AppleWebKit/537.36 (KHTML, like Gecko) Chrome/62.0.3202.94 Safari/537.36",158,"[0.8, 0.4, 0.2]","[0.8, 0.4, 0.2]","[u'blue', u'black', u'red']","[u'left', u'middle', u'right']","[0.8, 0.4, 0.2]","[u'high', u'low', u'medium']",blue,49,left,high,True,False,369,4400,NA
AIIOT9A7ARQZW,Mon Dec 04 2017 06:31:45 GMT-0800 (Pacific Standard Time),Mon Dec 04 2017 06:40:32 GMT-0800 (Pacific Standard Time),"Mozilla/5.0 (Windows NT 10.0; Win64; x64) AppleWebKit/537.36 (KHTML, like Gecko) Chrome/62.0.3202.94 Safari/537.36",159,"[0.8, 0.4, 0.2]","[0.8, 0.4, 0.2]","[u'blue', u'black', u'red']","[u'left', u'middle', u'right']","[0.8, 0.4, 0.2]","[u'high', u'low', u'medium']",blue,49,left,high,True,False,315,4500,NA
AIIOT9A7ARQZW,Mon Dec 04 2017 06:31:45 GMT-0800 (Pacific Standard Time),Mon Dec 04 2017 06:40:32 GMT-0800 (Pacific Standard Time),"Mozilla/5.0 (Windows NT 10.0; Win64; x64) AppleWebKit/537.36 (KHTML, like Gecko) Chrome/62.0.3202.94 Safari/537.36",160,"[0.8, 0.4, 0.2]","[0.8, 0.4, 0.2]","[u'blue', u'black', u'red']","[u'left', u'middle', u'right']","[0.8, 0.4, 0.2]","[u'high', u'low', u'medium']",blue,49,left,high,True,False,229,4600,NA
