A2P76QVLSGJR45,Mon Dec 04 2017 07:59:49 GMT-0500 (Eastern Standard Time),Mon Dec 04 2017 08:10:32 GMT-0500 (Eastern Standard Time),Mozilla/5.0 (Windows NT 10.0; Win64; x64; rv:57.0) Gecko/20100101 Firefox/57.0,1,"[0.9, 0.5, 0.1]","[0.8, 0.4, 0.2]","[u'black', u'blue', u'red']","[u'left', u'middle', u'right']","[0.9, 0.5, 0.1]","[u'low', u'medium', u'high']",black,49,left,low,False,False,955,-50,NA
A2P76QVLSGJR45,Mon Dec 04 2017 07:59:49 GMT-0500 (Eastern Standard Time),Mon Dec 04 2017 08:10:32 GMT-0500 (Eastern Standard Time),Mozilla/5.0 (Windows NT 10.0; Win64; x64; rv:57.0) Gecko/20100101 Firefox/57.0,2,"[0.9, 0.5, 0.1]","[0.8, 0.4, 0.2]","[u'black', u'blue', u'red']","[u'left', u'middle', u'right']","[0.9, 0.5, 0.1]","[u'low', u'medium', u'high']",blue,50,middle,medium,True,False,348,50,NA
A2P76QVLSGJR45,Mon Dec 04 2017 07:59:49 GMT-0500 (Eastern Standard Time),Mon Dec 04 2017 08:10:32 GMT-0500 (Eastern Standard Time),Mozilla/5.0 (Windows NT 10.0; Win64; x64; rv:57.0) Gecko/20100101 Firefox/57.0,3,"[0.9, 0.5, 0.1]","[0.8, 0.4, 0.2]","[u'black', u'blue', u'red']","[u'left', u'middle', u'right']","[0.9, 0.5, 0.1]","[u'low', u'medium', u'high']",red,51,right,high,True,False,375,150,NA
A2P76QVLSGJR45,Mon Dec 04 2017 07:59:49 GMT-0500 (Eastern Standard Time),Mon Dec 04 2017 08:10:32 GMT-0500 (Eastern Standard Time),Mozilla/5.0 (Windows NT 10.0; Win64; x64; rv:57.0) Gecko/20100101 Firefox/57.0,4,"[0.9, 0.5, 0.1]","[0.8, 0.4, 0.2]","[u'black', u'blue', u'red']","[u'left', u'middle', u'right']","[0.9, 0.5, 0.1]","[u'low', u'medium', u'high']",red,51,right,high,False,False,787,100,NA
A2P76QVLSGJR45,Mon Dec 04 2017 07:59:49 GMT-0500 (Eastern Standard Time),Mon Dec 04 2017 08:10:32 GMT-0500 (Eastern Standard Time),Mozilla/5.0 (Windows NT 10.0; Win64; x64; rv:57.0) Gecko/20100101 Firefox/57.0,5,"[0.9, 0.5, 0.1]","[0.8, 0.4, 0.2]","[u'black', u'blue', u'red']","[u'left', u'middle', u'right']","[0.9, 0.5, 0.1]","[u'low', u'medium', u'high']",blue,50,middle,medium,True,False,364,200,NA
A2P76QVLSGJR45,Mon Dec 04 2017 07:59:49 GMT-0500 (Eastern Standard Time),Mon Dec 04 2017 08:10:32 GMT-0500 (Eastern Standard Time),Mozilla/5.0 (Windows NT 10.0; Win64; x64; rv:57.0) Gecko/20100101 Firefox/57.0,6,"[0.9, 0.5, 0.1]","[0.8, 0.4, 0.2]","[u'black', u'blue', u'red']","[u'left', u'middle', u'right']","[0.9, 0.5, 0.1]","[u'low', u'medium', u'high']",blue,50,middle,medium,True,False,690,300,NA
A2P76QVLSGJR45,Mon Dec 04 2017 07:59:49 GMT-0500 (Eastern Standard Time),Mon Dec 04 2017 08:10:32 GMT-0500 (Eastern Standard Time),Mozilla/5.0 (Windows NT 10.0; Win64; x64; rv:57.0) Gecko/20100101 Firefox/57.0,7,"[0.9, 0.5, 0.1]","[0.8, 0.4, 0.2]","[u'black', u'blue', u'red']","[u'left', u'middle', u'right']","[0.9, 0.5, 0.1]","[u'low', u'medium', u'high']",blue,50,middle,medium,False,False,353,250,NA
A2P76QVLSGJR45,Mon Dec 04 2017 07:59:49 GMT-0500 (Eastern Standard Time),Mon Dec 04 2017 08:10:32 GMT-0500 (Eastern Standard Time),Mozilla/5.0 (Windows NT 10.0; Win64; x64; rv:57.0) Gecko/20100101 Firefox/57.0,8,"[0.9, 0.5, 0.1]","[0.8, 0.4, 0.2]","[u'black', u'blue', u'red']","[u'left', u'middle', u'right']","[0.9, 0.5, 0.1]","[u'low', u'medium', u'high']",red,51,right,high,True,False,429,350,NA
A2P76QVLSGJR45,Mon Dec 04 2017 07:59:49 GMT-0500 (Eastern Standard Time),Mon Dec 04 2017 08:10:32 GMT-0500 (Eastern Standard Time),Mozilla/5.0 (Windows NT 10.0; Win64; x64; rv:57.0) Gecko/20100101 Firefox/57.0,9,"[0.9, 0.5, 0.1]","[0.8, 0.4, 0.2]","[u'black', u'blue', u'red']","[u'left', u'middle', u'right']","[0.9, 0.5, 0.1]","[u'low', u'medium', u'high']",red,51,right,high,True,False,492,450,NA
A2P76QVLSGJR45,Mon Dec 04 2017 07:59:49 GMT-0500 (Eastern Standard Time),Mon Dec 04 2017 08:10:32 GMT-0500 (Eastern Standard Time),Mozilla/5.0 (Windows NT 10.0; Win64; x64; rv:57.0) Gecko/20100101 Firefox/57.0,10,"[0.9, 0.5, 0.1]","[0.8, 0.4, 0.2]","[u'black', u'blue', u'red']","[u'left', u'middle', u'right']","[0.9, 0.5, 0.1]","[u'low', u'medium', u'high']",red,51,right,high,True,False,378,550,NA
A2P76QVLSGJR45,Mon Dec 04 2017 07:59:49 GMT-0500 (Eastern Standard Time),Mon Dec 04 2017 08:10:32 GMT-0500 (Eastern Standard Time),Mozilla/5.0 (Windows NT 10.0; Win64; x64; rv:57.0) Gecko/20100101 Firefox/57.0,11,"[0.9, 0.5, 0.1]","[0.8, 0.4, 0.2]","[u'black', u'blue', u'red']","[u'left', u'middle', u'right']","[0.9, 0.5, 0.1]","[u'low', u'medium', u'high']",red,51,right,high,True,False,378,650,NA
A2P76QVLSGJR45,Mon Dec 04 2017 07:59:49 GMT-0500 (Eastern Standard Time),Mon Dec 04 2017 08:10:32 GMT-0500 (Eastern Standard Time),Mozilla/5.0 (Windows NT 10.0; Win64; x64; rv:57.0) Gecko/20100101 Firefox/57.0,12,"[0.9, 0.5, 0.1]","[0.8, 0.4, 0.2]","[u'black', u'blue', u'red']","[u'left', u'middle', u'right']","[0.9, 0.5, 0.1]","[u'low', u'medium', u'high']",red,51,right,high,True,False,385,750,NA
A2P76QVLSGJR45,Mon Dec 04 2017 07:59:49 GMT-0500 (Eastern Standard Time),Mon Dec 04 2017 08:10:32 GMT-0500 (Eastern Standard Time),Mozilla/5.0 (Windows NT 10.0; Win64; x64; rv:57.0) Gecko/20100101 Firefox/57.0,13,"[0.9, 0.5, 0.1]","[0.8, 0.4, 0.2]","[u'black', u'blue', u'red']","[u'left', u'middle', u'right']","[0.9, 0.5, 0.1]","[u'low', u'medium', u'high']",red,51,right,high,True,False,447,850,NA
A2P76QVLSGJR45,Mon Dec 04 2017 07:59:49 GMT-0500 (Eastern Standard Time),Mon Dec 04 2017 08:10:32 GMT-0500 (Eastern Standard Time),Mozilla/5.0 (Windows NT 10.0; Win64; x64; rv:57.0) Gecko/20100101 Firefox/57.0,14,"[0.9, 0.5, 0.1]","[0.8, 0.4, 0.2]","[u'black', u'blue', u'red']","[u'left', u'middle', u'right']","[0.9, 0.5, 0.1]","[u'low', u'medium', u'high']",red,51,right,high,True,False,445,950,NA
A2P76QVLSGJR45,Mon Dec 04 2017 07:59:49 GMT-0500 (Eastern Standard Time),Mon Dec 04 2017 08:10:32 GMT-0500 (Eastern Standard Time),Mozilla/5.0 (Windows NT 10.0; Win64; x64; rv:57.0) Gecko/20100101 Firefox/57.0,15,"[0.9, 0.5, 0.1]","[0.8, 0.4, 0.2]","[u'black', u'blue', u'red']","[u'left', u'middle', u'right']","[0.9, 0.5, 0.1]","[u'low', u'medium', u'high']",red,51,right,high,True,False,358,1050,NA
A2P76QVLSGJR45,Mon Dec 04 2017 07:59:49 GMT-0500 (Eastern Standard Time),Mon Dec 04 2017 08:10:32 GMT-0500 (Eastern Standard Time),Mozilla/5.0 (Windows NT 10.0; Win64; x64; rv:57.0) Gecko/20100101 Firefox/57.0,16,"[0.9, 0.5, 0.1]","[0.8, 0.4, 0.2]","[u'black', u'blue', u'red']","[u'left', u'middle', u'right']","[0.9, 0.5, 0.1]","[u'low', u'medium', u'high']",red,51,right,high,True,True,407,1150,NA
A2P76QVLSGJR45,Mon Dec 04 2017 07:59:49 GMT-0500 (Eastern Standard Time),Mon Dec 04 2017 08:10:32 GMT-0500 (Eastern Standard Time),Mozilla/5.0 (Windows NT 10.0; Win64; x64; rv:57.0) Gecko/20100101 Firefox/57.0,17,"[0.9, 0.5, 0.1]","[0.8, 0.4, 0.2]","[u'black', u'blue', u'red']","[u'left', u'middle', u'right']","[0.9, 0.5, 0.1]","[u'high', u'low', u'medium']",red,51,right,medium,True,False,384,1250,NA
A2P76QVLSGJR45,Mon Dec 04 2017 07:59:49 GMT-0500 (Eastern Standard Time),Mon Dec 04 2017 08:10:32 GMT-0500 (Eastern Standard Time),Mozilla/5.0 (Windows NT 10.0; Win64; x64; rv:57.0) Gecko/20100101 Firefox/57.0,18,"[0.9, 0.5, 0.1]","[0.8, 0.4, 0.2]","[u'black', u'blue', u'red']","[u'left', u'middle', u'right']","[0.9, 0.5, 0.1]","[u'high', u'low', u'medium']",red,51,right,medium,True,False,365,1350,NA
A2P76QVLSGJR45,Mon Dec 04 2017 07:59:49 GMT-0500 (Eastern Standard Time),Mon Dec 04 2017 08:10:32 GMT-0500 (Eastern Standard Time),Mozilla/5.0 (Windows NT 10.0; Win64; x64; rv:57.0) Gecko/20100101 Firefox/57.0,19,"[0.9, 0.5, 0.1]","[0.8, 0.4, 0.2]","[u'black', u'blue', u'red']","[u'left', u'middle', u'right']","[0.9, 0.5, 0.1]","[u'high', u'low', u'medium']",red,51,right,medium,True,False,438,1450,NA
A2P76QVLSGJR45,Mon Dec 04 2017 07:59:49 GMT-0500 (Eastern Standard Time),Mon Dec 04 2017 08:10:32 GMT-0500 (Eastern Standard Time),Mozilla/5.0 (Windows NT 10.0; Win64; x64; rv:57.0) Gecko/20100101 Firefox/57.0,20,"[0.9, 0.5, 0.1]","[0.8, 0.4, 0.2]","[u'black', u'blue', u'red']","[u'left', u'middle', u'right']","[0.9, 0.5, 0.1]","[u'high', u'low', u'medium']",red,51,right,medium,True,False,421,1550,NA
A2P76QVLSGJR45,Mon Dec 04 2017 07:59:49 GMT-0500 (Eastern Standard Time),Mon Dec 04 2017 08:10:32 GMT-0500 (Eastern Standard Time),Mozilla/5.0 (Windows NT 10.0; Win64; x64; rv:57.0) Gecko/20100101 Firefox/57.0,21,"[0.9, 0.5, 0.1]","[0.8, 0.4, 0.2]","[u'black', u'blue', u'red']","[u'left', u'middle', u'right']","[0.9, 0.5, 0.1]","[u'high', u'low', u'medium']",red,51,right,medium,True,False,315,1650,NA
A2P76QVLSGJR45,Mon Dec 04 2017 07:59:49 GMT-0500 (Eastern Standard Time),Mon Dec 04 2017 08:10:32 GMT-0500 (Eastern Standard Time),Mozilla/5.0 (Windows NT 10.0; Win64; x64; rv:57.0) Gecko/20100101 Firefox/57.0,22,"[0.9, 0.5, 0.1]","[0.8, 0.4, 0.2]","[u'black', u'blue', u'red']","[u'left', u'middle', u'right']","[0.9, 0.5, 0.1]","[u'high', u'low', u'medium']",red,51,right,medium,False,False,386,1600,NA
A2P76QVLSGJR45,Mon Dec 04 2017 07:59:49 GMT-0500 (Eastern Standard Time),Mon Dec 04 2017 08:10:32 GMT-0500 (Eastern Standard Time),Mozilla/5.0 (Windows NT 10.0; Win64; x64; rv:57.0) Gecko/20100101 Firefox/57.0,23,"[0.9, 0.5, 0.1]","[0.8, 0.4, 0.2]","[u'black', u'blue', u'red']","[u'left', u'middle', u'right']","[0.9, 0.5, 0.1]","[u'high', u'low', u'medium']",blue,50,middle,low,False,False,344,1550,NA
A2P76QVLSGJR45,Mon Dec 04 2017 07:59:49 GMT-0500 (Eastern Standard Time),Mon Dec 04 2017 08:10:32 GMT-0500 (Eastern Standard Time),Mozilla/5.0 (Windows NT 10.0; Win64; x64; rv:57.0) Gecko/20100101 Firefox/57.0,24,"[0.9, 0.5, 0.1]","[0.8, 0.4, 0.2]","[u'black', u'blue', u'red']","[u'left', u'middle', u'right']","[0.9, 0.5, 0.1]","[u'high', u'low', u'medium']",black,49,left,high,True,False,309,1650,NA
A2P76QVLSGJR45,Mon Dec 04 2017 07:59:49 GMT-0500 (Eastern Standard Time),Mon Dec 04 2017 08:10:32 GMT-0500 (Eastern Standard Time),Mozilla/5.0 (Windows NT 10.0; Win64; x64; rv:57.0) Gecko/20100101 Firefox/57.0,25,"[0.9, 0.5, 0.1]","[0.8, 0.4, 0.2]","[u'black', u'blue', u'red']","[u'left', u'middle', u'right']","[0.9, 0.5, 0.1]","[u'high', u'low', u'medium']",black,49,left,high,False,False,310,1600,NA
A2P76QVLSGJR45,Mon Dec 04 2017 07:59:49 GMT-0500 (Eastern Standard Time),Mon Dec 04 2017 08:10:32 GMT-0500 (Eastern Standard Time),Mozilla/5.0 (Windows NT 10.0; Win64; x64; rv:57.0) Gecko/20100101 Firefox/57.0,26,"[0.9, 0.5, 0.1]","[0.8, 0.4, 0.2]","[u'black', u'blue', u'red']","[u'left', u'middle', u'right']","[0.9, 0.5, 0.1]","[u'high', u'low', u'medium']",red,51,right,medium,False,False,302,1550,NA
A2P76QVLSGJR45,Mon Dec 04 2017 07:59:49 GMT-0500 (Eastern Standard Time),Mon Dec 04 2017 08:10:32 GMT-0500 (Eastern Standard Time),Mozilla/5.0 (Windows NT 10.0; Win64; x64; rv:57.0) Gecko/20100101 Firefox/57.0,27,"[0.9, 0.5, 0.1]","[0.8, 0.4, 0.2]","[u'black', u'blue', u'red']","[u'left', u'middle', u'right']","[0.9, 0.5, 0.1]","[u'high', u'low', u'medium']",blue,50,middle,low,False,False,50,1500,NA
A2P76QVLSGJR45,Mon Dec 04 2017 07:59:49 GMT-0500 (Eastern Standard Time),Mon Dec 04 2017 08:10:32 GMT-0500 (Eastern Standard Time),Mozilla/5.0 (Windows NT 10.0; Win64; x64; rv:57.0) Gecko/20100101 Firefox/57.0,28,"[0.9, 0.5, 0.1]","[0.8, 0.4, 0.2]","[u'black', u'blue', u'red']","[u'left', u'middle', u'right']","[0.9, 0.5, 0.1]","[u'high', u'low', u'medium']",blue,50,middle,low,False,False,323,1450,NA
A2P76QVLSGJR45,Mon Dec 04 2017 07:59:49 GMT-0500 (Eastern Standard Time),Mon Dec 04 2017 08:10:32 GMT-0500 (Eastern Standard Time),Mozilla/5.0 (Windows NT 10.0; Win64; x64; rv:57.0) Gecko/20100101 Firefox/57.0,29,"[0.9, 0.5, 0.1]","[0.8, 0.4, 0.2]","[u'black', u'blue', u'red']","[u'left', u'middle', u'right']","[0.9, 0.5, 0.1]","[u'high', u'low', u'medium']",black,49,left,high,True,False,325,1550,NA
A2P76QVLSGJR45,Mon Dec 04 2017 07:59:49 GMT-0500 (Eastern Standard Time),Mon Dec 04 2017 08:10:32 GMT-0500 (Eastern Standard Time),Mozilla/5.0 (Windows NT 10.0; Win64; x64; rv:57.0) Gecko/20100101 Firefox/57.0,30,"[0.9, 0.5, 0.1]","[0.8, 0.4, 0.2]","[u'black', u'blue', u'red']","[u'left', u'middle', u'right']","[0.9, 0.5, 0.1]","[u'high', u'low', u'medium']",black,49,left,high,True,False,361,1650,NA
A2P76QVLSGJR45,Mon Dec 04 2017 07:59:49 GMT-0500 (Eastern Standard Time),Mon Dec 04 2017 08:10:32 GMT-0500 (Eastern Standard Time),Mozilla/5.0 (Windows NT 10.0; Win64; x64; rv:57.0) Gecko/20100101 Firefox/57.0,31,"[0.9, 0.5, 0.1]","[0.8, 0.4, 0.2]","[u'black', u'blue', u'red']","[u'left', u'middle', u'right']","[0.9, 0.5, 0.1]","[u'high', u'low', u'medium']",black,49,left,high,True,False,321,1750,NA
A2P76QVLSGJR45,Mon Dec 04 2017 07:59:49 GMT-0500 (Eastern Standard Time),Mon Dec 04 2017 08:10:32 GMT-0500 (Eastern Standard Time),Mozilla/5.0 (Windows NT 10.0; Win64; x64; rv:57.0) Gecko/20100101 Firefox/57.0,32,"[0.9, 0.5, 0.1]","[0.8, 0.4, 0.2]","[u'black', u'blue', u'red']","[u'left', u'middle', u'right']","[0.9, 0.5, 0.1]","[u'high', u'low', u'medium']",black,49,left,high,True,False,345,1850,NA
A2P76QVLSGJR45,Mon Dec 04 2017 07:59:49 GMT-0500 (Eastern Standard Time),Mon Dec 04 2017 08:10:32 GMT-0500 (Eastern Standard Time),Mozilla/5.0 (Windows NT 10.0; Win64; x64; rv:57.0) Gecko/20100101 Firefox/57.0,33,"[0.9, 0.5, 0.1]","[0.8, 0.4, 0.2]","[u'black', u'blue', u'red']","[u'left', u'middle', u'right']","[0.9, 0.5, 0.1]","[u'high', u'low', u'medium']",black,49,left,high,True,False,383,1950,NA
A2P76QVLSGJR45,Mon Dec 04 2017 07:59:49 GMT-0500 (Eastern Standard Time),Mon Dec 04 2017 08:10:32 GMT-0500 (Eastern Standard Time),Mozilla/5.0 (Windows NT 10.0; Win64; x64; rv:57.0) Gecko/20100101 Firefox/57.0,34,"[0.9, 0.5, 0.1]","[0.8, 0.4, 0.2]","[u'black', u'blue', u'red']","[u'left', u'middle', u'right']","[0.9, 0.5, 0.1]","[u'high', u'low', u'medium']",black,49,left,high,True,False,389,2050,NA
A2P76QVLSGJR45,Mon Dec 04 2017 07:59:49 GMT-0500 (Eastern Standard Time),Mon Dec 04 2017 08:10:32 GMT-0500 (Eastern Standard Time),Mozilla/5.0 (Windows NT 10.0; Win64; x64; rv:57.0) Gecko/20100101 Firefox/57.0,35,"[0.9, 0.5, 0.1]","[0.8, 0.4, 0.2]","[u'black', u'blue', u'red']","[u'left', u'middle', u'right']","[0.9, 0.5, 0.1]","[u'high', u'low', u'medium']",black,49,left,high,True,False,418,2150,NA
A2P76QVLSGJR45,Mon Dec 04 2017 07:59:49 GMT-0500 (Eastern Standard Time),Mon Dec 04 2017 08:10:32 GMT-0500 (Eastern Standard Time),Mozilla/5.0 (Windows NT 10.0; Win64; x64; rv:57.0) Gecko/20100101 Firefox/57.0,36,"[0.9, 0.5, 0.1]","[0.8, 0.4, 0.2]","[u'black', u'blue', u'red']","[u'left', u'middle', u'right']","[0.9, 0.5, 0.1]","[u'high', u'low', u'medium']",black,49,left,high,True,False,371,2250,NA
A2P76QVLSGJR45,Mon Dec 04 2017 07:59:49 GMT-0500 (Eastern Standard Time),Mon Dec 04 2017 08:10:32 GMT-0500 (Eastern Standard Time),Mozilla/5.0 (Windows NT 10.0; Win64; x64; rv:57.0) Gecko/20100101 Firefox/57.0,37,"[0.9, 0.5, 0.1]","[0.8, 0.4, 0.2]","[u'black', u'blue', u'red']","[u'left', u'middle', u'right']","[0.9, 0.5, 0.1]","[u'high', u'low', u'medium']",black,49,left,high,True,True,387,2350,NA
A2P76QVLSGJR45,Mon Dec 04 2017 07:59:49 GMT-0500 (Eastern Standard Time),Mon Dec 04 2017 08:10:32 GMT-0500 (Eastern Standard Time),Mozilla/5.0 (Windows NT 10.0; Win64; x64; rv:57.0) Gecko/20100101 Firefox/57.0,38,"[0.9, 0.5, 0.1]","[0.8, 0.4, 0.2]","[u'black', u'blue', u'red']","[u'left', u'middle', u'right']","[0.9, 0.5, 0.1]","[u'medium', u'low', u'high']",black,49,left,medium,False,False,421,2300,NA
A2P76QVLSGJR45,Mon Dec 04 2017 07:59:49 GMT-0500 (Eastern Standard Time),Mon Dec 04 2017 08:10:32 GMT-0500 (Eastern Standard Time),Mozilla/5.0 (Windows NT 10.0; Win64; x64; rv:57.0) Gecko/20100101 Firefox/57.0,39,"[0.9, 0.5, 0.1]","[0.8, 0.4, 0.2]","[u'black', u'blue', u'red']","[u'left', u'middle', u'right']","[0.9, 0.5, 0.1]","[u'medium', u'low', u'high']",blue,50,middle,low,True,False,344,2400,NA
A2P76QVLSGJR45,Mon Dec 04 2017 07:59:49 GMT-0500 (Eastern Standard Time),Mon Dec 04 2017 08:10:32 GMT-0500 (Eastern Standard Time),Mozilla/5.0 (Windows NT 10.0; Win64; x64; rv:57.0) Gecko/20100101 Firefox/57.0,40,"[0.9, 0.5, 0.1]","[0.8, 0.4, 0.2]","[u'black', u'blue', u'red']","[u'left', u'middle', u'right']","[0.9, 0.5, 0.1]","[u'medium', u'low', u'high']",blue,50,middle,low,False,False,75,2350,NA
A2P76QVLSGJR45,Mon Dec 04 2017 07:59:49 GMT-0500 (Eastern Standard Time),Mon Dec 04 2017 08:10:32 GMT-0500 (Eastern Standard Time),Mozilla/5.0 (Windows NT 10.0; Win64; x64; rv:57.0) Gecko/20100101 Firefox/57.0,41,"[0.9, 0.5, 0.1]","[0.8, 0.4, 0.2]","[u'black', u'blue', u'red']","[u'left', u'middle', u'right']","[0.9, 0.5, 0.1]","[u'low', u'high', u'medium']",blue,50,middle,high,True,False,1122,2450,NA
A2P76QVLSGJR45,Mon Dec 04 2017 07:59:49 GMT-0500 (Eastern Standard Time),Mon Dec 04 2017 08:10:32 GMT-0500 (Eastern Standard Time),Mozilla/5.0 (Windows NT 10.0; Win64; x64; rv:57.0) Gecko/20100101 Firefox/57.0,42,"[0.9, 0.5, 0.1]","[0.8, 0.4, 0.2]","[u'black', u'blue', u'red']","[u'left', u'middle', u'right']","[0.9, 0.5, 0.1]","[u'low', u'high', u'medium']",blue,50,middle,high,True,False,1983,2550,NA
A2P76QVLSGJR45,Mon Dec 04 2017 07:59:49 GMT-0500 (Eastern Standard Time),Mon Dec 04 2017 08:10:32 GMT-0500 (Eastern Standard Time),Mozilla/5.0 (Windows NT 10.0; Win64; x64; rv:57.0) Gecko/20100101 Firefox/57.0,43,"[0.9, 0.5, 0.1]","[0.8, 0.4, 0.2]","[u'black', u'blue', u'red']","[u'left', u'middle', u'right']","[0.9, 0.5, 0.1]","[u'low', u'high', u'medium']",blue,50,middle,high,True,False,440,2650,NA
A2P76QVLSGJR45,Mon Dec 04 2017 07:59:49 GMT-0500 (Eastern Standard Time),Mon Dec 04 2017 08:10:32 GMT-0500 (Eastern Standard Time),Mozilla/5.0 (Windows NT 10.0; Win64; x64; rv:57.0) Gecko/20100101 Firefox/57.0,44,"[0.9, 0.5, 0.1]","[0.8, 0.4, 0.2]","[u'black', u'blue', u'red']","[u'left', u'middle', u'right']","[0.9, 0.5, 0.1]","[u'low', u'high', u'medium']",blue,50,middle,high,True,False,367,2750,NA
A2P76QVLSGJR45,Mon Dec 04 2017 07:59:49 GMT-0500 (Eastern Standard Time),Mon Dec 04 2017 08:10:32 GMT-0500 (Eastern Standard Time),Mozilla/5.0 (Windows NT 10.0; Win64; x64; rv:57.0) Gecko/20100101 Firefox/57.0,45,"[0.9, 0.5, 0.1]","[0.8, 0.4, 0.2]","[u'black', u'blue', u'red']","[u'left', u'middle', u'right']","[0.9, 0.5, 0.1]","[u'low', u'high', u'medium']",blue,50,middle,high,True,False,408,2850,NA
A2P76QVLSGJR45,Mon Dec 04 2017 07:59:49 GMT-0500 (Eastern Standard Time),Mon Dec 04 2017 08:10:32 GMT-0500 (Eastern Standard Time),Mozilla/5.0 (Windows NT 10.0; Win64; x64; rv:57.0) Gecko/20100101 Firefox/57.0,46,"[0.9, 0.5, 0.1]","[0.8, 0.4, 0.2]","[u'black', u'blue', u'red']","[u'left', u'middle', u'right']","[0.9, 0.5, 0.1]","[u'low', u'high', u'medium']",blue,50,middle,high,True,False,442,2950,NA
A2P76QVLSGJR45,Mon Dec 04 2017 07:59:49 GMT-0500 (Eastern Standard Time),Mon Dec 04 2017 08:10:32 GMT-0500 (Eastern Standard Time),Mozilla/5.0 (Windows NT 10.0; Win64; x64; rv:57.0) Gecko/20100101 Firefox/57.0,47,"[0.9, 0.5, 0.1]","[0.8, 0.4, 0.2]","[u'black', u'blue', u'red']","[u'left', u'middle', u'right']","[0.9, 0.5, 0.1]","[u'low', u'high', u'medium']",blue,50,middle,high,True,False,447,3050,NA
A2P76QVLSGJR45,Mon Dec 04 2017 07:59:49 GMT-0500 (Eastern Standard Time),Mon Dec 04 2017 08:10:32 GMT-0500 (Eastern Standard Time),Mozilla/5.0 (Windows NT 10.0; Win64; x64; rv:57.0) Gecko/20100101 Firefox/57.0,48,"[0.9, 0.5, 0.1]","[0.8, 0.4, 0.2]","[u'black', u'blue', u'red']","[u'left', u'middle', u'right']","[0.9, 0.5, 0.1]","[u'low', u'high', u'medium']",blue,50,middle,high,True,False,524,3150,NA
A2P76QVLSGJR45,Mon Dec 04 2017 07:59:49 GMT-0500 (Eastern Standard Time),Mon Dec 04 2017 08:10:32 GMT-0500 (Eastern Standard Time),Mozilla/5.0 (Windows NT 10.0; Win64; x64; rv:57.0) Gecko/20100101 Firefox/57.0,49,"[0.9, 0.5, 0.1]","[0.8, 0.4, 0.2]","[u'black', u'blue', u'red']","[u'left', u'middle', u'right']","[0.9, 0.5, 0.1]","[u'low', u'high', u'medium']",blue,50,middle,high,True,True,369,3250,NA
A2P76QVLSGJR45,Mon Dec 04 2017 07:59:49 GMT-0500 (Eastern Standard Time),Mon Dec 04 2017 08:10:32 GMT-0500 (Eastern Standard Time),Mozilla/5.0 (Windows NT 10.0; Win64; x64; rv:57.0) Gecko/20100101 Firefox/57.0,50,"[0.9, 0.5, 0.1]","[0.8, 0.4, 0.2]","[u'black', u'blue', u'red']","[u'left', u'middle', u'right']","[0.9, 0.5, 0.1]","[u'high', u'medium', u'low']",blue,50,middle,medium,False,False,493,3200,NA
A2P76QVLSGJR45,Mon Dec 04 2017 07:59:49 GMT-0500 (Eastern Standard Time),Mon Dec 04 2017 08:10:32 GMT-0500 (Eastern Standard Time),Mozilla/5.0 (Windows NT 10.0; Win64; x64; rv:57.0) Gecko/20100101 Firefox/57.0,51,"[0.9, 0.5, 0.1]","[0.8, 0.4, 0.2]","[u'black', u'blue', u'red']","[u'left', u'middle', u'right']","[0.9, 0.5, 0.1]","[u'high', u'medium', u'low']",red,51,right,low,False,False,371,3150,NA
A2P76QVLSGJR45,Mon Dec 04 2017 07:59:49 GMT-0500 (Eastern Standard Time),Mon Dec 04 2017 08:10:32 GMT-0500 (Eastern Standard Time),Mozilla/5.0 (Windows NT 10.0; Win64; x64; rv:57.0) Gecko/20100101 Firefox/57.0,52,"[0.9, 0.5, 0.1]","[0.8, 0.4, 0.2]","[u'black', u'blue', u'red']","[u'left', u'middle', u'right']","[0.9, 0.5, 0.1]","[u'high', u'medium', u'low']",black,49,left,high,True,False,425,3250,NA
A2P76QVLSGJR45,Mon Dec 04 2017 07:59:49 GMT-0500 (Eastern Standard Time),Mon Dec 04 2017 08:10:32 GMT-0500 (Eastern Standard Time),Mozilla/5.0 (Windows NT 10.0; Win64; x64; rv:57.0) Gecko/20100101 Firefox/57.0,53,"[0.9, 0.5, 0.1]","[0.8, 0.4, 0.2]","[u'black', u'blue', u'red']","[u'left', u'middle', u'right']","[0.9, 0.5, 0.1]","[u'high', u'medium', u'low']",black,49,left,high,True,False,326,3350,NA
A2P76QVLSGJR45,Mon Dec 04 2017 07:59:49 GMT-0500 (Eastern Standard Time),Mon Dec 04 2017 08:10:32 GMT-0500 (Eastern Standard Time),Mozilla/5.0 (Windows NT 10.0; Win64; x64; rv:57.0) Gecko/20100101 Firefox/57.0,54,"[0.9, 0.5, 0.1]","[0.8, 0.4, 0.2]","[u'black', u'blue', u'red']","[u'left', u'middle', u'right']","[0.9, 0.5, 0.1]","[u'high', u'medium', u'low']",black,49,left,high,True,False,352,3450,NA
A2P76QVLSGJR45,Mon Dec 04 2017 07:59:49 GMT-0500 (Eastern Standard Time),Mon Dec 04 2017 08:10:32 GMT-0500 (Eastern Standard Time),Mozilla/5.0 (Windows NT 10.0; Win64; x64; rv:57.0) Gecko/20100101 Firefox/57.0,55,"[0.9, 0.5, 0.1]","[0.8, 0.4, 0.2]","[u'black', u'blue', u'red']","[u'left', u'middle', u'right']","[0.9, 0.5, 0.1]","[u'high', u'medium', u'low']",black,49,left,high,True,False,368,3550,NA
A2P76QVLSGJR45,Mon Dec 04 2017 07:59:49 GMT-0500 (Eastern Standard Time),Mon Dec 04 2017 08:10:32 GMT-0500 (Eastern Standard Time),Mozilla/5.0 (Windows NT 10.0; Win64; x64; rv:57.0) Gecko/20100101 Firefox/57.0,56,"[0.9, 0.5, 0.1]","[0.8, 0.4, 0.2]","[u'black', u'blue', u'red']","[u'left', u'middle', u'right']","[0.9, 0.5, 0.1]","[u'high', u'medium', u'low']",black,49,left,high,True,False,484,3650,NA
A2P76QVLSGJR45,Mon Dec 04 2017 07:59:49 GMT-0500 (Eastern Standard Time),Mon Dec 04 2017 08:10:32 GMT-0500 (Eastern Standard Time),Mozilla/5.0 (Windows NT 10.0; Win64; x64; rv:57.0) Gecko/20100101 Firefox/57.0,57,"[0.9, 0.5, 0.1]","[0.8, 0.4, 0.2]","[u'black', u'blue', u'red']","[u'left', u'middle', u'right']","[0.9, 0.5, 0.1]","[u'high', u'medium', u'low']",black,49,left,high,False,False,313,3600,NA
A2P76QVLSGJR45,Mon Dec 04 2017 07:59:49 GMT-0500 (Eastern Standard Time),Mon Dec 04 2017 08:10:32 GMT-0500 (Eastern Standard Time),Mozilla/5.0 (Windows NT 10.0; Win64; x64; rv:57.0) Gecko/20100101 Firefox/57.0,58,"[0.9, 0.5, 0.1]","[0.8, 0.4, 0.2]","[u'black', u'blue', u'red']","[u'left', u'middle', u'right']","[0.9, 0.5, 0.1]","[u'high', u'medium', u'low']",blue,50,middle,medium,True,False,291,3700,NA
A2P76QVLSGJR45,Mon Dec 04 2017 07:59:49 GMT-0500 (Eastern Standard Time),Mon Dec 04 2017 08:10:32 GMT-0500 (Eastern Standard Time),Mozilla/5.0 (Windows NT 10.0; Win64; x64; rv:57.0) Gecko/20100101 Firefox/57.0,59,"[0.9, 0.5, 0.1]","[0.8, 0.4, 0.2]","[u'black', u'blue', u'red']","[u'left', u'middle', u'right']","[0.9, 0.5, 0.1]","[u'high', u'medium', u'low']",blue,50,middle,medium,False,False,297,3650,NA
A2P76QVLSGJR45,Mon Dec 04 2017 07:59:49 GMT-0500 (Eastern Standard Time),Mon Dec 04 2017 08:10:32 GMT-0500 (Eastern Standard Time),Mozilla/5.0 (Windows NT 10.0; Win64; x64; rv:57.0) Gecko/20100101 Firefox/57.0,60,"[0.9, 0.5, 0.1]","[0.8, 0.4, 0.2]","[u'black', u'blue', u'red']","[u'left', u'middle', u'right']","[0.9, 0.5, 0.1]","[u'high', u'medium', u'low']",red,51,right,low,False,False,1135,3600,NA
A2P76QVLSGJR45,Mon Dec 04 2017 07:59:49 GMT-0500 (Eastern Standard Time),Mon Dec 04 2017 08:10:32 GMT-0500 (Eastern Standard Time),Mozilla/5.0 (Windows NT 10.0; Win64; x64; rv:57.0) Gecko/20100101 Firefox/57.0,61,"[0.9, 0.5, 0.1]","[0.8, 0.4, 0.2]","[u'black', u'blue', u'red']","[u'left', u'middle', u'right']","[0.9, 0.5, 0.1]","[u'high', u'medium', u'low']",red,51,right,low,False,False,302,3550,NA
A2P76QVLSGJR45,Mon Dec 04 2017 07:59:49 GMT-0500 (Eastern Standard Time),Mon Dec 04 2017 08:10:32 GMT-0500 (Eastern Standard Time),Mozilla/5.0 (Windows NT 10.0; Win64; x64; rv:57.0) Gecko/20100101 Firefox/57.0,62,"[0.9, 0.5, 0.1]","[0.8, 0.4, 0.2]","[u'black', u'blue', u'red']","[u'left', u'middle', u'right']","[0.9, 0.5, 0.1]","[u'high', u'medium', u'low']",blue,50,middle,medium,False,False,325,3500,NA
A2P76QVLSGJR45,Mon Dec 04 2017 07:59:49 GMT-0500 (Eastern Standard Time),Mon Dec 04 2017 08:10:32 GMT-0500 (Eastern Standard Time),Mozilla/5.0 (Windows NT 10.0; Win64; x64; rv:57.0) Gecko/20100101 Firefox/57.0,63,"[0.9, 0.5, 0.1]","[0.8, 0.4, 0.2]","[u'black', u'blue', u'red']","[u'left', u'middle', u'right']","[0.9, 0.5, 0.1]","[u'high', u'medium', u'low']",black,49,left,high,True,False,311,3600,NA
A2P76QVLSGJR45,Mon Dec 04 2017 07:59:49 GMT-0500 (Eastern Standard Time),Mon Dec 04 2017 08:10:32 GMT-0500 (Eastern Standard Time),Mozilla/5.0 (Windows NT 10.0; Win64; x64; rv:57.0) Gecko/20100101 Firefox/57.0,64,"[0.9, 0.5, 0.1]","[0.8, 0.4, 0.2]","[u'black', u'blue', u'red']","[u'left', u'middle', u'right']","[0.9, 0.5, 0.1]","[u'high', u'medium', u'low']",black,49,left,high,True,False,335,3700,NA
A2P76QVLSGJR45,Mon Dec 04 2017 07:59:49 GMT-0500 (Eastern Standard Time),Mon Dec 04 2017 08:10:32 GMT-0500 (Eastern Standard Time),Mozilla/5.0 (Windows NT 10.0; Win64; x64; rv:57.0) Gecko/20100101 Firefox/57.0,65,"[0.9, 0.5, 0.1]","[0.8, 0.4, 0.2]","[u'black', u'blue', u'red']","[u'left', u'middle', u'right']","[0.9, 0.5, 0.1]","[u'high', u'medium', u'low']",black,49,left,high,True,False,317,3800,NA
A2P76QVLSGJR45,Mon Dec 04 2017 07:59:49 GMT-0500 (Eastern Standard Time),Mon Dec 04 2017 08:10:32 GMT-0500 (Eastern Standard Time),Mozilla/5.0 (Windows NT 10.0; Win64; x64; rv:57.0) Gecko/20100101 Firefox/57.0,66,"[0.9, 0.5, 0.1]","[0.8, 0.4, 0.2]","[u'black', u'blue', u'red']","[u'left', u'middle', u'right']","[0.9, 0.5, 0.1]","[u'high', u'medium', u'low']",black,49,left,high,True,False,339,3900,NA
A2P76QVLSGJR45,Mon Dec 04 2017 07:59:49 GMT-0500 (Eastern Standard Time),Mon Dec 04 2017 08:10:32 GMT-0500 (Eastern Standard Time),Mozilla/5.0 (Windows NT 10.0; Win64; x64; rv:57.0) Gecko/20100101 Firefox/57.0,67,"[0.9, 0.5, 0.1]","[0.8, 0.4, 0.2]","[u'black', u'blue', u'red']","[u'left', u'middle', u'right']","[0.9, 0.5, 0.1]","[u'high', u'medium', u'low']",black,49,left,high,False,False,357,3850,NA
A2P76QVLSGJR45,Mon Dec 04 2017 07:59:49 GMT-0500 (Eastern Standard Time),Mon Dec 04 2017 08:10:32 GMT-0500 (Eastern Standard Time),Mozilla/5.0 (Windows NT 10.0; Win64; x64; rv:57.0) Gecko/20100101 Firefox/57.0,68,"[0.9, 0.5, 0.1]","[0.8, 0.4, 0.2]","[u'black', u'blue', u'red']","[u'left', u'middle', u'right']","[0.9, 0.5, 0.1]","[u'high', u'medium', u'low']",black,49,left,high,True,False,365,3950,NA
A2P76QVLSGJR45,Mon Dec 04 2017 07:59:49 GMT-0500 (Eastern Standard Time),Mon Dec 04 2017 08:10:32 GMT-0500 (Eastern Standard Time),Mozilla/5.0 (Windows NT 10.0; Win64; x64; rv:57.0) Gecko/20100101 Firefox/57.0,69,"[0.9, 0.5, 0.1]","[0.8, 0.4, 0.2]","[u'black', u'blue', u'red']","[u'left', u'middle', u'right']","[0.9, 0.5, 0.1]","[u'high', u'medium', u'low']",black,49,left,high,True,False,351,4050,NA
A2P76QVLSGJR45,Mon Dec 04 2017 07:59:49 GMT-0500 (Eastern Standard Time),Mon Dec 04 2017 08:10:32 GMT-0500 (Eastern Standard Time),Mozilla/5.0 (Windows NT 10.0; Win64; x64; rv:57.0) Gecko/20100101 Firefox/57.0,70,"[0.9, 0.5, 0.1]","[0.8, 0.4, 0.2]","[u'black', u'blue', u'red']","[u'left', u'middle', u'right']","[0.9, 0.5, 0.1]","[u'high', u'medium', u'low']",black,49,left,high,True,False,355,4150,NA
A2P76QVLSGJR45,Mon Dec 04 2017 07:59:49 GMT-0500 (Eastern Standard Time),Mon Dec 04 2017 08:10:32 GMT-0500 (Eastern Standard Time),Mozilla/5.0 (Windows NT 10.0; Win64; x64; rv:57.0) Gecko/20100101 Firefox/57.0,71,"[0.9, 0.5, 0.1]","[0.8, 0.4, 0.2]","[u'black', u'blue', u'red']","[u'left', u'middle', u'right']","[0.9, 0.5, 0.1]","[u'high', u'medium', u'low']",black,49,left,high,True,True,242,4250,NA
A2P76QVLSGJR45,Mon Dec 04 2017 07:59:49 GMT-0500 (Eastern Standard Time),Mon Dec 04 2017 08:10:32 GMT-0500 (Eastern Standard Time),Mozilla/5.0 (Windows NT 10.0; Win64; x64; rv:57.0) Gecko/20100101 Firefox/57.0,72,"[0.9, 0.5, 0.1]","[0.8, 0.4, 0.2]","[u'black', u'blue', u'red']","[u'left', u'middle', u'right']","[0.9, 0.5, 0.1]","[u'low', u'high', u'medium']",black,49,left,low,False,False,355,4200,NA
A2P76QVLSGJR45,Mon Dec 04 2017 07:59:49 GMT-0500 (Eastern Standard Time),Mon Dec 04 2017 08:10:32 GMT-0500 (Eastern Standard Time),Mozilla/5.0 (Windows NT 10.0; Win64; x64; rv:57.0) Gecko/20100101 Firefox/57.0,73,"[0.9, 0.5, 0.1]","[0.8, 0.4, 0.2]","[u'black', u'blue', u'red']","[u'left', u'middle', u'right']","[0.9, 0.5, 0.1]","[u'low', u'high', u'medium']",black,49,left,low,False,False,301,4150,NA
A2P76QVLSGJR45,Mon Dec 04 2017 07:59:49 GMT-0500 (Eastern Standard Time),Mon Dec 04 2017 08:10:32 GMT-0500 (Eastern Standard Time),Mozilla/5.0 (Windows NT 10.0; Win64; x64; rv:57.0) Gecko/20100101 Firefox/57.0,74,"[0.9, 0.5, 0.1]","[0.8, 0.4, 0.2]","[u'black', u'blue', u'red']","[u'left', u'middle', u'right']","[0.9, 0.5, 0.1]","[u'low', u'high', u'medium']",blue,50,middle,high,True,False,281,4250,NA
A2P76QVLSGJR45,Mon Dec 04 2017 07:59:49 GMT-0500 (Eastern Standard Time),Mon Dec 04 2017 08:10:32 GMT-0500 (Eastern Standard Time),Mozilla/5.0 (Windows NT 10.0; Win64; x64; rv:57.0) Gecko/20100101 Firefox/57.0,75,"[0.9, 0.5, 0.1]","[0.8, 0.4, 0.2]","[u'black', u'blue', u'red']","[u'left', u'middle', u'right']","[0.9, 0.5, 0.1]","[u'low', u'high', u'medium']",blue,50,middle,high,True,False,144,4350,NA
A2P76QVLSGJR45,Mon Dec 04 2017 07:59:49 GMT-0500 (Eastern Standard Time),Mon Dec 04 2017 08:10:32 GMT-0500 (Eastern Standard Time),Mozilla/5.0 (Windows NT 10.0; Win64; x64; rv:57.0) Gecko/20100101 Firefox/57.0,76,"[0.9, 0.5, 0.1]","[0.8, 0.4, 0.2]","[u'black', u'blue', u'red']","[u'left', u'middle', u'right']","[0.9, 0.5, 0.1]","[u'low', u'high', u'medium']",blue,50,middle,high,True,False,428,4450,NA
A2P76QVLSGJR45,Mon Dec 04 2017 07:59:49 GMT-0500 (Eastern Standard Time),Mon Dec 04 2017 08:10:32 GMT-0500 (Eastern Standard Time),Mozilla/5.0 (Windows NT 10.0; Win64; x64; rv:57.0) Gecko/20100101 Firefox/57.0,77,"[0.9, 0.5, 0.1]","[0.8, 0.4, 0.2]","[u'black', u'blue', u'red']","[u'left', u'middle', u'right']","[0.9, 0.5, 0.1]","[u'low', u'high', u'medium']",blue,50,middle,high,True,False,359,4550,NA
A2P76QVLSGJR45,Mon Dec 04 2017 07:59:49 GMT-0500 (Eastern Standard Time),Mon Dec 04 2017 08:10:32 GMT-0500 (Eastern Standard Time),Mozilla/5.0 (Windows NT 10.0; Win64; x64; rv:57.0) Gecko/20100101 Firefox/57.0,78,"[0.9, 0.5, 0.1]","[0.8, 0.4, 0.2]","[u'black', u'blue', u'red']","[u'left', u'middle', u'right']","[0.9, 0.5, 0.1]","[u'low', u'high', u'medium']",blue,50,middle,high,True,False,52,4650,NA
A2P76QVLSGJR45,Mon Dec 04 2017 07:59:49 GMT-0500 (Eastern Standard Time),Mon Dec 04 2017 08:10:32 GMT-0500 (Eastern Standard Time),Mozilla/5.0 (Windows NT 10.0; Win64; x64; rv:57.0) Gecko/20100101 Firefox/57.0,79,"[0.9, 0.5, 0.1]","[0.8, 0.4, 0.2]","[u'black', u'blue', u'red']","[u'left', u'middle', u'right']","[0.9, 0.5, 0.1]","[u'low', u'high', u'medium']",blue,50,middle,high,True,False,322,4750,NA
A2P76QVLSGJR45,Mon Dec 04 2017 07:59:49 GMT-0500 (Eastern Standard Time),Mon Dec 04 2017 08:10:32 GMT-0500 (Eastern Standard Time),Mozilla/5.0 (Windows NT 10.0; Win64; x64; rv:57.0) Gecko/20100101 Firefox/57.0,80,"[0.9, 0.5, 0.1]","[0.8, 0.4, 0.2]","[u'black', u'blue', u'red']","[u'left', u'middle', u'right']","[0.9, 0.5, 0.1]","[u'low', u'high', u'medium']",blue,50,middle,high,True,False,394,4850,NA
A2P76QVLSGJR45,Mon Dec 04 2017 07:59:49 GMT-0500 (Eastern Standard Time),Mon Dec 04 2017 08:10:32 GMT-0500 (Eastern Standard Time),Mozilla/5.0 (Windows NT 10.0; Win64; x64; rv:57.0) Gecko/20100101 Firefox/57.0,81,"[0.9, 0.5, 0.1]","[0.8, 0.4, 0.2]","[u'black', u'blue', u'red']","[u'left', u'middle', u'right']","[0.8, 0.4, 0.2]","[u'high', u'medium', u'low']",blue,50,middle,medium,False,False,629,4800,NA
A2P76QVLSGJR45,Mon Dec 04 2017 07:59:49 GMT-0500 (Eastern Standard Time),Mon Dec 04 2017 08:10:32 GMT-0500 (Eastern Standard Time),Mozilla/5.0 (Windows NT 10.0; Win64; x64; rv:57.0) Gecko/20100101 Firefox/57.0,82,"[0.9, 0.5, 0.1]","[0.8, 0.4, 0.2]","[u'black', u'blue', u'red']","[u'left', u'middle', u'right']","[0.8, 0.4, 0.2]","[u'high', u'medium', u'low']",blue,50,middle,medium,True,False,317,4900,NA
A2P76QVLSGJR45,Mon Dec 04 2017 07:59:49 GMT-0500 (Eastern Standard Time),Mon Dec 04 2017 08:10:32 GMT-0500 (Eastern Standard Time),Mozilla/5.0 (Windows NT 10.0; Win64; x64; rv:57.0) Gecko/20100101 Firefox/57.0,83,"[0.9, 0.5, 0.1]","[0.8, 0.4, 0.2]","[u'black', u'blue', u'red']","[u'left', u'middle', u'right']","[0.8, 0.4, 0.2]","[u'high', u'medium', u'low']",blue,50,middle,medium,False,False,352,4850,NA
A2P76QVLSGJR45,Mon Dec 04 2017 07:59:49 GMT-0500 (Eastern Standard Time),Mon Dec 04 2017 08:10:32 GMT-0500 (Eastern Standard Time),Mozilla/5.0 (Windows NT 10.0; Win64; x64; rv:57.0) Gecko/20100101 Firefox/57.0,84,"[0.9, 0.5, 0.1]","[0.8, 0.4, 0.2]","[u'black', u'blue', u'red']","[u'left', u'middle', u'right']","[0.8, 0.4, 0.2]","[u'high', u'medium', u'low']",red,51,right,low,True,False,286,4950,NA
A2P76QVLSGJR45,Mon Dec 04 2017 07:59:49 GMT-0500 (Eastern Standard Time),Mon Dec 04 2017 08:10:32 GMT-0500 (Eastern Standard Time),Mozilla/5.0 (Windows NT 10.0; Win64; x64; rv:57.0) Gecko/20100101 Firefox/57.0,85,"[0.9, 0.5, 0.1]","[0.8, 0.4, 0.2]","[u'black', u'blue', u'red']","[u'left', u'middle', u'right']","[0.8, 0.4, 0.2]","[u'high', u'medium', u'low']",red,51,right,low,False,False,279,4900,NA
A2P76QVLSGJR45,Mon Dec 04 2017 07:59:49 GMT-0500 (Eastern Standard Time),Mon Dec 04 2017 08:10:32 GMT-0500 (Eastern Standard Time),Mozilla/5.0 (Windows NT 10.0; Win64; x64; rv:57.0) Gecko/20100101 Firefox/57.0,86,"[0.9, 0.5, 0.1]","[0.8, 0.4, 0.2]","[u'black', u'blue', u'red']","[u'left', u'middle', u'right']","[0.8, 0.4, 0.2]","[u'high', u'medium', u'low']",red,51,right,low,False,False,280,4850,NA
A2P76QVLSGJR45,Mon Dec 04 2017 07:59:49 GMT-0500 (Eastern Standard Time),Mon Dec 04 2017 08:10:32 GMT-0500 (Eastern Standard Time),Mozilla/5.0 (Windows NT 10.0; Win64; x64; rv:57.0) Gecko/20100101 Firefox/57.0,87,"[0.9, 0.5, 0.1]","[0.8, 0.4, 0.2]","[u'black', u'blue', u'red']","[u'left', u'middle', u'right']","[0.8, 0.4, 0.2]","[u'high', u'medium', u'low']",black,49,left,high,True,False,524,4950,NA
A2P76QVLSGJR45,Mon Dec 04 2017 07:59:49 GMT-0500 (Eastern Standard Time),Mon Dec 04 2017 08:10:32 GMT-0500 (Eastern Standard Time),Mozilla/5.0 (Windows NT 10.0; Win64; x64; rv:57.0) Gecko/20100101 Firefox/57.0,88,"[0.9, 0.5, 0.1]","[0.8, 0.4, 0.2]","[u'black', u'blue', u'red']","[u'left', u'middle', u'right']","[0.8, 0.4, 0.2]","[u'high', u'medium', u'low']",black,49,left,high,True,False,297,5050,NA
A2P76QVLSGJR45,Mon Dec 04 2017 07:59:49 GMT-0500 (Eastern Standard Time),Mon Dec 04 2017 08:10:32 GMT-0500 (Eastern Standard Time),Mozilla/5.0 (Windows NT 10.0; Win64; x64; rv:57.0) Gecko/20100101 Firefox/57.0,89,"[0.9, 0.5, 0.1]","[0.8, 0.4, 0.2]","[u'black', u'blue', u'red']","[u'left', u'middle', u'right']","[0.8, 0.4, 0.2]","[u'high', u'medium', u'low']",black,49,left,high,True,False,260,5150,NA
A2P76QVLSGJR45,Mon Dec 04 2017 07:59:49 GMT-0500 (Eastern Standard Time),Mon Dec 04 2017 08:10:32 GMT-0500 (Eastern Standard Time),Mozilla/5.0 (Windows NT 10.0; Win64; x64; rv:57.0) Gecko/20100101 Firefox/57.0,90,"[0.9, 0.5, 0.1]","[0.8, 0.4, 0.2]","[u'black', u'blue', u'red']","[u'left', u'middle', u'right']","[0.8, 0.4, 0.2]","[u'high', u'medium', u'low']",black,49,left,high,False,False,4,5100,NA
A2P76QVLSGJR45,Mon Dec 04 2017 07:59:49 GMT-0500 (Eastern Standard Time),Mon Dec 04 2017 08:10:32 GMT-0500 (Eastern Standard Time),Mozilla/5.0 (Windows NT 10.0; Win64; x64; rv:57.0) Gecko/20100101 Firefox/57.0,91,"[0.9, 0.5, 0.1]","[0.8, 0.4, 0.2]","[u'black', u'blue', u'red']","[u'left', u'middle', u'right']","[0.8, 0.4, 0.2]","[u'high', u'medium', u'low']",black,49,left,high,True,False,89,5200,NA
A2P76QVLSGJR45,Mon Dec 04 2017 07:59:49 GMT-0500 (Eastern Standard Time),Mon Dec 04 2017 08:10:32 GMT-0500 (Eastern Standard Time),Mozilla/5.0 (Windows NT 10.0; Win64; x64; rv:57.0) Gecko/20100101 Firefox/57.0,92,"[0.9, 0.5, 0.1]","[0.8, 0.4, 0.2]","[u'black', u'blue', u'red']","[u'left', u'middle', u'right']","[0.8, 0.4, 0.2]","[u'high', u'medium', u'low']",black,49,left,high,False,False,332,5150,NA
A2P76QVLSGJR45,Mon Dec 04 2017 07:59:49 GMT-0500 (Eastern Standard Time),Mon Dec 04 2017 08:10:32 GMT-0500 (Eastern Standard Time),Mozilla/5.0 (Windows NT 10.0; Win64; x64; rv:57.0) Gecko/20100101 Firefox/57.0,93,"[0.9, 0.5, 0.1]","[0.8, 0.4, 0.2]","[u'black', u'blue', u'red']","[u'left', u'middle', u'right']","[0.8, 0.4, 0.2]","[u'high', u'medium', u'low']",blue,50,middle,medium,False,False,285,5100,NA
A2P76QVLSGJR45,Mon Dec 04 2017 07:59:49 GMT-0500 (Eastern Standard Time),Mon Dec 04 2017 08:10:32 GMT-0500 (Eastern Standard Time),Mozilla/5.0 (Windows NT 10.0; Win64; x64; rv:57.0) Gecko/20100101 Firefox/57.0,94,"[0.9, 0.5, 0.1]","[0.8, 0.4, 0.2]","[u'black', u'blue', u'red']","[u'left', u'middle', u'right']","[0.8, 0.4, 0.2]","[u'high', u'medium', u'low']",blue,50,middle,medium,False,False,476,5050,NA
A2P76QVLSGJR45,Mon Dec 04 2017 07:59:49 GMT-0500 (Eastern Standard Time),Mon Dec 04 2017 08:10:32 GMT-0500 (Eastern Standard Time),Mozilla/5.0 (Windows NT 10.0; Win64; x64; rv:57.0) Gecko/20100101 Firefox/57.0,95,"[0.9, 0.5, 0.1]","[0.8, 0.4, 0.2]","[u'black', u'blue', u'red']","[u'left', u'middle', u'right']","[0.8, 0.4, 0.2]","[u'high', u'medium', u'low']",red,51,right,low,False,False,308,5000,NA
A2P76QVLSGJR45,Mon Dec 04 2017 07:59:49 GMT-0500 (Eastern Standard Time),Mon Dec 04 2017 08:10:32 GMT-0500 (Eastern Standard Time),Mozilla/5.0 (Windows NT 10.0; Win64; x64; rv:57.0) Gecko/20100101 Firefox/57.0,96,"[0.9, 0.5, 0.1]","[0.8, 0.4, 0.2]","[u'black', u'blue', u'red']","[u'left', u'middle', u'right']","[0.8, 0.4, 0.2]","[u'high', u'medium', u'low']",red,51,right,low,True,False,339,5100,NA
A2P76QVLSGJR45,Mon Dec 04 2017 07:59:49 GMT-0500 (Eastern Standard Time),Mon Dec 04 2017 08:10:32 GMT-0500 (Eastern Standard Time),Mozilla/5.0 (Windows NT 10.0; Win64; x64; rv:57.0) Gecko/20100101 Firefox/57.0,97,"[0.9, 0.5, 0.1]","[0.8, 0.4, 0.2]","[u'black', u'blue', u'red']","[u'left', u'middle', u'right']","[0.8, 0.4, 0.2]","[u'high', u'medium', u'low']",red,51,right,low,False,False,337,5050,NA
A2P76QVLSGJR45,Mon Dec 04 2017 07:59:49 GMT-0500 (Eastern Standard Time),Mon Dec 04 2017 08:10:32 GMT-0500 (Eastern Standard Time),Mozilla/5.0 (Windows NT 10.0; Win64; x64; rv:57.0) Gecko/20100101 Firefox/57.0,98,"[0.9, 0.5, 0.1]","[0.8, 0.4, 0.2]","[u'black', u'blue', u'red']","[u'left', u'middle', u'right']","[0.8, 0.4, 0.2]","[u'high', u'medium', u'low']",black,49,left,high,True,False,464,5150,NA
A2P76QVLSGJR45,Mon Dec 04 2017 07:59:49 GMT-0500 (Eastern Standard Time),Mon Dec 04 2017 08:10:32 GMT-0500 (Eastern Standard Time),Mozilla/5.0 (Windows NT 10.0; Win64; x64; rv:57.0) Gecko/20100101 Firefox/57.0,99,"[0.9, 0.5, 0.1]","[0.8, 0.4, 0.2]","[u'black', u'blue', u'red']","[u'left', u'middle', u'right']","[0.8, 0.4, 0.2]","[u'high', u'medium', u'low']",black,49,left,high,True,False,251,5250,NA
A2P76QVLSGJR45,Mon Dec 04 2017 07:59:49 GMT-0500 (Eastern Standard Time),Mon Dec 04 2017 08:10:32 GMT-0500 (Eastern Standard Time),Mozilla/5.0 (Windows NT 10.0; Win64; x64; rv:57.0) Gecko/20100101 Firefox/57.0,100,"[0.9, 0.5, 0.1]","[0.8, 0.4, 0.2]","[u'black', u'blue', u'red']","[u'left', u'middle', u'right']","[0.8, 0.4, 0.2]","[u'high', u'medium', u'low']",black,49,left,high,True,False,426,5350,NA
A2P76QVLSGJR45,Mon Dec 04 2017 07:59:49 GMT-0500 (Eastern Standard Time),Mon Dec 04 2017 08:10:32 GMT-0500 (Eastern Standard Time),Mozilla/5.0 (Windows NT 10.0; Win64; x64; rv:57.0) Gecko/20100101 Firefox/57.0,101,"[0.9, 0.5, 0.1]","[0.8, 0.4, 0.2]","[u'black', u'blue', u'red']","[u'left', u'middle', u'right']","[0.8, 0.4, 0.2]","[u'high', u'medium', u'low']",black,49,left,high,False,False,322,5300,NA
A2P76QVLSGJR45,Mon Dec 04 2017 07:59:49 GMT-0500 (Eastern Standard Time),Mon Dec 04 2017 08:10:32 GMT-0500 (Eastern Standard Time),Mozilla/5.0 (Windows NT 10.0; Win64; x64; rv:57.0) Gecko/20100101 Firefox/57.0,102,"[0.9, 0.5, 0.1]","[0.8, 0.4, 0.2]","[u'black', u'blue', u'red']","[u'left', u'middle', u'right']","[0.8, 0.4, 0.2]","[u'high', u'medium', u'low']",black,49,left,high,True,False,396,5400,NA
A2P76QVLSGJR45,Mon Dec 04 2017 07:59:49 GMT-0500 (Eastern Standard Time),Mon Dec 04 2017 08:10:32 GMT-0500 (Eastern Standard Time),Mozilla/5.0 (Windows NT 10.0; Win64; x64; rv:57.0) Gecko/20100101 Firefox/57.0,103,"[0.9, 0.5, 0.1]","[0.8, 0.4, 0.2]","[u'black', u'blue', u'red']","[u'left', u'middle', u'right']","[0.8, 0.4, 0.2]","[u'high', u'medium', u'low']",black,49,left,high,True,False,345,5500,NA
A2P76QVLSGJR45,Mon Dec 04 2017 07:59:49 GMT-0500 (Eastern Standard Time),Mon Dec 04 2017 08:10:32 GMT-0500 (Eastern Standard Time),Mozilla/5.0 (Windows NT 10.0; Win64; x64; rv:57.0) Gecko/20100101 Firefox/57.0,104,"[0.9, 0.5, 0.1]","[0.8, 0.4, 0.2]","[u'black', u'blue', u'red']","[u'left', u'middle', u'right']","[0.8, 0.4, 0.2]","[u'high', u'medium', u'low']",black,49,left,high,True,False,492,5600,NA
A2P76QVLSGJR45,Mon Dec 04 2017 07:59:49 GMT-0500 (Eastern Standard Time),Mon Dec 04 2017 08:10:32 GMT-0500 (Eastern Standard Time),Mozilla/5.0 (Windows NT 10.0; Win64; x64; rv:57.0) Gecko/20100101 Firefox/57.0,105,"[0.9, 0.5, 0.1]","[0.8, 0.4, 0.2]","[u'black', u'blue', u'red']","[u'left', u'middle', u'right']","[0.8, 0.4, 0.2]","[u'high', u'medium', u'low']",black,49,left,high,True,False,342,5700,NA
A2P76QVLSGJR45,Mon Dec 04 2017 07:59:49 GMT-0500 (Eastern Standard Time),Mon Dec 04 2017 08:10:32 GMT-0500 (Eastern Standard Time),Mozilla/5.0 (Windows NT 10.0; Win64; x64; rv:57.0) Gecko/20100101 Firefox/57.0,106,"[0.9, 0.5, 0.1]","[0.8, 0.4, 0.2]","[u'black', u'blue', u'red']","[u'left', u'middle', u'right']","[0.8, 0.4, 0.2]","[u'high', u'medium', u'low']",black,49,left,high,True,True,429,5800,NA
A2P76QVLSGJR45,Mon Dec 04 2017 07:59:49 GMT-0500 (Eastern Standard Time),Mon Dec 04 2017 08:10:32 GMT-0500 (Eastern Standard Time),Mozilla/5.0 (Windows NT 10.0; Win64; x64; rv:57.0) Gecko/20100101 Firefox/57.0,107,"[0.9, 0.5, 0.1]","[0.8, 0.4, 0.2]","[u'black', u'blue', u'red']","[u'left', u'middle', u'right']","[0.8, 0.4, 0.2]","[u'low', u'medium', u'high']",black,49,left,low,True,False,381,5900,NA
A2P76QVLSGJR45,Mon Dec 04 2017 07:59:49 GMT-0500 (Eastern Standard Time),Mon Dec 04 2017 08:10:32 GMT-0500 (Eastern Standard Time),Mozilla/5.0 (Windows NT 10.0; Win64; x64; rv:57.0) Gecko/20100101 Firefox/57.0,108,"[0.9, 0.5, 0.1]","[0.8, 0.4, 0.2]","[u'black', u'blue', u'red']","[u'left', u'middle', u'right']","[0.8, 0.4, 0.2]","[u'low', u'medium', u'high']",black,49,left,low,True,False,327,6000,NA
A2P76QVLSGJR45,Mon Dec 04 2017 07:59:49 GMT-0500 (Eastern Standard Time),Mon Dec 04 2017 08:10:32 GMT-0500 (Eastern Standard Time),Mozilla/5.0 (Windows NT 10.0; Win64; x64; rv:57.0) Gecko/20100101 Firefox/57.0,109,"[0.9, 0.5, 0.1]","[0.8, 0.4, 0.2]","[u'black', u'blue', u'red']","[u'left', u'middle', u'right']","[0.8, 0.4, 0.2]","[u'low', u'medium', u'high']",black,49,left,low,False,False,374,5950,NA
A2P76QVLSGJR45,Mon Dec 04 2017 07:59:49 GMT-0500 (Eastern Standard Time),Mon Dec 04 2017 08:10:32 GMT-0500 (Eastern Standard Time),Mozilla/5.0 (Windows NT 10.0; Win64; x64; rv:57.0) Gecko/20100101 Firefox/57.0,110,"[0.9, 0.5, 0.1]","[0.8, 0.4, 0.2]","[u'black', u'blue', u'red']","[u'left', u'middle', u'right']","[0.8, 0.4, 0.2]","[u'low', u'medium', u'high']",black,49,left,low,False,False,292,5900,NA
A2P76QVLSGJR45,Mon Dec 04 2017 07:59:49 GMT-0500 (Eastern Standard Time),Mon Dec 04 2017 08:10:32 GMT-0500 (Eastern Standard Time),Mozilla/5.0 (Windows NT 10.0; Win64; x64; rv:57.0) Gecko/20100101 Firefox/57.0,111,"[0.9, 0.5, 0.1]","[0.8, 0.4, 0.2]","[u'black', u'blue', u'red']","[u'left', u'middle', u'right']","[0.8, 0.4, 0.2]","[u'low', u'medium', u'high']",blue,50,middle,medium,True,False,125,6000,NA
A2P76QVLSGJR45,Mon Dec 04 2017 07:59:49 GMT-0500 (Eastern Standard Time),Mon Dec 04 2017 08:10:32 GMT-0500 (Eastern Standard Time),Mozilla/5.0 (Windows NT 10.0; Win64; x64; rv:57.0) Gecko/20100101 Firefox/57.0,112,"[0.9, 0.5, 0.1]","[0.8, 0.4, 0.2]","[u'black', u'blue', u'red']","[u'left', u'middle', u'right']","[0.8, 0.4, 0.2]","[u'low', u'medium', u'high']",blue,50,middle,medium,False,False,268,5950,NA
A2P76QVLSGJR45,Mon Dec 04 2017 07:59:49 GMT-0500 (Eastern Standard Time),Mon Dec 04 2017 08:10:32 GMT-0500 (Eastern Standard Time),Mozilla/5.0 (Windows NT 10.0; Win64; x64; rv:57.0) Gecko/20100101 Firefox/57.0,113,"[0.9, 0.5, 0.1]","[0.8, 0.4, 0.2]","[u'black', u'blue', u'red']","[u'left', u'middle', u'right']","[0.8, 0.4, 0.2]","[u'low', u'medium', u'high']",blue,50,middle,medium,False,False,552,5900,NA
A2P76QVLSGJR45,Mon Dec 04 2017 07:59:49 GMT-0500 (Eastern Standard Time),Mon Dec 04 2017 08:10:32 GMT-0500 (Eastern Standard Time),Mozilla/5.0 (Windows NT 10.0; Win64; x64; rv:57.0) Gecko/20100101 Firefox/57.0,114,"[0.9, 0.5, 0.1]","[0.8, 0.4, 0.2]","[u'black', u'blue', u'red']","[u'left', u'middle', u'right']","[0.8, 0.4, 0.2]","[u'low', u'medium', u'high']",red,51,right,high,True,False,311,6000,NA
A2P76QVLSGJR45,Mon Dec 04 2017 07:59:49 GMT-0500 (Eastern Standard Time),Mon Dec 04 2017 08:10:32 GMT-0500 (Eastern Standard Time),Mozilla/5.0 (Windows NT 10.0; Win64; x64; rv:57.0) Gecko/20100101 Firefox/57.0,115,"[0.9, 0.5, 0.1]","[0.8, 0.4, 0.2]","[u'black', u'blue', u'red']","[u'left', u'middle', u'right']","[0.8, 0.4, 0.2]","[u'low', u'medium', u'high']",red,51,right,high,True,False,319,6100,NA
A2P76QVLSGJR45,Mon Dec 04 2017 07:59:49 GMT-0500 (Eastern Standard Time),Mon Dec 04 2017 08:10:32 GMT-0500 (Eastern Standard Time),Mozilla/5.0 (Windows NT 10.0; Win64; x64; rv:57.0) Gecko/20100101 Firefox/57.0,116,"[0.9, 0.5, 0.1]","[0.8, 0.4, 0.2]","[u'black', u'blue', u'red']","[u'left', u'middle', u'right']","[0.8, 0.4, 0.2]","[u'low', u'medium', u'high']",red,51,right,high,True,False,292,6200,NA
A2P76QVLSGJR45,Mon Dec 04 2017 07:59:49 GMT-0500 (Eastern Standard Time),Mon Dec 04 2017 08:10:32 GMT-0500 (Eastern Standard Time),Mozilla/5.0 (Windows NT 10.0; Win64; x64; rv:57.0) Gecko/20100101 Firefox/57.0,117,"[0.9, 0.5, 0.1]","[0.8, 0.4, 0.2]","[u'black', u'blue', u'red']","[u'left', u'middle', u'right']","[0.8, 0.4, 0.2]","[u'low', u'medium', u'high']",red,51,right,high,True,False,367,6300,NA
A2P76QVLSGJR45,Mon Dec 04 2017 07:59:49 GMT-0500 (Eastern Standard Time),Mon Dec 04 2017 08:10:32 GMT-0500 (Eastern Standard Time),Mozilla/5.0 (Windows NT 10.0; Win64; x64; rv:57.0) Gecko/20100101 Firefox/57.0,118,"[0.9, 0.5, 0.1]","[0.8, 0.4, 0.2]","[u'black', u'blue', u'red']","[u'left', u'middle', u'right']","[0.8, 0.4, 0.2]","[u'low', u'medium', u'high']",red,51,right,high,True,False,334,6400,NA
A2P76QVLSGJR45,Mon Dec 04 2017 07:59:49 GMT-0500 (Eastern Standard Time),Mon Dec 04 2017 08:10:32 GMT-0500 (Eastern Standard Time),Mozilla/5.0 (Windows NT 10.0; Win64; x64; rv:57.0) Gecko/20100101 Firefox/57.0,119,"[0.9, 0.5, 0.1]","[0.8, 0.4, 0.2]","[u'black', u'blue', u'red']","[u'left', u'middle', u'right']","[0.8, 0.4, 0.2]","[u'low', u'medium', u'high']",red,51,right,high,True,False,320,6500,NA
A2P76QVLSGJR45,Mon Dec 04 2017 07:59:49 GMT-0500 (Eastern Standard Time),Mon Dec 04 2017 08:10:32 GMT-0500 (Eastern Standard Time),Mozilla/5.0 (Windows NT 10.0; Win64; x64; rv:57.0) Gecko/20100101 Firefox/57.0,120,"[0.9, 0.5, 0.1]","[0.8, 0.4, 0.2]","[u'black', u'blue', u'red']","[u'left', u'middle', u'right']","[0.8, 0.4, 0.2]","[u'low', u'medium', u'high']",red,51,right,high,False,False,348,6450,NA
A2P76QVLSGJR45,Mon Dec 04 2017 07:59:49 GMT-0500 (Eastern Standard Time),Mon Dec 04 2017 08:10:32 GMT-0500 (Eastern Standard Time),Mozilla/5.0 (Windows NT 10.0; Win64; x64; rv:57.0) Gecko/20100101 Firefox/57.0,121,"[0.9, 0.5, 0.1]","[0.8, 0.4, 0.2]","[u'black', u'blue', u'red']","[u'left', u'middle', u'right']","[0.8, 0.4, 0.2]","[u'high', u'low', u'medium']",blue,50,middle,low,False,False,982,6400,NA
A2P76QVLSGJR45,Mon Dec 04 2017 07:59:49 GMT-0500 (Eastern Standard Time),Mon Dec 04 2017 08:10:32 GMT-0500 (Eastern Standard Time),Mozilla/5.0 (Windows NT 10.0; Win64; x64; rv:57.0) Gecko/20100101 Firefox/57.0,122,"[0.9, 0.5, 0.1]","[0.8, 0.4, 0.2]","[u'black', u'blue', u'red']","[u'left', u'middle', u'right']","[0.8, 0.4, 0.2]","[u'high', u'low', u'medium']",red,51,right,medium,False,False,1427,6350,NA
A2P76QVLSGJR45,Mon Dec 04 2017 07:59:49 GMT-0500 (Eastern Standard Time),Mon Dec 04 2017 08:10:32 GMT-0500 (Eastern Standard Time),Mozilla/5.0 (Windows NT 10.0; Win64; x64; rv:57.0) Gecko/20100101 Firefox/57.0,123,"[0.9, 0.5, 0.1]","[0.8, 0.4, 0.2]","[u'black', u'blue', u'red']","[u'left', u'middle', u'right']","[0.8, 0.4, 0.2]","[u'high', u'low', u'medium']",red,51,right,medium,False,False,480,6300,NA
A2P76QVLSGJR45,Mon Dec 04 2017 07:59:49 GMT-0500 (Eastern Standard Time),Mon Dec 04 2017 08:10:32 GMT-0500 (Eastern Standard Time),Mozilla/5.0 (Windows NT 10.0; Win64; x64; rv:57.0) Gecko/20100101 Firefox/57.0,124,"[0.9, 0.5, 0.1]","[0.8, 0.4, 0.2]","[u'black', u'blue', u'red']","[u'left', u'middle', u'right']","[0.8, 0.4, 0.2]","[u'high', u'low', u'medium']",black,49,left,high,True,False,339,6400,NA
A2P76QVLSGJR45,Mon Dec 04 2017 07:59:49 GMT-0500 (Eastern Standard Time),Mon Dec 04 2017 08:10:32 GMT-0500 (Eastern Standard Time),Mozilla/5.0 (Windows NT 10.0; Win64; x64; rv:57.0) Gecko/20100101 Firefox/57.0,125,"[0.9, 0.5, 0.1]","[0.8, 0.4, 0.2]","[u'black', u'blue', u'red']","[u'left', u'middle', u'right']","[0.8, 0.4, 0.2]","[u'high', u'low', u'medium']",black,49,left,high,False,False,370,6350,NA
A2P76QVLSGJR45,Mon Dec 04 2017 07:59:49 GMT-0500 (Eastern Standard Time),Mon Dec 04 2017 08:10:32 GMT-0500 (Eastern Standard Time),Mozilla/5.0 (Windows NT 10.0; Win64; x64; rv:57.0) Gecko/20100101 Firefox/57.0,126,"[0.9, 0.5, 0.1]","[0.8, 0.4, 0.2]","[u'black', u'blue', u'red']","[u'left', u'middle', u'right']","[0.8, 0.4, 0.2]","[u'high', u'low', u'medium']",black,49,left,high,False,False,304,6300,NA
A2P76QVLSGJR45,Mon Dec 04 2017 07:59:49 GMT-0500 (Eastern Standard Time),Mon Dec 04 2017 08:10:32 GMT-0500 (Eastern Standard Time),Mozilla/5.0 (Windows NT 10.0; Win64; x64; rv:57.0) Gecko/20100101 Firefox/57.0,127,"[0.9, 0.5, 0.1]","[0.8, 0.4, 0.2]","[u'black', u'blue', u'red']","[u'left', u'middle', u'right']","[0.8, 0.4, 0.2]","[u'high', u'low', u'medium']",blue,50,middle,low,False,False,293,6250,NA
A2P76QVLSGJR45,Mon Dec 04 2017 07:59:49 GMT-0500 (Eastern Standard Time),Mon Dec 04 2017 08:10:32 GMT-0500 (Eastern Standard Time),Mozilla/5.0 (Windows NT 10.0; Win64; x64; rv:57.0) Gecko/20100101 Firefox/57.0,128,"[0.9, 0.5, 0.1]","[0.8, 0.4, 0.2]","[u'black', u'blue', u'red']","[u'left', u'middle', u'right']","[0.8, 0.4, 0.2]","[u'high', u'low', u'medium']",blue,50,middle,low,False,False,325,6200,NA
A2P76QVLSGJR45,Mon Dec 04 2017 07:59:49 GMT-0500 (Eastern Standard Time),Mon Dec 04 2017 08:10:32 GMT-0500 (Eastern Standard Time),Mozilla/5.0 (Windows NT 10.0; Win64; x64; rv:57.0) Gecko/20100101 Firefox/57.0,129,"[0.9, 0.5, 0.1]","[0.8, 0.4, 0.2]","[u'black', u'blue', u'red']","[u'left', u'middle', u'right']","[0.8, 0.4, 0.2]","[u'high', u'low', u'medium']",red,51,right,medium,False,False,284,6150,NA
A2P76QVLSGJR45,Mon Dec 04 2017 07:59:49 GMT-0500 (Eastern Standard Time),Mon Dec 04 2017 08:10:32 GMT-0500 (Eastern Standard Time),Mozilla/5.0 (Windows NT 10.0; Win64; x64; rv:57.0) Gecko/20100101 Firefox/57.0,130,"[0.9, 0.5, 0.1]","[0.8, 0.4, 0.2]","[u'black', u'blue', u'red']","[u'left', u'middle', u'right']","[0.8, 0.4, 0.2]","[u'high', u'low', u'medium']",red,51,right,medium,True,False,285,6250,NA
A2P76QVLSGJR45,Mon Dec 04 2017 07:59:49 GMT-0500 (Eastern Standard Time),Mon Dec 04 2017 08:10:32 GMT-0500 (Eastern Standard Time),Mozilla/5.0 (Windows NT 10.0; Win64; x64; rv:57.0) Gecko/20100101 Firefox/57.0,131,"[0.9, 0.5, 0.1]","[0.8, 0.4, 0.2]","[u'black', u'blue', u'red']","[u'left', u'middle', u'right']","[0.8, 0.4, 0.2]","[u'high', u'low', u'medium']",red,51,right,medium,True,False,40,6350,NA
A2P76QVLSGJR45,Mon Dec 04 2017 07:59:49 GMT-0500 (Eastern Standard Time),Mon Dec 04 2017 08:10:32 GMT-0500 (Eastern Standard Time),Mozilla/5.0 (Windows NT 10.0; Win64; x64; rv:57.0) Gecko/20100101 Firefox/57.0,132,"[0.9, 0.5, 0.1]","[0.8, 0.4, 0.2]","[u'black', u'blue', u'red']","[u'left', u'middle', u'right']","[0.8, 0.4, 0.2]","[u'high', u'low', u'medium']",red,51,right,medium,True,False,378,6450,NA
A2P76QVLSGJR45,Mon Dec 04 2017 07:59:49 GMT-0500 (Eastern Standard Time),Mon Dec 04 2017 08:10:32 GMT-0500 (Eastern Standard Time),Mozilla/5.0 (Windows NT 10.0; Win64; x64; rv:57.0) Gecko/20100101 Firefox/57.0,133,"[0.9, 0.5, 0.1]","[0.8, 0.4, 0.2]","[u'black', u'blue', u'red']","[u'left', u'middle', u'right']","[0.8, 0.4, 0.2]","[u'high', u'low', u'medium']",red,51,right,medium,False,False,344,6400,NA
A2P76QVLSGJR45,Mon Dec 04 2017 07:59:49 GMT-0500 (Eastern Standard Time),Mon Dec 04 2017 08:10:32 GMT-0500 (Eastern Standard Time),Mozilla/5.0 (Windows NT 10.0; Win64; x64; rv:57.0) Gecko/20100101 Firefox/57.0,134,"[0.9, 0.5, 0.1]","[0.8, 0.4, 0.2]","[u'black', u'blue', u'red']","[u'left', u'middle', u'right']","[0.8, 0.4, 0.2]","[u'high', u'low', u'medium']",red,51,right,medium,False,False,281,6350,NA
A2P76QVLSGJR45,Mon Dec 04 2017 07:59:49 GMT-0500 (Eastern Standard Time),Mon Dec 04 2017 08:10:32 GMT-0500 (Eastern Standard Time),Mozilla/5.0 (Windows NT 10.0; Win64; x64; rv:57.0) Gecko/20100101 Firefox/57.0,135,"[0.9, 0.5, 0.1]","[0.8, 0.4, 0.2]","[u'black', u'blue', u'red']","[u'left', u'middle', u'right']","[0.8, 0.4, 0.2]","[u'high', u'low', u'medium']",blue,50,middle,low,False,False,301,6300,NA
A2P76QVLSGJR45,Mon Dec 04 2017 07:59:49 GMT-0500 (Eastern Standard Time),Mon Dec 04 2017 08:10:32 GMT-0500 (Eastern Standard Time),Mozilla/5.0 (Windows NT 10.0; Win64; x64; rv:57.0) Gecko/20100101 Firefox/57.0,136,"[0.9, 0.5, 0.1]","[0.8, 0.4, 0.2]","[u'black', u'blue', u'red']","[u'left', u'middle', u'right']","[0.8, 0.4, 0.2]","[u'high', u'low', u'medium']",blue,50,middle,low,False,False,307,6250,NA
A2P76QVLSGJR45,Mon Dec 04 2017 07:59:49 GMT-0500 (Eastern Standard Time),Mon Dec 04 2017 08:10:32 GMT-0500 (Eastern Standard Time),Mozilla/5.0 (Windows NT 10.0; Win64; x64; rv:57.0) Gecko/20100101 Firefox/57.0,137,"[0.9, 0.5, 0.1]","[0.8, 0.4, 0.2]","[u'black', u'blue', u'red']","[u'left', u'middle', u'right']","[0.8, 0.4, 0.2]","[u'high', u'low', u'medium']",black,49,left,high,True,False,282,6350,NA
A2P76QVLSGJR45,Mon Dec 04 2017 07:59:49 GMT-0500 (Eastern Standard Time),Mon Dec 04 2017 08:10:32 GMT-0500 (Eastern Standard Time),Mozilla/5.0 (Windows NT 10.0; Win64; x64; rv:57.0) Gecko/20100101 Firefox/57.0,138,"[0.9, 0.5, 0.1]","[0.8, 0.4, 0.2]","[u'black', u'blue', u'red']","[u'left', u'middle', u'right']","[0.8, 0.4, 0.2]","[u'high', u'low', u'medium']",black,49,left,high,True,False,412,6450,NA
A2P76QVLSGJR45,Mon Dec 04 2017 07:59:49 GMT-0500 (Eastern Standard Time),Mon Dec 04 2017 08:10:32 GMT-0500 (Eastern Standard Time),Mozilla/5.0 (Windows NT 10.0; Win64; x64; rv:57.0) Gecko/20100101 Firefox/57.0,139,"[0.9, 0.5, 0.1]","[0.8, 0.4, 0.2]","[u'black', u'blue', u'red']","[u'left', u'middle', u'right']","[0.8, 0.4, 0.2]","[u'high', u'low', u'medium']",black,49,left,high,True,False,341,6550,NA
A2P76QVLSGJR45,Mon Dec 04 2017 07:59:49 GMT-0500 (Eastern Standard Time),Mon Dec 04 2017 08:10:32 GMT-0500 (Eastern Standard Time),Mozilla/5.0 (Windows NT 10.0; Win64; x64; rv:57.0) Gecko/20100101 Firefox/57.0,140,"[0.9, 0.5, 0.1]","[0.8, 0.4, 0.2]","[u'black', u'blue', u'red']","[u'left', u'middle', u'right']","[0.8, 0.4, 0.2]","[u'high', u'low', u'medium']",black,49,left,high,True,False,329,6650,NA
A2P76QVLSGJR45,Mon Dec 04 2017 07:59:49 GMT-0500 (Eastern Standard Time),Mon Dec 04 2017 08:10:32 GMT-0500 (Eastern Standard Time),Mozilla/5.0 (Windows NT 10.0; Win64; x64; rv:57.0) Gecko/20100101 Firefox/57.0,141,"[0.9, 0.5, 0.1]","[0.8, 0.4, 0.2]","[u'black', u'blue', u'red']","[u'left', u'middle', u'right']","[0.8, 0.4, 0.2]","[u'high', u'low', u'medium']",black,49,left,high,True,False,541,6750,NA
A2P76QVLSGJR45,Mon Dec 04 2017 07:59:49 GMT-0500 (Eastern Standard Time),Mon Dec 04 2017 08:10:32 GMT-0500 (Eastern Standard Time),Mozilla/5.0 (Windows NT 10.0; Win64; x64; rv:57.0) Gecko/20100101 Firefox/57.0,142,"[0.9, 0.5, 0.1]","[0.8, 0.4, 0.2]","[u'black', u'blue', u'red']","[u'left', u'middle', u'right']","[0.8, 0.4, 0.2]","[u'high', u'low', u'medium']",black,49,left,high,True,False,372,6850,NA
A2P76QVLSGJR45,Mon Dec 04 2017 07:59:49 GMT-0500 (Eastern Standard Time),Mon Dec 04 2017 08:10:32 GMT-0500 (Eastern Standard Time),Mozilla/5.0 (Windows NT 10.0; Win64; x64; rv:57.0) Gecko/20100101 Firefox/57.0,143,"[0.9, 0.5, 0.1]","[0.8, 0.4, 0.2]","[u'black', u'blue', u'red']","[u'left', u'middle', u'right']","[0.8, 0.4, 0.2]","[u'high', u'low', u'medium']",black,49,left,high,True,False,366,6950,NA
A2P76QVLSGJR45,Mon Dec 04 2017 07:59:49 GMT-0500 (Eastern Standard Time),Mon Dec 04 2017 08:10:32 GMT-0500 (Eastern Standard Time),Mozilla/5.0 (Windows NT 10.0; Win64; x64; rv:57.0) Gecko/20100101 Firefox/57.0,144,"[0.9, 0.5, 0.1]","[0.8, 0.4, 0.2]","[u'black', u'blue', u'red']","[u'left', u'middle', u'right']","[0.8, 0.4, 0.2]","[u'high', u'low', u'medium']",black,49,left,high,True,False,380,7050,NA
A2P76QVLSGJR45,Mon Dec 04 2017 07:59:49 GMT-0500 (Eastern Standard Time),Mon Dec 04 2017 08:10:32 GMT-0500 (Eastern Standard Time),Mozilla/5.0 (Windows NT 10.0; Win64; x64; rv:57.0) Gecko/20100101 Firefox/57.0,145,"[0.9, 0.5, 0.1]","[0.8, 0.4, 0.2]","[u'black', u'blue', u'red']","[u'left', u'middle', u'right']","[0.8, 0.4, 0.2]","[u'high', u'low', u'medium']",black,49,left,high,True,True,421,7150,NA
A2P76QVLSGJR45,Mon Dec 04 2017 07:59:49 GMT-0500 (Eastern Standard Time),Mon Dec 04 2017 08:10:32 GMT-0500 (Eastern Standard Time),Mozilla/5.0 (Windows NT 10.0; Win64; x64; rv:57.0) Gecko/20100101 Firefox/57.0,146,"[0.9, 0.5, 0.1]","[0.8, 0.4, 0.2]","[u'black', u'blue', u'red']","[u'left', u'middle', u'right']","[0.8, 0.4, 0.2]","[u'medium', u'high', u'low']",black,49,left,medium,False,False,304,7100,NA
A2P76QVLSGJR45,Mon Dec 04 2017 07:59:49 GMT-0500 (Eastern Standard Time),Mon Dec 04 2017 08:10:32 GMT-0500 (Eastern Standard Time),Mozilla/5.0 (Windows NT 10.0; Win64; x64; rv:57.0) Gecko/20100101 Firefox/57.0,147,"[0.9, 0.5, 0.1]","[0.8, 0.4, 0.2]","[u'black', u'blue', u'red']","[u'left', u'middle', u'right']","[0.8, 0.4, 0.2]","[u'medium', u'high', u'low']",blue,50,middle,high,True,False,79,7200,NA
A2P76QVLSGJR45,Mon Dec 04 2017 07:59:49 GMT-0500 (Eastern Standard Time),Mon Dec 04 2017 08:10:32 GMT-0500 (Eastern Standard Time),Mozilla/5.0 (Windows NT 10.0; Win64; x64; rv:57.0) Gecko/20100101 Firefox/57.0,148,"[0.9, 0.5, 0.1]","[0.8, 0.4, 0.2]","[u'black', u'blue', u'red']","[u'left', u'middle', u'right']","[0.8, 0.4, 0.2]","[u'medium', u'high', u'low']",blue,50,middle,high,True,False,473,7300,NA
A2P76QVLSGJR45,Mon Dec 04 2017 07:59:49 GMT-0500 (Eastern Standard Time),Mon Dec 04 2017 08:10:32 GMT-0500 (Eastern Standard Time),Mozilla/5.0 (Windows NT 10.0; Win64; x64; rv:57.0) Gecko/20100101 Firefox/57.0,149,"[0.9, 0.5, 0.1]","[0.8, 0.4, 0.2]","[u'black', u'blue', u'red']","[u'left', u'middle', u'right']","[0.8, 0.4, 0.2]","[u'medium', u'high', u'low']",blue,50,middle,high,True,False,614,7400,NA
A2P76QVLSGJR45,Mon Dec 04 2017 07:59:49 GMT-0500 (Eastern Standard Time),Mon Dec 04 2017 08:10:32 GMT-0500 (Eastern Standard Time),Mozilla/5.0 (Windows NT 10.0; Win64; x64; rv:57.0) Gecko/20100101 Firefox/57.0,150,"[0.9, 0.5, 0.1]","[0.8, 0.4, 0.2]","[u'black', u'blue', u'red']","[u'left', u'middle', u'right']","[0.8, 0.4, 0.2]","[u'medium', u'high', u'low']",blue,50,middle,high,True,False,339,7500,NA
A2P76QVLSGJR45,Mon Dec 04 2017 07:59:49 GMT-0500 (Eastern Standard Time),Mon Dec 04 2017 08:10:32 GMT-0500 (Eastern Standard Time),Mozilla/5.0 (Windows NT 10.0; Win64; x64; rv:57.0) Gecko/20100101 Firefox/57.0,151,"[0.9, 0.5, 0.1]","[0.8, 0.4, 0.2]","[u'black', u'blue', u'red']","[u'left', u'middle', u'right']","[0.8, 0.4, 0.2]","[u'medium', u'high', u'low']",blue,50,middle,high,True,False,656,7600,NA
A2P76QVLSGJR45,Mon Dec 04 2017 07:59:49 GMT-0500 (Eastern Standard Time),Mon Dec 04 2017 08:10:32 GMT-0500 (Eastern Standard Time),Mozilla/5.0 (Windows NT 10.0; Win64; x64; rv:57.0) Gecko/20100101 Firefox/57.0,152,"[0.9, 0.5, 0.1]","[0.8, 0.4, 0.2]","[u'black', u'blue', u'red']","[u'left', u'middle', u'right']","[0.8, 0.4, 0.2]","[u'medium', u'high', u'low']",blue,50,middle,high,False,False,356,7550,NA
A2P76QVLSGJR45,Mon Dec 04 2017 07:59:49 GMT-0500 (Eastern Standard Time),Mon Dec 04 2017 08:10:32 GMT-0500 (Eastern Standard Time),Mozilla/5.0 (Windows NT 10.0; Win64; x64; rv:57.0) Gecko/20100101 Firefox/57.0,153,"[0.9, 0.5, 0.1]","[0.8, 0.4, 0.2]","[u'black', u'blue', u'red']","[u'left', u'middle', u'right']","[0.8, 0.4, 0.2]","[u'medium', u'high', u'low']",blue,50,middle,high,True,False,522,7650,NA
A2P76QVLSGJR45,Mon Dec 04 2017 07:59:49 GMT-0500 (Eastern Standard Time),Mon Dec 04 2017 08:10:32 GMT-0500 (Eastern Standard Time),Mozilla/5.0 (Windows NT 10.0; Win64; x64; rv:57.0) Gecko/20100101 Firefox/57.0,154,"[0.9, 0.5, 0.1]","[0.8, 0.4, 0.2]","[u'black', u'blue', u'red']","[u'left', u'middle', u'right']","[0.8, 0.4, 0.2]","[u'medium', u'high', u'low']",blue,50,middle,high,True,False,372,7750,NA
A2P76QVLSGJR45,Mon Dec 04 2017 07:59:49 GMT-0500 (Eastern Standard Time),Mon Dec 04 2017 08:10:32 GMT-0500 (Eastern Standard Time),Mozilla/5.0 (Windows NT 10.0; Win64; x64; rv:57.0) Gecko/20100101 Firefox/57.0,155,"[0.9, 0.5, 0.1]","[0.8, 0.4, 0.2]","[u'black', u'blue', u'red']","[u'left', u'middle', u'right']","[0.8, 0.4, 0.2]","[u'medium', u'high', u'low']",blue,50,middle,high,True,True,503,7850,NA
A2P76QVLSGJR45,Mon Dec 04 2017 07:59:49 GMT-0500 (Eastern Standard Time),Mon Dec 04 2017 08:10:32 GMT-0500 (Eastern Standard Time),Mozilla/5.0 (Windows NT 10.0; Win64; x64; rv:57.0) Gecko/20100101 Firefox/57.0,156,"[0.9, 0.5, 0.1]","[0.8, 0.4, 0.2]","[u'black', u'blue', u'red']","[u'left', u'middle', u'right']","[0.8, 0.4, 0.2]","[u'high', u'low', u'medium']",blue,50,middle,low,False,False,336,7800,NA
A2P76QVLSGJR45,Mon Dec 04 2017 07:59:49 GMT-0500 (Eastern Standard Time),Mon Dec 04 2017 08:10:32 GMT-0500 (Eastern Standard Time),Mozilla/5.0 (Windows NT 10.0; Win64; x64; rv:57.0) Gecko/20100101 Firefox/57.0,157,"[0.9, 0.5, 0.1]","[0.8, 0.4, 0.2]","[u'black', u'blue', u'red']","[u'left', u'middle', u'right']","[0.8, 0.4, 0.2]","[u'high', u'low', u'medium']",blue,50,middle,low,False,False,317,7750,NA
A2P76QVLSGJR45,Mon Dec 04 2017 07:59:49 GMT-0500 (Eastern Standard Time),Mon Dec 04 2017 08:10:32 GMT-0500 (Eastern Standard Time),Mozilla/5.0 (Windows NT 10.0; Win64; x64; rv:57.0) Gecko/20100101 Firefox/57.0,158,"[0.9, 0.5, 0.1]","[0.8, 0.4, 0.2]","[u'black', u'blue', u'red']","[u'left', u'middle', u'right']","[0.8, 0.4, 0.2]","[u'high', u'low', u'medium']",red,51,right,medium,False,False,300,7700,NA
A2P76QVLSGJR45,Mon Dec 04 2017 07:59:49 GMT-0500 (Eastern Standard Time),Mon Dec 04 2017 08:10:32 GMT-0500 (Eastern Standard Time),Mozilla/5.0 (Windows NT 10.0; Win64; x64; rv:57.0) Gecko/20100101 Firefox/57.0,159,"[0.9, 0.5, 0.1]","[0.8, 0.4, 0.2]","[u'black', u'blue', u'red']","[u'left', u'middle', u'right']","[0.8, 0.4, 0.2]","[u'high', u'low', u'medium']",red,51,right,medium,False,False,443,7650,NA
A2P76QVLSGJR45,Mon Dec 04 2017 07:59:49 GMT-0500 (Eastern Standard Time),Mon Dec 04 2017 08:10:32 GMT-0500 (Eastern Standard Time),Mozilla/5.0 (Windows NT 10.0; Win64; x64; rv:57.0) Gecko/20100101 Firefox/57.0,160,"[0.9, 0.5, 0.1]","[0.8, 0.4, 0.2]","[u'black', u'blue', u'red']","[u'left', u'middle', u'right']","[0.8, 0.4, 0.2]","[u'high', u'low', u'medium']",black,49,left,high,True,False,318,7750,NA
