A1BNR1ZAF1QGWG,Mon Dec 04 2017 08:21:10 GMT-0500 (Eastern Standard Time),Mon Dec 04 2017 08:28:32 GMT-0500 (Eastern Standard Time),"Mozilla/5.0 (Windows NT 10.0; Win64; x64) AppleWebKit/537.36 (KHTML, like Gecko) Chrome/62.0.3202.94 Safari/537.36",1,"[0.8, 0.4, 0.2]","[0.8, 0.4, 0.2]","[u'blue', u'red', u'black']","[u'left', u'middle', u'right']","[0.8, 0.4, 0.2]","[u'high', u'low', u'medium']",red,50,middle,low,False,False,1015,-50,NA
A1BNR1ZAF1QGWG,Mon Dec 04 2017 08:21:10 GMT-0500 (Eastern Standard Time),Mon Dec 04 2017 08:28:32 GMT-0500 (Eastern Standard Time),"Mozilla/5.0 (Windows NT 10.0; Win64; x64) AppleWebKit/537.36 (KHTML, like Gecko) Chrome/62.0.3202.94 Safari/537.36",2,"[0.8, 0.4, 0.2]","[0.8, 0.4, 0.2]","[u'blue', u'red', u'black']","[u'left', u'middle', u'right']","[0.8, 0.4, 0.2]","[u'high', u'low', u'medium']",black,51,right,medium,True,False,4399,50,NA
A1BNR1ZAF1QGWG,Mon Dec 04 2017 08:21:10 GMT-0500 (Eastern Standard Time),Mon Dec 04 2017 08:28:32 GMT-0500 (Eastern Standard Time),"Mozilla/5.0 (Windows NT 10.0; Win64; x64) AppleWebKit/537.36 (KHTML, like Gecko) Chrome/62.0.3202.94 Safari/537.36",3,"[0.8, 0.4, 0.2]","[0.8, 0.4, 0.2]","[u'blue', u'red', u'black']","[u'left', u'middle', u'right']","[0.8, 0.4, 0.2]","[u'high', u'low', u'medium']",black,51,right,medium,True,False,528,150,NA
A1BNR1ZAF1QGWG,Mon Dec 04 2017 08:21:10 GMT-0500 (Eastern Standard Time),Mon Dec 04 2017 08:28:32 GMT-0500 (Eastern Standard Time),"Mozilla/5.0 (Windows NT 10.0; Win64; x64) AppleWebKit/537.36 (KHTML, like Gecko) Chrome/62.0.3202.94 Safari/537.36",4,"[0.8, 0.4, 0.2]","[0.8, 0.4, 0.2]","[u'blue', u'red', u'black']","[u'left', u'middle', u'right']","[0.8, 0.4, 0.2]","[u'high', u'low', u'medium']",black,51,right,medium,False,False,946,100,NA
A1BNR1ZAF1QGWG,Mon Dec 04 2017 08:21:10 GMT-0500 (Eastern Standard Time),Mon Dec 04 2017 08:28:32 GMT-0500 (Eastern Standard Time),"Mozilla/5.0 (Windows NT 10.0; Win64; x64) AppleWebKit/537.36 (KHTML, like Gecko) Chrome/62.0.3202.94 Safari/537.36",5,"[0.8, 0.4, 0.2]","[0.8, 0.4, 0.2]","[u'blue', u'red', u'black']","[u'left', u'middle', u'right']","[0.8, 0.4, 0.2]","[u'high', u'low', u'medium']",red,50,middle,low,False,False,285,50,NA
A1BNR1ZAF1QGWG,Mon Dec 04 2017 08:21:10 GMT-0500 (Eastern Standard Time),Mon Dec 04 2017 08:28:32 GMT-0500 (Eastern Standard Time),"Mozilla/5.0 (Windows NT 10.0; Win64; x64) AppleWebKit/537.36 (KHTML, like Gecko) Chrome/62.0.3202.94 Safari/537.36",6,"[0.8, 0.4, 0.2]","[0.8, 0.4, 0.2]","[u'blue', u'red', u'black']","[u'left', u'middle', u'right']","[0.8, 0.4, 0.2]","[u'high', u'low', u'medium']",blue,49,left,high,True,False,257,150,NA
A1BNR1ZAF1QGWG,Mon Dec 04 2017 08:21:10 GMT-0500 (Eastern Standard Time),Mon Dec 04 2017 08:28:32 GMT-0500 (Eastern Standard Time),"Mozilla/5.0 (Windows NT 10.0; Win64; x64) AppleWebKit/537.36 (KHTML, like Gecko) Chrome/62.0.3202.94 Safari/537.36",7,"[0.8, 0.4, 0.2]","[0.8, 0.4, 0.2]","[u'blue', u'red', u'black']","[u'left', u'middle', u'right']","[0.8, 0.4, 0.2]","[u'high', u'low', u'medium']",blue,49,left,high,True,False,308,250,NA
A1BNR1ZAF1QGWG,Mon Dec 04 2017 08:21:10 GMT-0500 (Eastern Standard Time),Mon Dec 04 2017 08:28:32 GMT-0500 (Eastern Standard Time),"Mozilla/5.0 (Windows NT 10.0; Win64; x64) AppleWebKit/537.36 (KHTML, like Gecko) Chrome/62.0.3202.94 Safari/537.36",8,"[0.8, 0.4, 0.2]","[0.8, 0.4, 0.2]","[u'blue', u'red', u'black']","[u'left', u'middle', u'right']","[0.8, 0.4, 0.2]","[u'high', u'low', u'medium']",blue,49,left,high,False,False,284,200,NA
A1BNR1ZAF1QGWG,Mon Dec 04 2017 08:21:10 GMT-0500 (Eastern Standard Time),Mon Dec 04 2017 08:28:32 GMT-0500 (Eastern Standard Time),"Mozilla/5.0 (Windows NT 10.0; Win64; x64) AppleWebKit/537.36 (KHTML, like Gecko) Chrome/62.0.3202.94 Safari/537.36",9,"[0.8, 0.4, 0.2]","[0.8, 0.4, 0.2]","[u'blue', u'red', u'black']","[u'left', u'middle', u'right']","[0.8, 0.4, 0.2]","[u'high', u'low', u'medium']",red,50,middle,low,False,False,255,150,NA
A1BNR1ZAF1QGWG,Mon Dec 04 2017 08:21:10 GMT-0500 (Eastern Standard Time),Mon Dec 04 2017 08:28:32 GMT-0500 (Eastern Standard Time),"Mozilla/5.0 (Windows NT 10.0; Win64; x64) AppleWebKit/537.36 (KHTML, like Gecko) Chrome/62.0.3202.94 Safari/537.36",10,"[0.8, 0.4, 0.2]","[0.8, 0.4, 0.2]","[u'blue', u'red', u'black']","[u'left', u'middle', u'right']","[0.8, 0.4, 0.2]","[u'high', u'low', u'medium']",black,51,right,medium,True,False,196,250,NA
A1BNR1ZAF1QGWG,Mon Dec 04 2017 08:21:10 GMT-0500 (Eastern Standard Time),Mon Dec 04 2017 08:28:32 GMT-0500 (Eastern Standard Time),"Mozilla/5.0 (Windows NT 10.0; Win64; x64) AppleWebKit/537.36 (KHTML, like Gecko) Chrome/62.0.3202.94 Safari/537.36",11,"[0.8, 0.4, 0.2]","[0.8, 0.4, 0.2]","[u'blue', u'red', u'black']","[u'left', u'middle', u'right']","[0.8, 0.4, 0.2]","[u'high', u'low', u'medium']",black,51,right,medium,False,False,324,200,NA
A1BNR1ZAF1QGWG,Mon Dec 04 2017 08:21:10 GMT-0500 (Eastern Standard Time),Mon Dec 04 2017 08:28:32 GMT-0500 (Eastern Standard Time),"Mozilla/5.0 (Windows NT 10.0; Win64; x64) AppleWebKit/537.36 (KHTML, like Gecko) Chrome/62.0.3202.94 Safari/537.36",12,"[0.8, 0.4, 0.2]","[0.8, 0.4, 0.2]","[u'blue', u'red', u'black']","[u'left', u'middle', u'right']","[0.8, 0.4, 0.2]","[u'high', u'low', u'medium']",blue,49,left,high,True,False,289,300,NA
A1BNR1ZAF1QGWG,Mon Dec 04 2017 08:21:10 GMT-0500 (Eastern Standard Time),Mon Dec 04 2017 08:28:32 GMT-0500 (Eastern Standard Time),"Mozilla/5.0 (Windows NT 10.0; Win64; x64) AppleWebKit/537.36 (KHTML, like Gecko) Chrome/62.0.3202.94 Safari/537.36",13,"[0.8, 0.4, 0.2]","[0.8, 0.4, 0.2]","[u'blue', u'red', u'black']","[u'left', u'middle', u'right']","[0.8, 0.4, 0.2]","[u'high', u'low', u'medium']",blue,49,left,high,True,False,270,400,NA
A1BNR1ZAF1QGWG,Mon Dec 04 2017 08:21:10 GMT-0500 (Eastern Standard Time),Mon Dec 04 2017 08:28:32 GMT-0500 (Eastern Standard Time),"Mozilla/5.0 (Windows NT 10.0; Win64; x64) AppleWebKit/537.36 (KHTML, like Gecko) Chrome/62.0.3202.94 Safari/537.36",14,"[0.8, 0.4, 0.2]","[0.8, 0.4, 0.2]","[u'blue', u'red', u'black']","[u'left', u'middle', u'right']","[0.8, 0.4, 0.2]","[u'high', u'low', u'medium']",blue,49,left,high,False,False,334,350,NA
A1BNR1ZAF1QGWG,Mon Dec 04 2017 08:21:10 GMT-0500 (Eastern Standard Time),Mon Dec 04 2017 08:28:32 GMT-0500 (Eastern Standard Time),"Mozilla/5.0 (Windows NT 10.0; Win64; x64) AppleWebKit/537.36 (KHTML, like Gecko) Chrome/62.0.3202.94 Safari/537.36",15,"[0.8, 0.4, 0.2]","[0.8, 0.4, 0.2]","[u'blue', u'red', u'black']","[u'left', u'middle', u'right']","[0.8, 0.4, 0.2]","[u'high', u'low', u'medium']",red,50,middle,low,True,False,254,450,NA
A1BNR1ZAF1QGWG,Mon Dec 04 2017 08:21:10 GMT-0500 (Eastern Standard Time),Mon Dec 04 2017 08:28:32 GMT-0500 (Eastern Standard Time),"Mozilla/5.0 (Windows NT 10.0; Win64; x64) AppleWebKit/537.36 (KHTML, like Gecko) Chrome/62.0.3202.94 Safari/537.36",16,"[0.8, 0.4, 0.2]","[0.8, 0.4, 0.2]","[u'blue', u'red', u'black']","[u'left', u'middle', u'right']","[0.8, 0.4, 0.2]","[u'high', u'low', u'medium']",red,50,middle,low,True,False,357,550,NA
A1BNR1ZAF1QGWG,Mon Dec 04 2017 08:21:10 GMT-0500 (Eastern Standard Time),Mon Dec 04 2017 08:28:32 GMT-0500 (Eastern Standard Time),"Mozilla/5.0 (Windows NT 10.0; Win64; x64) AppleWebKit/537.36 (KHTML, like Gecko) Chrome/62.0.3202.94 Safari/537.36",17,"[0.8, 0.4, 0.2]","[0.8, 0.4, 0.2]","[u'blue', u'red', u'black']","[u'left', u'middle', u'right']","[0.8, 0.4, 0.2]","[u'high', u'low', u'medium']",red,50,middle,low,True,False,330,650,NA
A1BNR1ZAF1QGWG,Mon Dec 04 2017 08:21:10 GMT-0500 (Eastern Standard Time),Mon Dec 04 2017 08:28:32 GMT-0500 (Eastern Standard Time),"Mozilla/5.0 (Windows NT 10.0; Win64; x64) AppleWebKit/537.36 (KHTML, like Gecko) Chrome/62.0.3202.94 Safari/537.36",18,"[0.8, 0.4, 0.2]","[0.8, 0.4, 0.2]","[u'blue', u'red', u'black']","[u'left', u'middle', u'right']","[0.8, 0.4, 0.2]","[u'high', u'low', u'medium']",red,50,middle,low,False,False,271,600,NA
A1BNR1ZAF1QGWG,Mon Dec 04 2017 08:21:10 GMT-0500 (Eastern Standard Time),Mon Dec 04 2017 08:28:32 GMT-0500 (Eastern Standard Time),"Mozilla/5.0 (Windows NT 10.0; Win64; x64) AppleWebKit/537.36 (KHTML, like Gecko) Chrome/62.0.3202.94 Safari/537.36",19,"[0.8, 0.4, 0.2]","[0.8, 0.4, 0.2]","[u'blue', u'red', u'black']","[u'left', u'middle', u'right']","[0.8, 0.4, 0.2]","[u'high', u'low', u'medium']",black,51,right,medium,True,False,271,700,NA
A1BNR1ZAF1QGWG,Mon Dec 04 2017 08:21:10 GMT-0500 (Eastern Standard Time),Mon Dec 04 2017 08:28:32 GMT-0500 (Eastern Standard Time),"Mozilla/5.0 (Windows NT 10.0; Win64; x64) AppleWebKit/537.36 (KHTML, like Gecko) Chrome/62.0.3202.94 Safari/537.36",20,"[0.8, 0.4, 0.2]","[0.8, 0.4, 0.2]","[u'blue', u'red', u'black']","[u'left', u'middle', u'right']","[0.8, 0.4, 0.2]","[u'high', u'low', u'medium']",black,51,right,medium,False,False,458,650,NA
A1BNR1ZAF1QGWG,Mon Dec 04 2017 08:21:10 GMT-0500 (Eastern Standard Time),Mon Dec 04 2017 08:28:32 GMT-0500 (Eastern Standard Time),"Mozilla/5.0 (Windows NT 10.0; Win64; x64) AppleWebKit/537.36 (KHTML, like Gecko) Chrome/62.0.3202.94 Safari/537.36",21,"[0.8, 0.4, 0.2]","[0.8, 0.4, 0.2]","[u'blue', u'red', u'black']","[u'left', u'middle', u'right']","[0.8, 0.4, 0.2]","[u'high', u'low', u'medium']",blue,49,left,high,True,False,372,750,NA
A1BNR1ZAF1QGWG,Mon Dec 04 2017 08:21:10 GMT-0500 (Eastern Standard Time),Mon Dec 04 2017 08:28:32 GMT-0500 (Eastern Standard Time),"Mozilla/5.0 (Windows NT 10.0; Win64; x64) AppleWebKit/537.36 (KHTML, like Gecko) Chrome/62.0.3202.94 Safari/537.36",22,"[0.8, 0.4, 0.2]","[0.8, 0.4, 0.2]","[u'blue', u'red', u'black']","[u'left', u'middle', u'right']","[0.8, 0.4, 0.2]","[u'high', u'low', u'medium']",blue,49,left,high,True,False,437,850,NA
A1BNR1ZAF1QGWG,Mon Dec 04 2017 08:21:10 GMT-0500 (Eastern Standard Time),Mon Dec 04 2017 08:28:32 GMT-0500 (Eastern Standard Time),"Mozilla/5.0 (Windows NT 10.0; Win64; x64) AppleWebKit/537.36 (KHTML, like Gecko) Chrome/62.0.3202.94 Safari/537.36",23,"[0.8, 0.4, 0.2]","[0.8, 0.4, 0.2]","[u'blue', u'red', u'black']","[u'left', u'middle', u'right']","[0.8, 0.4, 0.2]","[u'high', u'low', u'medium']",blue,49,left,high,True,False,374,950,NA
A1BNR1ZAF1QGWG,Mon Dec 04 2017 08:21:10 GMT-0500 (Eastern Standard Time),Mon Dec 04 2017 08:28:32 GMT-0500 (Eastern Standard Time),"Mozilla/5.0 (Windows NT 10.0; Win64; x64) AppleWebKit/537.36 (KHTML, like Gecko) Chrome/62.0.3202.94 Safari/537.36",24,"[0.8, 0.4, 0.2]","[0.8, 0.4, 0.2]","[u'blue', u'red', u'black']","[u'left', u'middle', u'right']","[0.8, 0.4, 0.2]","[u'high', u'low', u'medium']",blue,49,left,high,True,False,238,1050,NA
A1BNR1ZAF1QGWG,Mon Dec 04 2017 08:21:10 GMT-0500 (Eastern Standard Time),Mon Dec 04 2017 08:28:32 GMT-0500 (Eastern Standard Time),"Mozilla/5.0 (Windows NT 10.0; Win64; x64) AppleWebKit/537.36 (KHTML, like Gecko) Chrome/62.0.3202.94 Safari/537.36",25,"[0.8, 0.4, 0.2]","[0.8, 0.4, 0.2]","[u'blue', u'red', u'black']","[u'left', u'middle', u'right']","[0.8, 0.4, 0.2]","[u'high', u'low', u'medium']",blue,49,left,high,True,False,489,1150,NA
A1BNR1ZAF1QGWG,Mon Dec 04 2017 08:21:10 GMT-0500 (Eastern Standard Time),Mon Dec 04 2017 08:28:32 GMT-0500 (Eastern Standard Time),"Mozilla/5.0 (Windows NT 10.0; Win64; x64) AppleWebKit/537.36 (KHTML, like Gecko) Chrome/62.0.3202.94 Safari/537.36",26,"[0.8, 0.4, 0.2]","[0.8, 0.4, 0.2]","[u'blue', u'red', u'black']","[u'left', u'middle', u'right']","[0.8, 0.4, 0.2]","[u'high', u'low', u'medium']",blue,49,left,high,True,False,302,1250,NA
A1BNR1ZAF1QGWG,Mon Dec 04 2017 08:21:10 GMT-0500 (Eastern Standard Time),Mon Dec 04 2017 08:28:32 GMT-0500 (Eastern Standard Time),"Mozilla/5.0 (Windows NT 10.0; Win64; x64) AppleWebKit/537.36 (KHTML, like Gecko) Chrome/62.0.3202.94 Safari/537.36",27,"[0.8, 0.4, 0.2]","[0.8, 0.4, 0.2]","[u'blue', u'red', u'black']","[u'left', u'middle', u'right']","[0.8, 0.4, 0.2]","[u'high', u'low', u'medium']",blue,49,left,high,True,False,431,1350,NA
A1BNR1ZAF1QGWG,Mon Dec 04 2017 08:21:10 GMT-0500 (Eastern Standard Time),Mon Dec 04 2017 08:28:32 GMT-0500 (Eastern Standard Time),"Mozilla/5.0 (Windows NT 10.0; Win64; x64) AppleWebKit/537.36 (KHTML, like Gecko) Chrome/62.0.3202.94 Safari/537.36",28,"[0.8, 0.4, 0.2]","[0.8, 0.4, 0.2]","[u'blue', u'red', u'black']","[u'left', u'middle', u'right']","[0.8, 0.4, 0.2]","[u'high', u'low', u'medium']",blue,49,left,high,True,False,483,1450,NA
A1BNR1ZAF1QGWG,Mon Dec 04 2017 08:21:10 GMT-0500 (Eastern Standard Time),Mon Dec 04 2017 08:28:32 GMT-0500 (Eastern Standard Time),"Mozilla/5.0 (Windows NT 10.0; Win64; x64) AppleWebKit/537.36 (KHTML, like Gecko) Chrome/62.0.3202.94 Safari/537.36",29,"[0.8, 0.4, 0.2]","[0.8, 0.4, 0.2]","[u'blue', u'red', u'black']","[u'left', u'middle', u'right']","[0.8, 0.4, 0.2]","[u'high', u'low', u'medium']",blue,49,left,high,True,True,604,1550,NA
A1BNR1ZAF1QGWG,Mon Dec 04 2017 08:21:10 GMT-0500 (Eastern Standard Time),Mon Dec 04 2017 08:28:32 GMT-0500 (Eastern Standard Time),"Mozilla/5.0 (Windows NT 10.0; Win64; x64) AppleWebKit/537.36 (KHTML, like Gecko) Chrome/62.0.3202.94 Safari/537.36",30,"[0.8, 0.4, 0.2]","[0.8, 0.4, 0.2]","[u'blue', u'red', u'black']","[u'left', u'middle', u'right']","[0.8, 0.4, 0.2]","[u'low', u'medium', u'high']",blue,49,left,low,False,False,673,1500,NA
A1BNR1ZAF1QGWG,Mon Dec 04 2017 08:21:10 GMT-0500 (Eastern Standard Time),Mon Dec 04 2017 08:28:32 GMT-0500 (Eastern Standard Time),"Mozilla/5.0 (Windows NT 10.0; Win64; x64) AppleWebKit/537.36 (KHTML, like Gecko) Chrome/62.0.3202.94 Safari/537.36",31,"[0.8, 0.4, 0.2]","[0.8, 0.4, 0.2]","[u'blue', u'red', u'black']","[u'left', u'middle', u'right']","[0.8, 0.4, 0.2]","[u'low', u'medium', u'high']",red,50,middle,medium,False,False,202,1450,NA
A1BNR1ZAF1QGWG,Mon Dec 04 2017 08:21:10 GMT-0500 (Eastern Standard Time),Mon Dec 04 2017 08:28:32 GMT-0500 (Eastern Standard Time),"Mozilla/5.0 (Windows NT 10.0; Win64; x64) AppleWebKit/537.36 (KHTML, like Gecko) Chrome/62.0.3202.94 Safari/537.36",32,"[0.8, 0.4, 0.2]","[0.8, 0.4, 0.2]","[u'blue', u'red', u'black']","[u'left', u'middle', u'right']","[0.8, 0.4, 0.2]","[u'low', u'medium', u'high']",black,51,right,high,True,False,269,1550,NA
A1BNR1ZAF1QGWG,Mon Dec 04 2017 08:21:10 GMT-0500 (Eastern Standard Time),Mon Dec 04 2017 08:28:32 GMT-0500 (Eastern Standard Time),"Mozilla/5.0 (Windows NT 10.0; Win64; x64) AppleWebKit/537.36 (KHTML, like Gecko) Chrome/62.0.3202.94 Safari/537.36",33,"[0.8, 0.4, 0.2]","[0.8, 0.4, 0.2]","[u'blue', u'red', u'black']","[u'left', u'middle', u'right']","[0.8, 0.4, 0.2]","[u'low', u'medium', u'high']",black,51,right,high,True,False,266,1650,NA
A1BNR1ZAF1QGWG,Mon Dec 04 2017 08:21:10 GMT-0500 (Eastern Standard Time),Mon Dec 04 2017 08:28:32 GMT-0500 (Eastern Standard Time),"Mozilla/5.0 (Windows NT 10.0; Win64; x64) AppleWebKit/537.36 (KHTML, like Gecko) Chrome/62.0.3202.94 Safari/537.36",34,"[0.8, 0.4, 0.2]","[0.8, 0.4, 0.2]","[u'blue', u'red', u'black']","[u'left', u'middle', u'right']","[0.8, 0.4, 0.2]","[u'low', u'medium', u'high']",black,51,right,high,True,False,902,1750,NA
A1BNR1ZAF1QGWG,Mon Dec 04 2017 08:21:10 GMT-0500 (Eastern Standard Time),Mon Dec 04 2017 08:28:32 GMT-0500 (Eastern Standard Time),"Mozilla/5.0 (Windows NT 10.0; Win64; x64) AppleWebKit/537.36 (KHTML, like Gecko) Chrome/62.0.3202.94 Safari/537.36",35,"[0.8, 0.4, 0.2]","[0.8, 0.4, 0.2]","[u'blue', u'red', u'black']","[u'left', u'middle', u'right']","[0.8, 0.4, 0.2]","[u'low', u'medium', u'high']",black,51,right,high,True,False,711,1850,NA
A1BNR1ZAF1QGWG,Mon Dec 04 2017 08:21:10 GMT-0500 (Eastern Standard Time),Mon Dec 04 2017 08:28:32 GMT-0500 (Eastern Standard Time),"Mozilla/5.0 (Windows NT 10.0; Win64; x64) AppleWebKit/537.36 (KHTML, like Gecko) Chrome/62.0.3202.94 Safari/537.36",36,"[0.8, 0.4, 0.2]","[0.8, 0.4, 0.2]","[u'blue', u'red', u'black']","[u'left', u'middle', u'right']","[0.8, 0.4, 0.2]","[u'low', u'medium', u'high']",black,51,right,high,False,False,545,1800,NA
A1BNR1ZAF1QGWG,Mon Dec 04 2017 08:21:10 GMT-0500 (Eastern Standard Time),Mon Dec 04 2017 08:28:32 GMT-0500 (Eastern Standard Time),"Mozilla/5.0 (Windows NT 10.0; Win64; x64) AppleWebKit/537.36 (KHTML, like Gecko) Chrome/62.0.3202.94 Safari/537.36",37,"[0.8, 0.4, 0.2]","[0.8, 0.4, 0.2]","[u'blue', u'red', u'black']","[u'left', u'middle', u'right']","[0.8, 0.4, 0.2]","[u'low', u'medium', u'high']",red,50,middle,medium,False,False,303,1750,NA
A1BNR1ZAF1QGWG,Mon Dec 04 2017 08:21:10 GMT-0500 (Eastern Standard Time),Mon Dec 04 2017 08:28:32 GMT-0500 (Eastern Standard Time),"Mozilla/5.0 (Windows NT 10.0; Win64; x64) AppleWebKit/537.36 (KHTML, like Gecko) Chrome/62.0.3202.94 Safari/537.36",38,"[0.8, 0.4, 0.2]","[0.8, 0.4, 0.2]","[u'blue', u'red', u'black']","[u'left', u'middle', u'right']","[0.8, 0.4, 0.2]","[u'low', u'medium', u'high']",blue,49,left,low,False,False,296,1700,NA
A1BNR1ZAF1QGWG,Mon Dec 04 2017 08:21:10 GMT-0500 (Eastern Standard Time),Mon Dec 04 2017 08:28:32 GMT-0500 (Eastern Standard Time),"Mozilla/5.0 (Windows NT 10.0; Win64; x64) AppleWebKit/537.36 (KHTML, like Gecko) Chrome/62.0.3202.94 Safari/537.36",39,"[0.8, 0.4, 0.2]","[0.8, 0.4, 0.2]","[u'blue', u'red', u'black']","[u'left', u'middle', u'right']","[0.8, 0.4, 0.2]","[u'low', u'medium', u'high']",black,51,right,high,True,False,677,1800,NA
A1BNR1ZAF1QGWG,Mon Dec 04 2017 08:21:10 GMT-0500 (Eastern Standard Time),Mon Dec 04 2017 08:28:32 GMT-0500 (Eastern Standard Time),"Mozilla/5.0 (Windows NT 10.0; Win64; x64) AppleWebKit/537.36 (KHTML, like Gecko) Chrome/62.0.3202.94 Safari/537.36",40,"[0.8, 0.4, 0.2]","[0.8, 0.4, 0.2]","[u'blue', u'red', u'black']","[u'left', u'middle', u'right']","[0.8, 0.4, 0.2]","[u'low', u'medium', u'high']",black,51,right,high,True,False,347,1900,NA
A1BNR1ZAF1QGWG,Mon Dec 04 2017 08:21:10 GMT-0500 (Eastern Standard Time),Mon Dec 04 2017 08:28:32 GMT-0500 (Eastern Standard Time),"Mozilla/5.0 (Windows NT 10.0; Win64; x64) AppleWebKit/537.36 (KHTML, like Gecko) Chrome/62.0.3202.94 Safari/537.36",41,"[0.8, 0.4, 0.2]","[0.8, 0.4, 0.2]","[u'blue', u'red', u'black']","[u'left', u'middle', u'right']","[0.8, 0.4, 0.2]","[u'low', u'high', u'medium']",black,51,right,medium,False,False,333,1850,NA
A1BNR1ZAF1QGWG,Mon Dec 04 2017 08:21:10 GMT-0500 (Eastern Standard Time),Mon Dec 04 2017 08:28:32 GMT-0500 (Eastern Standard Time),"Mozilla/5.0 (Windows NT 10.0; Win64; x64) AppleWebKit/537.36 (KHTML, like Gecko) Chrome/62.0.3202.94 Safari/537.36",42,"[0.8, 0.4, 0.2]","[0.8, 0.4, 0.2]","[u'blue', u'red', u'black']","[u'left', u'middle', u'right']","[0.8, 0.4, 0.2]","[u'low', u'high', u'medium']",red,50,middle,high,True,False,221,1950,NA
A1BNR1ZAF1QGWG,Mon Dec 04 2017 08:21:10 GMT-0500 (Eastern Standard Time),Mon Dec 04 2017 08:28:32 GMT-0500 (Eastern Standard Time),"Mozilla/5.0 (Windows NT 10.0; Win64; x64) AppleWebKit/537.36 (KHTML, like Gecko) Chrome/62.0.3202.94 Safari/537.36",43,"[0.8, 0.4, 0.2]","[0.8, 0.4, 0.2]","[u'blue', u'red', u'black']","[u'left', u'middle', u'right']","[0.8, 0.4, 0.2]","[u'low', u'high', u'medium']",red,50,middle,high,True,False,280,2050,NA
A1BNR1ZAF1QGWG,Mon Dec 04 2017 08:21:10 GMT-0500 (Eastern Standard Time),Mon Dec 04 2017 08:28:32 GMT-0500 (Eastern Standard Time),"Mozilla/5.0 (Windows NT 10.0; Win64; x64) AppleWebKit/537.36 (KHTML, like Gecko) Chrome/62.0.3202.94 Safari/537.36",44,"[0.8, 0.4, 0.2]","[0.8, 0.4, 0.2]","[u'blue', u'red', u'black']","[u'left', u'middle', u'right']","[0.8, 0.4, 0.2]","[u'low', u'high', u'medium']",red,50,middle,high,True,False,377,2150,NA
A1BNR1ZAF1QGWG,Mon Dec 04 2017 08:21:10 GMT-0500 (Eastern Standard Time),Mon Dec 04 2017 08:28:32 GMT-0500 (Eastern Standard Time),"Mozilla/5.0 (Windows NT 10.0; Win64; x64) AppleWebKit/537.36 (KHTML, like Gecko) Chrome/62.0.3202.94 Safari/537.36",45,"[0.8, 0.4, 0.2]","[0.8, 0.4, 0.2]","[u'blue', u'red', u'black']","[u'left', u'middle', u'right']","[0.8, 0.4, 0.2]","[u'low', u'high', u'medium']",red,50,middle,high,True,False,454,2250,NA
A1BNR1ZAF1QGWG,Mon Dec 04 2017 08:21:10 GMT-0500 (Eastern Standard Time),Mon Dec 04 2017 08:28:32 GMT-0500 (Eastern Standard Time),"Mozilla/5.0 (Windows NT 10.0; Win64; x64) AppleWebKit/537.36 (KHTML, like Gecko) Chrome/62.0.3202.94 Safari/537.36",46,"[0.8, 0.4, 0.2]","[0.8, 0.4, 0.2]","[u'blue', u'red', u'black']","[u'left', u'middle', u'right']","[0.8, 0.4, 0.2]","[u'low', u'high', u'medium']",red,50,middle,high,False,False,624,2200,NA
A1BNR1ZAF1QGWG,Mon Dec 04 2017 08:21:10 GMT-0500 (Eastern Standard Time),Mon Dec 04 2017 08:28:32 GMT-0500 (Eastern Standard Time),"Mozilla/5.0 (Windows NT 10.0; Win64; x64) AppleWebKit/537.36 (KHTML, like Gecko) Chrome/62.0.3202.94 Safari/537.36",47,"[0.8, 0.4, 0.2]","[0.8, 0.4, 0.2]","[u'blue', u'red', u'black']","[u'left', u'middle', u'right']","[0.8, 0.4, 0.2]","[u'low', u'high', u'medium']",blue,49,left,low,False,False,403,2150,NA
A1BNR1ZAF1QGWG,Mon Dec 04 2017 08:21:10 GMT-0500 (Eastern Standard Time),Mon Dec 04 2017 08:28:32 GMT-0500 (Eastern Standard Time),"Mozilla/5.0 (Windows NT 10.0; Win64; x64) AppleWebKit/537.36 (KHTML, like Gecko) Chrome/62.0.3202.94 Safari/537.36",48,"[0.8, 0.4, 0.2]","[0.8, 0.4, 0.2]","[u'blue', u'red', u'black']","[u'left', u'middle', u'right']","[0.8, 0.4, 0.2]","[u'low', u'high', u'medium']",black,51,right,medium,False,False,344,2100,NA
A1BNR1ZAF1QGWG,Mon Dec 04 2017 08:21:10 GMT-0500 (Eastern Standard Time),Mon Dec 04 2017 08:28:32 GMT-0500 (Eastern Standard Time),"Mozilla/5.0 (Windows NT 10.0; Win64; x64) AppleWebKit/537.36 (KHTML, like Gecko) Chrome/62.0.3202.94 Safari/537.36",49,"[0.8, 0.4, 0.2]","[0.8, 0.4, 0.2]","[u'blue', u'red', u'black']","[u'left', u'middle', u'right']","[0.8, 0.4, 0.2]","[u'low', u'high', u'medium']",red,50,middle,high,True,False,453,2200,NA
A1BNR1ZAF1QGWG,Mon Dec 04 2017 08:21:10 GMT-0500 (Eastern Standard Time),Mon Dec 04 2017 08:28:32 GMT-0500 (Eastern Standard Time),"Mozilla/5.0 (Windows NT 10.0; Win64; x64) AppleWebKit/537.36 (KHTML, like Gecko) Chrome/62.0.3202.94 Safari/537.36",50,"[0.8, 0.4, 0.2]","[0.8, 0.4, 0.2]","[u'blue', u'red', u'black']","[u'left', u'middle', u'right']","[0.8, 0.4, 0.2]","[u'low', u'high', u'medium']",red,50,middle,high,False,False,15857,2150,NA
A1BNR1ZAF1QGWG,Mon Dec 04 2017 08:21:10 GMT-0500 (Eastern Standard Time),Mon Dec 04 2017 08:28:32 GMT-0500 (Eastern Standard Time),"Mozilla/5.0 (Windows NT 10.0; Win64; x64) AppleWebKit/537.36 (KHTML, like Gecko) Chrome/62.0.3202.94 Safari/537.36",51,"[0.8, 0.4, 0.2]","[0.8, 0.4, 0.2]","[u'blue', u'red', u'black']","[u'left', u'middle', u'right']","[0.8, 0.4, 0.2]","[u'low', u'high', u'medium']",blue,49,left,low,False,False,2868,2100,NA
A1BNR1ZAF1QGWG,Mon Dec 04 2017 08:21:10 GMT-0500 (Eastern Standard Time),Mon Dec 04 2017 08:28:32 GMT-0500 (Eastern Standard Time),"Mozilla/5.0 (Windows NT 10.0; Win64; x64) AppleWebKit/537.36 (KHTML, like Gecko) Chrome/62.0.3202.94 Safari/537.36",52,"[0.8, 0.4, 0.2]","[0.8, 0.4, 0.2]","[u'blue', u'red', u'black']","[u'left', u'middle', u'right']","[0.8, 0.4, 0.2]","[u'low', u'high', u'medium']",black,51,right,medium,True,False,351,2200,NA
A1BNR1ZAF1QGWG,Mon Dec 04 2017 08:21:10 GMT-0500 (Eastern Standard Time),Mon Dec 04 2017 08:28:32 GMT-0500 (Eastern Standard Time),"Mozilla/5.0 (Windows NT 10.0; Win64; x64) AppleWebKit/537.36 (KHTML, like Gecko) Chrome/62.0.3202.94 Safari/537.36",53,"[0.8, 0.4, 0.2]","[0.8, 0.4, 0.2]","[u'blue', u'red', u'black']","[u'left', u'middle', u'right']","[0.8, 0.4, 0.2]","[u'low', u'high', u'medium']",black,51,right,medium,False,False,967,2150,NA
A1BNR1ZAF1QGWG,Mon Dec 04 2017 08:21:10 GMT-0500 (Eastern Standard Time),Mon Dec 04 2017 08:28:32 GMT-0500 (Eastern Standard Time),"Mozilla/5.0 (Windows NT 10.0; Win64; x64) AppleWebKit/537.36 (KHTML, like Gecko) Chrome/62.0.3202.94 Safari/537.36",54,"[0.8, 0.4, 0.2]","[0.8, 0.4, 0.2]","[u'blue', u'red', u'black']","[u'left', u'middle', u'right']","[0.8, 0.4, 0.2]","[u'low', u'high', u'medium']",red,50,middle,high,True,False,329,2250,NA
A1BNR1ZAF1QGWG,Mon Dec 04 2017 08:21:10 GMT-0500 (Eastern Standard Time),Mon Dec 04 2017 08:28:32 GMT-0500 (Eastern Standard Time),"Mozilla/5.0 (Windows NT 10.0; Win64; x64) AppleWebKit/537.36 (KHTML, like Gecko) Chrome/62.0.3202.94 Safari/537.36",55,"[0.8, 0.4, 0.2]","[0.8, 0.4, 0.2]","[u'blue', u'red', u'black']","[u'left', u'middle', u'right']","[0.8, 0.4, 0.2]","[u'low', u'high', u'medium']",red,50,middle,high,True,False,397,2350,NA
A1BNR1ZAF1QGWG,Mon Dec 04 2017 08:21:10 GMT-0500 (Eastern Standard Time),Mon Dec 04 2017 08:28:32 GMT-0500 (Eastern Standard Time),"Mozilla/5.0 (Windows NT 10.0; Win64; x64) AppleWebKit/537.36 (KHTML, like Gecko) Chrome/62.0.3202.94 Safari/537.36",56,"[0.8, 0.4, 0.2]","[0.8, 0.4, 0.2]","[u'blue', u'red', u'black']","[u'left', u'middle', u'right']","[0.8, 0.4, 0.2]","[u'low', u'high', u'medium']",red,50,middle,high,True,False,373,2450,NA
A1BNR1ZAF1QGWG,Mon Dec 04 2017 08:21:10 GMT-0500 (Eastern Standard Time),Mon Dec 04 2017 08:28:32 GMT-0500 (Eastern Standard Time),"Mozilla/5.0 (Windows NT 10.0; Win64; x64) AppleWebKit/537.36 (KHTML, like Gecko) Chrome/62.0.3202.94 Safari/537.36",57,"[0.8, 0.4, 0.2]","[0.8, 0.4, 0.2]","[u'blue', u'red', u'black']","[u'left', u'middle', u'right']","[0.8, 0.4, 0.2]","[u'low', u'high', u'medium']",red,50,middle,high,True,False,442,2550,NA
A1BNR1ZAF1QGWG,Mon Dec 04 2017 08:21:10 GMT-0500 (Eastern Standard Time),Mon Dec 04 2017 08:28:32 GMT-0500 (Eastern Standard Time),"Mozilla/5.0 (Windows NT 10.0; Win64; x64) AppleWebKit/537.36 (KHTML, like Gecko) Chrome/62.0.3202.94 Safari/537.36",58,"[0.8, 0.4, 0.2]","[0.8, 0.4, 0.2]","[u'blue', u'red', u'black']","[u'left', u'middle', u'right']","[0.8, 0.4, 0.2]","[u'low', u'high', u'medium']",red,50,middle,high,False,False,441,2500,NA
A1BNR1ZAF1QGWG,Mon Dec 04 2017 08:21:10 GMT-0500 (Eastern Standard Time),Mon Dec 04 2017 08:28:32 GMT-0500 (Eastern Standard Time),"Mozilla/5.0 (Windows NT 10.0; Win64; x64) AppleWebKit/537.36 (KHTML, like Gecko) Chrome/62.0.3202.94 Safari/537.36",59,"[0.8, 0.4, 0.2]","[0.8, 0.4, 0.2]","[u'blue', u'red', u'black']","[u'left', u'middle', u'right']","[0.8, 0.4, 0.2]","[u'low', u'high', u'medium']",blue,49,left,low,False,False,605,2450,NA
A1BNR1ZAF1QGWG,Mon Dec 04 2017 08:21:10 GMT-0500 (Eastern Standard Time),Mon Dec 04 2017 08:28:32 GMT-0500 (Eastern Standard Time),"Mozilla/5.0 (Windows NT 10.0; Win64; x64) AppleWebKit/537.36 (KHTML, like Gecko) Chrome/62.0.3202.94 Safari/537.36",60,"[0.8, 0.4, 0.2]","[0.8, 0.4, 0.2]","[u'blue', u'red', u'black']","[u'left', u'middle', u'right']","[0.8, 0.4, 0.2]","[u'low', u'high', u'medium']",black,51,right,medium,True,False,477,2550,NA
A1BNR1ZAF1QGWG,Mon Dec 04 2017 08:21:10 GMT-0500 (Eastern Standard Time),Mon Dec 04 2017 08:28:32 GMT-0500 (Eastern Standard Time),"Mozilla/5.0 (Windows NT 10.0; Win64; x64) AppleWebKit/537.36 (KHTML, like Gecko) Chrome/62.0.3202.94 Safari/537.36",61,"[0.8, 0.4, 0.2]","[0.8, 0.4, 0.2]","[u'blue', u'red', u'black']","[u'left', u'middle', u'right']","[0.8, 0.4, 0.2]","[u'low', u'high', u'medium']",black,51,right,medium,True,False,541,2650,NA
A1BNR1ZAF1QGWG,Mon Dec 04 2017 08:21:10 GMT-0500 (Eastern Standard Time),Mon Dec 04 2017 08:28:32 GMT-0500 (Eastern Standard Time),"Mozilla/5.0 (Windows NT 10.0; Win64; x64) AppleWebKit/537.36 (KHTML, like Gecko) Chrome/62.0.3202.94 Safari/537.36",62,"[0.8, 0.4, 0.2]","[0.8, 0.4, 0.2]","[u'blue', u'red', u'black']","[u'left', u'middle', u'right']","[0.8, 0.4, 0.2]","[u'low', u'high', u'medium']",black,51,right,medium,True,False,418,2750,NA
A1BNR1ZAF1QGWG,Mon Dec 04 2017 08:21:10 GMT-0500 (Eastern Standard Time),Mon Dec 04 2017 08:28:32 GMT-0500 (Eastern Standard Time),"Mozilla/5.0 (Windows NT 10.0; Win64; x64) AppleWebKit/537.36 (KHTML, like Gecko) Chrome/62.0.3202.94 Safari/537.36",63,"[0.8, 0.4, 0.2]","[0.8, 0.4, 0.2]","[u'blue', u'red', u'black']","[u'left', u'middle', u'right']","[0.8, 0.4, 0.2]","[u'low', u'high', u'medium']",black,51,right,medium,False,False,317,2700,NA
A1BNR1ZAF1QGWG,Mon Dec 04 2017 08:21:10 GMT-0500 (Eastern Standard Time),Mon Dec 04 2017 08:28:32 GMT-0500 (Eastern Standard Time),"Mozilla/5.0 (Windows NT 10.0; Win64; x64) AppleWebKit/537.36 (KHTML, like Gecko) Chrome/62.0.3202.94 Safari/537.36",64,"[0.8, 0.4, 0.2]","[0.8, 0.4, 0.2]","[u'blue', u'red', u'black']","[u'left', u'middle', u'right']","[0.8, 0.4, 0.2]","[u'low', u'high', u'medium']",red,50,middle,high,True,False,322,2800,NA
A1BNR1ZAF1QGWG,Mon Dec 04 2017 08:21:10 GMT-0500 (Eastern Standard Time),Mon Dec 04 2017 08:28:32 GMT-0500 (Eastern Standard Time),"Mozilla/5.0 (Windows NT 10.0; Win64; x64) AppleWebKit/537.36 (KHTML, like Gecko) Chrome/62.0.3202.94 Safari/537.36",65,"[0.8, 0.4, 0.2]","[0.8, 0.4, 0.2]","[u'blue', u'red', u'black']","[u'left', u'middle', u'right']","[0.8, 0.4, 0.2]","[u'low', u'high', u'medium']",red,50,middle,high,True,False,288,2900,NA
A1BNR1ZAF1QGWG,Mon Dec 04 2017 08:21:10 GMT-0500 (Eastern Standard Time),Mon Dec 04 2017 08:28:32 GMT-0500 (Eastern Standard Time),"Mozilla/5.0 (Windows NT 10.0; Win64; x64) AppleWebKit/537.36 (KHTML, like Gecko) Chrome/62.0.3202.94 Safari/537.36",66,"[0.8, 0.4, 0.2]","[0.8, 0.4, 0.2]","[u'blue', u'red', u'black']","[u'left', u'middle', u'right']","[0.8, 0.4, 0.2]","[u'low', u'high', u'medium']",red,50,middle,high,True,False,874,3000,NA
A1BNR1ZAF1QGWG,Mon Dec 04 2017 08:21:10 GMT-0500 (Eastern Standard Time),Mon Dec 04 2017 08:28:32 GMT-0500 (Eastern Standard Time),"Mozilla/5.0 (Windows NT 10.0; Win64; x64) AppleWebKit/537.36 (KHTML, like Gecko) Chrome/62.0.3202.94 Safari/537.36",67,"[0.8, 0.4, 0.2]","[0.8, 0.4, 0.2]","[u'blue', u'red', u'black']","[u'left', u'middle', u'right']","[0.8, 0.4, 0.2]","[u'low', u'high', u'medium']",red,50,middle,high,True,False,541,3100,NA
A1BNR1ZAF1QGWG,Mon Dec 04 2017 08:21:10 GMT-0500 (Eastern Standard Time),Mon Dec 04 2017 08:28:32 GMT-0500 (Eastern Standard Time),"Mozilla/5.0 (Windows NT 10.0; Win64; x64) AppleWebKit/537.36 (KHTML, like Gecko) Chrome/62.0.3202.94 Safari/537.36",68,"[0.8, 0.4, 0.2]","[0.8, 0.4, 0.2]","[u'blue', u'red', u'black']","[u'left', u'middle', u'right']","[0.8, 0.4, 0.2]","[u'low', u'high', u'medium']",red,50,middle,high,True,False,356,3200,NA
A1BNR1ZAF1QGWG,Mon Dec 04 2017 08:21:10 GMT-0500 (Eastern Standard Time),Mon Dec 04 2017 08:28:32 GMT-0500 (Eastern Standard Time),"Mozilla/5.0 (Windows NT 10.0; Win64; x64) AppleWebKit/537.36 (KHTML, like Gecko) Chrome/62.0.3202.94 Safari/537.36",69,"[0.8, 0.4, 0.2]","[0.8, 0.4, 0.2]","[u'blue', u'red', u'black']","[u'left', u'middle', u'right']","[0.8, 0.4, 0.2]","[u'low', u'high', u'medium']",red,50,middle,high,False,False,332,3150,NA
A1BNR1ZAF1QGWG,Mon Dec 04 2017 08:21:10 GMT-0500 (Eastern Standard Time),Mon Dec 04 2017 08:28:32 GMT-0500 (Eastern Standard Time),"Mozilla/5.0 (Windows NT 10.0; Win64; x64) AppleWebKit/537.36 (KHTML, like Gecko) Chrome/62.0.3202.94 Safari/537.36",70,"[0.8, 0.4, 0.2]","[0.8, 0.4, 0.2]","[u'blue', u'red', u'black']","[u'left', u'middle', u'right']","[0.8, 0.4, 0.2]","[u'low', u'high', u'medium']",blue,49,left,low,False,False,309,3100,NA
A1BNR1ZAF1QGWG,Mon Dec 04 2017 08:21:10 GMT-0500 (Eastern Standard Time),Mon Dec 04 2017 08:28:32 GMT-0500 (Eastern Standard Time),"Mozilla/5.0 (Windows NT 10.0; Win64; x64) AppleWebKit/537.36 (KHTML, like Gecko) Chrome/62.0.3202.94 Safari/537.36",71,"[0.8, 0.4, 0.2]","[0.8, 0.4, 0.2]","[u'blue', u'red', u'black']","[u'left', u'middle', u'right']","[0.8, 0.4, 0.2]","[u'low', u'high', u'medium']",black,51,right,medium,True,False,376,3200,NA
A1BNR1ZAF1QGWG,Mon Dec 04 2017 08:21:10 GMT-0500 (Eastern Standard Time),Mon Dec 04 2017 08:28:32 GMT-0500 (Eastern Standard Time),"Mozilla/5.0 (Windows NT 10.0; Win64; x64) AppleWebKit/537.36 (KHTML, like Gecko) Chrome/62.0.3202.94 Safari/537.36",72,"[0.8, 0.4, 0.2]","[0.8, 0.4, 0.2]","[u'blue', u'red', u'black']","[u'left', u'middle', u'right']","[0.8, 0.4, 0.2]","[u'low', u'high', u'medium']",black,51,right,medium,False,False,1243,3150,NA
A1BNR1ZAF1QGWG,Mon Dec 04 2017 08:21:10 GMT-0500 (Eastern Standard Time),Mon Dec 04 2017 08:28:32 GMT-0500 (Eastern Standard Time),"Mozilla/5.0 (Windows NT 10.0; Win64; x64) AppleWebKit/537.36 (KHTML, like Gecko) Chrome/62.0.3202.94 Safari/537.36",73,"[0.8, 0.4, 0.2]","[0.8, 0.4, 0.2]","[u'blue', u'red', u'black']","[u'left', u'middle', u'right']","[0.8, 0.4, 0.2]","[u'low', u'high', u'medium']",black,51,right,medium,False,False,460,3100,NA
A1BNR1ZAF1QGWG,Mon Dec 04 2017 08:21:10 GMT-0500 (Eastern Standard Time),Mon Dec 04 2017 08:28:32 GMT-0500 (Eastern Standard Time),"Mozilla/5.0 (Windows NT 10.0; Win64; x64) AppleWebKit/537.36 (KHTML, like Gecko) Chrome/62.0.3202.94 Safari/537.36",74,"[0.8, 0.4, 0.2]","[0.8, 0.4, 0.2]","[u'blue', u'red', u'black']","[u'left', u'middle', u'right']","[0.8, 0.4, 0.2]","[u'low', u'high', u'medium']",red,50,middle,high,True,False,1714,3200,NA
A1BNR1ZAF1QGWG,Mon Dec 04 2017 08:21:10 GMT-0500 (Eastern Standard Time),Mon Dec 04 2017 08:28:32 GMT-0500 (Eastern Standard Time),"Mozilla/5.0 (Windows NT 10.0; Win64; x64) AppleWebKit/537.36 (KHTML, like Gecko) Chrome/62.0.3202.94 Safari/537.36",75,"[0.8, 0.4, 0.2]","[0.8, 0.4, 0.2]","[u'blue', u'red', u'black']","[u'left', u'middle', u'right']","[0.8, 0.4, 0.2]","[u'low', u'high', u'medium']",red,50,middle,high,False,False,1546,3150,NA
A1BNR1ZAF1QGWG,Mon Dec 04 2017 08:21:10 GMT-0500 (Eastern Standard Time),Mon Dec 04 2017 08:28:32 GMT-0500 (Eastern Standard Time),"Mozilla/5.0 (Windows NT 10.0; Win64; x64) AppleWebKit/537.36 (KHTML, like Gecko) Chrome/62.0.3202.94 Safari/537.36",76,"[0.8, 0.4, 0.2]","[0.8, 0.4, 0.2]","[u'blue', u'red', u'black']","[u'left', u'middle', u'right']","[0.8, 0.4, 0.2]","[u'low', u'high', u'medium']",blue,49,left,low,False,False,2164,3100,NA
A1BNR1ZAF1QGWG,Mon Dec 04 2017 08:21:10 GMT-0500 (Eastern Standard Time),Mon Dec 04 2017 08:28:32 GMT-0500 (Eastern Standard Time),"Mozilla/5.0 (Windows NT 10.0; Win64; x64) AppleWebKit/537.36 (KHTML, like Gecko) Chrome/62.0.3202.94 Safari/537.36",77,"[0.8, 0.4, 0.2]","[0.8, 0.4, 0.2]","[u'blue', u'red', u'black']","[u'left', u'middle', u'right']","[0.8, 0.4, 0.2]","[u'low', u'high', u'medium']",red,50,middle,high,True,False,287,3200,NA
A1BNR1ZAF1QGWG,Mon Dec 04 2017 08:21:10 GMT-0500 (Eastern Standard Time),Mon Dec 04 2017 08:28:32 GMT-0500 (Eastern Standard Time),"Mozilla/5.0 (Windows NT 10.0; Win64; x64) AppleWebKit/537.36 (KHTML, like Gecko) Chrome/62.0.3202.94 Safari/537.36",78,"[0.8, 0.4, 0.2]","[0.8, 0.4, 0.2]","[u'blue', u'red', u'black']","[u'left', u'middle', u'right']","[0.8, 0.4, 0.2]","[u'low', u'high', u'medium']",red,50,middle,high,True,False,299,3300,NA
A1BNR1ZAF1QGWG,Mon Dec 04 2017 08:21:10 GMT-0500 (Eastern Standard Time),Mon Dec 04 2017 08:28:32 GMT-0500 (Eastern Standard Time),"Mozilla/5.0 (Windows NT 10.0; Win64; x64) AppleWebKit/537.36 (KHTML, like Gecko) Chrome/62.0.3202.94 Safari/537.36",79,"[0.8, 0.4, 0.2]","[0.8, 0.4, 0.2]","[u'blue', u'red', u'black']","[u'left', u'middle', u'right']","[0.8, 0.4, 0.2]","[u'low', u'high', u'medium']",red,50,middle,high,True,False,922,3400,NA
A1BNR1ZAF1QGWG,Mon Dec 04 2017 08:21:10 GMT-0500 (Eastern Standard Time),Mon Dec 04 2017 08:28:32 GMT-0500 (Eastern Standard Time),"Mozilla/5.0 (Windows NT 10.0; Win64; x64) AppleWebKit/537.36 (KHTML, like Gecko) Chrome/62.0.3202.94 Safari/537.36",80,"[0.8, 0.4, 0.2]","[0.8, 0.4, 0.2]","[u'blue', u'red', u'black']","[u'left', u'middle', u'right']","[0.8, 0.4, 0.2]","[u'low', u'high', u'medium']",red,50,middle,high,True,False,330,3500,NA
A1BNR1ZAF1QGWG,Mon Dec 04 2017 08:21:10 GMT-0500 (Eastern Standard Time),Mon Dec 04 2017 08:28:32 GMT-0500 (Eastern Standard Time),"Mozilla/5.0 (Windows NT 10.0; Win64; x64) AppleWebKit/537.36 (KHTML, like Gecko) Chrome/62.0.3202.94 Safari/537.36",81,"[0.8, 0.4, 0.2]","[0.8, 0.4, 0.2]","[u'blue', u'red', u'black']","[u'left', u'middle', u'right']","[0.8, 0.4, 0.2]","[u'high', u'medium', u'low']",black,51,right,low,False,False,389,3450,NA
A1BNR1ZAF1QGWG,Mon Dec 04 2017 08:21:10 GMT-0500 (Eastern Standard Time),Mon Dec 04 2017 08:28:32 GMT-0500 (Eastern Standard Time),"Mozilla/5.0 (Windows NT 10.0; Win64; x64) AppleWebKit/537.36 (KHTML, like Gecko) Chrome/62.0.3202.94 Safari/537.36",82,"[0.8, 0.4, 0.2]","[0.8, 0.4, 0.2]","[u'blue', u'red', u'black']","[u'left', u'middle', u'right']","[0.8, 0.4, 0.2]","[u'high', u'medium', u'low']",red,50,middle,medium,False,False,251,3400,NA
A1BNR1ZAF1QGWG,Mon Dec 04 2017 08:21:10 GMT-0500 (Eastern Standard Time),Mon Dec 04 2017 08:28:32 GMT-0500 (Eastern Standard Time),"Mozilla/5.0 (Windows NT 10.0; Win64; x64) AppleWebKit/537.36 (KHTML, like Gecko) Chrome/62.0.3202.94 Safari/537.36",83,"[0.8, 0.4, 0.2]","[0.8, 0.4, 0.2]","[u'blue', u'red', u'black']","[u'left', u'middle', u'right']","[0.8, 0.4, 0.2]","[u'high', u'medium', u'low']",blue,49,left,high,True,False,265,3500,NA
A1BNR1ZAF1QGWG,Mon Dec 04 2017 08:21:10 GMT-0500 (Eastern Standard Time),Mon Dec 04 2017 08:28:32 GMT-0500 (Eastern Standard Time),"Mozilla/5.0 (Windows NT 10.0; Win64; x64) AppleWebKit/537.36 (KHTML, like Gecko) Chrome/62.0.3202.94 Safari/537.36",84,"[0.8, 0.4, 0.2]","[0.8, 0.4, 0.2]","[u'blue', u'red', u'black']","[u'left', u'middle', u'right']","[0.8, 0.4, 0.2]","[u'high', u'medium', u'low']",blue,49,left,high,True,False,603,3600,NA
A1BNR1ZAF1QGWG,Mon Dec 04 2017 08:21:10 GMT-0500 (Eastern Standard Time),Mon Dec 04 2017 08:28:32 GMT-0500 (Eastern Standard Time),"Mozilla/5.0 (Windows NT 10.0; Win64; x64) AppleWebKit/537.36 (KHTML, like Gecko) Chrome/62.0.3202.94 Safari/537.36",85,"[0.8, 0.4, 0.2]","[0.8, 0.4, 0.2]","[u'blue', u'red', u'black']","[u'left', u'middle', u'right']","[0.8, 0.4, 0.2]","[u'high', u'medium', u'low']",blue,49,left,high,True,False,289,3700,NA
A1BNR1ZAF1QGWG,Mon Dec 04 2017 08:21:10 GMT-0500 (Eastern Standard Time),Mon Dec 04 2017 08:28:32 GMT-0500 (Eastern Standard Time),"Mozilla/5.0 (Windows NT 10.0; Win64; x64) AppleWebKit/537.36 (KHTML, like Gecko) Chrome/62.0.3202.94 Safari/537.36",86,"[0.8, 0.4, 0.2]","[0.8, 0.4, 0.2]","[u'blue', u'red', u'black']","[u'left', u'middle', u'right']","[0.8, 0.4, 0.2]","[u'high', u'medium', u'low']",blue,49,left,high,False,False,387,3650,NA
A1BNR1ZAF1QGWG,Mon Dec 04 2017 08:21:10 GMT-0500 (Eastern Standard Time),Mon Dec 04 2017 08:28:32 GMT-0500 (Eastern Standard Time),"Mozilla/5.0 (Windows NT 10.0; Win64; x64) AppleWebKit/537.36 (KHTML, like Gecko) Chrome/62.0.3202.94 Safari/537.36",87,"[0.8, 0.4, 0.2]","[0.8, 0.4, 0.2]","[u'blue', u'red', u'black']","[u'left', u'middle', u'right']","[0.8, 0.4, 0.2]","[u'high', u'medium', u'low']",red,50,middle,medium,False,False,135,3600,NA
A1BNR1ZAF1QGWG,Mon Dec 04 2017 08:21:10 GMT-0500 (Eastern Standard Time),Mon Dec 04 2017 08:28:32 GMT-0500 (Eastern Standard Time),"Mozilla/5.0 (Windows NT 10.0; Win64; x64) AppleWebKit/537.36 (KHTML, like Gecko) Chrome/62.0.3202.94 Safari/537.36",88,"[0.8, 0.4, 0.2]","[0.8, 0.4, 0.2]","[u'blue', u'red', u'black']","[u'left', u'middle', u'right']","[0.8, 0.4, 0.2]","[u'high', u'medium', u'low']",black,51,right,low,False,False,270,3550,NA
A1BNR1ZAF1QGWG,Mon Dec 04 2017 08:21:10 GMT-0500 (Eastern Standard Time),Mon Dec 04 2017 08:28:32 GMT-0500 (Eastern Standard Time),"Mozilla/5.0 (Windows NT 10.0; Win64; x64) AppleWebKit/537.36 (KHTML, like Gecko) Chrome/62.0.3202.94 Safari/537.36",89,"[0.8, 0.4, 0.2]","[0.8, 0.4, 0.2]","[u'blue', u'red', u'black']","[u'left', u'middle', u'right']","[0.8, 0.4, 0.2]","[u'high', u'medium', u'low']",blue,49,left,high,True,False,269,3650,NA
A1BNR1ZAF1QGWG,Mon Dec 04 2017 08:21:10 GMT-0500 (Eastern Standard Time),Mon Dec 04 2017 08:28:32 GMT-0500 (Eastern Standard Time),"Mozilla/5.0 (Windows NT 10.0; Win64; x64) AppleWebKit/537.36 (KHTML, like Gecko) Chrome/62.0.3202.94 Safari/537.36",90,"[0.8, 0.4, 0.2]","[0.8, 0.4, 0.2]","[u'blue', u'red', u'black']","[u'left', u'middle', u'right']","[0.8, 0.4, 0.2]","[u'high', u'medium', u'low']",blue,49,left,high,True,False,346,3750,NA
A1BNR1ZAF1QGWG,Mon Dec 04 2017 08:21:10 GMT-0500 (Eastern Standard Time),Mon Dec 04 2017 08:28:32 GMT-0500 (Eastern Standard Time),"Mozilla/5.0 (Windows NT 10.0; Win64; x64) AppleWebKit/537.36 (KHTML, like Gecko) Chrome/62.0.3202.94 Safari/537.36",91,"[0.8, 0.4, 0.2]","[0.8, 0.4, 0.2]","[u'blue', u'red', u'black']","[u'left', u'middle', u'right']","[0.8, 0.4, 0.2]","[u'high', u'medium', u'low']",blue,49,left,high,True,False,327,3850,NA
A1BNR1ZAF1QGWG,Mon Dec 04 2017 08:21:10 GMT-0500 (Eastern Standard Time),Mon Dec 04 2017 08:28:32 GMT-0500 (Eastern Standard Time),"Mozilla/5.0 (Windows NT 10.0; Win64; x64) AppleWebKit/537.36 (KHTML, like Gecko) Chrome/62.0.3202.94 Safari/537.36",92,"[0.8, 0.4, 0.2]","[0.8, 0.4, 0.2]","[u'blue', u'red', u'black']","[u'left', u'middle', u'right']","[0.8, 0.4, 0.2]","[u'high', u'medium', u'low']",blue,49,left,high,True,False,1536,3950,NA
A1BNR1ZAF1QGWG,Mon Dec 04 2017 08:21:10 GMT-0500 (Eastern Standard Time),Mon Dec 04 2017 08:28:32 GMT-0500 (Eastern Standard Time),"Mozilla/5.0 (Windows NT 10.0; Win64; x64) AppleWebKit/537.36 (KHTML, like Gecko) Chrome/62.0.3202.94 Safari/537.36",93,"[0.8, 0.4, 0.2]","[0.8, 0.4, 0.2]","[u'blue', u'red', u'black']","[u'left', u'middle', u'right']","[0.8, 0.4, 0.2]","[u'high', u'medium', u'low']",blue,49,left,high,True,False,360,4050,NA
A1BNR1ZAF1QGWG,Mon Dec 04 2017 08:21:10 GMT-0500 (Eastern Standard Time),Mon Dec 04 2017 08:28:32 GMT-0500 (Eastern Standard Time),"Mozilla/5.0 (Windows NT 10.0; Win64; x64) AppleWebKit/537.36 (KHTML, like Gecko) Chrome/62.0.3202.94 Safari/537.36",94,"[0.8, 0.4, 0.2]","[0.8, 0.4, 0.2]","[u'blue', u'red', u'black']","[u'left', u'middle', u'right']","[0.8, 0.4, 0.2]","[u'high', u'medium', u'low']",blue,49,left,high,True,False,557,4150,NA
A1BNR1ZAF1QGWG,Mon Dec 04 2017 08:21:10 GMT-0500 (Eastern Standard Time),Mon Dec 04 2017 08:28:32 GMT-0500 (Eastern Standard Time),"Mozilla/5.0 (Windows NT 10.0; Win64; x64) AppleWebKit/537.36 (KHTML, like Gecko) Chrome/62.0.3202.94 Safari/537.36",95,"[0.8, 0.4, 0.2]","[0.8, 0.4, 0.2]","[u'blue', u'red', u'black']","[u'left', u'middle', u'right']","[0.8, 0.4, 0.2]","[u'high', u'medium', u'low']",blue,49,left,high,True,False,336,4250,NA
A1BNR1ZAF1QGWG,Mon Dec 04 2017 08:21:10 GMT-0500 (Eastern Standard Time),Mon Dec 04 2017 08:28:32 GMT-0500 (Eastern Standard Time),"Mozilla/5.0 (Windows NT 10.0; Win64; x64) AppleWebKit/537.36 (KHTML, like Gecko) Chrome/62.0.3202.94 Safari/537.36",96,"[0.8, 0.4, 0.2]","[0.8, 0.4, 0.2]","[u'blue', u'red', u'black']","[u'left', u'middle', u'right']","[0.8, 0.4, 0.2]","[u'high', u'medium', u'low']",blue,49,left,high,True,False,978,4350,NA
A1BNR1ZAF1QGWG,Mon Dec 04 2017 08:21:10 GMT-0500 (Eastern Standard Time),Mon Dec 04 2017 08:28:32 GMT-0500 (Eastern Standard Time),"Mozilla/5.0 (Windows NT 10.0; Win64; x64) AppleWebKit/537.36 (KHTML, like Gecko) Chrome/62.0.3202.94 Safari/537.36",97,"[0.8, 0.4, 0.2]","[0.8, 0.4, 0.2]","[u'blue', u'red', u'black']","[u'left', u'middle', u'right']","[0.8, 0.4, 0.2]","[u'high', u'medium', u'low']",red,50,middle,medium,False,False,564,4300,NA
A1BNR1ZAF1QGWG,Mon Dec 04 2017 08:21:10 GMT-0500 (Eastern Standard Time),Mon Dec 04 2017 08:28:32 GMT-0500 (Eastern Standard Time),"Mozilla/5.0 (Windows NT 10.0; Win64; x64) AppleWebKit/537.36 (KHTML, like Gecko) Chrome/62.0.3202.94 Safari/537.36",98,"[0.8, 0.4, 0.2]","[0.8, 0.4, 0.2]","[u'blue', u'red', u'black']","[u'left', u'middle', u'right']","[0.8, 0.4, 0.2]","[u'high', u'medium', u'low']",black,51,right,low,False,False,405,4250,NA
A1BNR1ZAF1QGWG,Mon Dec 04 2017 08:21:10 GMT-0500 (Eastern Standard Time),Mon Dec 04 2017 08:28:32 GMT-0500 (Eastern Standard Time),"Mozilla/5.0 (Windows NT 10.0; Win64; x64) AppleWebKit/537.36 (KHTML, like Gecko) Chrome/62.0.3202.94 Safari/537.36",99,"[0.8, 0.4, 0.2]","[0.8, 0.4, 0.2]","[u'blue', u'red', u'black']","[u'left', u'middle', u'right']","[0.8, 0.4, 0.2]","[u'high', u'medium', u'low']",blue,49,left,high,True,False,375,4350,NA
A1BNR1ZAF1QGWG,Mon Dec 04 2017 08:21:10 GMT-0500 (Eastern Standard Time),Mon Dec 04 2017 08:28:32 GMT-0500 (Eastern Standard Time),"Mozilla/5.0 (Windows NT 10.0; Win64; x64) AppleWebKit/537.36 (KHTML, like Gecko) Chrome/62.0.3202.94 Safari/537.36",100,"[0.8, 0.4, 0.2]","[0.8, 0.4, 0.2]","[u'blue', u'red', u'black']","[u'left', u'middle', u'right']","[0.8, 0.4, 0.2]","[u'high', u'medium', u'low']",blue,49,left,high,True,False,426,4450,NA
A1BNR1ZAF1QGWG,Mon Dec 04 2017 08:21:10 GMT-0500 (Eastern Standard Time),Mon Dec 04 2017 08:28:32 GMT-0500 (Eastern Standard Time),"Mozilla/5.0 (Windows NT 10.0; Win64; x64) AppleWebKit/537.36 (KHTML, like Gecko) Chrome/62.0.3202.94 Safari/537.36",101,"[0.8, 0.4, 0.2]","[0.8, 0.4, 0.2]","[u'blue', u'red', u'black']","[u'left', u'middle', u'right']","[0.8, 0.4, 0.2]","[u'high', u'medium', u'low']",blue,49,left,high,True,False,340,4550,NA
A1BNR1ZAF1QGWG,Mon Dec 04 2017 08:21:10 GMT-0500 (Eastern Standard Time),Mon Dec 04 2017 08:28:32 GMT-0500 (Eastern Standard Time),"Mozilla/5.0 (Windows NT 10.0; Win64; x64) AppleWebKit/537.36 (KHTML, like Gecko) Chrome/62.0.3202.94 Safari/537.36",102,"[0.8, 0.4, 0.2]","[0.8, 0.4, 0.2]","[u'blue', u'red', u'black']","[u'left', u'middle', u'right']","[0.8, 0.4, 0.2]","[u'high', u'medium', u'low']",blue,49,left,high,True,False,283,4650,NA
A1BNR1ZAF1QGWG,Mon Dec 04 2017 08:21:10 GMT-0500 (Eastern Standard Time),Mon Dec 04 2017 08:28:32 GMT-0500 (Eastern Standard Time),"Mozilla/5.0 (Windows NT 10.0; Win64; x64) AppleWebKit/537.36 (KHTML, like Gecko) Chrome/62.0.3202.94 Safari/537.36",103,"[0.8, 0.4, 0.2]","[0.8, 0.4, 0.2]","[u'blue', u'red', u'black']","[u'left', u'middle', u'right']","[0.8, 0.4, 0.2]","[u'high', u'medium', u'low']",blue,49,left,high,False,False,380,4600,NA
A1BNR1ZAF1QGWG,Mon Dec 04 2017 08:21:10 GMT-0500 (Eastern Standard Time),Mon Dec 04 2017 08:28:32 GMT-0500 (Eastern Standard Time),"Mozilla/5.0 (Windows NT 10.0; Win64; x64) AppleWebKit/537.36 (KHTML, like Gecko) Chrome/62.0.3202.94 Safari/537.36",104,"[0.8, 0.4, 0.2]","[0.8, 0.4, 0.2]","[u'blue', u'red', u'black']","[u'left', u'middle', u'right']","[0.8, 0.4, 0.2]","[u'high', u'medium', u'low']",red,50,middle,medium,False,False,349,4550,NA
A1BNR1ZAF1QGWG,Mon Dec 04 2017 08:21:10 GMT-0500 (Eastern Standard Time),Mon Dec 04 2017 08:28:32 GMT-0500 (Eastern Standard Time),"Mozilla/5.0 (Windows NT 10.0; Win64; x64) AppleWebKit/537.36 (KHTML, like Gecko) Chrome/62.0.3202.94 Safari/537.36",105,"[0.8, 0.4, 0.2]","[0.8, 0.4, 0.2]","[u'blue', u'red', u'black']","[u'left', u'middle', u'right']","[0.8, 0.4, 0.2]","[u'high', u'medium', u'low']",black,51,right,low,False,False,928,4500,NA
A1BNR1ZAF1QGWG,Mon Dec 04 2017 08:21:10 GMT-0500 (Eastern Standard Time),Mon Dec 04 2017 08:28:32 GMT-0500 (Eastern Standard Time),"Mozilla/5.0 (Windows NT 10.0; Win64; x64) AppleWebKit/537.36 (KHTML, like Gecko) Chrome/62.0.3202.94 Safari/537.36",106,"[0.8, 0.4, 0.2]","[0.8, 0.4, 0.2]","[u'blue', u'red', u'black']","[u'left', u'middle', u'right']","[0.8, 0.4, 0.2]","[u'high', u'medium', u'low']",blue,49,left,high,True,False,314,4600,NA
A1BNR1ZAF1QGWG,Mon Dec 04 2017 08:21:10 GMT-0500 (Eastern Standard Time),Mon Dec 04 2017 08:28:32 GMT-0500 (Eastern Standard Time),"Mozilla/5.0 (Windows NT 10.0; Win64; x64) AppleWebKit/537.36 (KHTML, like Gecko) Chrome/62.0.3202.94 Safari/537.36",107,"[0.8, 0.4, 0.2]","[0.8, 0.4, 0.2]","[u'blue', u'red', u'black']","[u'left', u'middle', u'right']","[0.8, 0.4, 0.2]","[u'high', u'medium', u'low']",blue,49,left,high,False,False,337,4550,NA
A1BNR1ZAF1QGWG,Mon Dec 04 2017 08:21:10 GMT-0500 (Eastern Standard Time),Mon Dec 04 2017 08:28:32 GMT-0500 (Eastern Standard Time),"Mozilla/5.0 (Windows NT 10.0; Win64; x64) AppleWebKit/537.36 (KHTML, like Gecko) Chrome/62.0.3202.94 Safari/537.36",108,"[0.8, 0.4, 0.2]","[0.8, 0.4, 0.2]","[u'blue', u'red', u'black']","[u'left', u'middle', u'right']","[0.8, 0.4, 0.2]","[u'high', u'medium', u'low']",red,50,middle,medium,False,False,278,4500,NA
A1BNR1ZAF1QGWG,Mon Dec 04 2017 08:21:10 GMT-0500 (Eastern Standard Time),Mon Dec 04 2017 08:28:32 GMT-0500 (Eastern Standard Time),"Mozilla/5.0 (Windows NT 10.0; Win64; x64) AppleWebKit/537.36 (KHTML, like Gecko) Chrome/62.0.3202.94 Safari/537.36",109,"[0.8, 0.4, 0.2]","[0.8, 0.4, 0.2]","[u'blue', u'red', u'black']","[u'left', u'middle', u'right']","[0.8, 0.4, 0.2]","[u'high', u'medium', u'low']",black,51,right,low,False,False,12,4450,NA
A1BNR1ZAF1QGWG,Mon Dec 04 2017 08:21:10 GMT-0500 (Eastern Standard Time),Mon Dec 04 2017 08:28:32 GMT-0500 (Eastern Standard Time),"Mozilla/5.0 (Windows NT 10.0; Win64; x64) AppleWebKit/537.36 (KHTML, like Gecko) Chrome/62.0.3202.94 Safari/537.36",110,"[0.8, 0.4, 0.2]","[0.8, 0.4, 0.2]","[u'blue', u'red', u'black']","[u'left', u'middle', u'right']","[0.8, 0.4, 0.2]","[u'high', u'medium', u'low']",blue,49,left,high,True,False,363,4550,NA
A1BNR1ZAF1QGWG,Mon Dec 04 2017 08:21:10 GMT-0500 (Eastern Standard Time),Mon Dec 04 2017 08:28:32 GMT-0500 (Eastern Standard Time),"Mozilla/5.0 (Windows NT 10.0; Win64; x64) AppleWebKit/537.36 (KHTML, like Gecko) Chrome/62.0.3202.94 Safari/537.36",111,"[0.8, 0.4, 0.2]","[0.8, 0.4, 0.2]","[u'blue', u'red', u'black']","[u'left', u'middle', u'right']","[0.8, 0.4, 0.2]","[u'high', u'medium', u'low']",blue,49,left,high,True,False,293,4650,NA
A1BNR1ZAF1QGWG,Mon Dec 04 2017 08:21:10 GMT-0500 (Eastern Standard Time),Mon Dec 04 2017 08:28:32 GMT-0500 (Eastern Standard Time),"Mozilla/5.0 (Windows NT 10.0; Win64; x64) AppleWebKit/537.36 (KHTML, like Gecko) Chrome/62.0.3202.94 Safari/537.36",112,"[0.8, 0.4, 0.2]","[0.8, 0.4, 0.2]","[u'blue', u'red', u'black']","[u'left', u'middle', u'right']","[0.8, 0.4, 0.2]","[u'high', u'medium', u'low']",blue,49,left,high,True,False,282,4750,NA
A1BNR1ZAF1QGWG,Mon Dec 04 2017 08:21:10 GMT-0500 (Eastern Standard Time),Mon Dec 04 2017 08:28:32 GMT-0500 (Eastern Standard Time),"Mozilla/5.0 (Windows NT 10.0; Win64; x64) AppleWebKit/537.36 (KHTML, like Gecko) Chrome/62.0.3202.94 Safari/537.36",113,"[0.8, 0.4, 0.2]","[0.8, 0.4, 0.2]","[u'blue', u'red', u'black']","[u'left', u'middle', u'right']","[0.8, 0.4, 0.2]","[u'high', u'medium', u'low']",blue,49,left,high,True,False,450,4850,NA
A1BNR1ZAF1QGWG,Mon Dec 04 2017 08:21:10 GMT-0500 (Eastern Standard Time),Mon Dec 04 2017 08:28:32 GMT-0500 (Eastern Standard Time),"Mozilla/5.0 (Windows NT 10.0; Win64; x64) AppleWebKit/537.36 (KHTML, like Gecko) Chrome/62.0.3202.94 Safari/537.36",114,"[0.8, 0.4, 0.2]","[0.8, 0.4, 0.2]","[u'blue', u'red', u'black']","[u'left', u'middle', u'right']","[0.8, 0.4, 0.2]","[u'high', u'medium', u'low']",blue,49,left,high,True,False,536,4950,NA
A1BNR1ZAF1QGWG,Mon Dec 04 2017 08:21:10 GMT-0500 (Eastern Standard Time),Mon Dec 04 2017 08:28:32 GMT-0500 (Eastern Standard Time),"Mozilla/5.0 (Windows NT 10.0; Win64; x64) AppleWebKit/537.36 (KHTML, like Gecko) Chrome/62.0.3202.94 Safari/537.36",115,"[0.8, 0.4, 0.2]","[0.8, 0.4, 0.2]","[u'blue', u'red', u'black']","[u'left', u'middle', u'right']","[0.8, 0.4, 0.2]","[u'high', u'medium', u'low']",blue,49,left,high,True,False,466,5050,NA
A1BNR1ZAF1QGWG,Mon Dec 04 2017 08:21:10 GMT-0500 (Eastern Standard Time),Mon Dec 04 2017 08:28:32 GMT-0500 (Eastern Standard Time),"Mozilla/5.0 (Windows NT 10.0; Win64; x64) AppleWebKit/537.36 (KHTML, like Gecko) Chrome/62.0.3202.94 Safari/537.36",116,"[0.8, 0.4, 0.2]","[0.8, 0.4, 0.2]","[u'blue', u'red', u'black']","[u'left', u'middle', u'right']","[0.8, 0.4, 0.2]","[u'high', u'medium', u'low']",blue,49,left,high,True,False,429,5150,NA
A1BNR1ZAF1QGWG,Mon Dec 04 2017 08:21:10 GMT-0500 (Eastern Standard Time),Mon Dec 04 2017 08:28:32 GMT-0500 (Eastern Standard Time),"Mozilla/5.0 (Windows NT 10.0; Win64; x64) AppleWebKit/537.36 (KHTML, like Gecko) Chrome/62.0.3202.94 Safari/537.36",117,"[0.8, 0.4, 0.2]","[0.8, 0.4, 0.2]","[u'blue', u'red', u'black']","[u'left', u'middle', u'right']","[0.8, 0.4, 0.2]","[u'high', u'medium', u'low']",blue,49,left,high,False,False,707,5100,NA
A1BNR1ZAF1QGWG,Mon Dec 04 2017 08:21:10 GMT-0500 (Eastern Standard Time),Mon Dec 04 2017 08:28:32 GMT-0500 (Eastern Standard Time),"Mozilla/5.0 (Windows NT 10.0; Win64; x64) AppleWebKit/537.36 (KHTML, like Gecko) Chrome/62.0.3202.94 Safari/537.36",118,"[0.8, 0.4, 0.2]","[0.8, 0.4, 0.2]","[u'blue', u'red', u'black']","[u'left', u'middle', u'right']","[0.8, 0.4, 0.2]","[u'high', u'medium', u'low']",red,50,middle,medium,False,False,337,5050,NA
A1BNR1ZAF1QGWG,Mon Dec 04 2017 08:21:10 GMT-0500 (Eastern Standard Time),Mon Dec 04 2017 08:28:32 GMT-0500 (Eastern Standard Time),"Mozilla/5.0 (Windows NT 10.0; Win64; x64) AppleWebKit/537.36 (KHTML, like Gecko) Chrome/62.0.3202.94 Safari/537.36",119,"[0.8, 0.4, 0.2]","[0.8, 0.4, 0.2]","[u'blue', u'red', u'black']","[u'left', u'middle', u'right']","[0.8, 0.4, 0.2]","[u'high', u'medium', u'low']",black,51,right,low,False,False,303,5000,NA
A1BNR1ZAF1QGWG,Mon Dec 04 2017 08:21:10 GMT-0500 (Eastern Standard Time),Mon Dec 04 2017 08:28:32 GMT-0500 (Eastern Standard Time),"Mozilla/5.0 (Windows NT 10.0; Win64; x64) AppleWebKit/537.36 (KHTML, like Gecko) Chrome/62.0.3202.94 Safari/537.36",120,"[0.8, 0.4, 0.2]","[0.8, 0.4, 0.2]","[u'blue', u'red', u'black']","[u'left', u'middle', u'right']","[0.8, 0.4, 0.2]","[u'high', u'medium', u'low']",blue,49,left,high,True,False,295,5100,NA
A1BNR1ZAF1QGWG,Mon Dec 04 2017 08:21:10 GMT-0500 (Eastern Standard Time),Mon Dec 04 2017 08:28:32 GMT-0500 (Eastern Standard Time),"Mozilla/5.0 (Windows NT 10.0; Win64; x64) AppleWebKit/537.36 (KHTML, like Gecko) Chrome/62.0.3202.94 Safari/537.36",121,"[0.8, 0.4, 0.2]","[0.8, 0.4, 0.2]","[u'blue', u'red', u'black']","[u'left', u'middle', u'right']","[0.8, 0.4, 0.2]","[u'low', u'medium', u'high']",blue,49,left,low,True,False,522,5200,NA
A1BNR1ZAF1QGWG,Mon Dec 04 2017 08:21:10 GMT-0500 (Eastern Standard Time),Mon Dec 04 2017 08:28:32 GMT-0500 (Eastern Standard Time),"Mozilla/5.0 (Windows NT 10.0; Win64; x64) AppleWebKit/537.36 (KHTML, like Gecko) Chrome/62.0.3202.94 Safari/537.36",122,"[0.8, 0.4, 0.2]","[0.8, 0.4, 0.2]","[u'blue', u'red', u'black']","[u'left', u'middle', u'right']","[0.8, 0.4, 0.2]","[u'low', u'medium', u'high']",blue,49,left,low,True,False,293,5300,NA
A1BNR1ZAF1QGWG,Mon Dec 04 2017 08:21:10 GMT-0500 (Eastern Standard Time),Mon Dec 04 2017 08:28:32 GMT-0500 (Eastern Standard Time),"Mozilla/5.0 (Windows NT 10.0; Win64; x64) AppleWebKit/537.36 (KHTML, like Gecko) Chrome/62.0.3202.94 Safari/537.36",123,"[0.8, 0.4, 0.2]","[0.8, 0.4, 0.2]","[u'blue', u'red', u'black']","[u'left', u'middle', u'right']","[0.8, 0.4, 0.2]","[u'low', u'medium', u'high']",blue,49,left,low,True,False,1638,5400,NA
A1BNR1ZAF1QGWG,Mon Dec 04 2017 08:21:10 GMT-0500 (Eastern Standard Time),Mon Dec 04 2017 08:28:32 GMT-0500 (Eastern Standard Time),"Mozilla/5.0 (Windows NT 10.0; Win64; x64) AppleWebKit/537.36 (KHTML, like Gecko) Chrome/62.0.3202.94 Safari/537.36",124,"[0.8, 0.4, 0.2]","[0.8, 0.4, 0.2]","[u'blue', u'red', u'black']","[u'left', u'middle', u'right']","[0.8, 0.4, 0.2]","[u'low', u'medium', u'high']",blue,49,left,low,False,False,375,5350,NA
A1BNR1ZAF1QGWG,Mon Dec 04 2017 08:21:10 GMT-0500 (Eastern Standard Time),Mon Dec 04 2017 08:28:32 GMT-0500 (Eastern Standard Time),"Mozilla/5.0 (Windows NT 10.0; Win64; x64) AppleWebKit/537.36 (KHTML, like Gecko) Chrome/62.0.3202.94 Safari/537.36",125,"[0.8, 0.4, 0.2]","[0.8, 0.4, 0.2]","[u'blue', u'red', u'black']","[u'left', u'middle', u'right']","[0.8, 0.4, 0.2]","[u'low', u'medium', u'high']",red,50,middle,medium,True,False,402,5450,NA
A1BNR1ZAF1QGWG,Mon Dec 04 2017 08:21:10 GMT-0500 (Eastern Standard Time),Mon Dec 04 2017 08:28:32 GMT-0500 (Eastern Standard Time),"Mozilla/5.0 (Windows NT 10.0; Win64; x64) AppleWebKit/537.36 (KHTML, like Gecko) Chrome/62.0.3202.94 Safari/537.36",126,"[0.8, 0.4, 0.2]","[0.8, 0.4, 0.2]","[u'blue', u'red', u'black']","[u'left', u'middle', u'right']","[0.8, 0.4, 0.2]","[u'low', u'medium', u'high']",red,50,middle,medium,False,False,456,5400,NA
A1BNR1ZAF1QGWG,Mon Dec 04 2017 08:21:10 GMT-0500 (Eastern Standard Time),Mon Dec 04 2017 08:28:32 GMT-0500 (Eastern Standard Time),"Mozilla/5.0 (Windows NT 10.0; Win64; x64) AppleWebKit/537.36 (KHTML, like Gecko) Chrome/62.0.3202.94 Safari/537.36",127,"[0.8, 0.4, 0.2]","[0.8, 0.4, 0.2]","[u'blue', u'red', u'black']","[u'left', u'middle', u'right']","[0.8, 0.4, 0.2]","[u'low', u'medium', u'high']",red,50,middle,medium,True,False,369,5500,NA
A1BNR1ZAF1QGWG,Mon Dec 04 2017 08:21:10 GMT-0500 (Eastern Standard Time),Mon Dec 04 2017 08:28:32 GMT-0500 (Eastern Standard Time),"Mozilla/5.0 (Windows NT 10.0; Win64; x64) AppleWebKit/537.36 (KHTML, like Gecko) Chrome/62.0.3202.94 Safari/537.36",128,"[0.8, 0.4, 0.2]","[0.8, 0.4, 0.2]","[u'blue', u'red', u'black']","[u'left', u'middle', u'right']","[0.8, 0.4, 0.2]","[u'low', u'medium', u'high']",red,50,middle,medium,True,False,673,5600,NA
A1BNR1ZAF1QGWG,Mon Dec 04 2017 08:21:10 GMT-0500 (Eastern Standard Time),Mon Dec 04 2017 08:28:32 GMT-0500 (Eastern Standard Time),"Mozilla/5.0 (Windows NT 10.0; Win64; x64) AppleWebKit/537.36 (KHTML, like Gecko) Chrome/62.0.3202.94 Safari/537.36",129,"[0.8, 0.4, 0.2]","[0.8, 0.4, 0.2]","[u'blue', u'red', u'black']","[u'left', u'middle', u'right']","[0.8, 0.4, 0.2]","[u'low', u'medium', u'high']",red,50,middle,medium,False,False,261,5550,NA
A1BNR1ZAF1QGWG,Mon Dec 04 2017 08:21:10 GMT-0500 (Eastern Standard Time),Mon Dec 04 2017 08:28:32 GMT-0500 (Eastern Standard Time),"Mozilla/5.0 (Windows NT 10.0; Win64; x64) AppleWebKit/537.36 (KHTML, like Gecko) Chrome/62.0.3202.94 Safari/537.36",130,"[0.8, 0.4, 0.2]","[0.8, 0.4, 0.2]","[u'blue', u'red', u'black']","[u'left', u'middle', u'right']","[0.8, 0.4, 0.2]","[u'low', u'medium', u'high']",black,51,right,high,False,False,289,5500,NA
A1BNR1ZAF1QGWG,Mon Dec 04 2017 08:21:10 GMT-0500 (Eastern Standard Time),Mon Dec 04 2017 08:28:32 GMT-0500 (Eastern Standard Time),"Mozilla/5.0 (Windows NT 10.0; Win64; x64) AppleWebKit/537.36 (KHTML, like Gecko) Chrome/62.0.3202.94 Safari/537.36",131,"[0.8, 0.4, 0.2]","[0.8, 0.4, 0.2]","[u'blue', u'red', u'black']","[u'left', u'middle', u'right']","[0.8, 0.4, 0.2]","[u'low', u'medium', u'high']",blue,49,left,low,False,False,262,5450,NA
A1BNR1ZAF1QGWG,Mon Dec 04 2017 08:21:10 GMT-0500 (Eastern Standard Time),Mon Dec 04 2017 08:28:32 GMT-0500 (Eastern Standard Time),"Mozilla/5.0 (Windows NT 10.0; Win64; x64) AppleWebKit/537.36 (KHTML, like Gecko) Chrome/62.0.3202.94 Safari/537.36",132,"[0.8, 0.4, 0.2]","[0.8, 0.4, 0.2]","[u'blue', u'red', u'black']","[u'left', u'middle', u'right']","[0.8, 0.4, 0.2]","[u'low', u'medium', u'high']",red,50,middle,medium,False,False,240,5400,NA
A1BNR1ZAF1QGWG,Mon Dec 04 2017 08:21:10 GMT-0500 (Eastern Standard Time),Mon Dec 04 2017 08:28:32 GMT-0500 (Eastern Standard Time),"Mozilla/5.0 (Windows NT 10.0; Win64; x64) AppleWebKit/537.36 (KHTML, like Gecko) Chrome/62.0.3202.94 Safari/537.36",133,"[0.8, 0.4, 0.2]","[0.8, 0.4, 0.2]","[u'blue', u'red', u'black']","[u'left', u'middle', u'right']","[0.8, 0.4, 0.2]","[u'low', u'medium', u'high']",black,51,right,high,True,False,260,5500,NA
A1BNR1ZAF1QGWG,Mon Dec 04 2017 08:21:10 GMT-0500 (Eastern Standard Time),Mon Dec 04 2017 08:28:32 GMT-0500 (Eastern Standard Time),"Mozilla/5.0 (Windows NT 10.0; Win64; x64) AppleWebKit/537.36 (KHTML, like Gecko) Chrome/62.0.3202.94 Safari/537.36",134,"[0.8, 0.4, 0.2]","[0.8, 0.4, 0.2]","[u'blue', u'red', u'black']","[u'left', u'middle', u'right']","[0.8, 0.4, 0.2]","[u'low', u'medium', u'high']",black,51,right,high,False,False,265,5450,NA
A1BNR1ZAF1QGWG,Mon Dec 04 2017 08:21:10 GMT-0500 (Eastern Standard Time),Mon Dec 04 2017 08:28:32 GMT-0500 (Eastern Standard Time),"Mozilla/5.0 (Windows NT 10.0; Win64; x64) AppleWebKit/537.36 (KHTML, like Gecko) Chrome/62.0.3202.94 Safari/537.36",135,"[0.8, 0.4, 0.2]","[0.8, 0.4, 0.2]","[u'blue', u'red', u'black']","[u'left', u'middle', u'right']","[0.8, 0.4, 0.2]","[u'low', u'medium', u'high']",blue,49,left,low,False,False,252,5400,NA
A1BNR1ZAF1QGWG,Mon Dec 04 2017 08:21:10 GMT-0500 (Eastern Standard Time),Mon Dec 04 2017 08:28:32 GMT-0500 (Eastern Standard Time),"Mozilla/5.0 (Windows NT 10.0; Win64; x64) AppleWebKit/537.36 (KHTML, like Gecko) Chrome/62.0.3202.94 Safari/537.36",136,"[0.8, 0.4, 0.2]","[0.8, 0.4, 0.2]","[u'blue', u'red', u'black']","[u'left', u'middle', u'right']","[0.8, 0.4, 0.2]","[u'low', u'medium', u'high']",red,50,middle,medium,False,False,246,5350,NA
A1BNR1ZAF1QGWG,Mon Dec 04 2017 08:21:10 GMT-0500 (Eastern Standard Time),Mon Dec 04 2017 08:28:32 GMT-0500 (Eastern Standard Time),"Mozilla/5.0 (Windows NT 10.0; Win64; x64) AppleWebKit/537.36 (KHTML, like Gecko) Chrome/62.0.3202.94 Safari/537.36",137,"[0.8, 0.4, 0.2]","[0.8, 0.4, 0.2]","[u'blue', u'red', u'black']","[u'left', u'middle', u'right']","[0.8, 0.4, 0.2]","[u'low', u'medium', u'high']",black,51,right,high,True,False,438,5450,NA
A1BNR1ZAF1QGWG,Mon Dec 04 2017 08:21:10 GMT-0500 (Eastern Standard Time),Mon Dec 04 2017 08:28:32 GMT-0500 (Eastern Standard Time),"Mozilla/5.0 (Windows NT 10.0; Win64; x64) AppleWebKit/537.36 (KHTML, like Gecko) Chrome/62.0.3202.94 Safari/537.36",138,"[0.8, 0.4, 0.2]","[0.8, 0.4, 0.2]","[u'blue', u'red', u'black']","[u'left', u'middle', u'right']","[0.8, 0.4, 0.2]","[u'low', u'medium', u'high']",black,51,right,high,True,False,276,5550,NA
A1BNR1ZAF1QGWG,Mon Dec 04 2017 08:21:10 GMT-0500 (Eastern Standard Time),Mon Dec 04 2017 08:28:32 GMT-0500 (Eastern Standard Time),"Mozilla/5.0 (Windows NT 10.0; Win64; x64) AppleWebKit/537.36 (KHTML, like Gecko) Chrome/62.0.3202.94 Safari/537.36",139,"[0.8, 0.4, 0.2]","[0.8, 0.4, 0.2]","[u'blue', u'red', u'black']","[u'left', u'middle', u'right']","[0.8, 0.4, 0.2]","[u'low', u'medium', u'high']",black,51,right,high,True,False,235,5650,NA
A1BNR1ZAF1QGWG,Mon Dec 04 2017 08:21:10 GMT-0500 (Eastern Standard Time),Mon Dec 04 2017 08:28:32 GMT-0500 (Eastern Standard Time),"Mozilla/5.0 (Windows NT 10.0; Win64; x64) AppleWebKit/537.36 (KHTML, like Gecko) Chrome/62.0.3202.94 Safari/537.36",140,"[0.8, 0.4, 0.2]","[0.8, 0.4, 0.2]","[u'blue', u'red', u'black']","[u'left', u'middle', u'right']","[0.8, 0.4, 0.2]","[u'low', u'medium', u'high']",black,51,right,high,True,False,235,5750,NA
A1BNR1ZAF1QGWG,Mon Dec 04 2017 08:21:10 GMT-0500 (Eastern Standard Time),Mon Dec 04 2017 08:28:32 GMT-0500 (Eastern Standard Time),"Mozilla/5.0 (Windows NT 10.0; Win64; x64) AppleWebKit/537.36 (KHTML, like Gecko) Chrome/62.0.3202.94 Safari/537.36",141,"[0.8, 0.4, 0.2]","[0.8, 0.4, 0.2]","[u'blue', u'red', u'black']","[u'left', u'middle', u'right']","[0.8, 0.4, 0.2]","[u'low', u'medium', u'high']",black,51,right,high,True,False,290,5850,NA
A1BNR1ZAF1QGWG,Mon Dec 04 2017 08:21:10 GMT-0500 (Eastern Standard Time),Mon Dec 04 2017 08:28:32 GMT-0500 (Eastern Standard Time),"Mozilla/5.0 (Windows NT 10.0; Win64; x64) AppleWebKit/537.36 (KHTML, like Gecko) Chrome/62.0.3202.94 Safari/537.36",142,"[0.8, 0.4, 0.2]","[0.8, 0.4, 0.2]","[u'blue', u'red', u'black']","[u'left', u'middle', u'right']","[0.8, 0.4, 0.2]","[u'low', u'medium', u'high']",black,51,right,high,True,False,657,5950,NA
A1BNR1ZAF1QGWG,Mon Dec 04 2017 08:21:10 GMT-0500 (Eastern Standard Time),Mon Dec 04 2017 08:28:32 GMT-0500 (Eastern Standard Time),"Mozilla/5.0 (Windows NT 10.0; Win64; x64) AppleWebKit/537.36 (KHTML, like Gecko) Chrome/62.0.3202.94 Safari/537.36",143,"[0.8, 0.4, 0.2]","[0.8, 0.4, 0.2]","[u'blue', u'red', u'black']","[u'left', u'middle', u'right']","[0.8, 0.4, 0.2]","[u'low', u'medium', u'high']",black,51,right,high,True,False,308,6050,NA
A1BNR1ZAF1QGWG,Mon Dec 04 2017 08:21:10 GMT-0500 (Eastern Standard Time),Mon Dec 04 2017 08:28:32 GMT-0500 (Eastern Standard Time),"Mozilla/5.0 (Windows NT 10.0; Win64; x64) AppleWebKit/537.36 (KHTML, like Gecko) Chrome/62.0.3202.94 Safari/537.36",144,"[0.8, 0.4, 0.2]","[0.8, 0.4, 0.2]","[u'blue', u'red', u'black']","[u'left', u'middle', u'right']","[0.8, 0.4, 0.2]","[u'low', u'medium', u'high']",black,51,right,high,False,False,345,6000,NA
A1BNR1ZAF1QGWG,Mon Dec 04 2017 08:21:10 GMT-0500 (Eastern Standard Time),Mon Dec 04 2017 08:28:32 GMT-0500 (Eastern Standard Time),"Mozilla/5.0 (Windows NT 10.0; Win64; x64) AppleWebKit/537.36 (KHTML, like Gecko) Chrome/62.0.3202.94 Safari/537.36",145,"[0.8, 0.4, 0.2]","[0.8, 0.4, 0.2]","[u'blue', u'red', u'black']","[u'left', u'middle', u'right']","[0.8, 0.4, 0.2]","[u'low', u'medium', u'high']",red,50,middle,medium,False,False,212,5950,NA
A1BNR1ZAF1QGWG,Mon Dec 04 2017 08:21:10 GMT-0500 (Eastern Standard Time),Mon Dec 04 2017 08:28:32 GMT-0500 (Eastern Standard Time),"Mozilla/5.0 (Windows NT 10.0; Win64; x64) AppleWebKit/537.36 (KHTML, like Gecko) Chrome/62.0.3202.94 Safari/537.36",146,"[0.8, 0.4, 0.2]","[0.8, 0.4, 0.2]","[u'blue', u'red', u'black']","[u'left', u'middle', u'right']","[0.8, 0.4, 0.2]","[u'low', u'medium', u'high']",blue,49,left,low,False,False,289,5900,NA
A1BNR1ZAF1QGWG,Mon Dec 04 2017 08:21:10 GMT-0500 (Eastern Standard Time),Mon Dec 04 2017 08:28:32 GMT-0500 (Eastern Standard Time),"Mozilla/5.0 (Windows NT 10.0; Win64; x64) AppleWebKit/537.36 (KHTML, like Gecko) Chrome/62.0.3202.94 Safari/537.36",147,"[0.8, 0.4, 0.2]","[0.8, 0.4, 0.2]","[u'blue', u'red', u'black']","[u'left', u'middle', u'right']","[0.8, 0.4, 0.2]","[u'low', u'medium', u'high']",black,51,right,high,False,False,249,5850,NA
A1BNR1ZAF1QGWG,Mon Dec 04 2017 08:21:10 GMT-0500 (Eastern Standard Time),Mon Dec 04 2017 08:28:32 GMT-0500 (Eastern Standard Time),"Mozilla/5.0 (Windows NT 10.0; Win64; x64) AppleWebKit/537.36 (KHTML, like Gecko) Chrome/62.0.3202.94 Safari/537.36",148,"[0.8, 0.4, 0.2]","[0.8, 0.4, 0.2]","[u'blue', u'red', u'black']","[u'left', u'middle', u'right']","[0.8, 0.4, 0.2]","[u'low', u'medium', u'high']",red,50,middle,medium,False,False,287,5800,NA
A1BNR1ZAF1QGWG,Mon Dec 04 2017 08:21:10 GMT-0500 (Eastern Standard Time),Mon Dec 04 2017 08:28:32 GMT-0500 (Eastern Standard Time),"Mozilla/5.0 (Windows NT 10.0; Win64; x64) AppleWebKit/537.36 (KHTML, like Gecko) Chrome/62.0.3202.94 Safari/537.36",149,"[0.8, 0.4, 0.2]","[0.8, 0.4, 0.2]","[u'blue', u'red', u'black']","[u'left', u'middle', u'right']","[0.8, 0.4, 0.2]","[u'low', u'medium', u'high']",blue,49,left,low,True,False,413,5900,NA
A1BNR1ZAF1QGWG,Mon Dec 04 2017 08:21:10 GMT-0500 (Eastern Standard Time),Mon Dec 04 2017 08:28:32 GMT-0500 (Eastern Standard Time),"Mozilla/5.0 (Windows NT 10.0; Win64; x64) AppleWebKit/537.36 (KHTML, like Gecko) Chrome/62.0.3202.94 Safari/537.36",150,"[0.8, 0.4, 0.2]","[0.8, 0.4, 0.2]","[u'blue', u'red', u'black']","[u'left', u'middle', u'right']","[0.8, 0.4, 0.2]","[u'low', u'medium', u'high']",blue,49,left,low,False,False,271,5850,NA
A1BNR1ZAF1QGWG,Mon Dec 04 2017 08:21:10 GMT-0500 (Eastern Standard Time),Mon Dec 04 2017 08:28:32 GMT-0500 (Eastern Standard Time),"Mozilla/5.0 (Windows NT 10.0; Win64; x64) AppleWebKit/537.36 (KHTML, like Gecko) Chrome/62.0.3202.94 Safari/537.36",151,"[0.8, 0.4, 0.2]","[0.8, 0.4, 0.2]","[u'blue', u'red', u'black']","[u'left', u'middle', u'right']","[0.8, 0.4, 0.2]","[u'low', u'medium', u'high']",black,51,right,high,True,False,253,5950,NA
A1BNR1ZAF1QGWG,Mon Dec 04 2017 08:21:10 GMT-0500 (Eastern Standard Time),Mon Dec 04 2017 08:28:32 GMT-0500 (Eastern Standard Time),"Mozilla/5.0 (Windows NT 10.0; Win64; x64) AppleWebKit/537.36 (KHTML, like Gecko) Chrome/62.0.3202.94 Safari/537.36",152,"[0.8, 0.4, 0.2]","[0.8, 0.4, 0.2]","[u'blue', u'red', u'black']","[u'left', u'middle', u'right']","[0.8, 0.4, 0.2]","[u'low', u'medium', u'high']",black,51,right,high,False,False,344,5900,NA
A1BNR1ZAF1QGWG,Mon Dec 04 2017 08:21:10 GMT-0500 (Eastern Standard Time),Mon Dec 04 2017 08:28:32 GMT-0500 (Eastern Standard Time),"Mozilla/5.0 (Windows NT 10.0; Win64; x64) AppleWebKit/537.36 (KHTML, like Gecko) Chrome/62.0.3202.94 Safari/537.36",153,"[0.8, 0.4, 0.2]","[0.8, 0.4, 0.2]","[u'blue', u'red', u'black']","[u'left', u'middle', u'right']","[0.8, 0.4, 0.2]","[u'low', u'medium', u'high']",red,50,middle,medium,False,False,997,5850,NA
A1BNR1ZAF1QGWG,Mon Dec 04 2017 08:21:10 GMT-0500 (Eastern Standard Time),Mon Dec 04 2017 08:28:32 GMT-0500 (Eastern Standard Time),"Mozilla/5.0 (Windows NT 10.0; Win64; x64) AppleWebKit/537.36 (KHTML, like Gecko) Chrome/62.0.3202.94 Safari/537.36",154,"[0.8, 0.4, 0.2]","[0.8, 0.4, 0.2]","[u'blue', u'red', u'black']","[u'left', u'middle', u'right']","[0.8, 0.4, 0.2]","[u'low', u'medium', u'high']",blue,49,left,low,True,False,273,5950,NA
A1BNR1ZAF1QGWG,Mon Dec 04 2017 08:21:10 GMT-0500 (Eastern Standard Time),Mon Dec 04 2017 08:28:32 GMT-0500 (Eastern Standard Time),"Mozilla/5.0 (Windows NT 10.0; Win64; x64) AppleWebKit/537.36 (KHTML, like Gecko) Chrome/62.0.3202.94 Safari/537.36",155,"[0.8, 0.4, 0.2]","[0.8, 0.4, 0.2]","[u'blue', u'red', u'black']","[u'left', u'middle', u'right']","[0.8, 0.4, 0.2]","[u'low', u'medium', u'high']",blue,49,left,low,False,False,339,5900,NA
A1BNR1ZAF1QGWG,Mon Dec 04 2017 08:21:10 GMT-0500 (Eastern Standard Time),Mon Dec 04 2017 08:28:32 GMT-0500 (Eastern Standard Time),"Mozilla/5.0 (Windows NT 10.0; Win64; x64) AppleWebKit/537.36 (KHTML, like Gecko) Chrome/62.0.3202.94 Safari/537.36",156,"[0.8, 0.4, 0.2]","[0.8, 0.4, 0.2]","[u'blue', u'red', u'black']","[u'left', u'middle', u'right']","[0.8, 0.4, 0.2]","[u'low', u'medium', u'high']",black,51,right,high,True,False,268,6000,NA
A1BNR1ZAF1QGWG,Mon Dec 04 2017 08:21:10 GMT-0500 (Eastern Standard Time),Mon Dec 04 2017 08:28:32 GMT-0500 (Eastern Standard Time),"Mozilla/5.0 (Windows NT 10.0; Win64; x64) AppleWebKit/537.36 (KHTML, like Gecko) Chrome/62.0.3202.94 Safari/537.36",157,"[0.8, 0.4, 0.2]","[0.8, 0.4, 0.2]","[u'blue', u'red', u'black']","[u'left', u'middle', u'right']","[0.8, 0.4, 0.2]","[u'low', u'medium', u'high']",black,51,right,high,False,False,431,5950,NA
A1BNR1ZAF1QGWG,Mon Dec 04 2017 08:21:10 GMT-0500 (Eastern Standard Time),Mon Dec 04 2017 08:28:32 GMT-0500 (Eastern Standard Time),"Mozilla/5.0 (Windows NT 10.0; Win64; x64) AppleWebKit/537.36 (KHTML, like Gecko) Chrome/62.0.3202.94 Safari/537.36",158,"[0.8, 0.4, 0.2]","[0.8, 0.4, 0.2]","[u'blue', u'red', u'black']","[u'left', u'middle', u'right']","[0.8, 0.4, 0.2]","[u'low', u'medium', u'high']",red,50,middle,medium,True,False,281,6050,NA
A1BNR1ZAF1QGWG,Mon Dec 04 2017 08:21:10 GMT-0500 (Eastern Standard Time),Mon Dec 04 2017 08:28:32 GMT-0500 (Eastern Standard Time),"Mozilla/5.0 (Windows NT 10.0; Win64; x64) AppleWebKit/537.36 (KHTML, like Gecko) Chrome/62.0.3202.94 Safari/537.36",159,"[0.8, 0.4, 0.2]","[0.8, 0.4, 0.2]","[u'blue', u'red', u'black']","[u'left', u'middle', u'right']","[0.8, 0.4, 0.2]","[u'low', u'medium', u'high']",red,50,middle,medium,False,False,287,6000,NA
A1BNR1ZAF1QGWG,Mon Dec 04 2017 08:21:10 GMT-0500 (Eastern Standard Time),Mon Dec 04 2017 08:28:32 GMT-0500 (Eastern Standard Time),"Mozilla/5.0 (Windows NT 10.0; Win64; x64) AppleWebKit/537.36 (KHTML, like Gecko) Chrome/62.0.3202.94 Safari/537.36",160,"[0.8, 0.4, 0.2]","[0.8, 0.4, 0.2]","[u'blue', u'red', u'black']","[u'left', u'middle', u'right']","[0.8, 0.4, 0.2]","[u'low', u'medium', u'high']",black,51,right,high,False,False,284,5950,NA
