A2541C8MY0BYV3,Mon Dec 04 2017 07:50:17 GMT-0500 (Eastern Standard Time),Mon Dec 04 2017 08:01:02 GMT-0500 (Eastern Standard Time),Mozilla/5.0 (Windows NT 10.0; WOW64; rv:57.0) Gecko/20100101 Firefox/57.0,1,"[0.8, 0.4, 0.2]","[0.8, 0.4, 0.2]","[u'blue', u'black', u'red']","[u'left', u'middle', u'right']","[0.8, 0.4, 0.2]","[u'high', u'low', u'medium']",red,51,right,medium,False,False,315,-50,NA
A2541C8MY0BYV3,Mon Dec 04 2017 07:50:17 GMT-0500 (Eastern Standard Time),Mon Dec 04 2017 08:01:02 GMT-0500 (Eastern Standard Time),Mozilla/5.0 (Windows NT 10.0; WOW64; rv:57.0) Gecko/20100101 Firefox/57.0,2,"[0.8, 0.4, 0.2]","[0.8, 0.4, 0.2]","[u'blue', u'black', u'red']","[u'left', u'middle', u'right']","[0.8, 0.4, 0.2]","[u'high', u'low', u'medium']",black,50,middle,low,False,False,202,-100,NA
A2541C8MY0BYV3,Mon Dec 04 2017 07:50:17 GMT-0500 (Eastern Standard Time),Mon Dec 04 2017 08:01:02 GMT-0500 (Eastern Standard Time),Mozilla/5.0 (Windows NT 10.0; WOW64; rv:57.0) Gecko/20100101 Firefox/57.0,3,"[0.8, 0.4, 0.2]","[0.8, 0.4, 0.2]","[u'blue', u'black', u'red']","[u'left', u'middle', u'right']","[0.8, 0.4, 0.2]","[u'high', u'low', u'medium']",black,50,middle,low,True,False,166,0,NA
A2541C8MY0BYV3,Mon Dec 04 2017 07:50:17 GMT-0500 (Eastern Standard Time),Mon Dec 04 2017 08:01:02 GMT-0500 (Eastern Standard Time),Mozilla/5.0 (Windows NT 10.0; WOW64; rv:57.0) Gecko/20100101 Firefox/57.0,4,"[0.8, 0.4, 0.2]","[0.8, 0.4, 0.2]","[u'blue', u'black', u'red']","[u'left', u'middle', u'right']","[0.8, 0.4, 0.2]","[u'high', u'low', u'medium']",black,50,middle,low,False,False,187,-50,NA
A2541C8MY0BYV3,Mon Dec 04 2017 07:50:17 GMT-0500 (Eastern Standard Time),Mon Dec 04 2017 08:01:02 GMT-0500 (Eastern Standard Time),Mozilla/5.0 (Windows NT 10.0; WOW64; rv:57.0) Gecko/20100101 Firefox/57.0,5,"[0.8, 0.4, 0.2]","[0.8, 0.4, 0.2]","[u'blue', u'black', u'red']","[u'left', u'middle', u'right']","[0.8, 0.4, 0.2]","[u'high', u'low', u'medium']",blue,49,left,high,True,False,162,50,NA
A2541C8MY0BYV3,Mon Dec 04 2017 07:50:17 GMT-0500 (Eastern Standard Time),Mon Dec 04 2017 08:01:02 GMT-0500 (Eastern Standard Time),Mozilla/5.0 (Windows NT 10.0; WOW64; rv:57.0) Gecko/20100101 Firefox/57.0,6,"[0.8, 0.4, 0.2]","[0.8, 0.4, 0.2]","[u'blue', u'black', u'red']","[u'left', u'middle', u'right']","[0.8, 0.4, 0.2]","[u'high', u'low', u'medium']",blue,49,left,high,True,False,132,150,NA
A2541C8MY0BYV3,Mon Dec 04 2017 07:50:17 GMT-0500 (Eastern Standard Time),Mon Dec 04 2017 08:01:02 GMT-0500 (Eastern Standard Time),Mozilla/5.0 (Windows NT 10.0; WOW64; rv:57.0) Gecko/20100101 Firefox/57.0,7,"[0.8, 0.4, 0.2]","[0.8, 0.4, 0.2]","[u'blue', u'black', u'red']","[u'left', u'middle', u'right']","[0.8, 0.4, 0.2]","[u'high', u'low', u'medium']",blue,49,left,high,True,False,1547,250,NA
A2541C8MY0BYV3,Mon Dec 04 2017 07:50:17 GMT-0500 (Eastern Standard Time),Mon Dec 04 2017 08:01:02 GMT-0500 (Eastern Standard Time),Mozilla/5.0 (Windows NT 10.0; WOW64; rv:57.0) Gecko/20100101 Firefox/57.0,8,"[0.8, 0.4, 0.2]","[0.8, 0.4, 0.2]","[u'blue', u'black', u'red']","[u'left', u'middle', u'right']","[0.8, 0.4, 0.2]","[u'high', u'low', u'medium']",blue,49,left,high,True,False,1080,350,NA
A2541C8MY0BYV3,Mon Dec 04 2017 07:50:17 GMT-0500 (Eastern Standard Time),Mon Dec 04 2017 08:01:02 GMT-0500 (Eastern Standard Time),Mozilla/5.0 (Windows NT 10.0; WOW64; rv:57.0) Gecko/20100101 Firefox/57.0,9,"[0.8, 0.4, 0.2]","[0.8, 0.4, 0.2]","[u'blue', u'black', u'red']","[u'left', u'middle', u'right']","[0.8, 0.4, 0.2]","[u'high', u'low', u'medium']",blue,49,left,high,True,False,108,450,NA
A2541C8MY0BYV3,Mon Dec 04 2017 07:50:17 GMT-0500 (Eastern Standard Time),Mon Dec 04 2017 08:01:02 GMT-0500 (Eastern Standard Time),Mozilla/5.0 (Windows NT 10.0; WOW64; rv:57.0) Gecko/20100101 Firefox/57.0,10,"[0.8, 0.4, 0.2]","[0.8, 0.4, 0.2]","[u'blue', u'black', u'red']","[u'left', u'middle', u'right']","[0.8, 0.4, 0.2]","[u'high', u'low', u'medium']",blue,49,left,high,True,False,277,550,NA
A2541C8MY0BYV3,Mon Dec 04 2017 07:50:17 GMT-0500 (Eastern Standard Time),Mon Dec 04 2017 08:01:02 GMT-0500 (Eastern Standard Time),Mozilla/5.0 (Windows NT 10.0; WOW64; rv:57.0) Gecko/20100101 Firefox/57.0,11,"[0.8, 0.4, 0.2]","[0.8, 0.4, 0.2]","[u'blue', u'black', u'red']","[u'left', u'middle', u'right']","[0.8, 0.4, 0.2]","[u'high', u'low', u'medium']",black,50,middle,low,False,False,254,500,NA
A2541C8MY0BYV3,Mon Dec 04 2017 07:50:17 GMT-0500 (Eastern Standard Time),Mon Dec 04 2017 08:01:02 GMT-0500 (Eastern Standard Time),Mozilla/5.0 (Windows NT 10.0; WOW64; rv:57.0) Gecko/20100101 Firefox/57.0,12,"[0.8, 0.4, 0.2]","[0.8, 0.4, 0.2]","[u'blue', u'black', u'red']","[u'left', u'middle', u'right']","[0.8, 0.4, 0.2]","[u'high', u'low', u'medium']",blue,49,left,high,True,False,240,600,NA
A2541C8MY0BYV3,Mon Dec 04 2017 07:50:17 GMT-0500 (Eastern Standard Time),Mon Dec 04 2017 08:01:02 GMT-0500 (Eastern Standard Time),Mozilla/5.0 (Windows NT 10.0; WOW64; rv:57.0) Gecko/20100101 Firefox/57.0,13,"[0.8, 0.4, 0.2]","[0.8, 0.4, 0.2]","[u'blue', u'black', u'red']","[u'left', u'middle', u'right']","[0.8, 0.4, 0.2]","[u'high', u'low', u'medium']",red,51,right,medium,False,False,203,550,NA
A2541C8MY0BYV3,Mon Dec 04 2017 07:50:17 GMT-0500 (Eastern Standard Time),Mon Dec 04 2017 08:01:02 GMT-0500 (Eastern Standard Time),Mozilla/5.0 (Windows NT 10.0; WOW64; rv:57.0) Gecko/20100101 Firefox/57.0,14,"[0.8, 0.4, 0.2]","[0.8, 0.4, 0.2]","[u'blue', u'black', u'red']","[u'left', u'middle', u'right']","[0.8, 0.4, 0.2]","[u'high', u'low', u'medium']",blue,49,left,high,True,False,228,650,NA
A2541C8MY0BYV3,Mon Dec 04 2017 07:50:17 GMT-0500 (Eastern Standard Time),Mon Dec 04 2017 08:01:02 GMT-0500 (Eastern Standard Time),Mozilla/5.0 (Windows NT 10.0; WOW64; rv:57.0) Gecko/20100101 Firefox/57.0,15,"[0.8, 0.4, 0.2]","[0.8, 0.4, 0.2]","[u'blue', u'black', u'red']","[u'left', u'middle', u'right']","[0.8, 0.4, 0.2]","[u'high', u'low', u'medium']",black,50,middle,low,False,False,298,600,NA
A2541C8MY0BYV3,Mon Dec 04 2017 07:50:17 GMT-0500 (Eastern Standard Time),Mon Dec 04 2017 08:01:02 GMT-0500 (Eastern Standard Time),Mozilla/5.0 (Windows NT 10.0; WOW64; rv:57.0) Gecko/20100101 Firefox/57.0,16,"[0.8, 0.4, 0.2]","[0.8, 0.4, 0.2]","[u'blue', u'black', u'red']","[u'left', u'middle', u'right']","[0.8, 0.4, 0.2]","[u'high', u'low', u'medium']",blue,49,left,high,True,False,288,700,NA
A2541C8MY0BYV3,Mon Dec 04 2017 07:50:17 GMT-0500 (Eastern Standard Time),Mon Dec 04 2017 08:01:02 GMT-0500 (Eastern Standard Time),Mozilla/5.0 (Windows NT 10.0; WOW64; rv:57.0) Gecko/20100101 Firefox/57.0,17,"[0.8, 0.4, 0.2]","[0.8, 0.4, 0.2]","[u'blue', u'black', u'red']","[u'left', u'middle', u'right']","[0.8, 0.4, 0.2]","[u'high', u'low', u'medium']",red,51,right,medium,True,False,269,800,NA
A2541C8MY0BYV3,Mon Dec 04 2017 07:50:17 GMT-0500 (Eastern Standard Time),Mon Dec 04 2017 08:01:02 GMT-0500 (Eastern Standard Time),Mozilla/5.0 (Windows NT 10.0; WOW64; rv:57.0) Gecko/20100101 Firefox/57.0,18,"[0.8, 0.4, 0.2]","[0.8, 0.4, 0.2]","[u'blue', u'black', u'red']","[u'left', u'middle', u'right']","[0.8, 0.4, 0.2]","[u'high', u'low', u'medium']",red,51,right,medium,False,False,1850,750,NA
A2541C8MY0BYV3,Mon Dec 04 2017 07:50:17 GMT-0500 (Eastern Standard Time),Mon Dec 04 2017 08:01:02 GMT-0500 (Eastern Standard Time),Mozilla/5.0 (Windows NT 10.0; WOW64; rv:57.0) Gecko/20100101 Firefox/57.0,19,"[0.8, 0.4, 0.2]","[0.8, 0.4, 0.2]","[u'blue', u'black', u'red']","[u'left', u'middle', u'right']","[0.8, 0.4, 0.2]","[u'high', u'low', u'medium']",blue,49,left,high,True,False,98,850,NA
A2541C8MY0BYV3,Mon Dec 04 2017 07:50:17 GMT-0500 (Eastern Standard Time),Mon Dec 04 2017 08:01:02 GMT-0500 (Eastern Standard Time),Mozilla/5.0 (Windows NT 10.0; WOW64; rv:57.0) Gecko/20100101 Firefox/57.0,20,"[0.8, 0.4, 0.2]","[0.8, 0.4, 0.2]","[u'blue', u'black', u'red']","[u'left', u'middle', u'right']","[0.8, 0.4, 0.2]","[u'high', u'low', u'medium']",black,50,middle,low,False,False,15866,800,NA
A2541C8MY0BYV3,Mon Dec 04 2017 07:50:17 GMT-0500 (Eastern Standard Time),Mon Dec 04 2017 08:01:02 GMT-0500 (Eastern Standard Time),Mozilla/5.0 (Windows NT 10.0; WOW64; rv:57.0) Gecko/20100101 Firefox/57.0,21,"[0.8, 0.4, 0.2]","[0.8, 0.4, 0.2]","[u'blue', u'black', u'red']","[u'left', u'middle', u'right']","[0.8, 0.4, 0.2]","[u'high', u'low', u'medium']",blue,49,left,high,True,False,4,900,NA
A2541C8MY0BYV3,Mon Dec 04 2017 07:50:17 GMT-0500 (Eastern Standard Time),Mon Dec 04 2017 08:01:02 GMT-0500 (Eastern Standard Time),Mozilla/5.0 (Windows NT 10.0; WOW64; rv:57.0) Gecko/20100101 Firefox/57.0,22,"[0.8, 0.4, 0.2]","[0.8, 0.4, 0.2]","[u'blue', u'black', u'red']","[u'left', u'middle', u'right']","[0.8, 0.4, 0.2]","[u'high', u'low', u'medium']",blue,49,left,high,True,False,92,1000,NA
A2541C8MY0BYV3,Mon Dec 04 2017 07:50:17 GMT-0500 (Eastern Standard Time),Mon Dec 04 2017 08:01:02 GMT-0500 (Eastern Standard Time),Mozilla/5.0 (Windows NT 10.0; WOW64; rv:57.0) Gecko/20100101 Firefox/57.0,23,"[0.8, 0.4, 0.2]","[0.8, 0.4, 0.2]","[u'blue', u'black', u'red']","[u'left', u'middle', u'right']","[0.8, 0.4, 0.2]","[u'high', u'low', u'medium']",blue,49,left,high,True,False,1547,1100,NA
A2541C8MY0BYV3,Mon Dec 04 2017 07:50:17 GMT-0500 (Eastern Standard Time),Mon Dec 04 2017 08:01:02 GMT-0500 (Eastern Standard Time),Mozilla/5.0 (Windows NT 10.0; WOW64; rv:57.0) Gecko/20100101 Firefox/57.0,24,"[0.8, 0.4, 0.2]","[0.8, 0.4, 0.2]","[u'blue', u'black', u'red']","[u'left', u'middle', u'right']","[0.8, 0.4, 0.2]","[u'high', u'low', u'medium']",blue,49,left,high,True,False,121,1200,NA
A2541C8MY0BYV3,Mon Dec 04 2017 07:50:17 GMT-0500 (Eastern Standard Time),Mon Dec 04 2017 08:01:02 GMT-0500 (Eastern Standard Time),Mozilla/5.0 (Windows NT 10.0; WOW64; rv:57.0) Gecko/20100101 Firefox/57.0,25,"[0.8, 0.4, 0.2]","[0.8, 0.4, 0.2]","[u'blue', u'black', u'red']","[u'left', u'middle', u'right']","[0.8, 0.4, 0.2]","[u'high', u'low', u'medium']",blue,49,left,high,True,False,15,1300,NA
A2541C8MY0BYV3,Mon Dec 04 2017 07:50:17 GMT-0500 (Eastern Standard Time),Mon Dec 04 2017 08:01:02 GMT-0500 (Eastern Standard Time),Mozilla/5.0 (Windows NT 10.0; WOW64; rv:57.0) Gecko/20100101 Firefox/57.0,26,"[0.8, 0.4, 0.2]","[0.8, 0.4, 0.2]","[u'blue', u'black', u'red']","[u'left', u'middle', u'right']","[0.8, 0.4, 0.2]","[u'high', u'low', u'medium']",blue,49,left,high,False,False,61,1250,NA
A2541C8MY0BYV3,Mon Dec 04 2017 07:50:17 GMT-0500 (Eastern Standard Time),Mon Dec 04 2017 08:01:02 GMT-0500 (Eastern Standard Time),Mozilla/5.0 (Windows NT 10.0; WOW64; rv:57.0) Gecko/20100101 Firefox/57.0,27,"[0.8, 0.4, 0.2]","[0.8, 0.4, 0.2]","[u'blue', u'black', u'red']","[u'left', u'middle', u'right']","[0.8, 0.4, 0.2]","[u'high', u'low', u'medium']",blue,49,left,high,True,False,305,1350,NA
A2541C8MY0BYV3,Mon Dec 04 2017 07:50:17 GMT-0500 (Eastern Standard Time),Mon Dec 04 2017 08:01:02 GMT-0500 (Eastern Standard Time),Mozilla/5.0 (Windows NT 10.0; WOW64; rv:57.0) Gecko/20100101 Firefox/57.0,28,"[0.8, 0.4, 0.2]","[0.8, 0.4, 0.2]","[u'blue', u'black', u'red']","[u'left', u'middle', u'right']","[0.8, 0.4, 0.2]","[u'high', u'low', u'medium']",blue,49,left,high,True,True,20,1450,NA
A2541C8MY0BYV3,Mon Dec 04 2017 07:50:17 GMT-0500 (Eastern Standard Time),Mon Dec 04 2017 08:01:02 GMT-0500 (Eastern Standard Time),Mozilla/5.0 (Windows NT 10.0; WOW64; rv:57.0) Gecko/20100101 Firefox/57.0,29,"[0.8, 0.4, 0.2]","[0.8, 0.4, 0.2]","[u'blue', u'black', u'red']","[u'left', u'middle', u'right']","[0.8, 0.4, 0.2]","[u'medium', u'high', u'low']",blue,49,left,medium,False,False,1090,1400,NA
A2541C8MY0BYV3,Mon Dec 04 2017 07:50:17 GMT-0500 (Eastern Standard Time),Mon Dec 04 2017 08:01:02 GMT-0500 (Eastern Standard Time),Mozilla/5.0 (Windows NT 10.0; WOW64; rv:57.0) Gecko/20100101 Firefox/57.0,30,"[0.8, 0.4, 0.2]","[0.8, 0.4, 0.2]","[u'blue', u'black', u'red']","[u'left', u'middle', u'right']","[0.8, 0.4, 0.2]","[u'medium', u'high', u'low']",blue,49,left,medium,False,False,2426,1350,NA
A2541C8MY0BYV3,Mon Dec 04 2017 07:50:17 GMT-0500 (Eastern Standard Time),Mon Dec 04 2017 08:01:02 GMT-0500 (Eastern Standard Time),Mozilla/5.0 (Windows NT 10.0; WOW64; rv:57.0) Gecko/20100101 Firefox/57.0,31,"[0.8, 0.4, 0.2]","[0.8, 0.4, 0.2]","[u'blue', u'black', u'red']","[u'left', u'middle', u'right']","[0.8, 0.4, 0.2]","[u'medium', u'high', u'low']",blue,49,left,medium,True,False,2242,1450,NA
A2541C8MY0BYV3,Mon Dec 04 2017 07:50:17 GMT-0500 (Eastern Standard Time),Mon Dec 04 2017 08:01:02 GMT-0500 (Eastern Standard Time),Mozilla/5.0 (Windows NT 10.0; WOW64; rv:57.0) Gecko/20100101 Firefox/57.0,32,"[0.8, 0.4, 0.2]","[0.8, 0.4, 0.2]","[u'blue', u'black', u'red']","[u'left', u'middle', u'right']","[0.8, 0.4, 0.2]","[u'medium', u'high', u'low']",blue,49,left,medium,True,False,1865,1550,NA
A2541C8MY0BYV3,Mon Dec 04 2017 07:50:17 GMT-0500 (Eastern Standard Time),Mon Dec 04 2017 08:01:02 GMT-0500 (Eastern Standard Time),Mozilla/5.0 (Windows NT 10.0; WOW64; rv:57.0) Gecko/20100101 Firefox/57.0,33,"[0.8, 0.4, 0.2]","[0.8, 0.4, 0.2]","[u'blue', u'black', u'red']","[u'left', u'middle', u'right']","[0.8, 0.4, 0.2]","[u'medium', u'high', u'low']",blue,49,left,medium,False,False,86,1500,NA
A2541C8MY0BYV3,Mon Dec 04 2017 07:50:17 GMT-0500 (Eastern Standard Time),Mon Dec 04 2017 08:01:02 GMT-0500 (Eastern Standard Time),Mozilla/5.0 (Windows NT 10.0; WOW64; rv:57.0) Gecko/20100101 Firefox/57.0,34,"[0.8, 0.4, 0.2]","[0.8, 0.4, 0.2]","[u'blue', u'black', u'red']","[u'left', u'middle', u'right']","[0.8, 0.4, 0.2]","[u'medium', u'high', u'low']",blue,49,left,medium,False,False,165,1450,NA
A2541C8MY0BYV3,Mon Dec 04 2017 07:50:17 GMT-0500 (Eastern Standard Time),Mon Dec 04 2017 08:01:02 GMT-0500 (Eastern Standard Time),Mozilla/5.0 (Windows NT 10.0; WOW64; rv:57.0) Gecko/20100101 Firefox/57.0,35,"[0.8, 0.4, 0.2]","[0.8, 0.4, 0.2]","[u'blue', u'black', u'red']","[u'left', u'middle', u'right']","[0.8, 0.4, 0.2]","[u'medium', u'high', u'low']",blue,49,left,medium,False,False,2269,1400,NA
A2541C8MY0BYV3,Mon Dec 04 2017 07:50:17 GMT-0500 (Eastern Standard Time),Mon Dec 04 2017 08:01:02 GMT-0500 (Eastern Standard Time),Mozilla/5.0 (Windows NT 10.0; WOW64; rv:57.0) Gecko/20100101 Firefox/57.0,36,"[0.8, 0.4, 0.2]","[0.8, 0.4, 0.2]","[u'blue', u'black', u'red']","[u'left', u'middle', u'right']","[0.8, 0.4, 0.2]","[u'medium', u'high', u'low']",blue,49,left,medium,True,False,121,1500,NA
A2541C8MY0BYV3,Mon Dec 04 2017 07:50:17 GMT-0500 (Eastern Standard Time),Mon Dec 04 2017 08:01:02 GMT-0500 (Eastern Standard Time),Mozilla/5.0 (Windows NT 10.0; WOW64; rv:57.0) Gecko/20100101 Firefox/57.0,37,"[0.8, 0.4, 0.2]","[0.8, 0.4, 0.2]","[u'blue', u'black', u'red']","[u'left', u'middle', u'right']","[0.8, 0.4, 0.2]","[u'medium', u'high', u'low']",blue,49,left,medium,False,False,401,1450,NA
A2541C8MY0BYV3,Mon Dec 04 2017 07:50:17 GMT-0500 (Eastern Standard Time),Mon Dec 04 2017 08:01:02 GMT-0500 (Eastern Standard Time),Mozilla/5.0 (Windows NT 10.0; WOW64; rv:57.0) Gecko/20100101 Firefox/57.0,38,"[0.8, 0.4, 0.2]","[0.8, 0.4, 0.2]","[u'blue', u'black', u'red']","[u'left', u'middle', u'right']","[0.8, 0.4, 0.2]","[u'medium', u'high', u'low']",red,51,right,low,False,False,202,1400,NA
A2541C8MY0BYV3,Mon Dec 04 2017 07:50:17 GMT-0500 (Eastern Standard Time),Mon Dec 04 2017 08:01:02 GMT-0500 (Eastern Standard Time),Mozilla/5.0 (Windows NT 10.0; WOW64; rv:57.0) Gecko/20100101 Firefox/57.0,39,"[0.8, 0.4, 0.2]","[0.8, 0.4, 0.2]","[u'blue', u'black', u'red']","[u'left', u'middle', u'right']","[0.8, 0.4, 0.2]","[u'medium', u'high', u'low']",blue,49,left,medium,True,False,33,1500,NA
A2541C8MY0BYV3,Mon Dec 04 2017 07:50:17 GMT-0500 (Eastern Standard Time),Mon Dec 04 2017 08:01:02 GMT-0500 (Eastern Standard Time),Mozilla/5.0 (Windows NT 10.0; WOW64; rv:57.0) Gecko/20100101 Firefox/57.0,40,"[0.8, 0.4, 0.2]","[0.8, 0.4, 0.2]","[u'blue', u'black', u'red']","[u'left', u'middle', u'right']","[0.8, 0.4, 0.2]","[u'medium', u'high', u'low']",blue,49,left,medium,True,False,98,1600,NA
A2541C8MY0BYV3,Mon Dec 04 2017 07:50:17 GMT-0500 (Eastern Standard Time),Mon Dec 04 2017 08:01:02 GMT-0500 (Eastern Standard Time),Mozilla/5.0 (Windows NT 10.0; WOW64; rv:57.0) Gecko/20100101 Firefox/57.0,41,"[0.8, 0.4, 0.2]","[0.8, 0.4, 0.2]","[u'blue', u'black', u'red']","[u'left', u'middle', u'right']","[0.8, 0.4, 0.2]","[u'high', u'low', u'medium']",blue,49,left,high,False,False,455,1550,NA
A2541C8MY0BYV3,Mon Dec 04 2017 07:50:17 GMT-0500 (Eastern Standard Time),Mon Dec 04 2017 08:01:02 GMT-0500 (Eastern Standard Time),Mozilla/5.0 (Windows NT 10.0; WOW64; rv:57.0) Gecko/20100101 Firefox/57.0,42,"[0.8, 0.4, 0.2]","[0.8, 0.4, 0.2]","[u'blue', u'black', u'red']","[u'left', u'middle', u'right']","[0.8, 0.4, 0.2]","[u'high', u'low', u'medium']",black,50,middle,low,False,False,223,1500,NA
A2541C8MY0BYV3,Mon Dec 04 2017 07:50:17 GMT-0500 (Eastern Standard Time),Mon Dec 04 2017 08:01:02 GMT-0500 (Eastern Standard Time),Mozilla/5.0 (Windows NT 10.0; WOW64; rv:57.0) Gecko/20100101 Firefox/57.0,43,"[0.8, 0.4, 0.2]","[0.8, 0.4, 0.2]","[u'blue', u'black', u'red']","[u'left', u'middle', u'right']","[0.8, 0.4, 0.2]","[u'high', u'low', u'medium']",red,51,right,medium,False,False,96,1450,NA
A2541C8MY0BYV3,Mon Dec 04 2017 07:50:17 GMT-0500 (Eastern Standard Time),Mon Dec 04 2017 08:01:02 GMT-0500 (Eastern Standard Time),Mozilla/5.0 (Windows NT 10.0; WOW64; rv:57.0) Gecko/20100101 Firefox/57.0,44,"[0.8, 0.4, 0.2]","[0.8, 0.4, 0.2]","[u'blue', u'black', u'red']","[u'left', u'middle', u'right']","[0.8, 0.4, 0.2]","[u'high', u'low', u'medium']",blue,49,left,high,False,False,21,1400,NA
A2541C8MY0BYV3,Mon Dec 04 2017 07:50:17 GMT-0500 (Eastern Standard Time),Mon Dec 04 2017 08:01:02 GMT-0500 (Eastern Standard Time),Mozilla/5.0 (Windows NT 10.0; WOW64; rv:57.0) Gecko/20100101 Firefox/57.0,45,"[0.8, 0.4, 0.2]","[0.8, 0.4, 0.2]","[u'blue', u'black', u'red']","[u'left', u'middle', u'right']","[0.8, 0.4, 0.2]","[u'high', u'low', u'medium']",blue,49,left,high,True,False,315,1500,NA
A2541C8MY0BYV3,Mon Dec 04 2017 07:50:17 GMT-0500 (Eastern Standard Time),Mon Dec 04 2017 08:01:02 GMT-0500 (Eastern Standard Time),Mozilla/5.0 (Windows NT 10.0; WOW64; rv:57.0) Gecko/20100101 Firefox/57.0,46,"[0.8, 0.4, 0.2]","[0.8, 0.4, 0.2]","[u'blue', u'black', u'red']","[u'left', u'middle', u'right']","[0.8, 0.4, 0.2]","[u'high', u'low', u'medium']",blue,49,left,high,True,False,145,1600,NA
A2541C8MY0BYV3,Mon Dec 04 2017 07:50:17 GMT-0500 (Eastern Standard Time),Mon Dec 04 2017 08:01:02 GMT-0500 (Eastern Standard Time),Mozilla/5.0 (Windows NT 10.0; WOW64; rv:57.0) Gecko/20100101 Firefox/57.0,47,"[0.8, 0.4, 0.2]","[0.8, 0.4, 0.2]","[u'blue', u'black', u'red']","[u'left', u'middle', u'right']","[0.8, 0.4, 0.2]","[u'high', u'low', u'medium']",blue,49,left,high,True,False,232,1700,NA
A2541C8MY0BYV3,Mon Dec 04 2017 07:50:17 GMT-0500 (Eastern Standard Time),Mon Dec 04 2017 08:01:02 GMT-0500 (Eastern Standard Time),Mozilla/5.0 (Windows NT 10.0; WOW64; rv:57.0) Gecko/20100101 Firefox/57.0,48,"[0.8, 0.4, 0.2]","[0.8, 0.4, 0.2]","[u'blue', u'black', u'red']","[u'left', u'middle', u'right']","[0.8, 0.4, 0.2]","[u'high', u'low', u'medium']",blue,49,left,high,True,False,46,1800,NA
A2541C8MY0BYV3,Mon Dec 04 2017 07:50:17 GMT-0500 (Eastern Standard Time),Mon Dec 04 2017 08:01:02 GMT-0500 (Eastern Standard Time),Mozilla/5.0 (Windows NT 10.0; WOW64; rv:57.0) Gecko/20100101 Firefox/57.0,49,"[0.8, 0.4, 0.2]","[0.8, 0.4, 0.2]","[u'blue', u'black', u'red']","[u'left', u'middle', u'right']","[0.8, 0.4, 0.2]","[u'high', u'low', u'medium']",blue,49,left,high,True,False,122,1900,NA
A2541C8MY0BYV3,Mon Dec 04 2017 07:50:17 GMT-0500 (Eastern Standard Time),Mon Dec 04 2017 08:01:02 GMT-0500 (Eastern Standard Time),Mozilla/5.0 (Windows NT 10.0; WOW64; rv:57.0) Gecko/20100101 Firefox/57.0,50,"[0.8, 0.4, 0.2]","[0.8, 0.4, 0.2]","[u'blue', u'black', u'red']","[u'left', u'middle', u'right']","[0.8, 0.4, 0.2]","[u'high', u'low', u'medium']",blue,49,left,high,True,False,122,2000,NA
A2541C8MY0BYV3,Mon Dec 04 2017 07:50:17 GMT-0500 (Eastern Standard Time),Mon Dec 04 2017 08:01:02 GMT-0500 (Eastern Standard Time),Mozilla/5.0 (Windows NT 10.0; WOW64; rv:57.0) Gecko/20100101 Firefox/57.0,51,"[0.8, 0.4, 0.2]","[0.8, 0.4, 0.2]","[u'blue', u'black', u'red']","[u'left', u'middle', u'right']","[0.8, 0.4, 0.2]","[u'high', u'low', u'medium']",blue,49,left,high,True,False,484,2100,NA
A2541C8MY0BYV3,Mon Dec 04 2017 07:50:17 GMT-0500 (Eastern Standard Time),Mon Dec 04 2017 08:01:02 GMT-0500 (Eastern Standard Time),Mozilla/5.0 (Windows NT 10.0; WOW64; rv:57.0) Gecko/20100101 Firefox/57.0,52,"[0.8, 0.4, 0.2]","[0.8, 0.4, 0.2]","[u'blue', u'black', u'red']","[u'left', u'middle', u'right']","[0.8, 0.4, 0.2]","[u'high', u'low', u'medium']",blue,49,left,high,False,True,2344,2050,NA
A2541C8MY0BYV3,Mon Dec 04 2017 07:50:17 GMT-0500 (Eastern Standard Time),Mon Dec 04 2017 08:01:02 GMT-0500 (Eastern Standard Time),Mozilla/5.0 (Windows NT 10.0; WOW64; rv:57.0) Gecko/20100101 Firefox/57.0,53,"[0.8, 0.4, 0.2]","[0.8, 0.4, 0.2]","[u'blue', u'black', u'red']","[u'left', u'middle', u'right']","[0.8, 0.4, 0.2]","[u'medium', u'low', u'high']",blue,49,left,medium,True,False,58,2150,NA
A2541C8MY0BYV3,Mon Dec 04 2017 07:50:17 GMT-0500 (Eastern Standard Time),Mon Dec 04 2017 08:01:02 GMT-0500 (Eastern Standard Time),Mozilla/5.0 (Windows NT 10.0; WOW64; rv:57.0) Gecko/20100101 Firefox/57.0,54,"[0.8, 0.4, 0.2]","[0.8, 0.4, 0.2]","[u'blue', u'black', u'red']","[u'left', u'middle', u'right']","[0.8, 0.4, 0.2]","[u'medium', u'low', u'high']",blue,49,left,medium,False,False,182,2100,NA
A2541C8MY0BYV3,Mon Dec 04 2017 07:50:17 GMT-0500 (Eastern Standard Time),Mon Dec 04 2017 08:01:02 GMT-0500 (Eastern Standard Time),Mozilla/5.0 (Windows NT 10.0; WOW64; rv:57.0) Gecko/20100101 Firefox/57.0,55,"[0.8, 0.4, 0.2]","[0.8, 0.4, 0.2]","[u'blue', u'black', u'red']","[u'left', u'middle', u'right']","[0.8, 0.4, 0.2]","[u'medium', u'low', u'high']",blue,49,left,medium,False,False,320,2050,NA
A2541C8MY0BYV3,Mon Dec 04 2017 07:50:17 GMT-0500 (Eastern Standard Time),Mon Dec 04 2017 08:01:02 GMT-0500 (Eastern Standard Time),Mozilla/5.0 (Windows NT 10.0; WOW64; rv:57.0) Gecko/20100101 Firefox/57.0,56,"[0.8, 0.4, 0.2]","[0.8, 0.4, 0.2]","[u'blue', u'black', u'red']","[u'left', u'middle', u'right']","[0.8, 0.4, 0.2]","[u'medium', u'low', u'high']",red,51,right,high,True,False,262,2150,NA
A2541C8MY0BYV3,Mon Dec 04 2017 07:50:17 GMT-0500 (Eastern Standard Time),Mon Dec 04 2017 08:01:02 GMT-0500 (Eastern Standard Time),Mozilla/5.0 (Windows NT 10.0; WOW64; rv:57.0) Gecko/20100101 Firefox/57.0,57,"[0.8, 0.4, 0.2]","[0.8, 0.4, 0.2]","[u'blue', u'black', u'red']","[u'left', u'middle', u'right']","[0.8, 0.4, 0.2]","[u'medium', u'low', u'high']",blue,49,left,medium,False,False,160,2100,NA
A2541C8MY0BYV3,Mon Dec 04 2017 07:50:17 GMT-0500 (Eastern Standard Time),Mon Dec 04 2017 08:01:02 GMT-0500 (Eastern Standard Time),Mozilla/5.0 (Windows NT 10.0; WOW64; rv:57.0) Gecko/20100101 Firefox/57.0,58,"[0.8, 0.4, 0.2]","[0.8, 0.4, 0.2]","[u'blue', u'black', u'red']","[u'left', u'middle', u'right']","[0.8, 0.4, 0.2]","[u'medium', u'low', u'high']",blue,49,left,medium,True,False,149,2200,NA
A2541C8MY0BYV3,Mon Dec 04 2017 07:50:17 GMT-0500 (Eastern Standard Time),Mon Dec 04 2017 08:01:02 GMT-0500 (Eastern Standard Time),Mozilla/5.0 (Windows NT 10.0; WOW64; rv:57.0) Gecko/20100101 Firefox/57.0,59,"[0.8, 0.4, 0.2]","[0.8, 0.4, 0.2]","[u'blue', u'black', u'red']","[u'left', u'middle', u'right']","[0.8, 0.4, 0.2]","[u'medium', u'low', u'high']",blue,49,left,medium,False,False,230,2150,NA
A2541C8MY0BYV3,Mon Dec 04 2017 07:50:17 GMT-0500 (Eastern Standard Time),Mon Dec 04 2017 08:01:02 GMT-0500 (Eastern Standard Time),Mozilla/5.0 (Windows NT 10.0; WOW64; rv:57.0) Gecko/20100101 Firefox/57.0,60,"[0.8, 0.4, 0.2]","[0.8, 0.4, 0.2]","[u'blue', u'black', u'red']","[u'left', u'middle', u'right']","[0.8, 0.4, 0.2]","[u'medium', u'low', u'high']",blue,49,left,medium,False,False,656,2100,NA
A2541C8MY0BYV3,Mon Dec 04 2017 07:50:17 GMT-0500 (Eastern Standard Time),Mon Dec 04 2017 08:01:02 GMT-0500 (Eastern Standard Time),Mozilla/5.0 (Windows NT 10.0; WOW64; rv:57.0) Gecko/20100101 Firefox/57.0,61,"[0.8, 0.4, 0.2]","[0.8, 0.4, 0.2]","[u'blue', u'black', u'red']","[u'left', u'middle', u'right']","[0.8, 0.4, 0.2]","[u'medium', u'low', u'high']",red,51,right,high,True,False,1014,2200,NA
A2541C8MY0BYV3,Mon Dec 04 2017 07:50:17 GMT-0500 (Eastern Standard Time),Mon Dec 04 2017 08:01:02 GMT-0500 (Eastern Standard Time),Mozilla/5.0 (Windows NT 10.0; WOW64; rv:57.0) Gecko/20100101 Firefox/57.0,62,"[0.8, 0.4, 0.2]","[0.8, 0.4, 0.2]","[u'blue', u'black', u'red']","[u'left', u'middle', u'right']","[0.8, 0.4, 0.2]","[u'medium', u'low', u'high']",red,51,right,high,True,False,292,2300,NA
A2541C8MY0BYV3,Mon Dec 04 2017 07:50:17 GMT-0500 (Eastern Standard Time),Mon Dec 04 2017 08:01:02 GMT-0500 (Eastern Standard Time),Mozilla/5.0 (Windows NT 10.0; WOW64; rv:57.0) Gecko/20100101 Firefox/57.0,63,"[0.8, 0.4, 0.2]","[0.8, 0.4, 0.2]","[u'blue', u'black', u'red']","[u'left', u'middle', u'right']","[0.8, 0.4, 0.2]","[u'medium', u'low', u'high']",red,51,right,high,True,False,267,2400,NA
A2541C8MY0BYV3,Mon Dec 04 2017 07:50:17 GMT-0500 (Eastern Standard Time),Mon Dec 04 2017 08:01:02 GMT-0500 (Eastern Standard Time),Mozilla/5.0 (Windows NT 10.0; WOW64; rv:57.0) Gecko/20100101 Firefox/57.0,64,"[0.8, 0.4, 0.2]","[0.8, 0.4, 0.2]","[u'blue', u'black', u'red']","[u'left', u'middle', u'right']","[0.8, 0.4, 0.2]","[u'medium', u'low', u'high']",red,51,right,high,True,False,474,2500,NA
A2541C8MY0BYV3,Mon Dec 04 2017 07:50:17 GMT-0500 (Eastern Standard Time),Mon Dec 04 2017 08:01:02 GMT-0500 (Eastern Standard Time),Mozilla/5.0 (Windows NT 10.0; WOW64; rv:57.0) Gecko/20100101 Firefox/57.0,65,"[0.8, 0.4, 0.2]","[0.8, 0.4, 0.2]","[u'blue', u'black', u'red']","[u'left', u'middle', u'right']","[0.8, 0.4, 0.2]","[u'medium', u'low', u'high']",red,51,right,high,True,False,366,2600,NA
A2541C8MY0BYV3,Mon Dec 04 2017 07:50:17 GMT-0500 (Eastern Standard Time),Mon Dec 04 2017 08:01:02 GMT-0500 (Eastern Standard Time),Mozilla/5.0 (Windows NT 10.0; WOW64; rv:57.0) Gecko/20100101 Firefox/57.0,66,"[0.8, 0.4, 0.2]","[0.8, 0.4, 0.2]","[u'blue', u'black', u'red']","[u'left', u'middle', u'right']","[0.8, 0.4, 0.2]","[u'medium', u'low', u'high']",red,51,right,high,True,False,665,2700,NA
A2541C8MY0BYV3,Mon Dec 04 2017 07:50:17 GMT-0500 (Eastern Standard Time),Mon Dec 04 2017 08:01:02 GMT-0500 (Eastern Standard Time),Mozilla/5.0 (Windows NT 10.0; WOW64; rv:57.0) Gecko/20100101 Firefox/57.0,67,"[0.8, 0.4, 0.2]","[0.8, 0.4, 0.2]","[u'blue', u'black', u'red']","[u'left', u'middle', u'right']","[0.8, 0.4, 0.2]","[u'medium', u'low', u'high']",red,51,right,high,False,False,220,2650,NA
A2541C8MY0BYV3,Mon Dec 04 2017 07:50:17 GMT-0500 (Eastern Standard Time),Mon Dec 04 2017 08:01:02 GMT-0500 (Eastern Standard Time),Mozilla/5.0 (Windows NT 10.0; WOW64; rv:57.0) Gecko/20100101 Firefox/57.0,68,"[0.8, 0.4, 0.2]","[0.8, 0.4, 0.2]","[u'blue', u'black', u'red']","[u'left', u'middle', u'right']","[0.8, 0.4, 0.2]","[u'medium', u'low', u'high']",red,51,right,high,True,False,79,2750,NA
A2541C8MY0BYV3,Mon Dec 04 2017 07:50:17 GMT-0500 (Eastern Standard Time),Mon Dec 04 2017 08:01:02 GMT-0500 (Eastern Standard Time),Mozilla/5.0 (Windows NT 10.0; WOW64; rv:57.0) Gecko/20100101 Firefox/57.0,69,"[0.8, 0.4, 0.2]","[0.8, 0.4, 0.2]","[u'blue', u'black', u'red']","[u'left', u'middle', u'right']","[0.8, 0.4, 0.2]","[u'medium', u'low', u'high']",red,51,right,high,True,True,806,2850,NA
A2541C8MY0BYV3,Mon Dec 04 2017 07:50:17 GMT-0500 (Eastern Standard Time),Mon Dec 04 2017 08:01:02 GMT-0500 (Eastern Standard Time),Mozilla/5.0 (Windows NT 10.0; WOW64; rv:57.0) Gecko/20100101 Firefox/57.0,70,"[0.8, 0.4, 0.2]","[0.8, 0.4, 0.2]","[u'blue', u'black', u'red']","[u'left', u'middle', u'right']","[0.8, 0.4, 0.2]","[u'high', u'low', u'medium']",red,51,right,medium,False,False,570,2800,NA
A2541C8MY0BYV3,Mon Dec 04 2017 07:50:17 GMT-0500 (Eastern Standard Time),Mon Dec 04 2017 08:01:02 GMT-0500 (Eastern Standard Time),Mozilla/5.0 (Windows NT 10.0; WOW64; rv:57.0) Gecko/20100101 Firefox/57.0,71,"[0.8, 0.4, 0.2]","[0.8, 0.4, 0.2]","[u'blue', u'black', u'red']","[u'left', u'middle', u'right']","[0.8, 0.4, 0.2]","[u'high', u'low', u'medium']",red,51,right,medium,True,False,20234,2900,NA
A2541C8MY0BYV3,Mon Dec 04 2017 07:50:17 GMT-0500 (Eastern Standard Time),Mon Dec 04 2017 08:01:02 GMT-0500 (Eastern Standard Time),Mozilla/5.0 (Windows NT 10.0; WOW64; rv:57.0) Gecko/20100101 Firefox/57.0,72,"[0.8, 0.4, 0.2]","[0.8, 0.4, 0.2]","[u'blue', u'black', u'red']","[u'left', u'middle', u'right']","[0.8, 0.4, 0.2]","[u'high', u'low', u'medium']",red,51,right,medium,True,False,199,3000,NA
A2541C8MY0BYV3,Mon Dec 04 2017 07:50:17 GMT-0500 (Eastern Standard Time),Mon Dec 04 2017 08:01:02 GMT-0500 (Eastern Standard Time),Mozilla/5.0 (Windows NT 10.0; WOW64; rv:57.0) Gecko/20100101 Firefox/57.0,73,"[0.8, 0.4, 0.2]","[0.8, 0.4, 0.2]","[u'blue', u'black', u'red']","[u'left', u'middle', u'right']","[0.8, 0.4, 0.2]","[u'high', u'low', u'medium']",red,51,right,medium,True,False,223,3100,NA
A2541C8MY0BYV3,Mon Dec 04 2017 07:50:17 GMT-0500 (Eastern Standard Time),Mon Dec 04 2017 08:01:02 GMT-0500 (Eastern Standard Time),Mozilla/5.0 (Windows NT 10.0; WOW64; rv:57.0) Gecko/20100101 Firefox/57.0,74,"[0.8, 0.4, 0.2]","[0.8, 0.4, 0.2]","[u'blue', u'black', u'red']","[u'left', u'middle', u'right']","[0.8, 0.4, 0.2]","[u'high', u'low', u'medium']",red,51,right,medium,False,False,697,3050,NA
A2541C8MY0BYV3,Mon Dec 04 2017 07:50:17 GMT-0500 (Eastern Standard Time),Mon Dec 04 2017 08:01:02 GMT-0500 (Eastern Standard Time),Mozilla/5.0 (Windows NT 10.0; WOW64; rv:57.0) Gecko/20100101 Firefox/57.0,75,"[0.8, 0.4, 0.2]","[0.8, 0.4, 0.2]","[u'blue', u'black', u'red']","[u'left', u'middle', u'right']","[0.8, 0.4, 0.2]","[u'high', u'low', u'medium']",red,51,right,medium,True,False,1144,3150,NA
A2541C8MY0BYV3,Mon Dec 04 2017 07:50:17 GMT-0500 (Eastern Standard Time),Mon Dec 04 2017 08:01:02 GMT-0500 (Eastern Standard Time),Mozilla/5.0 (Windows NT 10.0; WOW64; rv:57.0) Gecko/20100101 Firefox/57.0,76,"[0.8, 0.4, 0.2]","[0.8, 0.4, 0.2]","[u'blue', u'black', u'red']","[u'left', u'middle', u'right']","[0.8, 0.4, 0.2]","[u'high', u'low', u'medium']",red,51,right,medium,True,False,367,3250,NA
A2541C8MY0BYV3,Mon Dec 04 2017 07:50:17 GMT-0500 (Eastern Standard Time),Mon Dec 04 2017 08:01:02 GMT-0500 (Eastern Standard Time),Mozilla/5.0 (Windows NT 10.0; WOW64; rv:57.0) Gecko/20100101 Firefox/57.0,77,"[0.8, 0.4, 0.2]","[0.8, 0.4, 0.2]","[u'blue', u'black', u'red']","[u'left', u'middle', u'right']","[0.8, 0.4, 0.2]","[u'high', u'low', u'medium']",red,51,right,medium,False,False,121,3200,NA
A2541C8MY0BYV3,Mon Dec 04 2017 07:50:17 GMT-0500 (Eastern Standard Time),Mon Dec 04 2017 08:01:02 GMT-0500 (Eastern Standard Time),Mozilla/5.0 (Windows NT 10.0; WOW64; rv:57.0) Gecko/20100101 Firefox/57.0,78,"[0.8, 0.4, 0.2]","[0.8, 0.4, 0.2]","[u'blue', u'black', u'red']","[u'left', u'middle', u'right']","[0.8, 0.4, 0.2]","[u'high', u'low', u'medium']",blue,49,left,high,True,False,284,3300,NA
A2541C8MY0BYV3,Mon Dec 04 2017 07:50:17 GMT-0500 (Eastern Standard Time),Mon Dec 04 2017 08:01:02 GMT-0500 (Eastern Standard Time),Mozilla/5.0 (Windows NT 10.0; WOW64; rv:57.0) Gecko/20100101 Firefox/57.0,79,"[0.8, 0.4, 0.2]","[0.8, 0.4, 0.2]","[u'blue', u'black', u'red']","[u'left', u'middle', u'right']","[0.8, 0.4, 0.2]","[u'high', u'low', u'medium']",blue,49,left,high,True,False,233,3400,NA
A2541C8MY0BYV3,Mon Dec 04 2017 07:50:17 GMT-0500 (Eastern Standard Time),Mon Dec 04 2017 08:01:02 GMT-0500 (Eastern Standard Time),Mozilla/5.0 (Windows NT 10.0; WOW64; rv:57.0) Gecko/20100101 Firefox/57.0,80,"[0.8, 0.4, 0.2]","[0.8, 0.4, 0.2]","[u'blue', u'black', u'red']","[u'left', u'middle', u'right']","[0.8, 0.4, 0.2]","[u'high', u'low', u'medium']",blue,49,left,high,True,False,203,3500,NA
A2541C8MY0BYV3,Mon Dec 04 2017 07:50:17 GMT-0500 (Eastern Standard Time),Mon Dec 04 2017 08:01:02 GMT-0500 (Eastern Standard Time),Mozilla/5.0 (Windows NT 10.0; WOW64; rv:57.0) Gecko/20100101 Firefox/57.0,81,"[0.8, 0.4, 0.2]","[0.8, 0.4, 0.2]","[u'blue', u'black', u'red']","[u'left', u'middle', u'right']","[0.8, 0.4, 0.2]","[u'low', u'high', u'medium']",blue,49,left,low,True,False,489,3600,NA
A2541C8MY0BYV3,Mon Dec 04 2017 07:50:17 GMT-0500 (Eastern Standard Time),Mon Dec 04 2017 08:01:02 GMT-0500 (Eastern Standard Time),Mozilla/5.0 (Windows NT 10.0; WOW64; rv:57.0) Gecko/20100101 Firefox/57.0,82,"[0.8, 0.4, 0.2]","[0.8, 0.4, 0.2]","[u'blue', u'black', u'red']","[u'left', u'middle', u'right']","[0.8, 0.4, 0.2]","[u'low', u'high', u'medium']",blue,49,left,low,True,False,293,3700,NA
A2541C8MY0BYV3,Mon Dec 04 2017 07:50:17 GMT-0500 (Eastern Standard Time),Mon Dec 04 2017 08:01:02 GMT-0500 (Eastern Standard Time),Mozilla/5.0 (Windows NT 10.0; WOW64; rv:57.0) Gecko/20100101 Firefox/57.0,83,"[0.8, 0.4, 0.2]","[0.8, 0.4, 0.2]","[u'blue', u'black', u'red']","[u'left', u'middle', u'right']","[0.8, 0.4, 0.2]","[u'low', u'high', u'medium']",blue,49,left,low,False,False,233,3650,NA
A2541C8MY0BYV3,Mon Dec 04 2017 07:50:17 GMT-0500 (Eastern Standard Time),Mon Dec 04 2017 08:01:02 GMT-0500 (Eastern Standard Time),Mozilla/5.0 (Windows NT 10.0; WOW64; rv:57.0) Gecko/20100101 Firefox/57.0,84,"[0.8, 0.4, 0.2]","[0.8, 0.4, 0.2]","[u'blue', u'black', u'red']","[u'left', u'middle', u'right']","[0.8, 0.4, 0.2]","[u'low', u'high', u'medium']",blue,49,left,low,True,False,1291,3750,NA
A2541C8MY0BYV3,Mon Dec 04 2017 07:50:17 GMT-0500 (Eastern Standard Time),Mon Dec 04 2017 08:01:02 GMT-0500 (Eastern Standard Time),Mozilla/5.0 (Windows NT 10.0; WOW64; rv:57.0) Gecko/20100101 Firefox/57.0,85,"[0.8, 0.4, 0.2]","[0.8, 0.4, 0.2]","[u'blue', u'black', u'red']","[u'left', u'middle', u'right']","[0.8, 0.4, 0.2]","[u'low', u'high', u'medium']",blue,49,left,low,False,False,1807,3700,NA
A2541C8MY0BYV3,Mon Dec 04 2017 07:50:17 GMT-0500 (Eastern Standard Time),Mon Dec 04 2017 08:01:02 GMT-0500 (Eastern Standard Time),Mozilla/5.0 (Windows NT 10.0; WOW64; rv:57.0) Gecko/20100101 Firefox/57.0,86,"[0.8, 0.4, 0.2]","[0.8, 0.4, 0.2]","[u'blue', u'black', u'red']","[u'left', u'middle', u'right']","[0.8, 0.4, 0.2]","[u'low', u'high', u'medium']",red,51,right,medium,False,False,173,3650,NA
A2541C8MY0BYV3,Mon Dec 04 2017 07:50:17 GMT-0500 (Eastern Standard Time),Mon Dec 04 2017 08:01:02 GMT-0500 (Eastern Standard Time),Mozilla/5.0 (Windows NT 10.0; WOW64; rv:57.0) Gecko/20100101 Firefox/57.0,87,"[0.8, 0.4, 0.2]","[0.8, 0.4, 0.2]","[u'blue', u'black', u'red']","[u'left', u'middle', u'right']","[0.8, 0.4, 0.2]","[u'low', u'high', u'medium']",blue,49,left,low,False,False,755,3600,NA
A2541C8MY0BYV3,Mon Dec 04 2017 07:50:17 GMT-0500 (Eastern Standard Time),Mon Dec 04 2017 08:01:02 GMT-0500 (Eastern Standard Time),Mozilla/5.0 (Windows NT 10.0; WOW64; rv:57.0) Gecko/20100101 Firefox/57.0,88,"[0.8, 0.4, 0.2]","[0.8, 0.4, 0.2]","[u'blue', u'black', u'red']","[u'left', u'middle', u'right']","[0.8, 0.4, 0.2]","[u'low', u'high', u'medium']",blue,49,left,low,False,False,30,3550,NA
A2541C8MY0BYV3,Mon Dec 04 2017 07:50:17 GMT-0500 (Eastern Standard Time),Mon Dec 04 2017 08:01:02 GMT-0500 (Eastern Standard Time),Mozilla/5.0 (Windows NT 10.0; WOW64; rv:57.0) Gecko/20100101 Firefox/57.0,89,"[0.8, 0.4, 0.2]","[0.8, 0.4, 0.2]","[u'blue', u'black', u'red']","[u'left', u'middle', u'right']","[0.8, 0.4, 0.2]","[u'low', u'high', u'medium']",black,50,middle,high,True,False,892,3650,NA
A2541C8MY0BYV3,Mon Dec 04 2017 07:50:17 GMT-0500 (Eastern Standard Time),Mon Dec 04 2017 08:01:02 GMT-0500 (Eastern Standard Time),Mozilla/5.0 (Windows NT 10.0; WOW64; rv:57.0) Gecko/20100101 Firefox/57.0,90,"[0.8, 0.4, 0.2]","[0.8, 0.4, 0.2]","[u'blue', u'black', u'red']","[u'left', u'middle', u'right']","[0.8, 0.4, 0.2]","[u'low', u'high', u'medium']",black,50,middle,high,True,False,949,3750,NA
A2541C8MY0BYV3,Mon Dec 04 2017 07:50:17 GMT-0500 (Eastern Standard Time),Mon Dec 04 2017 08:01:02 GMT-0500 (Eastern Standard Time),Mozilla/5.0 (Windows NT 10.0; WOW64; rv:57.0) Gecko/20100101 Firefox/57.0,91,"[0.8, 0.4, 0.2]","[0.8, 0.4, 0.2]","[u'blue', u'black', u'red']","[u'left', u'middle', u'right']","[0.8, 0.4, 0.2]","[u'low', u'high', u'medium']",black,50,middle,high,True,False,178,3850,NA
A2541C8MY0BYV3,Mon Dec 04 2017 07:50:17 GMT-0500 (Eastern Standard Time),Mon Dec 04 2017 08:01:02 GMT-0500 (Eastern Standard Time),Mozilla/5.0 (Windows NT 10.0; WOW64; rv:57.0) Gecko/20100101 Firefox/57.0,92,"[0.8, 0.4, 0.2]","[0.8, 0.4, 0.2]","[u'blue', u'black', u'red']","[u'left', u'middle', u'right']","[0.8, 0.4, 0.2]","[u'low', u'high', u'medium']",black,50,middle,high,True,False,457,3950,NA
A2541C8MY0BYV3,Mon Dec 04 2017 07:50:17 GMT-0500 (Eastern Standard Time),Mon Dec 04 2017 08:01:02 GMT-0500 (Eastern Standard Time),Mozilla/5.0 (Windows NT 10.0; WOW64; rv:57.0) Gecko/20100101 Firefox/57.0,93,"[0.8, 0.4, 0.2]","[0.8, 0.4, 0.2]","[u'blue', u'black', u'red']","[u'left', u'middle', u'right']","[0.8, 0.4, 0.2]","[u'low', u'high', u'medium']",black,50,middle,high,True,False,143,4050,NA
A2541C8MY0BYV3,Mon Dec 04 2017 07:50:17 GMT-0500 (Eastern Standard Time),Mon Dec 04 2017 08:01:02 GMT-0500 (Eastern Standard Time),Mozilla/5.0 (Windows NT 10.0; WOW64; rv:57.0) Gecko/20100101 Firefox/57.0,94,"[0.8, 0.4, 0.2]","[0.8, 0.4, 0.2]","[u'blue', u'black', u'red']","[u'left', u'middle', u'right']","[0.8, 0.4, 0.2]","[u'low', u'high', u'medium']",black,50,middle,high,False,False,105,4000,NA
A2541C8MY0BYV3,Mon Dec 04 2017 07:50:17 GMT-0500 (Eastern Standard Time),Mon Dec 04 2017 08:01:02 GMT-0500 (Eastern Standard Time),Mozilla/5.0 (Windows NT 10.0; WOW64; rv:57.0) Gecko/20100101 Firefox/57.0,95,"[0.8, 0.4, 0.2]","[0.8, 0.4, 0.2]","[u'blue', u'black', u'red']","[u'left', u'middle', u'right']","[0.8, 0.4, 0.2]","[u'low', u'high', u'medium']",blue,49,left,low,False,False,15,3950,NA
A2541C8MY0BYV3,Mon Dec 04 2017 07:50:17 GMT-0500 (Eastern Standard Time),Mon Dec 04 2017 08:01:02 GMT-0500 (Eastern Standard Time),Mozilla/5.0 (Windows NT 10.0; WOW64; rv:57.0) Gecko/20100101 Firefox/57.0,96,"[0.8, 0.4, 0.2]","[0.8, 0.4, 0.2]","[u'blue', u'black', u'red']","[u'left', u'middle', u'right']","[0.8, 0.4, 0.2]","[u'low', u'high', u'medium']",red,51,right,medium,True,False,60,4050,NA
A2541C8MY0BYV3,Mon Dec 04 2017 07:50:17 GMT-0500 (Eastern Standard Time),Mon Dec 04 2017 08:01:02 GMT-0500 (Eastern Standard Time),Mozilla/5.0 (Windows NT 10.0; WOW64; rv:57.0) Gecko/20100101 Firefox/57.0,97,"[0.8, 0.4, 0.2]","[0.8, 0.4, 0.2]","[u'blue', u'black', u'red']","[u'left', u'middle', u'right']","[0.8, 0.4, 0.2]","[u'low', u'high', u'medium']",red,51,right,medium,True,False,96,4150,NA
A2541C8MY0BYV3,Mon Dec 04 2017 07:50:17 GMT-0500 (Eastern Standard Time),Mon Dec 04 2017 08:01:02 GMT-0500 (Eastern Standard Time),Mozilla/5.0 (Windows NT 10.0; WOW64; rv:57.0) Gecko/20100101 Firefox/57.0,98,"[0.8, 0.4, 0.2]","[0.8, 0.4, 0.2]","[u'blue', u'black', u'red']","[u'left', u'middle', u'right']","[0.8, 0.4, 0.2]","[u'low', u'high', u'medium']",red,51,right,medium,True,False,109,4250,NA
A2541C8MY0BYV3,Mon Dec 04 2017 07:50:17 GMT-0500 (Eastern Standard Time),Mon Dec 04 2017 08:01:02 GMT-0500 (Eastern Standard Time),Mozilla/5.0 (Windows NT 10.0; WOW64; rv:57.0) Gecko/20100101 Firefox/57.0,99,"[0.8, 0.4, 0.2]","[0.8, 0.4, 0.2]","[u'blue', u'black', u'red']","[u'left', u'middle', u'right']","[0.8, 0.4, 0.2]","[u'low', u'high', u'medium']",red,51,right,medium,False,False,129,4200,NA
A2541C8MY0BYV3,Mon Dec 04 2017 07:50:17 GMT-0500 (Eastern Standard Time),Mon Dec 04 2017 08:01:02 GMT-0500 (Eastern Standard Time),Mozilla/5.0 (Windows NT 10.0; WOW64; rv:57.0) Gecko/20100101 Firefox/57.0,100,"[0.8, 0.4, 0.2]","[0.8, 0.4, 0.2]","[u'blue', u'black', u'red']","[u'left', u'middle', u'right']","[0.8, 0.4, 0.2]","[u'low', u'high', u'medium']",red,51,right,medium,False,False,44,4150,NA
A2541C8MY0BYV3,Mon Dec 04 2017 07:50:17 GMT-0500 (Eastern Standard Time),Mon Dec 04 2017 08:01:02 GMT-0500 (Eastern Standard Time),Mozilla/5.0 (Windows NT 10.0; WOW64; rv:57.0) Gecko/20100101 Firefox/57.0,101,"[0.8, 0.4, 0.2]","[0.8, 0.4, 0.2]","[u'blue', u'black', u'red']","[u'left', u'middle', u'right']","[0.8, 0.4, 0.2]","[u'low', u'high', u'medium']",blue,49,left,low,False,False,86,4100,NA
A2541C8MY0BYV3,Mon Dec 04 2017 07:50:17 GMT-0500 (Eastern Standard Time),Mon Dec 04 2017 08:01:02 GMT-0500 (Eastern Standard Time),Mozilla/5.0 (Windows NT 10.0; WOW64; rv:57.0) Gecko/20100101 Firefox/57.0,102,"[0.8, 0.4, 0.2]","[0.8, 0.4, 0.2]","[u'blue', u'black', u'red']","[u'left', u'middle', u'right']","[0.8, 0.4, 0.2]","[u'low', u'high', u'medium']",black,50,middle,high,False,False,76,4050,NA
A2541C8MY0BYV3,Mon Dec 04 2017 07:50:17 GMT-0500 (Eastern Standard Time),Mon Dec 04 2017 08:01:02 GMT-0500 (Eastern Standard Time),Mozilla/5.0 (Windows NT 10.0; WOW64; rv:57.0) Gecko/20100101 Firefox/57.0,103,"[0.8, 0.4, 0.2]","[0.8, 0.4, 0.2]","[u'blue', u'black', u'red']","[u'left', u'middle', u'right']","[0.8, 0.4, 0.2]","[u'low', u'high', u'medium']",red,51,right,medium,False,False,485,4000,NA
A2541C8MY0BYV3,Mon Dec 04 2017 07:50:17 GMT-0500 (Eastern Standard Time),Mon Dec 04 2017 08:01:02 GMT-0500 (Eastern Standard Time),Mozilla/5.0 (Windows NT 10.0; WOW64; rv:57.0) Gecko/20100101 Firefox/57.0,104,"[0.8, 0.4, 0.2]","[0.8, 0.4, 0.2]","[u'blue', u'black', u'red']","[u'left', u'middle', u'right']","[0.8, 0.4, 0.2]","[u'low', u'high', u'medium']",red,51,right,medium,False,False,466,3950,NA
A2541C8MY0BYV3,Mon Dec 04 2017 07:50:17 GMT-0500 (Eastern Standard Time),Mon Dec 04 2017 08:01:02 GMT-0500 (Eastern Standard Time),Mozilla/5.0 (Windows NT 10.0; WOW64; rv:57.0) Gecko/20100101 Firefox/57.0,105,"[0.8, 0.4, 0.2]","[0.8, 0.4, 0.2]","[u'blue', u'black', u'red']","[u'left', u'middle', u'right']","[0.8, 0.4, 0.2]","[u'low', u'high', u'medium']",blue,49,left,low,False,False,107,3900,NA
A2541C8MY0BYV3,Mon Dec 04 2017 07:50:17 GMT-0500 (Eastern Standard Time),Mon Dec 04 2017 08:01:02 GMT-0500 (Eastern Standard Time),Mozilla/5.0 (Windows NT 10.0; WOW64; rv:57.0) Gecko/20100101 Firefox/57.0,106,"[0.8, 0.4, 0.2]","[0.8, 0.4, 0.2]","[u'blue', u'black', u'red']","[u'left', u'middle', u'right']","[0.8, 0.4, 0.2]","[u'low', u'high', u'medium']",black,50,middle,high,True,False,232,4000,NA
A2541C8MY0BYV3,Mon Dec 04 2017 07:50:17 GMT-0500 (Eastern Standard Time),Mon Dec 04 2017 08:01:02 GMT-0500 (Eastern Standard Time),Mozilla/5.0 (Windows NT 10.0; WOW64; rv:57.0) Gecko/20100101 Firefox/57.0,107,"[0.8, 0.4, 0.2]","[0.8, 0.4, 0.2]","[u'blue', u'black', u'red']","[u'left', u'middle', u'right']","[0.8, 0.4, 0.2]","[u'low', u'high', u'medium']",black,50,middle,high,True,False,220094,4100,NA
A2541C8MY0BYV3,Mon Dec 04 2017 07:50:17 GMT-0500 (Eastern Standard Time),Mon Dec 04 2017 08:01:02 GMT-0500 (Eastern Standard Time),Mozilla/5.0 (Windows NT 10.0; WOW64; rv:57.0) Gecko/20100101 Firefox/57.0,108,"[0.8, 0.4, 0.2]","[0.8, 0.4, 0.2]","[u'blue', u'black', u'red']","[u'left', u'middle', u'right']","[0.8, 0.4, 0.2]","[u'low', u'high', u'medium']",black,50,middle,high,True,False,394,4200,NA
A2541C8MY0BYV3,Mon Dec 04 2017 07:50:17 GMT-0500 (Eastern Standard Time),Mon Dec 04 2017 08:01:02 GMT-0500 (Eastern Standard Time),Mozilla/5.0 (Windows NT 10.0; WOW64; rv:57.0) Gecko/20100101 Firefox/57.0,109,"[0.8, 0.4, 0.2]","[0.8, 0.4, 0.2]","[u'blue', u'black', u'red']","[u'left', u'middle', u'right']","[0.8, 0.4, 0.2]","[u'low', u'high', u'medium']",black,50,middle,high,True,False,1352,4300,NA
A2541C8MY0BYV3,Mon Dec 04 2017 07:50:17 GMT-0500 (Eastern Standard Time),Mon Dec 04 2017 08:01:02 GMT-0500 (Eastern Standard Time),Mozilla/5.0 (Windows NT 10.0; WOW64; rv:57.0) Gecko/20100101 Firefox/57.0,110,"[0.8, 0.4, 0.2]","[0.8, 0.4, 0.2]","[u'blue', u'black', u'red']","[u'left', u'middle', u'right']","[0.8, 0.4, 0.2]","[u'low', u'high', u'medium']",black,50,middle,high,True,False,369,4400,NA
A2541C8MY0BYV3,Mon Dec 04 2017 07:50:17 GMT-0500 (Eastern Standard Time),Mon Dec 04 2017 08:01:02 GMT-0500 (Eastern Standard Time),Mozilla/5.0 (Windows NT 10.0; WOW64; rv:57.0) Gecko/20100101 Firefox/57.0,111,"[0.8, 0.4, 0.2]","[0.8, 0.4, 0.2]","[u'blue', u'black', u'red']","[u'left', u'middle', u'right']","[0.8, 0.4, 0.2]","[u'low', u'high', u'medium']",black,50,middle,high,False,False,1114,4350,NA
A2541C8MY0BYV3,Mon Dec 04 2017 07:50:17 GMT-0500 (Eastern Standard Time),Mon Dec 04 2017 08:01:02 GMT-0500 (Eastern Standard Time),Mozilla/5.0 (Windows NT 10.0; WOW64; rv:57.0) Gecko/20100101 Firefox/57.0,112,"[0.8, 0.4, 0.2]","[0.8, 0.4, 0.2]","[u'blue', u'black', u'red']","[u'left', u'middle', u'right']","[0.8, 0.4, 0.2]","[u'low', u'high', u'medium']",black,50,middle,high,True,False,491,4450,NA
A2541C8MY0BYV3,Mon Dec 04 2017 07:50:17 GMT-0500 (Eastern Standard Time),Mon Dec 04 2017 08:01:02 GMT-0500 (Eastern Standard Time),Mozilla/5.0 (Windows NT 10.0; WOW64; rv:57.0) Gecko/20100101 Firefox/57.0,113,"[0.8, 0.4, 0.2]","[0.8, 0.4, 0.2]","[u'blue', u'black', u'red']","[u'left', u'middle', u'right']","[0.8, 0.4, 0.2]","[u'low', u'high', u'medium']",black,50,middle,high,False,False,434,4400,NA
A2541C8MY0BYV3,Mon Dec 04 2017 07:50:17 GMT-0500 (Eastern Standard Time),Mon Dec 04 2017 08:01:02 GMT-0500 (Eastern Standard Time),Mozilla/5.0 (Windows NT 10.0; WOW64; rv:57.0) Gecko/20100101 Firefox/57.0,114,"[0.8, 0.4, 0.2]","[0.8, 0.4, 0.2]","[u'blue', u'black', u'red']","[u'left', u'middle', u'right']","[0.8, 0.4, 0.2]","[u'low', u'high', u'medium']",red,51,right,medium,True,False,491,4500,NA
A2541C8MY0BYV3,Mon Dec 04 2017 07:50:17 GMT-0500 (Eastern Standard Time),Mon Dec 04 2017 08:01:02 GMT-0500 (Eastern Standard Time),Mozilla/5.0 (Windows NT 10.0; WOW64; rv:57.0) Gecko/20100101 Firefox/57.0,115,"[0.8, 0.4, 0.2]","[0.8, 0.4, 0.2]","[u'blue', u'black', u'red']","[u'left', u'middle', u'right']","[0.8, 0.4, 0.2]","[u'low', u'high', u'medium']",red,51,right,medium,False,False,217,4450,NA
A2541C8MY0BYV3,Mon Dec 04 2017 07:50:17 GMT-0500 (Eastern Standard Time),Mon Dec 04 2017 08:01:02 GMT-0500 (Eastern Standard Time),Mozilla/5.0 (Windows NT 10.0; WOW64; rv:57.0) Gecko/20100101 Firefox/57.0,116,"[0.8, 0.4, 0.2]","[0.8, 0.4, 0.2]","[u'blue', u'black', u'red']","[u'left', u'middle', u'right']","[0.8, 0.4, 0.2]","[u'low', u'high', u'medium']",blue,49,left,low,True,False,888,4550,NA
A2541C8MY0BYV3,Mon Dec 04 2017 07:50:17 GMT-0500 (Eastern Standard Time),Mon Dec 04 2017 08:01:02 GMT-0500 (Eastern Standard Time),Mozilla/5.0 (Windows NT 10.0; WOW64; rv:57.0) Gecko/20100101 Firefox/57.0,117,"[0.8, 0.4, 0.2]","[0.8, 0.4, 0.2]","[u'blue', u'black', u'red']","[u'left', u'middle', u'right']","[0.8, 0.4, 0.2]","[u'low', u'high', u'medium']",blue,49,left,low,False,False,597,4500,NA
A2541C8MY0BYV3,Mon Dec 04 2017 07:50:17 GMT-0500 (Eastern Standard Time),Mon Dec 04 2017 08:01:02 GMT-0500 (Eastern Standard Time),Mozilla/5.0 (Windows NT 10.0; WOW64; rv:57.0) Gecko/20100101 Firefox/57.0,118,"[0.8, 0.4, 0.2]","[0.8, 0.4, 0.2]","[u'blue', u'black', u'red']","[u'left', u'middle', u'right']","[0.8, 0.4, 0.2]","[u'low', u'high', u'medium']",black,50,middle,high,True,False,169,4600,NA
A2541C8MY0BYV3,Mon Dec 04 2017 07:50:17 GMT-0500 (Eastern Standard Time),Mon Dec 04 2017 08:01:02 GMT-0500 (Eastern Standard Time),Mozilla/5.0 (Windows NT 10.0; WOW64; rv:57.0) Gecko/20100101 Firefox/57.0,119,"[0.8, 0.4, 0.2]","[0.8, 0.4, 0.2]","[u'blue', u'black', u'red']","[u'left', u'middle', u'right']","[0.8, 0.4, 0.2]","[u'low', u'high', u'medium']",black,50,middle,high,True,False,1046,4700,NA
A2541C8MY0BYV3,Mon Dec 04 2017 07:50:17 GMT-0500 (Eastern Standard Time),Mon Dec 04 2017 08:01:02 GMT-0500 (Eastern Standard Time),Mozilla/5.0 (Windows NT 10.0; WOW64; rv:57.0) Gecko/20100101 Firefox/57.0,120,"[0.8, 0.4, 0.2]","[0.8, 0.4, 0.2]","[u'blue', u'black', u'red']","[u'left', u'middle', u'right']","[0.8, 0.4, 0.2]","[u'low', u'high', u'medium']",black,50,middle,high,True,False,27,4800,NA
A2541C8MY0BYV3,Mon Dec 04 2017 07:50:17 GMT-0500 (Eastern Standard Time),Mon Dec 04 2017 08:01:02 GMT-0500 (Eastern Standard Time),Mozilla/5.0 (Windows NT 10.0; WOW64; rv:57.0) Gecko/20100101 Firefox/57.0,121,"[0.8, 0.4, 0.2]","[0.8, 0.4, 0.2]","[u'blue', u'black', u'red']","[u'left', u'middle', u'right']","[0.8, 0.4, 0.2]","[u'high', u'medium', u'low']",red,51,right,low,False,False,432,4750,NA
A2541C8MY0BYV3,Mon Dec 04 2017 07:50:17 GMT-0500 (Eastern Standard Time),Mon Dec 04 2017 08:01:02 GMT-0500 (Eastern Standard Time),Mozilla/5.0 (Windows NT 10.0; WOW64; rv:57.0) Gecko/20100101 Firefox/57.0,122,"[0.8, 0.4, 0.2]","[0.8, 0.4, 0.2]","[u'blue', u'black', u'red']","[u'left', u'middle', u'right']","[0.8, 0.4, 0.2]","[u'high', u'medium', u'low']",black,50,middle,medium,False,False,252,4700,NA
A2541C8MY0BYV3,Mon Dec 04 2017 07:50:17 GMT-0500 (Eastern Standard Time),Mon Dec 04 2017 08:01:02 GMT-0500 (Eastern Standard Time),Mozilla/5.0 (Windows NT 10.0; WOW64; rv:57.0) Gecko/20100101 Firefox/57.0,123,"[0.8, 0.4, 0.2]","[0.8, 0.4, 0.2]","[u'blue', u'black', u'red']","[u'left', u'middle', u'right']","[0.8, 0.4, 0.2]","[u'high', u'medium', u'low']",blue,49,left,high,False,False,664,4650,NA
A2541C8MY0BYV3,Mon Dec 04 2017 07:50:17 GMT-0500 (Eastern Standard Time),Mon Dec 04 2017 08:01:02 GMT-0500 (Eastern Standard Time),Mozilla/5.0 (Windows NT 10.0; WOW64; rv:57.0) Gecko/20100101 Firefox/57.0,124,"[0.8, 0.4, 0.2]","[0.8, 0.4, 0.2]","[u'blue', u'black', u'red']","[u'left', u'middle', u'right']","[0.8, 0.4, 0.2]","[u'high', u'medium', u'low']",black,50,middle,medium,False,False,67,4600,NA
A2541C8MY0BYV3,Mon Dec 04 2017 07:50:17 GMT-0500 (Eastern Standard Time),Mon Dec 04 2017 08:01:02 GMT-0500 (Eastern Standard Time),Mozilla/5.0 (Windows NT 10.0; WOW64; rv:57.0) Gecko/20100101 Firefox/57.0,125,"[0.8, 0.4, 0.2]","[0.8, 0.4, 0.2]","[u'blue', u'black', u'red']","[u'left', u'middle', u'right']","[0.8, 0.4, 0.2]","[u'high', u'medium', u'low']",red,51,right,low,True,False,564,4700,NA
A2541C8MY0BYV3,Mon Dec 04 2017 07:50:17 GMT-0500 (Eastern Standard Time),Mon Dec 04 2017 08:01:02 GMT-0500 (Eastern Standard Time),Mozilla/5.0 (Windows NT 10.0; WOW64; rv:57.0) Gecko/20100101 Firefox/57.0,126,"[0.8, 0.4, 0.2]","[0.8, 0.4, 0.2]","[u'blue', u'black', u'red']","[u'left', u'middle', u'right']","[0.8, 0.4, 0.2]","[u'high', u'medium', u'low']",red,51,right,low,False,False,107,4650,NA
A2541C8MY0BYV3,Mon Dec 04 2017 07:50:17 GMT-0500 (Eastern Standard Time),Mon Dec 04 2017 08:01:02 GMT-0500 (Eastern Standard Time),Mozilla/5.0 (Windows NT 10.0; WOW64; rv:57.0) Gecko/20100101 Firefox/57.0,127,"[0.8, 0.4, 0.2]","[0.8, 0.4, 0.2]","[u'blue', u'black', u'red']","[u'left', u'middle', u'right']","[0.8, 0.4, 0.2]","[u'high', u'medium', u'low']",blue,49,left,high,True,False,20,4750,NA
A2541C8MY0BYV3,Mon Dec 04 2017 07:50:17 GMT-0500 (Eastern Standard Time),Mon Dec 04 2017 08:01:02 GMT-0500 (Eastern Standard Time),Mozilla/5.0 (Windows NT 10.0; WOW64; rv:57.0) Gecko/20100101 Firefox/57.0,128,"[0.8, 0.4, 0.2]","[0.8, 0.4, 0.2]","[u'blue', u'black', u'red']","[u'left', u'middle', u'right']","[0.8, 0.4, 0.2]","[u'high', u'medium', u'low']",blue,49,left,high,True,False,36,4850,NA
A2541C8MY0BYV3,Mon Dec 04 2017 07:50:17 GMT-0500 (Eastern Standard Time),Mon Dec 04 2017 08:01:02 GMT-0500 (Eastern Standard Time),Mozilla/5.0 (Windows NT 10.0; WOW64; rv:57.0) Gecko/20100101 Firefox/57.0,129,"[0.8, 0.4, 0.2]","[0.8, 0.4, 0.2]","[u'blue', u'black', u'red']","[u'left', u'middle', u'right']","[0.8, 0.4, 0.2]","[u'high', u'medium', u'low']",blue,49,left,high,True,False,72,4950,NA
A2541C8MY0BYV3,Mon Dec 04 2017 07:50:17 GMT-0500 (Eastern Standard Time),Mon Dec 04 2017 08:01:02 GMT-0500 (Eastern Standard Time),Mozilla/5.0 (Windows NT 10.0; WOW64; rv:57.0) Gecko/20100101 Firefox/57.0,130,"[0.8, 0.4, 0.2]","[0.8, 0.4, 0.2]","[u'blue', u'black', u'red']","[u'left', u'middle', u'right']","[0.8, 0.4, 0.2]","[u'high', u'medium', u'low']",blue,49,left,high,True,False,131,5050,NA
A2541C8MY0BYV3,Mon Dec 04 2017 07:50:17 GMT-0500 (Eastern Standard Time),Mon Dec 04 2017 08:01:02 GMT-0500 (Eastern Standard Time),Mozilla/5.0 (Windows NT 10.0; WOW64; rv:57.0) Gecko/20100101 Firefox/57.0,131,"[0.8, 0.4, 0.2]","[0.8, 0.4, 0.2]","[u'blue', u'black', u'red']","[u'left', u'middle', u'right']","[0.8, 0.4, 0.2]","[u'high', u'medium', u'low']",blue,49,left,high,True,False,80,5150,NA
A2541C8MY0BYV3,Mon Dec 04 2017 07:50:17 GMT-0500 (Eastern Standard Time),Mon Dec 04 2017 08:01:02 GMT-0500 (Eastern Standard Time),Mozilla/5.0 (Windows NT 10.0; WOW64; rv:57.0) Gecko/20100101 Firefox/57.0,132,"[0.8, 0.4, 0.2]","[0.8, 0.4, 0.2]","[u'blue', u'black', u'red']","[u'left', u'middle', u'right']","[0.8, 0.4, 0.2]","[u'high', u'medium', u'low']",blue,49,left,high,True,False,98,5250,NA
A2541C8MY0BYV3,Mon Dec 04 2017 07:50:17 GMT-0500 (Eastern Standard Time),Mon Dec 04 2017 08:01:02 GMT-0500 (Eastern Standard Time),Mozilla/5.0 (Windows NT 10.0; WOW64; rv:57.0) Gecko/20100101 Firefox/57.0,133,"[0.8, 0.4, 0.2]","[0.8, 0.4, 0.2]","[u'blue', u'black', u'red']","[u'left', u'middle', u'right']","[0.8, 0.4, 0.2]","[u'high', u'medium', u'low']",blue,49,left,high,True,False,18,5350,NA
A2541C8MY0BYV3,Mon Dec 04 2017 07:50:17 GMT-0500 (Eastern Standard Time),Mon Dec 04 2017 08:01:02 GMT-0500 (Eastern Standard Time),Mozilla/5.0 (Windows NT 10.0; WOW64; rv:57.0) Gecko/20100101 Firefox/57.0,134,"[0.8, 0.4, 0.2]","[0.8, 0.4, 0.2]","[u'blue', u'black', u'red']","[u'left', u'middle', u'right']","[0.8, 0.4, 0.2]","[u'high', u'medium', u'low']",blue,49,left,high,True,False,92,5450,NA
A2541C8MY0BYV3,Mon Dec 04 2017 07:50:17 GMT-0500 (Eastern Standard Time),Mon Dec 04 2017 08:01:02 GMT-0500 (Eastern Standard Time),Mozilla/5.0 (Windows NT 10.0; WOW64; rv:57.0) Gecko/20100101 Firefox/57.0,135,"[0.8, 0.4, 0.2]","[0.8, 0.4, 0.2]","[u'blue', u'black', u'red']","[u'left', u'middle', u'right']","[0.8, 0.4, 0.2]","[u'high', u'medium', u'low']",blue,49,left,high,True,True,214,5550,NA
A2541C8MY0BYV3,Mon Dec 04 2017 07:50:17 GMT-0500 (Eastern Standard Time),Mon Dec 04 2017 08:01:02 GMT-0500 (Eastern Standard Time),Mozilla/5.0 (Windows NT 10.0; WOW64; rv:57.0) Gecko/20100101 Firefox/57.0,136,"[0.8, 0.4, 0.2]","[0.8, 0.4, 0.2]","[u'blue', u'black', u'red']","[u'left', u'middle', u'right']","[0.8, 0.4, 0.2]","[u'low', u'medium', u'high']",blue,49,left,low,False,False,390,5500,NA
A2541C8MY0BYV3,Mon Dec 04 2017 07:50:17 GMT-0500 (Eastern Standard Time),Mon Dec 04 2017 08:01:02 GMT-0500 (Eastern Standard Time),Mozilla/5.0 (Windows NT 10.0; WOW64; rv:57.0) Gecko/20100101 Firefox/57.0,137,"[0.8, 0.4, 0.2]","[0.8, 0.4, 0.2]","[u'blue', u'black', u'red']","[u'left', u'middle', u'right']","[0.8, 0.4, 0.2]","[u'low', u'medium', u'high']",blue,49,left,low,False,False,209,5450,NA
A2541C8MY0BYV3,Mon Dec 04 2017 07:50:17 GMT-0500 (Eastern Standard Time),Mon Dec 04 2017 08:01:02 GMT-0500 (Eastern Standard Time),Mozilla/5.0 (Windows NT 10.0; WOW64; rv:57.0) Gecko/20100101 Firefox/57.0,138,"[0.8, 0.4, 0.2]","[0.8, 0.4, 0.2]","[u'blue', u'black', u'red']","[u'left', u'middle', u'right']","[0.8, 0.4, 0.2]","[u'low', u'medium', u'high']",black,50,middle,medium,True,False,298,5550,NA
A2541C8MY0BYV3,Mon Dec 04 2017 07:50:17 GMT-0500 (Eastern Standard Time),Mon Dec 04 2017 08:01:02 GMT-0500 (Eastern Standard Time),Mozilla/5.0 (Windows NT 10.0; WOW64; rv:57.0) Gecko/20100101 Firefox/57.0,139,"[0.8, 0.4, 0.2]","[0.8, 0.4, 0.2]","[u'blue', u'black', u'red']","[u'left', u'middle', u'right']","[0.8, 0.4, 0.2]","[u'low', u'medium', u'high']",black,50,middle,medium,False,False,101,5500,NA
A2541C8MY0BYV3,Mon Dec 04 2017 07:50:17 GMT-0500 (Eastern Standard Time),Mon Dec 04 2017 08:01:02 GMT-0500 (Eastern Standard Time),Mozilla/5.0 (Windows NT 10.0; WOW64; rv:57.0) Gecko/20100101 Firefox/57.0,140,"[0.8, 0.4, 0.2]","[0.8, 0.4, 0.2]","[u'blue', u'black', u'red']","[u'left', u'middle', u'right']","[0.8, 0.4, 0.2]","[u'low', u'medium', u'high']",red,51,right,high,True,False,9,5600,NA
A2541C8MY0BYV3,Mon Dec 04 2017 07:50:17 GMT-0500 (Eastern Standard Time),Mon Dec 04 2017 08:01:02 GMT-0500 (Eastern Standard Time),Mozilla/5.0 (Windows NT 10.0; WOW64; rv:57.0) Gecko/20100101 Firefox/57.0,141,"[0.8, 0.4, 0.2]","[0.8, 0.4, 0.2]","[u'blue', u'black', u'red']","[u'left', u'middle', u'right']","[0.8, 0.4, 0.2]","[u'low', u'medium', u'high']",red,51,right,high,True,False,94,5700,NA
A2541C8MY0BYV3,Mon Dec 04 2017 07:50:17 GMT-0500 (Eastern Standard Time),Mon Dec 04 2017 08:01:02 GMT-0500 (Eastern Standard Time),Mozilla/5.0 (Windows NT 10.0; WOW64; rv:57.0) Gecko/20100101 Firefox/57.0,142,"[0.8, 0.4, 0.2]","[0.8, 0.4, 0.2]","[u'blue', u'black', u'red']","[u'left', u'middle', u'right']","[0.8, 0.4, 0.2]","[u'low', u'medium', u'high']",red,51,right,high,True,False,70,5800,NA
A2541C8MY0BYV3,Mon Dec 04 2017 07:50:17 GMT-0500 (Eastern Standard Time),Mon Dec 04 2017 08:01:02 GMT-0500 (Eastern Standard Time),Mozilla/5.0 (Windows NT 10.0; WOW64; rv:57.0) Gecko/20100101 Firefox/57.0,143,"[0.8, 0.4, 0.2]","[0.8, 0.4, 0.2]","[u'blue', u'black', u'red']","[u'left', u'middle', u'right']","[0.8, 0.4, 0.2]","[u'low', u'medium', u'high']",red,51,right,high,False,False,86,5750,NA
A2541C8MY0BYV3,Mon Dec 04 2017 07:50:17 GMT-0500 (Eastern Standard Time),Mon Dec 04 2017 08:01:02 GMT-0500 (Eastern Standard Time),Mozilla/5.0 (Windows NT 10.0; WOW64; rv:57.0) Gecko/20100101 Firefox/57.0,144,"[0.8, 0.4, 0.2]","[0.8, 0.4, 0.2]","[u'blue', u'black', u'red']","[u'left', u'middle', u'right']","[0.8, 0.4, 0.2]","[u'low', u'medium', u'high']",blue,49,left,low,False,False,42,5700,NA
A2541C8MY0BYV3,Mon Dec 04 2017 07:50:17 GMT-0500 (Eastern Standard Time),Mon Dec 04 2017 08:01:02 GMT-0500 (Eastern Standard Time),Mozilla/5.0 (Windows NT 10.0; WOW64; rv:57.0) Gecko/20100101 Firefox/57.0,145,"[0.8, 0.4, 0.2]","[0.8, 0.4, 0.2]","[u'blue', u'black', u'red']","[u'left', u'middle', u'right']","[0.8, 0.4, 0.2]","[u'low', u'medium', u'high']",black,50,middle,medium,True,False,330,5800,NA
A2541C8MY0BYV3,Mon Dec 04 2017 07:50:17 GMT-0500 (Eastern Standard Time),Mon Dec 04 2017 08:01:02 GMT-0500 (Eastern Standard Time),Mozilla/5.0 (Windows NT 10.0; WOW64; rv:57.0) Gecko/20100101 Firefox/57.0,146,"[0.8, 0.4, 0.2]","[0.8, 0.4, 0.2]","[u'blue', u'black', u'red']","[u'left', u'middle', u'right']","[0.8, 0.4, 0.2]","[u'low', u'medium', u'high']",black,50,middle,medium,False,False,151,5750,NA
A2541C8MY0BYV3,Mon Dec 04 2017 07:50:17 GMT-0500 (Eastern Standard Time),Mon Dec 04 2017 08:01:02 GMT-0500 (Eastern Standard Time),Mozilla/5.0 (Windows NT 10.0; WOW64; rv:57.0) Gecko/20100101 Firefox/57.0,147,"[0.8, 0.4, 0.2]","[0.8, 0.4, 0.2]","[u'blue', u'black', u'red']","[u'left', u'middle', u'right']","[0.8, 0.4, 0.2]","[u'low', u'medium', u'high']",red,51,right,high,True,False,132,5850,NA
A2541C8MY0BYV3,Mon Dec 04 2017 07:50:17 GMT-0500 (Eastern Standard Time),Mon Dec 04 2017 08:01:02 GMT-0500 (Eastern Standard Time),Mozilla/5.0 (Windows NT 10.0; WOW64; rv:57.0) Gecko/20100101 Firefox/57.0,148,"[0.8, 0.4, 0.2]","[0.8, 0.4, 0.2]","[u'blue', u'black', u'red']","[u'left', u'middle', u'right']","[0.8, 0.4, 0.2]","[u'low', u'medium', u'high']",red,51,right,high,False,False,112,5800,NA
A2541C8MY0BYV3,Mon Dec 04 2017 07:50:17 GMT-0500 (Eastern Standard Time),Mon Dec 04 2017 08:01:02 GMT-0500 (Eastern Standard Time),Mozilla/5.0 (Windows NT 10.0; WOW64; rv:57.0) Gecko/20100101 Firefox/57.0,149,"[0.8, 0.4, 0.2]","[0.8, 0.4, 0.2]","[u'blue', u'black', u'red']","[u'left', u'middle', u'right']","[0.8, 0.4, 0.2]","[u'low', u'medium', u'high']",blue,49,left,low,False,False,131,5750,NA
A2541C8MY0BYV3,Mon Dec 04 2017 07:50:17 GMT-0500 (Eastern Standard Time),Mon Dec 04 2017 08:01:02 GMT-0500 (Eastern Standard Time),Mozilla/5.0 (Windows NT 10.0; WOW64; rv:57.0) Gecko/20100101 Firefox/57.0,150,"[0.8, 0.4, 0.2]","[0.8, 0.4, 0.2]","[u'blue', u'black', u'red']","[u'left', u'middle', u'right']","[0.8, 0.4, 0.2]","[u'low', u'medium', u'high']",black,50,middle,medium,False,False,252,5700,NA
A2541C8MY0BYV3,Mon Dec 04 2017 07:50:17 GMT-0500 (Eastern Standard Time),Mon Dec 04 2017 08:01:02 GMT-0500 (Eastern Standard Time),Mozilla/5.0 (Windows NT 10.0; WOW64; rv:57.0) Gecko/20100101 Firefox/57.0,151,"[0.8, 0.4, 0.2]","[0.8, 0.4, 0.2]","[u'blue', u'black', u'red']","[u'left', u'middle', u'right']","[0.8, 0.4, 0.2]","[u'low', u'medium', u'high']",red,51,right,high,True,False,186,5800,NA
A2541C8MY0BYV3,Mon Dec 04 2017 07:50:17 GMT-0500 (Eastern Standard Time),Mon Dec 04 2017 08:01:02 GMT-0500 (Eastern Standard Time),Mozilla/5.0 (Windows NT 10.0; WOW64; rv:57.0) Gecko/20100101 Firefox/57.0,152,"[0.8, 0.4, 0.2]","[0.8, 0.4, 0.2]","[u'blue', u'black', u'red']","[u'left', u'middle', u'right']","[0.8, 0.4, 0.2]","[u'low', u'medium', u'high']",red,51,right,high,False,False,165,5750,NA
A2541C8MY0BYV3,Mon Dec 04 2017 07:50:17 GMT-0500 (Eastern Standard Time),Mon Dec 04 2017 08:01:02 GMT-0500 (Eastern Standard Time),Mozilla/5.0 (Windows NT 10.0; WOW64; rv:57.0) Gecko/20100101 Firefox/57.0,153,"[0.8, 0.4, 0.2]","[0.8, 0.4, 0.2]","[u'blue', u'black', u'red']","[u'left', u'middle', u'right']","[0.8, 0.4, 0.2]","[u'low', u'medium', u'high']",blue,49,left,low,False,False,38,5700,NA
A2541C8MY0BYV3,Mon Dec 04 2017 07:50:17 GMT-0500 (Eastern Standard Time),Mon Dec 04 2017 08:01:02 GMT-0500 (Eastern Standard Time),Mozilla/5.0 (Windows NT 10.0; WOW64; rv:57.0) Gecko/20100101 Firefox/57.0,154,"[0.8, 0.4, 0.2]","[0.8, 0.4, 0.2]","[u'blue', u'black', u'red']","[u'left', u'middle', u'right']","[0.8, 0.4, 0.2]","[u'low', u'medium', u'high']",black,50,middle,medium,True,False,61,5800,NA
A2541C8MY0BYV3,Mon Dec 04 2017 07:50:17 GMT-0500 (Eastern Standard Time),Mon Dec 04 2017 08:01:02 GMT-0500 (Eastern Standard Time),Mozilla/5.0 (Windows NT 10.0; WOW64; rv:57.0) Gecko/20100101 Firefox/57.0,155,"[0.8, 0.4, 0.2]","[0.8, 0.4, 0.2]","[u'blue', u'black', u'red']","[u'left', u'middle', u'right']","[0.8, 0.4, 0.2]","[u'low', u'medium', u'high']",black,50,middle,medium,False,False,146,5750,NA
A2541C8MY0BYV3,Mon Dec 04 2017 07:50:17 GMT-0500 (Eastern Standard Time),Mon Dec 04 2017 08:01:02 GMT-0500 (Eastern Standard Time),Mozilla/5.0 (Windows NT 10.0; WOW64; rv:57.0) Gecko/20100101 Firefox/57.0,156,"[0.8, 0.4, 0.2]","[0.8, 0.4, 0.2]","[u'blue', u'black', u'red']","[u'left', u'middle', u'right']","[0.8, 0.4, 0.2]","[u'low', u'medium', u'high']",blue,49,left,low,False,False,103,5700,NA
A2541C8MY0BYV3,Mon Dec 04 2017 07:50:17 GMT-0500 (Eastern Standard Time),Mon Dec 04 2017 08:01:02 GMT-0500 (Eastern Standard Time),Mozilla/5.0 (Windows NT 10.0; WOW64; rv:57.0) Gecko/20100101 Firefox/57.0,157,"[0.8, 0.4, 0.2]","[0.8, 0.4, 0.2]","[u'blue', u'black', u'red']","[u'left', u'middle', u'right']","[0.8, 0.4, 0.2]","[u'low', u'medium', u'high']",red,51,right,high,True,False,170,5800,NA
A2541C8MY0BYV3,Mon Dec 04 2017 07:50:17 GMT-0500 (Eastern Standard Time),Mon Dec 04 2017 08:01:02 GMT-0500 (Eastern Standard Time),Mozilla/5.0 (Windows NT 10.0; WOW64; rv:57.0) Gecko/20100101 Firefox/57.0,158,"[0.8, 0.4, 0.2]","[0.8, 0.4, 0.2]","[u'blue', u'black', u'red']","[u'left', u'middle', u'right']","[0.8, 0.4, 0.2]","[u'low', u'medium', u'high']",red,51,right,high,False,False,69,5750,NA
A2541C8MY0BYV3,Mon Dec 04 2017 07:50:17 GMT-0500 (Eastern Standard Time),Mon Dec 04 2017 08:01:02 GMT-0500 (Eastern Standard Time),Mozilla/5.0 (Windows NT 10.0; WOW64; rv:57.0) Gecko/20100101 Firefox/57.0,159,"[0.8, 0.4, 0.2]","[0.8, 0.4, 0.2]","[u'blue', u'black', u'red']","[u'left', u'middle', u'right']","[0.8, 0.4, 0.2]","[u'low', u'medium', u'high']",black,50,middle,medium,False,False,15,5700,NA
A2541C8MY0BYV3,Mon Dec 04 2017 07:50:17 GMT-0500 (Eastern Standard Time),Mon Dec 04 2017 08:01:02 GMT-0500 (Eastern Standard Time),Mozilla/5.0 (Windows NT 10.0; WOW64; rv:57.0) Gecko/20100101 Firefox/57.0,160,"[0.8, 0.4, 0.2]","[0.8, 0.4, 0.2]","[u'blue', u'black', u'red']","[u'left', u'middle', u'right']","[0.8, 0.4, 0.2]","[u'low', u'medium', u'high']",red,51,right,high,True,False,28,5800,NA
