A3QUGJF2AN8TF2,Mon Dec 04 2017 19:23:07 GMT+0300 (MSK),Mon Dec 04 2017 19:39:19 GMT+0300 (MSK),"Mozilla/5.0 (Macintosh; Intel Mac OS X 10_13_1) AppleWebKit/537.36 (KHTML, like Gecko) Chrome/62.0.3202.94 Safari/537.36",1,"[0.8, 0.4, 0.2]","[0.8, 0.4, 0.2]","[u'red', u'blue', u'black']","[u'left', u'middle', u'right']","[0.8, 0.4, 0.2]","[u'high', u'low', u'medium']",red,49,left,high,True,False,724,100,NA
A3QUGJF2AN8TF2,Mon Dec 04 2017 19:23:07 GMT+0300 (MSK),Mon Dec 04 2017 19:39:19 GMT+0300 (MSK),"Mozilla/5.0 (Macintosh; Intel Mac OS X 10_13_1) AppleWebKit/537.36 (KHTML, like Gecko) Chrome/62.0.3202.94 Safari/537.36",2,"[0.8, 0.4, 0.2]","[0.8, 0.4, 0.2]","[u'red', u'blue', u'black']","[u'left', u'middle', u'right']","[0.8, 0.4, 0.2]","[u'high', u'low', u'medium']",red,49,left,high,False,False,456,50,NA
A3QUGJF2AN8TF2,Mon Dec 04 2017 19:23:07 GMT+0300 (MSK),Mon Dec 04 2017 19:39:19 GMT+0300 (MSK),"Mozilla/5.0 (Macintosh; Intel Mac OS X 10_13_1) AppleWebKit/537.36 (KHTML, like Gecko) Chrome/62.0.3202.94 Safari/537.36",3,"[0.8, 0.4, 0.2]","[0.8, 0.4, 0.2]","[u'red', u'blue', u'black']","[u'left', u'middle', u'right']","[0.8, 0.4, 0.2]","[u'high', u'low', u'medium']",blue,50,middle,low,False,False,314,0,NA
A3QUGJF2AN8TF2,Mon Dec 04 2017 19:23:07 GMT+0300 (MSK),Mon Dec 04 2017 19:39:19 GMT+0300 (MSK),"Mozilla/5.0 (Macintosh; Intel Mac OS X 10_13_1) AppleWebKit/537.36 (KHTML, like Gecko) Chrome/62.0.3202.94 Safari/537.36",4,"[0.8, 0.4, 0.2]","[0.8, 0.4, 0.2]","[u'red', u'blue', u'black']","[u'left', u'middle', u'right']","[0.8, 0.4, 0.2]","[u'high', u'low', u'medium']",black,51,right,medium,True,False,302,100,NA
A3QUGJF2AN8TF2,Mon Dec 04 2017 19:23:07 GMT+0300 (MSK),Mon Dec 04 2017 19:39:19 GMT+0300 (MSK),"Mozilla/5.0 (Macintosh; Intel Mac OS X 10_13_1) AppleWebKit/537.36 (KHTML, like Gecko) Chrome/62.0.3202.94 Safari/537.36",5,"[0.8, 0.4, 0.2]","[0.8, 0.4, 0.2]","[u'red', u'blue', u'black']","[u'left', u'middle', u'right']","[0.8, 0.4, 0.2]","[u'high', u'low', u'medium']",black,51,right,medium,False,False,347,50,NA
A3QUGJF2AN8TF2,Mon Dec 04 2017 19:23:07 GMT+0300 (MSK),Mon Dec 04 2017 19:39:19 GMT+0300 (MSK),"Mozilla/5.0 (Macintosh; Intel Mac OS X 10_13_1) AppleWebKit/537.36 (KHTML, like Gecko) Chrome/62.0.3202.94 Safari/537.36",6,"[0.8, 0.4, 0.2]","[0.8, 0.4, 0.2]","[u'red', u'blue', u'black']","[u'left', u'middle', u'right']","[0.8, 0.4, 0.2]","[u'high', u'low', u'medium']",red,49,left,high,True,False,290,150,NA
A3QUGJF2AN8TF2,Mon Dec 04 2017 19:23:07 GMT+0300 (MSK),Mon Dec 04 2017 19:39:19 GMT+0300 (MSK),"Mozilla/5.0 (Macintosh; Intel Mac OS X 10_13_1) AppleWebKit/537.36 (KHTML, like Gecko) Chrome/62.0.3202.94 Safari/537.36",7,"[0.8, 0.4, 0.2]","[0.8, 0.4, 0.2]","[u'red', u'blue', u'black']","[u'left', u'middle', u'right']","[0.8, 0.4, 0.2]","[u'high', u'low', u'medium']",red,49,left,high,True,False,315,250,NA
A3QUGJF2AN8TF2,Mon Dec 04 2017 19:23:07 GMT+0300 (MSK),Mon Dec 04 2017 19:39:19 GMT+0300 (MSK),"Mozilla/5.0 (Macintosh; Intel Mac OS X 10_13_1) AppleWebKit/537.36 (KHTML, like Gecko) Chrome/62.0.3202.94 Safari/537.36",8,"[0.8, 0.4, 0.2]","[0.8, 0.4, 0.2]","[u'red', u'blue', u'black']","[u'left', u'middle', u'right']","[0.8, 0.4, 0.2]","[u'high', u'low', u'medium']",red,49,left,high,True,False,360,350,NA
A3QUGJF2AN8TF2,Mon Dec 04 2017 19:23:07 GMT+0300 (MSK),Mon Dec 04 2017 19:39:19 GMT+0300 (MSK),"Mozilla/5.0 (Macintosh; Intel Mac OS X 10_13_1) AppleWebKit/537.36 (KHTML, like Gecko) Chrome/62.0.3202.94 Safari/537.36",9,"[0.8, 0.4, 0.2]","[0.8, 0.4, 0.2]","[u'red', u'blue', u'black']","[u'left', u'middle', u'right']","[0.8, 0.4, 0.2]","[u'high', u'low', u'medium']",red,49,left,high,True,False,338,450,NA
A3QUGJF2AN8TF2,Mon Dec 04 2017 19:23:07 GMT+0300 (MSK),Mon Dec 04 2017 19:39:19 GMT+0300 (MSK),"Mozilla/5.0 (Macintosh; Intel Mac OS X 10_13_1) AppleWebKit/537.36 (KHTML, like Gecko) Chrome/62.0.3202.94 Safari/537.36",10,"[0.8, 0.4, 0.2]","[0.8, 0.4, 0.2]","[u'red', u'blue', u'black']","[u'left', u'middle', u'right']","[0.8, 0.4, 0.2]","[u'high', u'low', u'medium']",red,49,left,high,True,False,298,550,NA
A3QUGJF2AN8TF2,Mon Dec 04 2017 19:23:07 GMT+0300 (MSK),Mon Dec 04 2017 19:39:19 GMT+0300 (MSK),"Mozilla/5.0 (Macintosh; Intel Mac OS X 10_13_1) AppleWebKit/537.36 (KHTML, like Gecko) Chrome/62.0.3202.94 Safari/537.36",11,"[0.8, 0.4, 0.2]","[0.8, 0.4, 0.2]","[u'red', u'blue', u'black']","[u'left', u'middle', u'right']","[0.8, 0.4, 0.2]","[u'high', u'low', u'medium']",red,49,left,high,True,False,270,650,NA
A3QUGJF2AN8TF2,Mon Dec 04 2017 19:23:07 GMT+0300 (MSK),Mon Dec 04 2017 19:39:19 GMT+0300 (MSK),"Mozilla/5.0 (Macintosh; Intel Mac OS X 10_13_1) AppleWebKit/537.36 (KHTML, like Gecko) Chrome/62.0.3202.94 Safari/537.36",12,"[0.8, 0.4, 0.2]","[0.8, 0.4, 0.2]","[u'red', u'blue', u'black']","[u'left', u'middle', u'right']","[0.8, 0.4, 0.2]","[u'high', u'low', u'medium']",red,49,left,high,False,False,321,600,NA
A3QUGJF2AN8TF2,Mon Dec 04 2017 19:23:07 GMT+0300 (MSK),Mon Dec 04 2017 19:39:19 GMT+0300 (MSK),"Mozilla/5.0 (Macintosh; Intel Mac OS X 10_13_1) AppleWebKit/537.36 (KHTML, like Gecko) Chrome/62.0.3202.94 Safari/537.36",13,"[0.8, 0.4, 0.2]","[0.8, 0.4, 0.2]","[u'red', u'blue', u'black']","[u'left', u'middle', u'right']","[0.8, 0.4, 0.2]","[u'high', u'low', u'medium']",red,49,left,high,True,False,416,700,NA
A3QUGJF2AN8TF2,Mon Dec 04 2017 19:23:07 GMT+0300 (MSK),Mon Dec 04 2017 19:39:19 GMT+0300 (MSK),"Mozilla/5.0 (Macintosh; Intel Mac OS X 10_13_1) AppleWebKit/537.36 (KHTML, like Gecko) Chrome/62.0.3202.94 Safari/537.36",14,"[0.8, 0.4, 0.2]","[0.8, 0.4, 0.2]","[u'red', u'blue', u'black']","[u'left', u'middle', u'right']","[0.8, 0.4, 0.2]","[u'high', u'low', u'medium']",red,49,left,high,True,True,343,800,NA
A3QUGJF2AN8TF2,Mon Dec 04 2017 19:23:07 GMT+0300 (MSK),Mon Dec 04 2017 19:39:19 GMT+0300 (MSK),"Mozilla/5.0 (Macintosh; Intel Mac OS X 10_13_1) AppleWebKit/537.36 (KHTML, like Gecko) Chrome/62.0.3202.94 Safari/537.36",15,"[0.8, 0.4, 0.2]","[0.8, 0.4, 0.2]","[u'red', u'blue', u'black']","[u'left', u'middle', u'right']","[0.8, 0.4, 0.2]","[u'medium', u'low', u'high']",red,49,left,medium,False,False,263,750,NA
A3QUGJF2AN8TF2,Mon Dec 04 2017 19:23:07 GMT+0300 (MSK),Mon Dec 04 2017 19:39:19 GMT+0300 (MSK),"Mozilla/5.0 (Macintosh; Intel Mac OS X 10_13_1) AppleWebKit/537.36 (KHTML, like Gecko) Chrome/62.0.3202.94 Safari/537.36",16,"[0.8, 0.4, 0.2]","[0.8, 0.4, 0.2]","[u'red', u'blue', u'black']","[u'left', u'middle', u'right']","[0.8, 0.4, 0.2]","[u'medium', u'low', u'high']",red,49,left,medium,False,False,329,700,NA
A3QUGJF2AN8TF2,Mon Dec 04 2017 19:23:07 GMT+0300 (MSK),Mon Dec 04 2017 19:39:19 GMT+0300 (MSK),"Mozilla/5.0 (Macintosh; Intel Mac OS X 10_13_1) AppleWebKit/537.36 (KHTML, like Gecko) Chrome/62.0.3202.94 Safari/537.36",17,"[0.8, 0.4, 0.2]","[0.8, 0.4, 0.2]","[u'red', u'blue', u'black']","[u'left', u'middle', u'right']","[0.8, 0.4, 0.2]","[u'medium', u'low', u'high']",red,49,left,medium,False,False,361,650,NA
A3QUGJF2AN8TF2,Mon Dec 04 2017 19:23:07 GMT+0300 (MSK),Mon Dec 04 2017 19:39:19 GMT+0300 (MSK),"Mozilla/5.0 (Macintosh; Intel Mac OS X 10_13_1) AppleWebKit/537.36 (KHTML, like Gecko) Chrome/62.0.3202.94 Safari/537.36",18,"[0.8, 0.4, 0.2]","[0.8, 0.4, 0.2]","[u'red', u'blue', u'black']","[u'left', u'middle', u'right']","[0.8, 0.4, 0.2]","[u'medium', u'low', u'high']",black,51,right,high,True,False,329,750,NA
A3QUGJF2AN8TF2,Mon Dec 04 2017 19:23:07 GMT+0300 (MSK),Mon Dec 04 2017 19:39:19 GMT+0300 (MSK),"Mozilla/5.0 (Macintosh; Intel Mac OS X 10_13_1) AppleWebKit/537.36 (KHTML, like Gecko) Chrome/62.0.3202.94 Safari/537.36",19,"[0.8, 0.4, 0.2]","[0.8, 0.4, 0.2]","[u'red', u'blue', u'black']","[u'left', u'middle', u'right']","[0.8, 0.4, 0.2]","[u'medium', u'low', u'high']",black,51,right,high,True,False,350,850,NA
A3QUGJF2AN8TF2,Mon Dec 04 2017 19:23:07 GMT+0300 (MSK),Mon Dec 04 2017 19:39:19 GMT+0300 (MSK),"Mozilla/5.0 (Macintosh; Intel Mac OS X 10_13_1) AppleWebKit/537.36 (KHTML, like Gecko) Chrome/62.0.3202.94 Safari/537.36",20,"[0.8, 0.4, 0.2]","[0.8, 0.4, 0.2]","[u'red', u'blue', u'black']","[u'left', u'middle', u'right']","[0.8, 0.4, 0.2]","[u'medium', u'low', u'high']",black,51,right,high,True,False,312,950,NA
A3QUGJF2AN8TF2,Mon Dec 04 2017 19:23:07 GMT+0300 (MSK),Mon Dec 04 2017 19:39:19 GMT+0300 (MSK),"Mozilla/5.0 (Macintosh; Intel Mac OS X 10_13_1) AppleWebKit/537.36 (KHTML, like Gecko) Chrome/62.0.3202.94 Safari/537.36",21,"[0.8, 0.4, 0.2]","[0.8, 0.4, 0.2]","[u'red', u'blue', u'black']","[u'left', u'middle', u'right']","[0.8, 0.4, 0.2]","[u'medium', u'low', u'high']",black,51,right,high,False,False,361,900,NA
A3QUGJF2AN8TF2,Mon Dec 04 2017 19:23:07 GMT+0300 (MSK),Mon Dec 04 2017 19:39:19 GMT+0300 (MSK),"Mozilla/5.0 (Macintosh; Intel Mac OS X 10_13_1) AppleWebKit/537.36 (KHTML, like Gecko) Chrome/62.0.3202.94 Safari/537.36",22,"[0.8, 0.4, 0.2]","[0.8, 0.4, 0.2]","[u'red', u'blue', u'black']","[u'left', u'middle', u'right']","[0.8, 0.4, 0.2]","[u'medium', u'low', u'high']",black,51,right,high,True,False,386,1000,NA
A3QUGJF2AN8TF2,Mon Dec 04 2017 19:23:07 GMT+0300 (MSK),Mon Dec 04 2017 19:39:19 GMT+0300 (MSK),"Mozilla/5.0 (Macintosh; Intel Mac OS X 10_13_1) AppleWebKit/537.36 (KHTML, like Gecko) Chrome/62.0.3202.94 Safari/537.36",23,"[0.8, 0.4, 0.2]","[0.8, 0.4, 0.2]","[u'red', u'blue', u'black']","[u'left', u'middle', u'right']","[0.8, 0.4, 0.2]","[u'medium', u'low', u'high']",black,51,right,high,True,False,312,1100,NA
A3QUGJF2AN8TF2,Mon Dec 04 2017 19:23:07 GMT+0300 (MSK),Mon Dec 04 2017 19:39:19 GMT+0300 (MSK),"Mozilla/5.0 (Macintosh; Intel Mac OS X 10_13_1) AppleWebKit/537.36 (KHTML, like Gecko) Chrome/62.0.3202.94 Safari/537.36",24,"[0.8, 0.4, 0.2]","[0.8, 0.4, 0.2]","[u'red', u'blue', u'black']","[u'left', u'middle', u'right']","[0.8, 0.4, 0.2]","[u'medium', u'low', u'high']",black,51,right,high,True,False,259,1200,NA
A3QUGJF2AN8TF2,Mon Dec 04 2017 19:23:07 GMT+0300 (MSK),Mon Dec 04 2017 19:39:19 GMT+0300 (MSK),"Mozilla/5.0 (Macintosh; Intel Mac OS X 10_13_1) AppleWebKit/537.36 (KHTML, like Gecko) Chrome/62.0.3202.94 Safari/537.36",25,"[0.8, 0.4, 0.2]","[0.8, 0.4, 0.2]","[u'red', u'blue', u'black']","[u'left', u'middle', u'right']","[0.8, 0.4, 0.2]","[u'medium', u'low', u'high']",black,51,right,high,True,False,293,1300,NA
A3QUGJF2AN8TF2,Mon Dec 04 2017 19:23:07 GMT+0300 (MSK),Mon Dec 04 2017 19:39:19 GMT+0300 (MSK),"Mozilla/5.0 (Macintosh; Intel Mac OS X 10_13_1) AppleWebKit/537.36 (KHTML, like Gecko) Chrome/62.0.3202.94 Safari/537.36",26,"[0.8, 0.4, 0.2]","[0.8, 0.4, 0.2]","[u'red', u'blue', u'black']","[u'left', u'middle', u'right']","[0.8, 0.4, 0.2]","[u'medium', u'low', u'high']",black,51,right,high,True,True,283,1400,NA
A3QUGJF2AN8TF2,Mon Dec 04 2017 19:23:07 GMT+0300 (MSK),Mon Dec 04 2017 19:39:19 GMT+0300 (MSK),"Mozilla/5.0 (Macintosh; Intel Mac OS X 10_13_1) AppleWebKit/537.36 (KHTML, like Gecko) Chrome/62.0.3202.94 Safari/537.36",27,"[0.8, 0.4, 0.2]","[0.8, 0.4, 0.2]","[u'red', u'blue', u'black']","[u'left', u'middle', u'right']","[0.8, 0.4, 0.2]","[u'medium', u'high', u'low']",black,51,right,low,False,False,271,1350,NA
A3QUGJF2AN8TF2,Mon Dec 04 2017 19:23:07 GMT+0300 (MSK),Mon Dec 04 2017 19:39:19 GMT+0300 (MSK),"Mozilla/5.0 (Macintosh; Intel Mac OS X 10_13_1) AppleWebKit/537.36 (KHTML, like Gecko) Chrome/62.0.3202.94 Safari/537.36",28,"[0.8, 0.4, 0.2]","[0.8, 0.4, 0.2]","[u'red', u'blue', u'black']","[u'left', u'middle', u'right']","[0.8, 0.4, 0.2]","[u'medium', u'high', u'low']",black,51,right,low,False,False,271,1300,NA
A3QUGJF2AN8TF2,Mon Dec 04 2017 19:23:07 GMT+0300 (MSK),Mon Dec 04 2017 19:39:19 GMT+0300 (MSK),"Mozilla/5.0 (Macintosh; Intel Mac OS X 10_13_1) AppleWebKit/537.36 (KHTML, like Gecko) Chrome/62.0.3202.94 Safari/537.36",29,"[0.8, 0.4, 0.2]","[0.8, 0.4, 0.2]","[u'red', u'blue', u'black']","[u'left', u'middle', u'right']","[0.8, 0.4, 0.2]","[u'medium', u'high', u'low']",black,51,right,low,False,False,330,1250,NA
A3QUGJF2AN8TF2,Mon Dec 04 2017 19:23:07 GMT+0300 (MSK),Mon Dec 04 2017 19:39:19 GMT+0300 (MSK),"Mozilla/5.0 (Macintosh; Intel Mac OS X 10_13_1) AppleWebKit/537.36 (KHTML, like Gecko) Chrome/62.0.3202.94 Safari/537.36",30,"[0.8, 0.4, 0.2]","[0.8, 0.4, 0.2]","[u'red', u'blue', u'black']","[u'left', u'middle', u'right']","[0.8, 0.4, 0.2]","[u'medium', u'high', u'low']",blue,50,middle,high,True,False,274,1350,NA
A3QUGJF2AN8TF2,Mon Dec 04 2017 19:23:07 GMT+0300 (MSK),Mon Dec 04 2017 19:39:19 GMT+0300 (MSK),"Mozilla/5.0 (Macintosh; Intel Mac OS X 10_13_1) AppleWebKit/537.36 (KHTML, like Gecko) Chrome/62.0.3202.94 Safari/537.36",31,"[0.8, 0.4, 0.2]","[0.8, 0.4, 0.2]","[u'red', u'blue', u'black']","[u'left', u'middle', u'right']","[0.8, 0.4, 0.2]","[u'medium', u'high', u'low']",blue,50,middle,high,True,False,270,1450,NA
A3QUGJF2AN8TF2,Mon Dec 04 2017 19:23:07 GMT+0300 (MSK),Mon Dec 04 2017 19:39:19 GMT+0300 (MSK),"Mozilla/5.0 (Macintosh; Intel Mac OS X 10_13_1) AppleWebKit/537.36 (KHTML, like Gecko) Chrome/62.0.3202.94 Safari/537.36",32,"[0.8, 0.4, 0.2]","[0.8, 0.4, 0.2]","[u'red', u'blue', u'black']","[u'left', u'middle', u'right']","[0.8, 0.4, 0.2]","[u'medium', u'high', u'low']",blue,50,middle,high,True,False,270,1550,NA
A3QUGJF2AN8TF2,Mon Dec 04 2017 19:23:07 GMT+0300 (MSK),Mon Dec 04 2017 19:39:19 GMT+0300 (MSK),"Mozilla/5.0 (Macintosh; Intel Mac OS X 10_13_1) AppleWebKit/537.36 (KHTML, like Gecko) Chrome/62.0.3202.94 Safari/537.36",33,"[0.8, 0.4, 0.2]","[0.8, 0.4, 0.2]","[u'red', u'blue', u'black']","[u'left', u'middle', u'right']","[0.8, 0.4, 0.2]","[u'medium', u'high', u'low']",blue,50,middle,high,True,False,266,1650,NA
A3QUGJF2AN8TF2,Mon Dec 04 2017 19:23:07 GMT+0300 (MSK),Mon Dec 04 2017 19:39:19 GMT+0300 (MSK),"Mozilla/5.0 (Macintosh; Intel Mac OS X 10_13_1) AppleWebKit/537.36 (KHTML, like Gecko) Chrome/62.0.3202.94 Safari/537.36",34,"[0.8, 0.4, 0.2]","[0.8, 0.4, 0.2]","[u'red', u'blue', u'black']","[u'left', u'middle', u'right']","[0.8, 0.4, 0.2]","[u'medium', u'high', u'low']",blue,50,middle,high,True,False,248,1750,NA
A3QUGJF2AN8TF2,Mon Dec 04 2017 19:23:07 GMT+0300 (MSK),Mon Dec 04 2017 19:39:19 GMT+0300 (MSK),"Mozilla/5.0 (Macintosh; Intel Mac OS X 10_13_1) AppleWebKit/537.36 (KHTML, like Gecko) Chrome/62.0.3202.94 Safari/537.36",35,"[0.8, 0.4, 0.2]","[0.8, 0.4, 0.2]","[u'red', u'blue', u'black']","[u'left', u'middle', u'right']","[0.8, 0.4, 0.2]","[u'medium', u'high', u'low']",blue,50,middle,high,False,False,262,1700,NA
A3QUGJF2AN8TF2,Mon Dec 04 2017 19:23:07 GMT+0300 (MSK),Mon Dec 04 2017 19:39:19 GMT+0300 (MSK),"Mozilla/5.0 (Macintosh; Intel Mac OS X 10_13_1) AppleWebKit/537.36 (KHTML, like Gecko) Chrome/62.0.3202.94 Safari/537.36",36,"[0.8, 0.4, 0.2]","[0.8, 0.4, 0.2]","[u'red', u'blue', u'black']","[u'left', u'middle', u'right']","[0.8, 0.4, 0.2]","[u'medium', u'high', u'low']",blue,50,middle,high,True,False,10,1800,NA
A3QUGJF2AN8TF2,Mon Dec 04 2017 19:23:07 GMT+0300 (MSK),Mon Dec 04 2017 19:39:19 GMT+0300 (MSK),"Mozilla/5.0 (Macintosh; Intel Mac OS X 10_13_1) AppleWebKit/537.36 (KHTML, like Gecko) Chrome/62.0.3202.94 Safari/537.36",37,"[0.8, 0.4, 0.2]","[0.8, 0.4, 0.2]","[u'red', u'blue', u'black']","[u'left', u'middle', u'right']","[0.8, 0.4, 0.2]","[u'medium', u'high', u'low']",blue,50,middle,high,True,False,234,1900,NA
A3QUGJF2AN8TF2,Mon Dec 04 2017 19:23:07 GMT+0300 (MSK),Mon Dec 04 2017 19:39:19 GMT+0300 (MSK),"Mozilla/5.0 (Macintosh; Intel Mac OS X 10_13_1) AppleWebKit/537.36 (KHTML, like Gecko) Chrome/62.0.3202.94 Safari/537.36",38,"[0.8, 0.4, 0.2]","[0.8, 0.4, 0.2]","[u'red', u'blue', u'black']","[u'left', u'middle', u'right']","[0.8, 0.4, 0.2]","[u'medium', u'high', u'low']",blue,50,middle,high,True,True,14,2000,NA
A3QUGJF2AN8TF2,Mon Dec 04 2017 19:23:07 GMT+0300 (MSK),Mon Dec 04 2017 19:39:19 GMT+0300 (MSK),"Mozilla/5.0 (Macintosh; Intel Mac OS X 10_13_1) AppleWebKit/537.36 (KHTML, like Gecko) Chrome/62.0.3202.94 Safari/537.36",39,"[0.8, 0.4, 0.2]","[0.8, 0.4, 0.2]","[u'red', u'blue', u'black']","[u'left', u'middle', u'right']","[0.8, 0.4, 0.2]","[u'high', u'low', u'medium']",blue,50,middle,low,False,False,434,1950,NA
A3QUGJF2AN8TF2,Mon Dec 04 2017 19:23:07 GMT+0300 (MSK),Mon Dec 04 2017 19:39:19 GMT+0300 (MSK),"Mozilla/5.0 (Macintosh; Intel Mac OS X 10_13_1) AppleWebKit/537.36 (KHTML, like Gecko) Chrome/62.0.3202.94 Safari/537.36",40,"[0.8, 0.4, 0.2]","[0.8, 0.4, 0.2]","[u'red', u'blue', u'black']","[u'left', u'middle', u'right']","[0.8, 0.4, 0.2]","[u'high', u'low', u'medium']",blue,50,middle,low,False,False,305,1900,NA
A3QUGJF2AN8TF2,Mon Dec 04 2017 19:23:07 GMT+0300 (MSK),Mon Dec 04 2017 19:39:19 GMT+0300 (MSK),"Mozilla/5.0 (Macintosh; Intel Mac OS X 10_13_1) AppleWebKit/537.36 (KHTML, like Gecko) Chrome/62.0.3202.94 Safari/537.36",41,"[0.8, 0.4, 0.2]","[0.8, 0.4, 0.2]","[u'red', u'blue', u'black']","[u'left', u'middle', u'right']","[0.8, 0.4, 0.2]","[u'low', u'high', u'medium']",blue,50,middle,high,True,False,416,2000,NA
A3QUGJF2AN8TF2,Mon Dec 04 2017 19:23:07 GMT+0300 (MSK),Mon Dec 04 2017 19:39:19 GMT+0300 (MSK),"Mozilla/5.0 (Macintosh; Intel Mac OS X 10_13_1) AppleWebKit/537.36 (KHTML, like Gecko) Chrome/62.0.3202.94 Safari/537.36",42,"[0.8, 0.4, 0.2]","[0.8, 0.4, 0.2]","[u'red', u'blue', u'black']","[u'left', u'middle', u'right']","[0.8, 0.4, 0.2]","[u'low', u'high', u'medium']",blue,50,middle,high,False,False,296,1950,NA
A3QUGJF2AN8TF2,Mon Dec 04 2017 19:23:07 GMT+0300 (MSK),Mon Dec 04 2017 19:39:19 GMT+0300 (MSK),"Mozilla/5.0 (Macintosh; Intel Mac OS X 10_13_1) AppleWebKit/537.36 (KHTML, like Gecko) Chrome/62.0.3202.94 Safari/537.36",43,"[0.8, 0.4, 0.2]","[0.8, 0.4, 0.2]","[u'red', u'blue', u'black']","[u'left', u'middle', u'right']","[0.8, 0.4, 0.2]","[u'low', u'high', u'medium']",blue,50,middle,high,True,False,264,2050,NA
A3QUGJF2AN8TF2,Mon Dec 04 2017 19:23:07 GMT+0300 (MSK),Mon Dec 04 2017 19:39:19 GMT+0300 (MSK),"Mozilla/5.0 (Macintosh; Intel Mac OS X 10_13_1) AppleWebKit/537.36 (KHTML, like Gecko) Chrome/62.0.3202.94 Safari/537.36",44,"[0.8, 0.4, 0.2]","[0.8, 0.4, 0.2]","[u'red', u'blue', u'black']","[u'left', u'middle', u'right']","[0.8, 0.4, 0.2]","[u'low', u'high', u'medium']",blue,50,middle,high,True,False,274,2150,NA
A3QUGJF2AN8TF2,Mon Dec 04 2017 19:23:07 GMT+0300 (MSK),Mon Dec 04 2017 19:39:19 GMT+0300 (MSK),"Mozilla/5.0 (Macintosh; Intel Mac OS X 10_13_1) AppleWebKit/537.36 (KHTML, like Gecko) Chrome/62.0.3202.94 Safari/537.36",45,"[0.8, 0.4, 0.2]","[0.8, 0.4, 0.2]","[u'red', u'blue', u'black']","[u'left', u'middle', u'right']","[0.8, 0.4, 0.2]","[u'low', u'high', u'medium']",blue,50,middle,high,False,False,243,2100,NA
A3QUGJF2AN8TF2,Mon Dec 04 2017 19:23:07 GMT+0300 (MSK),Mon Dec 04 2017 19:39:19 GMT+0300 (MSK),"Mozilla/5.0 (Macintosh; Intel Mac OS X 10_13_1) AppleWebKit/537.36 (KHTML, like Gecko) Chrome/62.0.3202.94 Safari/537.36",46,"[0.8, 0.4, 0.2]","[0.8, 0.4, 0.2]","[u'red', u'blue', u'black']","[u'left', u'middle', u'right']","[0.8, 0.4, 0.2]","[u'low', u'high', u'medium']",blue,50,middle,high,True,False,253,2200,NA
A3QUGJF2AN8TF2,Mon Dec 04 2017 19:23:07 GMT+0300 (MSK),Mon Dec 04 2017 19:39:19 GMT+0300 (MSK),"Mozilla/5.0 (Macintosh; Intel Mac OS X 10_13_1) AppleWebKit/537.36 (KHTML, like Gecko) Chrome/62.0.3202.94 Safari/537.36",47,"[0.8, 0.4, 0.2]","[0.8, 0.4, 0.2]","[u'red', u'blue', u'black']","[u'left', u'middle', u'right']","[0.8, 0.4, 0.2]","[u'low', u'high', u'medium']",blue,50,middle,high,True,False,267,2300,NA
A3QUGJF2AN8TF2,Mon Dec 04 2017 19:23:07 GMT+0300 (MSK),Mon Dec 04 2017 19:39:19 GMT+0300 (MSK),"Mozilla/5.0 (Macintosh; Intel Mac OS X 10_13_1) AppleWebKit/537.36 (KHTML, like Gecko) Chrome/62.0.3202.94 Safari/537.36",48,"[0.8, 0.4, 0.2]","[0.8, 0.4, 0.2]","[u'red', u'blue', u'black']","[u'left', u'middle', u'right']","[0.8, 0.4, 0.2]","[u'low', u'high', u'medium']",blue,50,middle,high,True,False,290,2400,NA
A3QUGJF2AN8TF2,Mon Dec 04 2017 19:23:07 GMT+0300 (MSK),Mon Dec 04 2017 19:39:19 GMT+0300 (MSK),"Mozilla/5.0 (Macintosh; Intel Mac OS X 10_13_1) AppleWebKit/537.36 (KHTML, like Gecko) Chrome/62.0.3202.94 Safari/537.36",49,"[0.8, 0.4, 0.2]","[0.8, 0.4, 0.2]","[u'red', u'blue', u'black']","[u'left', u'middle', u'right']","[0.8, 0.4, 0.2]","[u'low', u'high', u'medium']",blue,50,middle,high,True,True,262,2500,NA
A3QUGJF2AN8TF2,Mon Dec 04 2017 19:23:07 GMT+0300 (MSK),Mon Dec 04 2017 19:39:19 GMT+0300 (MSK),"Mozilla/5.0 (Macintosh; Intel Mac OS X 10_13_1) AppleWebKit/537.36 (KHTML, like Gecko) Chrome/62.0.3202.94 Safari/537.36",50,"[0.8, 0.4, 0.2]","[0.8, 0.4, 0.2]","[u'red', u'blue', u'black']","[u'left', u'middle', u'right']","[0.8, 0.4, 0.2]","[u'low', u'medium', u'high']",blue,50,middle,medium,True,False,361,2600,NA
A3QUGJF2AN8TF2,Mon Dec 04 2017 19:23:07 GMT+0300 (MSK),Mon Dec 04 2017 19:39:19 GMT+0300 (MSK),"Mozilla/5.0 (Macintosh; Intel Mac OS X 10_13_1) AppleWebKit/537.36 (KHTML, like Gecko) Chrome/62.0.3202.94 Safari/537.36",51,"[0.8, 0.4, 0.2]","[0.8, 0.4, 0.2]","[u'red', u'blue', u'black']","[u'left', u'middle', u'right']","[0.8, 0.4, 0.2]","[u'low', u'medium', u'high']",blue,50,middle,medium,False,False,263,2550,NA
A3QUGJF2AN8TF2,Mon Dec 04 2017 19:23:07 GMT+0300 (MSK),Mon Dec 04 2017 19:39:19 GMT+0300 (MSK),"Mozilla/5.0 (Macintosh; Intel Mac OS X 10_13_1) AppleWebKit/537.36 (KHTML, like Gecko) Chrome/62.0.3202.94 Safari/537.36",52,"[0.8, 0.4, 0.2]","[0.8, 0.4, 0.2]","[u'red', u'blue', u'black']","[u'left', u'middle', u'right']","[0.8, 0.4, 0.2]","[u'low', u'medium', u'high']",blue,50,middle,medium,True,False,264,2650,NA
A3QUGJF2AN8TF2,Mon Dec 04 2017 19:23:07 GMT+0300 (MSK),Mon Dec 04 2017 19:39:19 GMT+0300 (MSK),"Mozilla/5.0 (Macintosh; Intel Mac OS X 10_13_1) AppleWebKit/537.36 (KHTML, like Gecko) Chrome/62.0.3202.94 Safari/537.36",53,"[0.8, 0.4, 0.2]","[0.8, 0.4, 0.2]","[u'red', u'blue', u'black']","[u'left', u'middle', u'right']","[0.8, 0.4, 0.2]","[u'low', u'medium', u'high']",blue,50,middle,medium,True,False,257,2750,NA
A3QUGJF2AN8TF2,Mon Dec 04 2017 19:23:07 GMT+0300 (MSK),Mon Dec 04 2017 19:39:19 GMT+0300 (MSK),"Mozilla/5.0 (Macintosh; Intel Mac OS X 10_13_1) AppleWebKit/537.36 (KHTML, like Gecko) Chrome/62.0.3202.94 Safari/537.36",54,"[0.8, 0.4, 0.2]","[0.8, 0.4, 0.2]","[u'red', u'blue', u'black']","[u'left', u'middle', u'right']","[0.8, 0.4, 0.2]","[u'low', u'medium', u'high']",blue,50,middle,medium,False,False,309,2700,NA
A3QUGJF2AN8TF2,Mon Dec 04 2017 19:23:07 GMT+0300 (MSK),Mon Dec 04 2017 19:39:19 GMT+0300 (MSK),"Mozilla/5.0 (Macintosh; Intel Mac OS X 10_13_1) AppleWebKit/537.36 (KHTML, like Gecko) Chrome/62.0.3202.94 Safari/537.36",55,"[0.8, 0.4, 0.2]","[0.8, 0.4, 0.2]","[u'red', u'blue', u'black']","[u'left', u'middle', u'right']","[0.8, 0.4, 0.2]","[u'low', u'medium', u'high']",blue,50,middle,medium,True,False,250,2800,NA
A3QUGJF2AN8TF2,Mon Dec 04 2017 19:23:07 GMT+0300 (MSK),Mon Dec 04 2017 19:39:19 GMT+0300 (MSK),"Mozilla/5.0 (Macintosh; Intel Mac OS X 10_13_1) AppleWebKit/537.36 (KHTML, like Gecko) Chrome/62.0.3202.94 Safari/537.36",56,"[0.8, 0.4, 0.2]","[0.8, 0.4, 0.2]","[u'red', u'blue', u'black']","[u'left', u'middle', u'right']","[0.8, 0.4, 0.2]","[u'low', u'medium', u'high']",blue,50,middle,medium,True,False,253,2900,NA
A3QUGJF2AN8TF2,Mon Dec 04 2017 19:23:07 GMT+0300 (MSK),Mon Dec 04 2017 19:39:19 GMT+0300 (MSK),"Mozilla/5.0 (Macintosh; Intel Mac OS X 10_13_1) AppleWebKit/537.36 (KHTML, like Gecko) Chrome/62.0.3202.94 Safari/537.36",57,"[0.8, 0.4, 0.2]","[0.8, 0.4, 0.2]","[u'red', u'blue', u'black']","[u'left', u'middle', u'right']","[0.8, 0.4, 0.2]","[u'low', u'medium', u'high']",blue,50,middle,medium,True,False,255,3000,NA
A3QUGJF2AN8TF2,Mon Dec 04 2017 19:23:07 GMT+0300 (MSK),Mon Dec 04 2017 19:39:19 GMT+0300 (MSK),"Mozilla/5.0 (Macintosh; Intel Mac OS X 10_13_1) AppleWebKit/537.36 (KHTML, like Gecko) Chrome/62.0.3202.94 Safari/537.36",58,"[0.8, 0.4, 0.2]","[0.8, 0.4, 0.2]","[u'red', u'blue', u'black']","[u'left', u'middle', u'right']","[0.8, 0.4, 0.2]","[u'low', u'medium', u'high']",blue,50,middle,medium,True,False,226,3100,NA
A3QUGJF2AN8TF2,Mon Dec 04 2017 19:23:07 GMT+0300 (MSK),Mon Dec 04 2017 19:39:19 GMT+0300 (MSK),"Mozilla/5.0 (Macintosh; Intel Mac OS X 10_13_1) AppleWebKit/537.36 (KHTML, like Gecko) Chrome/62.0.3202.94 Safari/537.36",59,"[0.8, 0.4, 0.2]","[0.8, 0.4, 0.2]","[u'red', u'blue', u'black']","[u'left', u'middle', u'right']","[0.8, 0.4, 0.2]","[u'low', u'medium', u'high']",blue,50,middle,medium,False,False,261,3050,NA
A3QUGJF2AN8TF2,Mon Dec 04 2017 19:23:07 GMT+0300 (MSK),Mon Dec 04 2017 19:39:19 GMT+0300 (MSK),"Mozilla/5.0 (Macintosh; Intel Mac OS X 10_13_1) AppleWebKit/537.36 (KHTML, like Gecko) Chrome/62.0.3202.94 Safari/537.36",60,"[0.8, 0.4, 0.2]","[0.8, 0.4, 0.2]","[u'red', u'blue', u'black']","[u'left', u'middle', u'right']","[0.8, 0.4, 0.2]","[u'low', u'medium', u'high']",blue,50,middle,medium,False,False,293,3000,NA
A3QUGJF2AN8TF2,Mon Dec 04 2017 19:23:07 GMT+0300 (MSK),Mon Dec 04 2017 19:39:19 GMT+0300 (MSK),"Mozilla/5.0 (Macintosh; Intel Mac OS X 10_13_1) AppleWebKit/537.36 (KHTML, like Gecko) Chrome/62.0.3202.94 Safari/537.36",61,"[0.8, 0.4, 0.2]","[0.8, 0.4, 0.2]","[u'red', u'blue', u'black']","[u'left', u'middle', u'right']","[0.8, 0.4, 0.2]","[u'low', u'medium', u'high']",blue,50,middle,medium,True,False,263,3100,NA
A3QUGJF2AN8TF2,Mon Dec 04 2017 19:23:07 GMT+0300 (MSK),Mon Dec 04 2017 19:39:19 GMT+0300 (MSK),"Mozilla/5.0 (Macintosh; Intel Mac OS X 10_13_1) AppleWebKit/537.36 (KHTML, like Gecko) Chrome/62.0.3202.94 Safari/537.36",62,"[0.8, 0.4, 0.2]","[0.8, 0.4, 0.2]","[u'red', u'blue', u'black']","[u'left', u'middle', u'right']","[0.8, 0.4, 0.2]","[u'low', u'medium', u'high']",blue,50,middle,medium,False,False,273,3050,NA
A3QUGJF2AN8TF2,Mon Dec 04 2017 19:23:07 GMT+0300 (MSK),Mon Dec 04 2017 19:39:19 GMT+0300 (MSK),"Mozilla/5.0 (Macintosh; Intel Mac OS X 10_13_1) AppleWebKit/537.36 (KHTML, like Gecko) Chrome/62.0.3202.94 Safari/537.36",63,"[0.8, 0.4, 0.2]","[0.8, 0.4, 0.2]","[u'red', u'blue', u'black']","[u'left', u'middle', u'right']","[0.8, 0.4, 0.2]","[u'low', u'medium', u'high']",blue,50,middle,medium,False,False,269,3000,NA
A3QUGJF2AN8TF2,Mon Dec 04 2017 19:23:07 GMT+0300 (MSK),Mon Dec 04 2017 19:39:19 GMT+0300 (MSK),"Mozilla/5.0 (Macintosh; Intel Mac OS X 10_13_1) AppleWebKit/537.36 (KHTML, like Gecko) Chrome/62.0.3202.94 Safari/537.36",64,"[0.8, 0.4, 0.2]","[0.8, 0.4, 0.2]","[u'red', u'blue', u'black']","[u'left', u'middle', u'right']","[0.8, 0.4, 0.2]","[u'low', u'medium', u'high']",blue,50,middle,medium,False,False,263,2950,NA
A3QUGJF2AN8TF2,Mon Dec 04 2017 19:23:07 GMT+0300 (MSK),Mon Dec 04 2017 19:39:19 GMT+0300 (MSK),"Mozilla/5.0 (Macintosh; Intel Mac OS X 10_13_1) AppleWebKit/537.36 (KHTML, like Gecko) Chrome/62.0.3202.94 Safari/537.36",65,"[0.8, 0.4, 0.2]","[0.8, 0.4, 0.2]","[u'red', u'blue', u'black']","[u'left', u'middle', u'right']","[0.8, 0.4, 0.2]","[u'low', u'medium', u'high']",red,49,left,low,True,False,284,3050,NA
A3QUGJF2AN8TF2,Mon Dec 04 2017 19:23:07 GMT+0300 (MSK),Mon Dec 04 2017 19:39:19 GMT+0300 (MSK),"Mozilla/5.0 (Macintosh; Intel Mac OS X 10_13_1) AppleWebKit/537.36 (KHTML, like Gecko) Chrome/62.0.3202.94 Safari/537.36",66,"[0.8, 0.4, 0.2]","[0.8, 0.4, 0.2]","[u'red', u'blue', u'black']","[u'left', u'middle', u'right']","[0.8, 0.4, 0.2]","[u'low', u'medium', u'high']",red,49,left,low,False,False,266,3000,NA
A3QUGJF2AN8TF2,Mon Dec 04 2017 19:23:07 GMT+0300 (MSK),Mon Dec 04 2017 19:39:19 GMT+0300 (MSK),"Mozilla/5.0 (Macintosh; Intel Mac OS X 10_13_1) AppleWebKit/537.36 (KHTML, like Gecko) Chrome/62.0.3202.94 Safari/537.36",67,"[0.8, 0.4, 0.2]","[0.8, 0.4, 0.2]","[u'red', u'blue', u'black']","[u'left', u'middle', u'right']","[0.8, 0.4, 0.2]","[u'low', u'medium', u'high']",red,49,left,low,False,False,319,2950,NA
A3QUGJF2AN8TF2,Mon Dec 04 2017 19:23:07 GMT+0300 (MSK),Mon Dec 04 2017 19:39:19 GMT+0300 (MSK),"Mozilla/5.0 (Macintosh; Intel Mac OS X 10_13_1) AppleWebKit/537.36 (KHTML, like Gecko) Chrome/62.0.3202.94 Safari/537.36",68,"[0.8, 0.4, 0.2]","[0.8, 0.4, 0.2]","[u'red', u'blue', u'black']","[u'left', u'middle', u'right']","[0.8, 0.4, 0.2]","[u'low', u'medium', u'high']",red,49,left,low,False,False,416,2900,NA
A3QUGJF2AN8TF2,Mon Dec 04 2017 19:23:07 GMT+0300 (MSK),Mon Dec 04 2017 19:39:19 GMT+0300 (MSK),"Mozilla/5.0 (Macintosh; Intel Mac OS X 10_13_1) AppleWebKit/537.36 (KHTML, like Gecko) Chrome/62.0.3202.94 Safari/537.36",69,"[0.8, 0.4, 0.2]","[0.8, 0.4, 0.2]","[u'red', u'blue', u'black']","[u'left', u'middle', u'right']","[0.8, 0.4, 0.2]","[u'low', u'medium', u'high']",black,51,right,high,True,False,287,3000,NA
A3QUGJF2AN8TF2,Mon Dec 04 2017 19:23:07 GMT+0300 (MSK),Mon Dec 04 2017 19:39:19 GMT+0300 (MSK),"Mozilla/5.0 (Macintosh; Intel Mac OS X 10_13_1) AppleWebKit/537.36 (KHTML, like Gecko) Chrome/62.0.3202.94 Safari/537.36",70,"[0.8, 0.4, 0.2]","[0.8, 0.4, 0.2]","[u'red', u'blue', u'black']","[u'left', u'middle', u'right']","[0.8, 0.4, 0.2]","[u'low', u'medium', u'high']",black,51,right,high,True,False,277,3100,NA
A3QUGJF2AN8TF2,Mon Dec 04 2017 19:23:07 GMT+0300 (MSK),Mon Dec 04 2017 19:39:19 GMT+0300 (MSK),"Mozilla/5.0 (Macintosh; Intel Mac OS X 10_13_1) AppleWebKit/537.36 (KHTML, like Gecko) Chrome/62.0.3202.94 Safari/537.36",71,"[0.8, 0.4, 0.2]","[0.8, 0.4, 0.2]","[u'red', u'blue', u'black']","[u'left', u'middle', u'right']","[0.8, 0.4, 0.2]","[u'low', u'medium', u'high']",black,51,right,high,True,False,235,3200,NA
A3QUGJF2AN8TF2,Mon Dec 04 2017 19:23:07 GMT+0300 (MSK),Mon Dec 04 2017 19:39:19 GMT+0300 (MSK),"Mozilla/5.0 (Macintosh; Intel Mac OS X 10_13_1) AppleWebKit/537.36 (KHTML, like Gecko) Chrome/62.0.3202.94 Safari/537.36",72,"[0.8, 0.4, 0.2]","[0.8, 0.4, 0.2]","[u'red', u'blue', u'black']","[u'left', u'middle', u'right']","[0.8, 0.4, 0.2]","[u'low', u'medium', u'high']",black,51,right,high,True,False,208,3300,NA
A3QUGJF2AN8TF2,Mon Dec 04 2017 19:23:07 GMT+0300 (MSK),Mon Dec 04 2017 19:39:19 GMT+0300 (MSK),"Mozilla/5.0 (Macintosh; Intel Mac OS X 10_13_1) AppleWebKit/537.36 (KHTML, like Gecko) Chrome/62.0.3202.94 Safari/537.36",73,"[0.8, 0.4, 0.2]","[0.8, 0.4, 0.2]","[u'red', u'blue', u'black']","[u'left', u'middle', u'right']","[0.8, 0.4, 0.2]","[u'low', u'medium', u'high']",black,51,right,high,True,False,217,3400,NA
A3QUGJF2AN8TF2,Mon Dec 04 2017 19:23:07 GMT+0300 (MSK),Mon Dec 04 2017 19:39:19 GMT+0300 (MSK),"Mozilla/5.0 (Macintosh; Intel Mac OS X 10_13_1) AppleWebKit/537.36 (KHTML, like Gecko) Chrome/62.0.3202.94 Safari/537.36",74,"[0.8, 0.4, 0.2]","[0.8, 0.4, 0.2]","[u'red', u'blue', u'black']","[u'left', u'middle', u'right']","[0.8, 0.4, 0.2]","[u'low', u'medium', u'high']",black,51,right,high,True,False,282,3500,NA
A3QUGJF2AN8TF2,Mon Dec 04 2017 19:23:07 GMT+0300 (MSK),Mon Dec 04 2017 19:39:19 GMT+0300 (MSK),"Mozilla/5.0 (Macintosh; Intel Mac OS X 10_13_1) AppleWebKit/537.36 (KHTML, like Gecko) Chrome/62.0.3202.94 Safari/537.36",75,"[0.8, 0.4, 0.2]","[0.8, 0.4, 0.2]","[u'red', u'blue', u'black']","[u'left', u'middle', u'right']","[0.8, 0.4, 0.2]","[u'low', u'medium', u'high']",black,51,right,high,True,False,237,3600,NA
A3QUGJF2AN8TF2,Mon Dec 04 2017 19:23:07 GMT+0300 (MSK),Mon Dec 04 2017 19:39:19 GMT+0300 (MSK),"Mozilla/5.0 (Macintosh; Intel Mac OS X 10_13_1) AppleWebKit/537.36 (KHTML, like Gecko) Chrome/62.0.3202.94 Safari/537.36",76,"[0.8, 0.4, 0.2]","[0.8, 0.4, 0.2]","[u'red', u'blue', u'black']","[u'left', u'middle', u'right']","[0.8, 0.4, 0.2]","[u'low', u'medium', u'high']",black,51,right,high,False,False,221,3550,NA
A3QUGJF2AN8TF2,Mon Dec 04 2017 19:23:07 GMT+0300 (MSK),Mon Dec 04 2017 19:39:19 GMT+0300 (MSK),"Mozilla/5.0 (Macintosh; Intel Mac OS X 10_13_1) AppleWebKit/537.36 (KHTML, like Gecko) Chrome/62.0.3202.94 Safari/537.36",77,"[0.8, 0.4, 0.2]","[0.8, 0.4, 0.2]","[u'red', u'blue', u'black']","[u'left', u'middle', u'right']","[0.8, 0.4, 0.2]","[u'low', u'medium', u'high']",black,51,right,high,True,True,261,3650,NA
A3QUGJF2AN8TF2,Mon Dec 04 2017 19:23:07 GMT+0300 (MSK),Mon Dec 04 2017 19:39:19 GMT+0300 (MSK),"Mozilla/5.0 (Macintosh; Intel Mac OS X 10_13_1) AppleWebKit/537.36 (KHTML, like Gecko) Chrome/62.0.3202.94 Safari/537.36",78,"[0.8, 0.4, 0.2]","[0.8, 0.4, 0.2]","[u'red', u'blue', u'black']","[u'left', u'middle', u'right']","[0.8, 0.4, 0.2]","[u'high', u'low', u'medium']",black,51,right,medium,False,False,239,3600,NA
A3QUGJF2AN8TF2,Mon Dec 04 2017 19:23:07 GMT+0300 (MSK),Mon Dec 04 2017 19:39:19 GMT+0300 (MSK),"Mozilla/5.0 (Macintosh; Intel Mac OS X 10_13_1) AppleWebKit/537.36 (KHTML, like Gecko) Chrome/62.0.3202.94 Safari/537.36",79,"[0.8, 0.4, 0.2]","[0.8, 0.4, 0.2]","[u'red', u'blue', u'black']","[u'left', u'middle', u'right']","[0.8, 0.4, 0.2]","[u'high', u'low', u'medium']",black,51,right,medium,False,False,248,3550,NA
A3QUGJF2AN8TF2,Mon Dec 04 2017 19:23:07 GMT+0300 (MSK),Mon Dec 04 2017 19:39:19 GMT+0300 (MSK),"Mozilla/5.0 (Macintosh; Intel Mac OS X 10_13_1) AppleWebKit/537.36 (KHTML, like Gecko) Chrome/62.0.3202.94 Safari/537.36",80,"[0.8, 0.4, 0.2]","[0.8, 0.4, 0.2]","[u'red', u'blue', u'black']","[u'left', u'middle', u'right']","[0.8, 0.4, 0.2]","[u'high', u'low', u'medium']",black,51,right,medium,False,False,271,3500,NA
A3QUGJF2AN8TF2,Mon Dec 04 2017 19:23:07 GMT+0300 (MSK),Mon Dec 04 2017 19:39:19 GMT+0300 (MSK),"Mozilla/5.0 (Macintosh; Intel Mac OS X 10_13_1) AppleWebKit/537.36 (KHTML, like Gecko) Chrome/62.0.3202.94 Safari/537.36",81,"[0.8, 0.4, 0.2]","[0.8, 0.4, 0.2]","[u'red', u'blue', u'black']","[u'left', u'middle', u'right']","[0.8, 0.4, 0.2]","[u'low', u'medium', u'high']",black,51,right,high,True,False,948,3600,NA
A3QUGJF2AN8TF2,Mon Dec 04 2017 19:23:07 GMT+0300 (MSK),Mon Dec 04 2017 19:39:19 GMT+0300 (MSK),"Mozilla/5.0 (Macintosh; Intel Mac OS X 10_13_1) AppleWebKit/537.36 (KHTML, like Gecko) Chrome/62.0.3202.94 Safari/537.36",82,"[0.8, 0.4, 0.2]","[0.8, 0.4, 0.2]","[u'red', u'blue', u'black']","[u'left', u'middle', u'right']","[0.8, 0.4, 0.2]","[u'low', u'medium', u'high']",black,51,right,high,True,False,399,3700,NA
A3QUGJF2AN8TF2,Mon Dec 04 2017 19:23:07 GMT+0300 (MSK),Mon Dec 04 2017 19:39:19 GMT+0300 (MSK),"Mozilla/5.0 (Macintosh; Intel Mac OS X 10_13_1) AppleWebKit/537.36 (KHTML, like Gecko) Chrome/62.0.3202.94 Safari/537.36",83,"[0.8, 0.4, 0.2]","[0.8, 0.4, 0.2]","[u'red', u'blue', u'black']","[u'left', u'middle', u'right']","[0.8, 0.4, 0.2]","[u'low', u'medium', u'high']",black,51,right,high,True,False,250,3800,NA
A3QUGJF2AN8TF2,Mon Dec 04 2017 19:23:07 GMT+0300 (MSK),Mon Dec 04 2017 19:39:19 GMT+0300 (MSK),"Mozilla/5.0 (Macintosh; Intel Mac OS X 10_13_1) AppleWebKit/537.36 (KHTML, like Gecko) Chrome/62.0.3202.94 Safari/537.36",84,"[0.8, 0.4, 0.2]","[0.8, 0.4, 0.2]","[u'red', u'blue', u'black']","[u'left', u'middle', u'right']","[0.8, 0.4, 0.2]","[u'low', u'medium', u'high']",black,51,right,high,True,False,223,3900,NA
A3QUGJF2AN8TF2,Mon Dec 04 2017 19:23:07 GMT+0300 (MSK),Mon Dec 04 2017 19:39:19 GMT+0300 (MSK),"Mozilla/5.0 (Macintosh; Intel Mac OS X 10_13_1) AppleWebKit/537.36 (KHTML, like Gecko) Chrome/62.0.3202.94 Safari/537.36",85,"[0.8, 0.4, 0.2]","[0.8, 0.4, 0.2]","[u'red', u'blue', u'black']","[u'left', u'middle', u'right']","[0.8, 0.4, 0.2]","[u'low', u'medium', u'high']",black,51,right,high,True,False,257,4000,NA
A3QUGJF2AN8TF2,Mon Dec 04 2017 19:23:07 GMT+0300 (MSK),Mon Dec 04 2017 19:39:19 GMT+0300 (MSK),"Mozilla/5.0 (Macintosh; Intel Mac OS X 10_13_1) AppleWebKit/537.36 (KHTML, like Gecko) Chrome/62.0.3202.94 Safari/537.36",86,"[0.8, 0.4, 0.2]","[0.8, 0.4, 0.2]","[u'red', u'blue', u'black']","[u'left', u'middle', u'right']","[0.8, 0.4, 0.2]","[u'low', u'medium', u'high']",black,51,right,high,True,False,256,4100,NA
A3QUGJF2AN8TF2,Mon Dec 04 2017 19:23:07 GMT+0300 (MSK),Mon Dec 04 2017 19:39:19 GMT+0300 (MSK),"Mozilla/5.0 (Macintosh; Intel Mac OS X 10_13_1) AppleWebKit/537.36 (KHTML, like Gecko) Chrome/62.0.3202.94 Safari/537.36",87,"[0.8, 0.4, 0.2]","[0.8, 0.4, 0.2]","[u'red', u'blue', u'black']","[u'left', u'middle', u'right']","[0.8, 0.4, 0.2]","[u'low', u'medium', u'high']",black,51,right,high,True,False,203,4200,NA
A3QUGJF2AN8TF2,Mon Dec 04 2017 19:23:07 GMT+0300 (MSK),Mon Dec 04 2017 19:39:19 GMT+0300 (MSK),"Mozilla/5.0 (Macintosh; Intel Mac OS X 10_13_1) AppleWebKit/537.36 (KHTML, like Gecko) Chrome/62.0.3202.94 Safari/537.36",88,"[0.8, 0.4, 0.2]","[0.8, 0.4, 0.2]","[u'red', u'blue', u'black']","[u'left', u'middle', u'right']","[0.8, 0.4, 0.2]","[u'low', u'medium', u'high']",black,51,right,high,True,False,255,4300,NA
A3QUGJF2AN8TF2,Mon Dec 04 2017 19:23:07 GMT+0300 (MSK),Mon Dec 04 2017 19:39:19 GMT+0300 (MSK),"Mozilla/5.0 (Macintosh; Intel Mac OS X 10_13_1) AppleWebKit/537.36 (KHTML, like Gecko) Chrome/62.0.3202.94 Safari/537.36",89,"[0.8, 0.4, 0.2]","[0.8, 0.4, 0.2]","[u'red', u'blue', u'black']","[u'left', u'middle', u'right']","[0.8, 0.4, 0.2]","[u'low', u'medium', u'high']",black,51,right,high,True,True,213,4400,NA
A3QUGJF2AN8TF2,Mon Dec 04 2017 19:23:07 GMT+0300 (MSK),Mon Dec 04 2017 19:39:19 GMT+0300 (MSK),"Mozilla/5.0 (Macintosh; Intel Mac OS X 10_13_1) AppleWebKit/537.36 (KHTML, like Gecko) Chrome/62.0.3202.94 Safari/537.36",90,"[0.8, 0.4, 0.2]","[0.8, 0.4, 0.2]","[u'red', u'blue', u'black']","[u'left', u'middle', u'right']","[0.8, 0.4, 0.2]","[u'high', u'low', u'medium']",black,51,right,medium,True,False,237,4500,NA
A3QUGJF2AN8TF2,Mon Dec 04 2017 19:23:07 GMT+0300 (MSK),Mon Dec 04 2017 19:39:19 GMT+0300 (MSK),"Mozilla/5.0 (Macintosh; Intel Mac OS X 10_13_1) AppleWebKit/537.36 (KHTML, like Gecko) Chrome/62.0.3202.94 Safari/537.36",91,"[0.8, 0.4, 0.2]","[0.8, 0.4, 0.2]","[u'red', u'blue', u'black']","[u'left', u'middle', u'right']","[0.8, 0.4, 0.2]","[u'high', u'low', u'medium']",black,51,right,medium,False,False,248,4450,NA
A3QUGJF2AN8TF2,Mon Dec 04 2017 19:23:07 GMT+0300 (MSK),Mon Dec 04 2017 19:39:19 GMT+0300 (MSK),"Mozilla/5.0 (Macintosh; Intel Mac OS X 10_13_1) AppleWebKit/537.36 (KHTML, like Gecko) Chrome/62.0.3202.94 Safari/537.36",92,"[0.8, 0.4, 0.2]","[0.8, 0.4, 0.2]","[u'red', u'blue', u'black']","[u'left', u'middle', u'right']","[0.8, 0.4, 0.2]","[u'high', u'low', u'medium']",black,51,right,medium,False,False,257,4400,NA
A3QUGJF2AN8TF2,Mon Dec 04 2017 19:23:07 GMT+0300 (MSK),Mon Dec 04 2017 19:39:19 GMT+0300 (MSK),"Mozilla/5.0 (Macintosh; Intel Mac OS X 10_13_1) AppleWebKit/537.36 (KHTML, like Gecko) Chrome/62.0.3202.94 Safari/537.36",93,"[0.8, 0.4, 0.2]","[0.8, 0.4, 0.2]","[u'red', u'blue', u'black']","[u'left', u'middle', u'right']","[0.8, 0.4, 0.2]","[u'high', u'low', u'medium']",black,51,right,medium,True,False,226,4500,NA
A3QUGJF2AN8TF2,Mon Dec 04 2017 19:23:07 GMT+0300 (MSK),Mon Dec 04 2017 19:39:19 GMT+0300 (MSK),"Mozilla/5.0 (Macintosh; Intel Mac OS X 10_13_1) AppleWebKit/537.36 (KHTML, like Gecko) Chrome/62.0.3202.94 Safari/537.36",94,"[0.8, 0.4, 0.2]","[0.8, 0.4, 0.2]","[u'red', u'blue', u'black']","[u'left', u'middle', u'right']","[0.8, 0.4, 0.2]","[u'high', u'low', u'medium']",black,51,right,medium,False,False,272,4450,NA
A3QUGJF2AN8TF2,Mon Dec 04 2017 19:23:07 GMT+0300 (MSK),Mon Dec 04 2017 19:39:19 GMT+0300 (MSK),"Mozilla/5.0 (Macintosh; Intel Mac OS X 10_13_1) AppleWebKit/537.36 (KHTML, like Gecko) Chrome/62.0.3202.94 Safari/537.36",95,"[0.8, 0.4, 0.2]","[0.8, 0.4, 0.2]","[u'red', u'blue', u'black']","[u'left', u'middle', u'right']","[0.8, 0.4, 0.2]","[u'high', u'low', u'medium']",black,51,right,medium,True,False,312,4550,NA
A3QUGJF2AN8TF2,Mon Dec 04 2017 19:23:07 GMT+0300 (MSK),Mon Dec 04 2017 19:39:19 GMT+0300 (MSK),"Mozilla/5.0 (Macintosh; Intel Mac OS X 10_13_1) AppleWebKit/537.36 (KHTML, like Gecko) Chrome/62.0.3202.94 Safari/537.36",96,"[0.8, 0.4, 0.2]","[0.8, 0.4, 0.2]","[u'red', u'blue', u'black']","[u'left', u'middle', u'right']","[0.8, 0.4, 0.2]","[u'high', u'low', u'medium']",black,51,right,medium,False,False,425,4500,NA
A3QUGJF2AN8TF2,Mon Dec 04 2017 19:23:07 GMT+0300 (MSK),Mon Dec 04 2017 19:39:19 GMT+0300 (MSK),"Mozilla/5.0 (Macintosh; Intel Mac OS X 10_13_1) AppleWebKit/537.36 (KHTML, like Gecko) Chrome/62.0.3202.94 Safari/537.36",97,"[0.8, 0.4, 0.2]","[0.8, 0.4, 0.2]","[u'red', u'blue', u'black']","[u'left', u'middle', u'right']","[0.8, 0.4, 0.2]","[u'high', u'low', u'medium']",black,51,right,medium,False,False,233,4450,NA
A3QUGJF2AN8TF2,Mon Dec 04 2017 19:23:07 GMT+0300 (MSK),Mon Dec 04 2017 19:39:19 GMT+0300 (MSK),"Mozilla/5.0 (Macintosh; Intel Mac OS X 10_13_1) AppleWebKit/537.36 (KHTML, like Gecko) Chrome/62.0.3202.94 Safari/537.36",98,"[0.8, 0.4, 0.2]","[0.8, 0.4, 0.2]","[u'red', u'blue', u'black']","[u'left', u'middle', u'right']","[0.8, 0.4, 0.2]","[u'high', u'low', u'medium']",black,51,right,medium,False,False,266,4400,NA
A3QUGJF2AN8TF2,Mon Dec 04 2017 19:23:07 GMT+0300 (MSK),Mon Dec 04 2017 19:39:19 GMT+0300 (MSK),"Mozilla/5.0 (Macintosh; Intel Mac OS X 10_13_1) AppleWebKit/537.36 (KHTML, like Gecko) Chrome/62.0.3202.94 Safari/537.36",99,"[0.8, 0.4, 0.2]","[0.8, 0.4, 0.2]","[u'red', u'blue', u'black']","[u'left', u'middle', u'right']","[0.8, 0.4, 0.2]","[u'high', u'low', u'medium']",red,49,left,high,True,False,260,4500,NA
A3QUGJF2AN8TF2,Mon Dec 04 2017 19:23:07 GMT+0300 (MSK),Mon Dec 04 2017 19:39:19 GMT+0300 (MSK),"Mozilla/5.0 (Macintosh; Intel Mac OS X 10_13_1) AppleWebKit/537.36 (KHTML, like Gecko) Chrome/62.0.3202.94 Safari/537.36",100,"[0.8, 0.4, 0.2]","[0.8, 0.4, 0.2]","[u'red', u'blue', u'black']","[u'left', u'middle', u'right']","[0.8, 0.4, 0.2]","[u'high', u'low', u'medium']",red,49,left,high,False,False,288,4450,NA
A3QUGJF2AN8TF2,Mon Dec 04 2017 19:23:07 GMT+0300 (MSK),Mon Dec 04 2017 19:39:19 GMT+0300 (MSK),"Mozilla/5.0 (Macintosh; Intel Mac OS X 10_13_1) AppleWebKit/537.36 (KHTML, like Gecko) Chrome/62.0.3202.94 Safari/537.36",101,"[0.8, 0.4, 0.2]","[0.8, 0.4, 0.2]","[u'red', u'blue', u'black']","[u'left', u'middle', u'right']","[0.8, 0.4, 0.2]","[u'high', u'low', u'medium']",red,49,left,high,False,False,271,4400,NA
A3QUGJF2AN8TF2,Mon Dec 04 2017 19:23:07 GMT+0300 (MSK),Mon Dec 04 2017 19:39:19 GMT+0300 (MSK),"Mozilla/5.0 (Macintosh; Intel Mac OS X 10_13_1) AppleWebKit/537.36 (KHTML, like Gecko) Chrome/62.0.3202.94 Safari/537.36",102,"[0.8, 0.4, 0.2]","[0.8, 0.4, 0.2]","[u'red', u'blue', u'black']","[u'left', u'middle', u'right']","[0.8, 0.4, 0.2]","[u'high', u'low', u'medium']",red,49,left,high,True,False,272,4500,NA
A3QUGJF2AN8TF2,Mon Dec 04 2017 19:23:07 GMT+0300 (MSK),Mon Dec 04 2017 19:39:19 GMT+0300 (MSK),"Mozilla/5.0 (Macintosh; Intel Mac OS X 10_13_1) AppleWebKit/537.36 (KHTML, like Gecko) Chrome/62.0.3202.94 Safari/537.36",103,"[0.8, 0.4, 0.2]","[0.8, 0.4, 0.2]","[u'red', u'blue', u'black']","[u'left', u'middle', u'right']","[0.8, 0.4, 0.2]","[u'high', u'low', u'medium']",red,49,left,high,True,False,342,4600,NA
A3QUGJF2AN8TF2,Mon Dec 04 2017 19:23:07 GMT+0300 (MSK),Mon Dec 04 2017 19:39:19 GMT+0300 (MSK),"Mozilla/5.0 (Macintosh; Intel Mac OS X 10_13_1) AppleWebKit/537.36 (KHTML, like Gecko) Chrome/62.0.3202.94 Safari/537.36",104,"[0.8, 0.4, 0.2]","[0.8, 0.4, 0.2]","[u'red', u'blue', u'black']","[u'left', u'middle', u'right']","[0.8, 0.4, 0.2]","[u'high', u'low', u'medium']",red,49,left,high,False,False,310,4550,NA
A3QUGJF2AN8TF2,Mon Dec 04 2017 19:23:07 GMT+0300 (MSK),Mon Dec 04 2017 19:39:19 GMT+0300 (MSK),"Mozilla/5.0 (Macintosh; Intel Mac OS X 10_13_1) AppleWebKit/537.36 (KHTML, like Gecko) Chrome/62.0.3202.94 Safari/537.36",105,"[0.8, 0.4, 0.2]","[0.8, 0.4, 0.2]","[u'red', u'blue', u'black']","[u'left', u'middle', u'right']","[0.8, 0.4, 0.2]","[u'high', u'low', u'medium']",red,49,left,high,True,False,295,4650,NA
A3QUGJF2AN8TF2,Mon Dec 04 2017 19:23:07 GMT+0300 (MSK),Mon Dec 04 2017 19:39:19 GMT+0300 (MSK),"Mozilla/5.0 (Macintosh; Intel Mac OS X 10_13_1) AppleWebKit/537.36 (KHTML, like Gecko) Chrome/62.0.3202.94 Safari/537.36",106,"[0.8, 0.4, 0.2]","[0.8, 0.4, 0.2]","[u'red', u'blue', u'black']","[u'left', u'middle', u'right']","[0.8, 0.4, 0.2]","[u'high', u'low', u'medium']",red,49,left,high,False,False,234,4600,NA
A3QUGJF2AN8TF2,Mon Dec 04 2017 19:23:07 GMT+0300 (MSK),Mon Dec 04 2017 19:39:19 GMT+0300 (MSK),"Mozilla/5.0 (Macintosh; Intel Mac OS X 10_13_1) AppleWebKit/537.36 (KHTML, like Gecko) Chrome/62.0.3202.94 Safari/537.36",107,"[0.8, 0.4, 0.2]","[0.8, 0.4, 0.2]","[u'red', u'blue', u'black']","[u'left', u'middle', u'right']","[0.8, 0.4, 0.2]","[u'high', u'low', u'medium']",red,49,left,high,True,True,241,4700,NA
A3QUGJF2AN8TF2,Mon Dec 04 2017 19:23:07 GMT+0300 (MSK),Mon Dec 04 2017 19:39:19 GMT+0300 (MSK),"Mozilla/5.0 (Macintosh; Intel Mac OS X 10_13_1) AppleWebKit/537.36 (KHTML, like Gecko) Chrome/62.0.3202.94 Safari/537.36",108,"[0.8, 0.4, 0.2]","[0.8, 0.4, 0.2]","[u'red', u'blue', u'black']","[u'left', u'middle', u'right']","[0.8, 0.4, 0.2]","[u'medium', u'low', u'high']",red,49,left,medium,False,False,306,4650,NA
A3QUGJF2AN8TF2,Mon Dec 04 2017 19:23:07 GMT+0300 (MSK),Mon Dec 04 2017 19:39:19 GMT+0300 (MSK),"Mozilla/5.0 (Macintosh; Intel Mac OS X 10_13_1) AppleWebKit/537.36 (KHTML, like Gecko) Chrome/62.0.3202.94 Safari/537.36",109,"[0.8, 0.4, 0.2]","[0.8, 0.4, 0.2]","[u'red', u'blue', u'black']","[u'left', u'middle', u'right']","[0.8, 0.4, 0.2]","[u'medium', u'low', u'high']",blue,50,middle,low,True,False,257,4750,NA
A3QUGJF2AN8TF2,Mon Dec 04 2017 19:23:07 GMT+0300 (MSK),Mon Dec 04 2017 19:39:19 GMT+0300 (MSK),"Mozilla/5.0 (Macintosh; Intel Mac OS X 10_13_1) AppleWebKit/537.36 (KHTML, like Gecko) Chrome/62.0.3202.94 Safari/537.36",110,"[0.8, 0.4, 0.2]","[0.8, 0.4, 0.2]","[u'red', u'blue', u'black']","[u'left', u'middle', u'right']","[0.8, 0.4, 0.2]","[u'medium', u'low', u'high']",blue,50,middle,low,False,False,307,4700,NA
A3QUGJF2AN8TF2,Mon Dec 04 2017 19:23:07 GMT+0300 (MSK),Mon Dec 04 2017 19:39:19 GMT+0300 (MSK),"Mozilla/5.0 (Macintosh; Intel Mac OS X 10_13_1) AppleWebKit/537.36 (KHTML, like Gecko) Chrome/62.0.3202.94 Safari/537.36",111,"[0.8, 0.4, 0.2]","[0.8, 0.4, 0.2]","[u'red', u'blue', u'black']","[u'left', u'middle', u'right']","[0.8, 0.4, 0.2]","[u'medium', u'low', u'high']",blue,50,middle,low,False,False,337,4650,NA
A3QUGJF2AN8TF2,Mon Dec 04 2017 19:23:07 GMT+0300 (MSK),Mon Dec 04 2017 19:39:19 GMT+0300 (MSK),"Mozilla/5.0 (Macintosh; Intel Mac OS X 10_13_1) AppleWebKit/537.36 (KHTML, like Gecko) Chrome/62.0.3202.94 Safari/537.36",112,"[0.8, 0.4, 0.2]","[0.8, 0.4, 0.2]","[u'red', u'blue', u'black']","[u'left', u'middle', u'right']","[0.8, 0.4, 0.2]","[u'medium', u'low', u'high']",blue,50,middle,low,False,False,369,4600,NA
A3QUGJF2AN8TF2,Mon Dec 04 2017 19:23:07 GMT+0300 (MSK),Mon Dec 04 2017 19:39:19 GMT+0300 (MSK),"Mozilla/5.0 (Macintosh; Intel Mac OS X 10_13_1) AppleWebKit/537.36 (KHTML, like Gecko) Chrome/62.0.3202.94 Safari/537.36",113,"[0.8, 0.4, 0.2]","[0.8, 0.4, 0.2]","[u'red', u'blue', u'black']","[u'left', u'middle', u'right']","[0.8, 0.4, 0.2]","[u'medium', u'low', u'high']",red,49,left,medium,False,False,307,4550,NA
A3QUGJF2AN8TF2,Mon Dec 04 2017 19:23:07 GMT+0300 (MSK),Mon Dec 04 2017 19:39:19 GMT+0300 (MSK),"Mozilla/5.0 (Macintosh; Intel Mac OS X 10_13_1) AppleWebKit/537.36 (KHTML, like Gecko) Chrome/62.0.3202.94 Safari/537.36",114,"[0.8, 0.4, 0.2]","[0.8, 0.4, 0.2]","[u'red', u'blue', u'black']","[u'left', u'middle', u'right']","[0.8, 0.4, 0.2]","[u'medium', u'low', u'high']",red,49,left,medium,True,False,303,4650,NA
A3QUGJF2AN8TF2,Mon Dec 04 2017 19:23:07 GMT+0300 (MSK),Mon Dec 04 2017 19:39:19 GMT+0300 (MSK),"Mozilla/5.0 (Macintosh; Intel Mac OS X 10_13_1) AppleWebKit/537.36 (KHTML, like Gecko) Chrome/62.0.3202.94 Safari/537.36",115,"[0.8, 0.4, 0.2]","[0.8, 0.4, 0.2]","[u'red', u'blue', u'black']","[u'left', u'middle', u'right']","[0.8, 0.4, 0.2]","[u'medium', u'low', u'high']",red,49,left,medium,True,False,268,4750,NA
A3QUGJF2AN8TF2,Mon Dec 04 2017 19:23:07 GMT+0300 (MSK),Mon Dec 04 2017 19:39:19 GMT+0300 (MSK),"Mozilla/5.0 (Macintosh; Intel Mac OS X 10_13_1) AppleWebKit/537.36 (KHTML, like Gecko) Chrome/62.0.3202.94 Safari/537.36",116,"[0.8, 0.4, 0.2]","[0.8, 0.4, 0.2]","[u'red', u'blue', u'black']","[u'left', u'middle', u'right']","[0.8, 0.4, 0.2]","[u'medium', u'low', u'high']",red,49,left,medium,True,False,237,4850,NA
A3QUGJF2AN8TF2,Mon Dec 04 2017 19:23:07 GMT+0300 (MSK),Mon Dec 04 2017 19:39:19 GMT+0300 (MSK),"Mozilla/5.0 (Macintosh; Intel Mac OS X 10_13_1) AppleWebKit/537.36 (KHTML, like Gecko) Chrome/62.0.3202.94 Safari/537.36",117,"[0.8, 0.4, 0.2]","[0.8, 0.4, 0.2]","[u'red', u'blue', u'black']","[u'left', u'middle', u'right']","[0.8, 0.4, 0.2]","[u'medium', u'low', u'high']",red,49,left,medium,False,False,252,4800,NA
A3QUGJF2AN8TF2,Mon Dec 04 2017 19:23:07 GMT+0300 (MSK),Mon Dec 04 2017 19:39:19 GMT+0300 (MSK),"Mozilla/5.0 (Macintosh; Intel Mac OS X 10_13_1) AppleWebKit/537.36 (KHTML, like Gecko) Chrome/62.0.3202.94 Safari/537.36",118,"[0.8, 0.4, 0.2]","[0.8, 0.4, 0.2]","[u'red', u'blue', u'black']","[u'left', u'middle', u'right']","[0.8, 0.4, 0.2]","[u'medium', u'low', u'high']",red,49,left,medium,False,False,272,4750,NA
A3QUGJF2AN8TF2,Mon Dec 04 2017 19:23:07 GMT+0300 (MSK),Mon Dec 04 2017 19:39:19 GMT+0300 (MSK),"Mozilla/5.0 (Macintosh; Intel Mac OS X 10_13_1) AppleWebKit/537.36 (KHTML, like Gecko) Chrome/62.0.3202.94 Safari/537.36",119,"[0.8, 0.4, 0.2]","[0.8, 0.4, 0.2]","[u'red', u'blue', u'black']","[u'left', u'middle', u'right']","[0.8, 0.4, 0.2]","[u'medium', u'low', u'high']",red,49,left,medium,False,False,295,4700,NA
A3QUGJF2AN8TF2,Mon Dec 04 2017 19:23:07 GMT+0300 (MSK),Mon Dec 04 2017 19:39:19 GMT+0300 (MSK),"Mozilla/5.0 (Macintosh; Intel Mac OS X 10_13_1) AppleWebKit/537.36 (KHTML, like Gecko) Chrome/62.0.3202.94 Safari/537.36",120,"[0.8, 0.4, 0.2]","[0.8, 0.4, 0.2]","[u'red', u'blue', u'black']","[u'left', u'middle', u'right']","[0.8, 0.4, 0.2]","[u'medium', u'low', u'high']",black,51,right,high,True,False,302,4800,NA
A3QUGJF2AN8TF2,Mon Dec 04 2017 19:23:07 GMT+0300 (MSK),Mon Dec 04 2017 19:39:19 GMT+0300 (MSK),"Mozilla/5.0 (Macintosh; Intel Mac OS X 10_13_1) AppleWebKit/537.36 (KHTML, like Gecko) Chrome/62.0.3202.94 Safari/537.36",121,"[0.8, 0.4, 0.2]","[0.8, 0.4, 0.2]","[u'red', u'blue', u'black']","[u'left', u'middle', u'right']","[0.8, 0.4, 0.2]","[u'high', u'low', u'medium']",black,51,right,medium,True,False,462,4900,NA
A3QUGJF2AN8TF2,Mon Dec 04 2017 19:23:07 GMT+0300 (MSK),Mon Dec 04 2017 19:39:19 GMT+0300 (MSK),"Mozilla/5.0 (Macintosh; Intel Mac OS X 10_13_1) AppleWebKit/537.36 (KHTML, like Gecko) Chrome/62.0.3202.94 Safari/537.36",122,"[0.8, 0.4, 0.2]","[0.8, 0.4, 0.2]","[u'red', u'blue', u'black']","[u'left', u'middle', u'right']","[0.8, 0.4, 0.2]","[u'high', u'low', u'medium']",black,51,right,medium,False,False,226,4850,NA
A3QUGJF2AN8TF2,Mon Dec 04 2017 19:23:07 GMT+0300 (MSK),Mon Dec 04 2017 19:39:19 GMT+0300 (MSK),"Mozilla/5.0 (Macintosh; Intel Mac OS X 10_13_1) AppleWebKit/537.36 (KHTML, like Gecko) Chrome/62.0.3202.94 Safari/537.36",123,"[0.8, 0.4, 0.2]","[0.8, 0.4, 0.2]","[u'red', u'blue', u'black']","[u'left', u'middle', u'right']","[0.8, 0.4, 0.2]","[u'high', u'low', u'medium']",black,51,right,medium,False,False,262,4800,NA
A3QUGJF2AN8TF2,Mon Dec 04 2017 19:23:07 GMT+0300 (MSK),Mon Dec 04 2017 19:39:19 GMT+0300 (MSK),"Mozilla/5.0 (Macintosh; Intel Mac OS X 10_13_1) AppleWebKit/537.36 (KHTML, like Gecko) Chrome/62.0.3202.94 Safari/537.36",124,"[0.8, 0.4, 0.2]","[0.8, 0.4, 0.2]","[u'red', u'blue', u'black']","[u'left', u'middle', u'right']","[0.8, 0.4, 0.2]","[u'high', u'low', u'medium']",black,51,right,medium,False,False,315,4750,NA
A3QUGJF2AN8TF2,Mon Dec 04 2017 19:23:07 GMT+0300 (MSK),Mon Dec 04 2017 19:39:19 GMT+0300 (MSK),"Mozilla/5.0 (Macintosh; Intel Mac OS X 10_13_1) AppleWebKit/537.36 (KHTML, like Gecko) Chrome/62.0.3202.94 Safari/537.36",125,"[0.8, 0.4, 0.2]","[0.8, 0.4, 0.2]","[u'red', u'blue', u'black']","[u'left', u'middle', u'right']","[0.8, 0.4, 0.2]","[u'high', u'low', u'medium']",red,49,left,high,True,False,264,4850,NA
A3QUGJF2AN8TF2,Mon Dec 04 2017 19:23:07 GMT+0300 (MSK),Mon Dec 04 2017 19:39:19 GMT+0300 (MSK),"Mozilla/5.0 (Macintosh; Intel Mac OS X 10_13_1) AppleWebKit/537.36 (KHTML, like Gecko) Chrome/62.0.3202.94 Safari/537.36",126,"[0.8, 0.4, 0.2]","[0.8, 0.4, 0.2]","[u'red', u'blue', u'black']","[u'left', u'middle', u'right']","[0.8, 0.4, 0.2]","[u'high', u'low', u'medium']",red,49,left,high,True,False,195,4950,NA
A3QUGJF2AN8TF2,Mon Dec 04 2017 19:23:07 GMT+0300 (MSK),Mon Dec 04 2017 19:39:19 GMT+0300 (MSK),"Mozilla/5.0 (Macintosh; Intel Mac OS X 10_13_1) AppleWebKit/537.36 (KHTML, like Gecko) Chrome/62.0.3202.94 Safari/537.36",127,"[0.8, 0.4, 0.2]","[0.8, 0.4, 0.2]","[u'red', u'blue', u'black']","[u'left', u'middle', u'right']","[0.8, 0.4, 0.2]","[u'high', u'low', u'medium']",red,49,left,high,True,False,243,5050,NA
A3QUGJF2AN8TF2,Mon Dec 04 2017 19:23:07 GMT+0300 (MSK),Mon Dec 04 2017 19:39:19 GMT+0300 (MSK),"Mozilla/5.0 (Macintosh; Intel Mac OS X 10_13_1) AppleWebKit/537.36 (KHTML, like Gecko) Chrome/62.0.3202.94 Safari/537.36",128,"[0.8, 0.4, 0.2]","[0.8, 0.4, 0.2]","[u'red', u'blue', u'black']","[u'left', u'middle', u'right']","[0.8, 0.4, 0.2]","[u'high', u'low', u'medium']",red,49,left,high,True,False,334,5150,NA
A3QUGJF2AN8TF2,Mon Dec 04 2017 19:23:07 GMT+0300 (MSK),Mon Dec 04 2017 19:39:19 GMT+0300 (MSK),"Mozilla/5.0 (Macintosh; Intel Mac OS X 10_13_1) AppleWebKit/537.36 (KHTML, like Gecko) Chrome/62.0.3202.94 Safari/537.36",129,"[0.8, 0.4, 0.2]","[0.8, 0.4, 0.2]","[u'red', u'blue', u'black']","[u'left', u'middle', u'right']","[0.8, 0.4, 0.2]","[u'high', u'low', u'medium']",red,49,left,high,True,False,232,5250,NA
A3QUGJF2AN8TF2,Mon Dec 04 2017 19:23:07 GMT+0300 (MSK),Mon Dec 04 2017 19:39:19 GMT+0300 (MSK),"Mozilla/5.0 (Macintosh; Intel Mac OS X 10_13_1) AppleWebKit/537.36 (KHTML, like Gecko) Chrome/62.0.3202.94 Safari/537.36",130,"[0.8, 0.4, 0.2]","[0.8, 0.4, 0.2]","[u'red', u'blue', u'black']","[u'left', u'middle', u'right']","[0.8, 0.4, 0.2]","[u'high', u'low', u'medium']",red,49,left,high,True,False,225,5350,NA
A3QUGJF2AN8TF2,Mon Dec 04 2017 19:23:07 GMT+0300 (MSK),Mon Dec 04 2017 19:39:19 GMT+0300 (MSK),"Mozilla/5.0 (Macintosh; Intel Mac OS X 10_13_1) AppleWebKit/537.36 (KHTML, like Gecko) Chrome/62.0.3202.94 Safari/537.36",131,"[0.8, 0.4, 0.2]","[0.8, 0.4, 0.2]","[u'red', u'blue', u'black']","[u'left', u'middle', u'right']","[0.8, 0.4, 0.2]","[u'high', u'low', u'medium']",red,49,left,high,True,False,226,5450,NA
A3QUGJF2AN8TF2,Mon Dec 04 2017 19:23:07 GMT+0300 (MSK),Mon Dec 04 2017 19:39:19 GMT+0300 (MSK),"Mozilla/5.0 (Macintosh; Intel Mac OS X 10_13_1) AppleWebKit/537.36 (KHTML, like Gecko) Chrome/62.0.3202.94 Safari/537.36",132,"[0.8, 0.4, 0.2]","[0.8, 0.4, 0.2]","[u'red', u'blue', u'black']","[u'left', u'middle', u'right']","[0.8, 0.4, 0.2]","[u'high', u'low', u'medium']",red,49,left,high,True,False,241,5550,NA
A3QUGJF2AN8TF2,Mon Dec 04 2017 19:23:07 GMT+0300 (MSK),Mon Dec 04 2017 19:39:19 GMT+0300 (MSK),"Mozilla/5.0 (Macintosh; Intel Mac OS X 10_13_1) AppleWebKit/537.36 (KHTML, like Gecko) Chrome/62.0.3202.94 Safari/537.36",133,"[0.8, 0.4, 0.2]","[0.8, 0.4, 0.2]","[u'red', u'blue', u'black']","[u'left', u'middle', u'right']","[0.8, 0.4, 0.2]","[u'high', u'low', u'medium']",red,49,left,high,True,True,213,5650,NA
A3QUGJF2AN8TF2,Mon Dec 04 2017 19:23:07 GMT+0300 (MSK),Mon Dec 04 2017 19:39:19 GMT+0300 (MSK),"Mozilla/5.0 (Macintosh; Intel Mac OS X 10_13_1) AppleWebKit/537.36 (KHTML, like Gecko) Chrome/62.0.3202.94 Safari/537.36",134,"[0.8, 0.4, 0.2]","[0.8, 0.4, 0.2]","[u'red', u'blue', u'black']","[u'left', u'middle', u'right']","[0.8, 0.4, 0.2]","[u'medium', u'high', u'low']",red,49,left,medium,True,False,268,5750,NA
A3QUGJF2AN8TF2,Mon Dec 04 2017 19:23:07 GMT+0300 (MSK),Mon Dec 04 2017 19:39:19 GMT+0300 (MSK),"Mozilla/5.0 (Macintosh; Intel Mac OS X 10_13_1) AppleWebKit/537.36 (KHTML, like Gecko) Chrome/62.0.3202.94 Safari/537.36",135,"[0.8, 0.4, 0.2]","[0.8, 0.4, 0.2]","[u'red', u'blue', u'black']","[u'left', u'middle', u'right']","[0.8, 0.4, 0.2]","[u'medium', u'high', u'low']",red,49,left,medium,False,False,206,5700,NA
A3QUGJF2AN8TF2,Mon Dec 04 2017 19:23:07 GMT+0300 (MSK),Mon Dec 04 2017 19:39:19 GMT+0300 (MSK),"Mozilla/5.0 (Macintosh; Intel Mac OS X 10_13_1) AppleWebKit/537.36 (KHTML, like Gecko) Chrome/62.0.3202.94 Safari/537.36",136,"[0.8, 0.4, 0.2]","[0.8, 0.4, 0.2]","[u'red', u'blue', u'black']","[u'left', u'middle', u'right']","[0.8, 0.4, 0.2]","[u'medium', u'high', u'low']",red,49,left,medium,True,False,239,5800,NA
A3QUGJF2AN8TF2,Mon Dec 04 2017 19:23:07 GMT+0300 (MSK),Mon Dec 04 2017 19:39:19 GMT+0300 (MSK),"Mozilla/5.0 (Macintosh; Intel Mac OS X 10_13_1) AppleWebKit/537.36 (KHTML, like Gecko) Chrome/62.0.3202.94 Safari/537.36",137,"[0.8, 0.4, 0.2]","[0.8, 0.4, 0.2]","[u'red', u'blue', u'black']","[u'left', u'middle', u'right']","[0.8, 0.4, 0.2]","[u'medium', u'high', u'low']",red,49,left,medium,True,False,212,5900,NA
A3QUGJF2AN8TF2,Mon Dec 04 2017 19:23:07 GMT+0300 (MSK),Mon Dec 04 2017 19:39:19 GMT+0300 (MSK),"Mozilla/5.0 (Macintosh; Intel Mac OS X 10_13_1) AppleWebKit/537.36 (KHTML, like Gecko) Chrome/62.0.3202.94 Safari/537.36",138,"[0.8, 0.4, 0.2]","[0.8, 0.4, 0.2]","[u'red', u'blue', u'black']","[u'left', u'middle', u'right']","[0.8, 0.4, 0.2]","[u'medium', u'high', u'low']",red,49,left,medium,False,False,214,5850,NA
A3QUGJF2AN8TF2,Mon Dec 04 2017 19:23:07 GMT+0300 (MSK),Mon Dec 04 2017 19:39:19 GMT+0300 (MSK),"Mozilla/5.0 (Macintosh; Intel Mac OS X 10_13_1) AppleWebKit/537.36 (KHTML, like Gecko) Chrome/62.0.3202.94 Safari/537.36",139,"[0.8, 0.4, 0.2]","[0.8, 0.4, 0.2]","[u'red', u'blue', u'black']","[u'left', u'middle', u'right']","[0.8, 0.4, 0.2]","[u'medium', u'high', u'low']",red,49,left,medium,True,False,240,5950,NA
A3QUGJF2AN8TF2,Mon Dec 04 2017 19:23:07 GMT+0300 (MSK),Mon Dec 04 2017 19:39:19 GMT+0300 (MSK),"Mozilla/5.0 (Macintosh; Intel Mac OS X 10_13_1) AppleWebKit/537.36 (KHTML, like Gecko) Chrome/62.0.3202.94 Safari/537.36",140,"[0.8, 0.4, 0.2]","[0.8, 0.4, 0.2]","[u'red', u'blue', u'black']","[u'left', u'middle', u'right']","[0.8, 0.4, 0.2]","[u'medium', u'high', u'low']",red,49,left,medium,True,False,208,6050,NA
A3QUGJF2AN8TF2,Mon Dec 04 2017 19:23:07 GMT+0300 (MSK),Mon Dec 04 2017 19:39:19 GMT+0300 (MSK),"Mozilla/5.0 (Macintosh; Intel Mac OS X 10_13_1) AppleWebKit/537.36 (KHTML, like Gecko) Chrome/62.0.3202.94 Safari/537.36",141,"[0.8, 0.4, 0.2]","[0.8, 0.4, 0.2]","[u'red', u'blue', u'black']","[u'left', u'middle', u'right']","[0.8, 0.4, 0.2]","[u'medium', u'high', u'low']",red,49,left,medium,True,False,498,6150,NA
A3QUGJF2AN8TF2,Mon Dec 04 2017 19:23:07 GMT+0300 (MSK),Mon Dec 04 2017 19:39:19 GMT+0300 (MSK),"Mozilla/5.0 (Macintosh; Intel Mac OS X 10_13_1) AppleWebKit/537.36 (KHTML, like Gecko) Chrome/62.0.3202.94 Safari/537.36",142,"[0.8, 0.4, 0.2]","[0.8, 0.4, 0.2]","[u'red', u'blue', u'black']","[u'left', u'middle', u'right']","[0.8, 0.4, 0.2]","[u'medium', u'high', u'low']",red,49,left,medium,True,False,311,6250,NA
A3QUGJF2AN8TF2,Mon Dec 04 2017 19:23:07 GMT+0300 (MSK),Mon Dec 04 2017 19:39:19 GMT+0300 (MSK),"Mozilla/5.0 (Macintosh; Intel Mac OS X 10_13_1) AppleWebKit/537.36 (KHTML, like Gecko) Chrome/62.0.3202.94 Safari/537.36",143,"[0.8, 0.4, 0.2]","[0.8, 0.4, 0.2]","[u'red', u'blue', u'black']","[u'left', u'middle', u'right']","[0.8, 0.4, 0.2]","[u'medium', u'high', u'low']",red,49,left,medium,False,False,256,6200,NA
A3QUGJF2AN8TF2,Mon Dec 04 2017 19:23:07 GMT+0300 (MSK),Mon Dec 04 2017 19:39:19 GMT+0300 (MSK),"Mozilla/5.0 (Macintosh; Intel Mac OS X 10_13_1) AppleWebKit/537.36 (KHTML, like Gecko) Chrome/62.0.3202.94 Safari/537.36",144,"[0.8, 0.4, 0.2]","[0.8, 0.4, 0.2]","[u'red', u'blue', u'black']","[u'left', u'middle', u'right']","[0.8, 0.4, 0.2]","[u'medium', u'high', u'low']",red,49,left,medium,False,False,357,6150,NA
A3QUGJF2AN8TF2,Mon Dec 04 2017 19:23:07 GMT+0300 (MSK),Mon Dec 04 2017 19:39:19 GMT+0300 (MSK),"Mozilla/5.0 (Macintosh; Intel Mac OS X 10_13_1) AppleWebKit/537.36 (KHTML, like Gecko) Chrome/62.0.3202.94 Safari/537.36",145,"[0.8, 0.4, 0.2]","[0.8, 0.4, 0.2]","[u'red', u'blue', u'black']","[u'left', u'middle', u'right']","[0.8, 0.4, 0.2]","[u'medium', u'high', u'low']",red,49,left,medium,True,False,250,6250,NA
A3QUGJF2AN8TF2,Mon Dec 04 2017 19:23:07 GMT+0300 (MSK),Mon Dec 04 2017 19:39:19 GMT+0300 (MSK),"Mozilla/5.0 (Macintosh; Intel Mac OS X 10_13_1) AppleWebKit/537.36 (KHTML, like Gecko) Chrome/62.0.3202.94 Safari/537.36",146,"[0.8, 0.4, 0.2]","[0.8, 0.4, 0.2]","[u'red', u'blue', u'black']","[u'left', u'middle', u'right']","[0.8, 0.4, 0.2]","[u'medium', u'high', u'low']",red,49,left,medium,True,False,256,6350,NA
A3QUGJF2AN8TF2,Mon Dec 04 2017 19:23:07 GMT+0300 (MSK),Mon Dec 04 2017 19:39:19 GMT+0300 (MSK),"Mozilla/5.0 (Macintosh; Intel Mac OS X 10_13_1) AppleWebKit/537.36 (KHTML, like Gecko) Chrome/62.0.3202.94 Safari/537.36",147,"[0.8, 0.4, 0.2]","[0.8, 0.4, 0.2]","[u'red', u'blue', u'black']","[u'left', u'middle', u'right']","[0.8, 0.4, 0.2]","[u'medium', u'high', u'low']",red,49,left,medium,True,False,250,6450,NA
A3QUGJF2AN8TF2,Mon Dec 04 2017 19:23:07 GMT+0300 (MSK),Mon Dec 04 2017 19:39:19 GMT+0300 (MSK),"Mozilla/5.0 (Macintosh; Intel Mac OS X 10_13_1) AppleWebKit/537.36 (KHTML, like Gecko) Chrome/62.0.3202.94 Safari/537.36",148,"[0.8, 0.4, 0.2]","[0.8, 0.4, 0.2]","[u'red', u'blue', u'black']","[u'left', u'middle', u'right']","[0.8, 0.4, 0.2]","[u'medium', u'high', u'low']",red,49,left,medium,False,False,218,6400,NA
A3QUGJF2AN8TF2,Mon Dec 04 2017 19:23:07 GMT+0300 (MSK),Mon Dec 04 2017 19:39:19 GMT+0300 (MSK),"Mozilla/5.0 (Macintosh; Intel Mac OS X 10_13_1) AppleWebKit/537.36 (KHTML, like Gecko) Chrome/62.0.3202.94 Safari/537.36",149,"[0.8, 0.4, 0.2]","[0.8, 0.4, 0.2]","[u'red', u'blue', u'black']","[u'left', u'middle', u'right']","[0.8, 0.4, 0.2]","[u'medium', u'high', u'low']",red,49,left,medium,False,False,222,6350,NA
A3QUGJF2AN8TF2,Mon Dec 04 2017 19:23:07 GMT+0300 (MSK),Mon Dec 04 2017 19:39:19 GMT+0300 (MSK),"Mozilla/5.0 (Macintosh; Intel Mac OS X 10_13_1) AppleWebKit/537.36 (KHTML, like Gecko) Chrome/62.0.3202.94 Safari/537.36",150,"[0.8, 0.4, 0.2]","[0.8, 0.4, 0.2]","[u'red', u'blue', u'black']","[u'left', u'middle', u'right']","[0.8, 0.4, 0.2]","[u'medium', u'high', u'low']",red,49,left,medium,False,False,246,6300,NA
A3QUGJF2AN8TF2,Mon Dec 04 2017 19:23:07 GMT+0300 (MSK),Mon Dec 04 2017 19:39:19 GMT+0300 (MSK),"Mozilla/5.0 (Macintosh; Intel Mac OS X 10_13_1) AppleWebKit/537.36 (KHTML, like Gecko) Chrome/62.0.3202.94 Safari/537.36",151,"[0.8, 0.4, 0.2]","[0.8, 0.4, 0.2]","[u'red', u'blue', u'black']","[u'left', u'middle', u'right']","[0.8, 0.4, 0.2]","[u'medium', u'high', u'low']",blue,50,middle,high,True,False,250,6400,NA
A3QUGJF2AN8TF2,Mon Dec 04 2017 19:23:07 GMT+0300 (MSK),Mon Dec 04 2017 19:39:19 GMT+0300 (MSK),"Mozilla/5.0 (Macintosh; Intel Mac OS X 10_13_1) AppleWebKit/537.36 (KHTML, like Gecko) Chrome/62.0.3202.94 Safari/537.36",152,"[0.8, 0.4, 0.2]","[0.8, 0.4, 0.2]","[u'red', u'blue', u'black']","[u'left', u'middle', u'right']","[0.8, 0.4, 0.2]","[u'medium', u'high', u'low']",blue,50,middle,high,True,False,232,6500,NA
A3QUGJF2AN8TF2,Mon Dec 04 2017 19:23:07 GMT+0300 (MSK),Mon Dec 04 2017 19:39:19 GMT+0300 (MSK),"Mozilla/5.0 (Macintosh; Intel Mac OS X 10_13_1) AppleWebKit/537.36 (KHTML, like Gecko) Chrome/62.0.3202.94 Safari/537.36",153,"[0.8, 0.4, 0.2]","[0.8, 0.4, 0.2]","[u'red', u'blue', u'black']","[u'left', u'middle', u'right']","[0.8, 0.4, 0.2]","[u'medium', u'high', u'low']",blue,50,middle,high,True,False,222,6600,NA
A3QUGJF2AN8TF2,Mon Dec 04 2017 19:23:07 GMT+0300 (MSK),Mon Dec 04 2017 19:39:19 GMT+0300 (MSK),"Mozilla/5.0 (Macintosh; Intel Mac OS X 10_13_1) AppleWebKit/537.36 (KHTML, like Gecko) Chrome/62.0.3202.94 Safari/537.36",154,"[0.8, 0.4, 0.2]","[0.8, 0.4, 0.2]","[u'red', u'blue', u'black']","[u'left', u'middle', u'right']","[0.8, 0.4, 0.2]","[u'medium', u'high', u'low']",blue,50,middle,high,False,False,136,6550,NA
A3QUGJF2AN8TF2,Mon Dec 04 2017 19:23:07 GMT+0300 (MSK),Mon Dec 04 2017 19:39:19 GMT+0300 (MSK),"Mozilla/5.0 (Macintosh; Intel Mac OS X 10_13_1) AppleWebKit/537.36 (KHTML, like Gecko) Chrome/62.0.3202.94 Safari/537.36",155,"[0.8, 0.4, 0.2]","[0.8, 0.4, 0.2]","[u'red', u'blue', u'black']","[u'left', u'middle', u'right']","[0.8, 0.4, 0.2]","[u'medium', u'high', u'low']",blue,50,middle,high,True,False,274,6650,NA
A3QUGJF2AN8TF2,Mon Dec 04 2017 19:23:07 GMT+0300 (MSK),Mon Dec 04 2017 19:39:19 GMT+0300 (MSK),"Mozilla/5.0 (Macintosh; Intel Mac OS X 10_13_1) AppleWebKit/537.36 (KHTML, like Gecko) Chrome/62.0.3202.94 Safari/537.36",156,"[0.8, 0.4, 0.2]","[0.8, 0.4, 0.2]","[u'red', u'blue', u'black']","[u'left', u'middle', u'right']","[0.8, 0.4, 0.2]","[u'medium', u'high', u'low']",blue,50,middle,high,True,False,258,6750,NA
A3QUGJF2AN8TF2,Mon Dec 04 2017 19:23:07 GMT+0300 (MSK),Mon Dec 04 2017 19:39:19 GMT+0300 (MSK),"Mozilla/5.0 (Macintosh; Intel Mac OS X 10_13_1) AppleWebKit/537.36 (KHTML, like Gecko) Chrome/62.0.3202.94 Safari/537.36",157,"[0.8, 0.4, 0.2]","[0.8, 0.4, 0.2]","[u'red', u'blue', u'black']","[u'left', u'middle', u'right']","[0.8, 0.4, 0.2]","[u'medium', u'high', u'low']",blue,50,middle,high,True,False,224,6850,NA
A3QUGJF2AN8TF2,Mon Dec 04 2017 19:23:07 GMT+0300 (MSK),Mon Dec 04 2017 19:39:19 GMT+0300 (MSK),"Mozilla/5.0 (Macintosh; Intel Mac OS X 10_13_1) AppleWebKit/537.36 (KHTML, like Gecko) Chrome/62.0.3202.94 Safari/537.36",158,"[0.8, 0.4, 0.2]","[0.8, 0.4, 0.2]","[u'red', u'blue', u'black']","[u'left', u'middle', u'right']","[0.8, 0.4, 0.2]","[u'medium', u'high', u'low']",blue,50,middle,high,True,False,168,6950,NA
A3QUGJF2AN8TF2,Mon Dec 04 2017 19:23:07 GMT+0300 (MSK),Mon Dec 04 2017 19:39:19 GMT+0300 (MSK),"Mozilla/5.0 (Macintosh; Intel Mac OS X 10_13_1) AppleWebKit/537.36 (KHTML, like Gecko) Chrome/62.0.3202.94 Safari/537.36",159,"[0.8, 0.4, 0.2]","[0.8, 0.4, 0.2]","[u'red', u'blue', u'black']","[u'left', u'middle', u'right']","[0.8, 0.4, 0.2]","[u'medium', u'high', u'low']",blue,50,middle,high,True,True,136,7050,NA
A3QUGJF2AN8TF2,Mon Dec 04 2017 19:23:07 GMT+0300 (MSK),Mon Dec 04 2017 19:39:19 GMT+0300 (MSK),"Mozilla/5.0 (Macintosh; Intel Mac OS X 10_13_1) AppleWebKit/537.36 (KHTML, like Gecko) Chrome/62.0.3202.94 Safari/537.36",160,"[0.8, 0.4, 0.2]","[0.8, 0.4, 0.2]","[u'red', u'blue', u'black']","[u'left', u'middle', u'right']","[0.8, 0.4, 0.2]","[u'medium', u'low', u'high']",blue,50,middle,low,False,False,216,7000,NA
