A2W8TJXW68442D,Mon Dec 04 2017 08:00:32 GMT-0500 (Eastern Standard Time),Mon Dec 04 2017 08:08:00 GMT-0500 (Eastern Standard Time),"Mozilla/5.0 (Windows NT 6.0) AppleWebKit/537.36 (KHTML, like Gecko) Chrome/49.0.2623.112 Safari/537.36",1,"[0.8, 0.4, 0.2]","[0.8, 0.4, 0.2]","[u'red', u'blue', u'black']","[u'left', u'middle', u'right']","[0.8, 0.4, 0.2]","[u'high', u'low', u'medium']",blue,50,middle,low,False,False,1122,-50,NA
A2W8TJXW68442D,Mon Dec 04 2017 08:00:32 GMT-0500 (Eastern Standard Time),Mon Dec 04 2017 08:08:00 GMT-0500 (Eastern Standard Time),"Mozilla/5.0 (Windows NT 6.0) AppleWebKit/537.36 (KHTML, like Gecko) Chrome/49.0.2623.112 Safari/537.36",2,"[0.8, 0.4, 0.2]","[0.8, 0.4, 0.2]","[u'red', u'blue', u'black']","[u'left', u'middle', u'right']","[0.8, 0.4, 0.2]","[u'high', u'low', u'medium']",black,51,right,medium,False,False,283,-100,NA
A2W8TJXW68442D,Mon Dec 04 2017 08:00:32 GMT-0500 (Eastern Standard Time),Mon Dec 04 2017 08:08:00 GMT-0500 (Eastern Standard Time),"Mozilla/5.0 (Windows NT 6.0) AppleWebKit/537.36 (KHTML, like Gecko) Chrome/49.0.2623.112 Safari/537.36",3,"[0.8, 0.4, 0.2]","[0.8, 0.4, 0.2]","[u'red', u'blue', u'black']","[u'left', u'middle', u'right']","[0.8, 0.4, 0.2]","[u'high', u'low', u'medium']",blue,50,middle,low,False,False,307,-150,NA
A2W8TJXW68442D,Mon Dec 04 2017 08:00:32 GMT-0500 (Eastern Standard Time),Mon Dec 04 2017 08:08:00 GMT-0500 (Eastern Standard Time),"Mozilla/5.0 (Windows NT 6.0) AppleWebKit/537.36 (KHTML, like Gecko) Chrome/49.0.2623.112 Safari/537.36",4,"[0.8, 0.4, 0.2]","[0.8, 0.4, 0.2]","[u'red', u'blue', u'black']","[u'left', u'middle', u'right']","[0.8, 0.4, 0.2]","[u'high', u'low', u'medium']",black,51,right,medium,False,False,259,-200,NA
A2W8TJXW68442D,Mon Dec 04 2017 08:00:32 GMT-0500 (Eastern Standard Time),Mon Dec 04 2017 08:08:00 GMT-0500 (Eastern Standard Time),"Mozilla/5.0 (Windows NT 6.0) AppleWebKit/537.36 (KHTML, like Gecko) Chrome/49.0.2623.112 Safari/537.36",5,"[0.8, 0.4, 0.2]","[0.8, 0.4, 0.2]","[u'red', u'blue', u'black']","[u'left', u'middle', u'right']","[0.8, 0.4, 0.2]","[u'high', u'low', u'medium']",red,49,left,high,True,False,275,-100,NA
A2W8TJXW68442D,Mon Dec 04 2017 08:00:32 GMT-0500 (Eastern Standard Time),Mon Dec 04 2017 08:08:00 GMT-0500 (Eastern Standard Time),"Mozilla/5.0 (Windows NT 6.0) AppleWebKit/537.36 (KHTML, like Gecko) Chrome/49.0.2623.112 Safari/537.36",6,"[0.8, 0.4, 0.2]","[0.8, 0.4, 0.2]","[u'red', u'blue', u'black']","[u'left', u'middle', u'right']","[0.8, 0.4, 0.2]","[u'high', u'low', u'medium']",red,49,left,high,True,False,339,0,NA
A2W8TJXW68442D,Mon Dec 04 2017 08:00:32 GMT-0500 (Eastern Standard Time),Mon Dec 04 2017 08:08:00 GMT-0500 (Eastern Standard Time),"Mozilla/5.0 (Windows NT 6.0) AppleWebKit/537.36 (KHTML, like Gecko) Chrome/49.0.2623.112 Safari/537.36",7,"[0.8, 0.4, 0.2]","[0.8, 0.4, 0.2]","[u'red', u'blue', u'black']","[u'left', u'middle', u'right']","[0.8, 0.4, 0.2]","[u'high', u'low', u'medium']",red,49,left,high,False,False,291,-50,NA
A2W8TJXW68442D,Mon Dec 04 2017 08:00:32 GMT-0500 (Eastern Standard Time),Mon Dec 04 2017 08:08:00 GMT-0500 (Eastern Standard Time),"Mozilla/5.0 (Windows NT 6.0) AppleWebKit/537.36 (KHTML, like Gecko) Chrome/49.0.2623.112 Safari/537.36",8,"[0.8, 0.4, 0.2]","[0.8, 0.4, 0.2]","[u'red', u'blue', u'black']","[u'left', u'middle', u'right']","[0.8, 0.4, 0.2]","[u'high', u'low', u'medium']",blue,50,middle,low,False,False,195,-100,NA
A2W8TJXW68442D,Mon Dec 04 2017 08:00:32 GMT-0500 (Eastern Standard Time),Mon Dec 04 2017 08:08:00 GMT-0500 (Eastern Standard Time),"Mozilla/5.0 (Windows NT 6.0) AppleWebKit/537.36 (KHTML, like Gecko) Chrome/49.0.2623.112 Safari/537.36",9,"[0.8, 0.4, 0.2]","[0.8, 0.4, 0.2]","[u'red', u'blue', u'black']","[u'left', u'middle', u'right']","[0.8, 0.4, 0.2]","[u'high', u'low', u'medium']",black,51,right,medium,False,False,339,-150,NA
A2W8TJXW68442D,Mon Dec 04 2017 08:00:32 GMT-0500 (Eastern Standard Time),Mon Dec 04 2017 08:08:00 GMT-0500 (Eastern Standard Time),"Mozilla/5.0 (Windows NT 6.0) AppleWebKit/537.36 (KHTML, like Gecko) Chrome/49.0.2623.112 Safari/537.36",10,"[0.8, 0.4, 0.2]","[0.8, 0.4, 0.2]","[u'red', u'blue', u'black']","[u'left', u'middle', u'right']","[0.8, 0.4, 0.2]","[u'high', u'low', u'medium']",red,49,left,high,False,False,241,-200,NA
A2W8TJXW68442D,Mon Dec 04 2017 08:00:32 GMT-0500 (Eastern Standard Time),Mon Dec 04 2017 08:08:00 GMT-0500 (Eastern Standard Time),"Mozilla/5.0 (Windows NT 6.0) AppleWebKit/537.36 (KHTML, like Gecko) Chrome/49.0.2623.112 Safari/537.36",11,"[0.8, 0.4, 0.2]","[0.8, 0.4, 0.2]","[u'red', u'blue', u'black']","[u'left', u'middle', u'right']","[0.8, 0.4, 0.2]","[u'high', u'low', u'medium']",black,51,right,medium,False,False,227,-250,NA
A2W8TJXW68442D,Mon Dec 04 2017 08:00:32 GMT-0500 (Eastern Standard Time),Mon Dec 04 2017 08:08:00 GMT-0500 (Eastern Standard Time),"Mozilla/5.0 (Windows NT 6.0) AppleWebKit/537.36 (KHTML, like Gecko) Chrome/49.0.2623.112 Safari/537.36",12,"[0.8, 0.4, 0.2]","[0.8, 0.4, 0.2]","[u'red', u'blue', u'black']","[u'left', u'middle', u'right']","[0.8, 0.4, 0.2]","[u'high', u'low', u'medium']",blue,50,middle,low,True,False,155,-150,NA
A2W8TJXW68442D,Mon Dec 04 2017 08:00:32 GMT-0500 (Eastern Standard Time),Mon Dec 04 2017 08:08:00 GMT-0500 (Eastern Standard Time),"Mozilla/5.0 (Windows NT 6.0) AppleWebKit/537.36 (KHTML, like Gecko) Chrome/49.0.2623.112 Safari/537.36",13,"[0.8, 0.4, 0.2]","[0.8, 0.4, 0.2]","[u'red', u'blue', u'black']","[u'left', u'middle', u'right']","[0.8, 0.4, 0.2]","[u'high', u'low', u'medium']",blue,50,middle,low,True,False,203,-50,NA
A2W8TJXW68442D,Mon Dec 04 2017 08:00:32 GMT-0500 (Eastern Standard Time),Mon Dec 04 2017 08:08:00 GMT-0500 (Eastern Standard Time),"Mozilla/5.0 (Windows NT 6.0) AppleWebKit/537.36 (KHTML, like Gecko) Chrome/49.0.2623.112 Safari/537.36",14,"[0.8, 0.4, 0.2]","[0.8, 0.4, 0.2]","[u'red', u'blue', u'black']","[u'left', u'middle', u'right']","[0.8, 0.4, 0.2]","[u'high', u'low', u'medium']",blue,50,middle,low,False,False,251,-100,NA
A2W8TJXW68442D,Mon Dec 04 2017 08:00:32 GMT-0500 (Eastern Standard Time),Mon Dec 04 2017 08:08:00 GMT-0500 (Eastern Standard Time),"Mozilla/5.0 (Windows NT 6.0) AppleWebKit/537.36 (KHTML, like Gecko) Chrome/49.0.2623.112 Safari/537.36",15,"[0.8, 0.4, 0.2]","[0.8, 0.4, 0.2]","[u'red', u'blue', u'black']","[u'left', u'middle', u'right']","[0.8, 0.4, 0.2]","[u'high', u'low', u'medium']",red,49,left,high,True,False,243,0,NA
A2W8TJXW68442D,Mon Dec 04 2017 08:00:32 GMT-0500 (Eastern Standard Time),Mon Dec 04 2017 08:08:00 GMT-0500 (Eastern Standard Time),"Mozilla/5.0 (Windows NT 6.0) AppleWebKit/537.36 (KHTML, like Gecko) Chrome/49.0.2623.112 Safari/537.36",16,"[0.8, 0.4, 0.2]","[0.8, 0.4, 0.2]","[u'red', u'blue', u'black']","[u'left', u'middle', u'right']","[0.8, 0.4, 0.2]","[u'high', u'low', u'medium']",red,49,left,high,True,False,243,100,NA
A2W8TJXW68442D,Mon Dec 04 2017 08:00:32 GMT-0500 (Eastern Standard Time),Mon Dec 04 2017 08:08:00 GMT-0500 (Eastern Standard Time),"Mozilla/5.0 (Windows NT 6.0) AppleWebKit/537.36 (KHTML, like Gecko) Chrome/49.0.2623.112 Safari/537.36",17,"[0.8, 0.4, 0.2]","[0.8, 0.4, 0.2]","[u'red', u'blue', u'black']","[u'left', u'middle', u'right']","[0.8, 0.4, 0.2]","[u'high', u'low', u'medium']",red,49,left,high,True,False,2965,200,NA
A2W8TJXW68442D,Mon Dec 04 2017 08:00:32 GMT-0500 (Eastern Standard Time),Mon Dec 04 2017 08:08:00 GMT-0500 (Eastern Standard Time),"Mozilla/5.0 (Windows NT 6.0) AppleWebKit/537.36 (KHTML, like Gecko) Chrome/49.0.2623.112 Safari/537.36",18,"[0.8, 0.4, 0.2]","[0.8, 0.4, 0.2]","[u'red', u'blue', u'black']","[u'left', u'middle', u'right']","[0.8, 0.4, 0.2]","[u'high', u'low', u'medium']",red,49,left,high,True,False,211,300,NA
A2W8TJXW68442D,Mon Dec 04 2017 08:00:32 GMT-0500 (Eastern Standard Time),Mon Dec 04 2017 08:08:00 GMT-0500 (Eastern Standard Time),"Mozilla/5.0 (Windows NT 6.0) AppleWebKit/537.36 (KHTML, like Gecko) Chrome/49.0.2623.112 Safari/537.36",19,"[0.8, 0.4, 0.2]","[0.8, 0.4, 0.2]","[u'red', u'blue', u'black']","[u'left', u'middle', u'right']","[0.8, 0.4, 0.2]","[u'high', u'low', u'medium']",red,49,left,high,True,False,223,400,NA
A2W8TJXW68442D,Mon Dec 04 2017 08:00:32 GMT-0500 (Eastern Standard Time),Mon Dec 04 2017 08:08:00 GMT-0500 (Eastern Standard Time),"Mozilla/5.0 (Windows NT 6.0) AppleWebKit/537.36 (KHTML, like Gecko) Chrome/49.0.2623.112 Safari/537.36",20,"[0.8, 0.4, 0.2]","[0.8, 0.4, 0.2]","[u'red', u'blue', u'black']","[u'left', u'middle', u'right']","[0.8, 0.4, 0.2]","[u'high', u'low', u'medium']",red,49,left,high,True,False,215,500,NA
A2W8TJXW68442D,Mon Dec 04 2017 08:00:32 GMT-0500 (Eastern Standard Time),Mon Dec 04 2017 08:08:00 GMT-0500 (Eastern Standard Time),"Mozilla/5.0 (Windows NT 6.0) AppleWebKit/537.36 (KHTML, like Gecko) Chrome/49.0.2623.112 Safari/537.36",21,"[0.8, 0.4, 0.2]","[0.8, 0.4, 0.2]","[u'red', u'blue', u'black']","[u'left', u'middle', u'right']","[0.8, 0.4, 0.2]","[u'high', u'low', u'medium']",red,49,left,high,True,False,260,600,NA
A2W8TJXW68442D,Mon Dec 04 2017 08:00:32 GMT-0500 (Eastern Standard Time),Mon Dec 04 2017 08:08:00 GMT-0500 (Eastern Standard Time),"Mozilla/5.0 (Windows NT 6.0) AppleWebKit/537.36 (KHTML, like Gecko) Chrome/49.0.2623.112 Safari/537.36",22,"[0.8, 0.4, 0.2]","[0.8, 0.4, 0.2]","[u'red', u'blue', u'black']","[u'left', u'middle', u'right']","[0.8, 0.4, 0.2]","[u'high', u'low', u'medium']",red,49,left,high,True,False,179,700,NA
A2W8TJXW68442D,Mon Dec 04 2017 08:00:32 GMT-0500 (Eastern Standard Time),Mon Dec 04 2017 08:08:00 GMT-0500 (Eastern Standard Time),"Mozilla/5.0 (Windows NT 6.0) AppleWebKit/537.36 (KHTML, like Gecko) Chrome/49.0.2623.112 Safari/537.36",23,"[0.8, 0.4, 0.2]","[0.8, 0.4, 0.2]","[u'red', u'blue', u'black']","[u'left', u'middle', u'right']","[0.8, 0.4, 0.2]","[u'high', u'low', u'medium']",red,49,left,high,True,True,195,800,NA
A2W8TJXW68442D,Mon Dec 04 2017 08:00:32 GMT-0500 (Eastern Standard Time),Mon Dec 04 2017 08:08:00 GMT-0500 (Eastern Standard Time),"Mozilla/5.0 (Windows NT 6.0) AppleWebKit/537.36 (KHTML, like Gecko) Chrome/49.0.2623.112 Safari/537.36",24,"[0.8, 0.4, 0.2]","[0.8, 0.4, 0.2]","[u'red', u'blue', u'black']","[u'left', u'middle', u'right']","[0.8, 0.4, 0.2]","[u'medium', u'low', u'high']",red,49,left,medium,True,False,123,900,NA
A2W8TJXW68442D,Mon Dec 04 2017 08:00:32 GMT-0500 (Eastern Standard Time),Mon Dec 04 2017 08:08:00 GMT-0500 (Eastern Standard Time),"Mozilla/5.0 (Windows NT 6.0) AppleWebKit/537.36 (KHTML, like Gecko) Chrome/49.0.2623.112 Safari/537.36",25,"[0.8, 0.4, 0.2]","[0.8, 0.4, 0.2]","[u'red', u'blue', u'black']","[u'left', u'middle', u'right']","[0.8, 0.4, 0.2]","[u'medium', u'low', u'high']",red,49,left,medium,False,False,43,850,NA
A2W8TJXW68442D,Mon Dec 04 2017 08:00:32 GMT-0500 (Eastern Standard Time),Mon Dec 04 2017 08:08:00 GMT-0500 (Eastern Standard Time),"Mozilla/5.0 (Windows NT 6.0) AppleWebKit/537.36 (KHTML, like Gecko) Chrome/49.0.2623.112 Safari/537.36",26,"[0.8, 0.4, 0.2]","[0.8, 0.4, 0.2]","[u'red', u'blue', u'black']","[u'left', u'middle', u'right']","[0.8, 0.4, 0.2]","[u'medium', u'low', u'high']",black,51,right,high,True,False,147,950,NA
A2W8TJXW68442D,Mon Dec 04 2017 08:00:32 GMT-0500 (Eastern Standard Time),Mon Dec 04 2017 08:08:00 GMT-0500 (Eastern Standard Time),"Mozilla/5.0 (Windows NT 6.0) AppleWebKit/537.36 (KHTML, like Gecko) Chrome/49.0.2623.112 Safari/537.36",27,"[0.8, 0.4, 0.2]","[0.8, 0.4, 0.2]","[u'red', u'blue', u'black']","[u'left', u'middle', u'right']","[0.8, 0.4, 0.2]","[u'medium', u'low', u'high']",black,51,right,high,True,False,91,1050,NA
A2W8TJXW68442D,Mon Dec 04 2017 08:00:32 GMT-0500 (Eastern Standard Time),Mon Dec 04 2017 08:08:00 GMT-0500 (Eastern Standard Time),"Mozilla/5.0 (Windows NT 6.0) AppleWebKit/537.36 (KHTML, like Gecko) Chrome/49.0.2623.112 Safari/537.36",28,"[0.8, 0.4, 0.2]","[0.8, 0.4, 0.2]","[u'red', u'blue', u'black']","[u'left', u'middle', u'right']","[0.8, 0.4, 0.2]","[u'medium', u'low', u'high']",black,51,right,high,False,False,91,1000,NA
A2W8TJXW68442D,Mon Dec 04 2017 08:00:32 GMT-0500 (Eastern Standard Time),Mon Dec 04 2017 08:08:00 GMT-0500 (Eastern Standard Time),"Mozilla/5.0 (Windows NT 6.0) AppleWebKit/537.36 (KHTML, like Gecko) Chrome/49.0.2623.112 Safari/537.36",29,"[0.8, 0.4, 0.2]","[0.8, 0.4, 0.2]","[u'red', u'blue', u'black']","[u'left', u'middle', u'right']","[0.8, 0.4, 0.2]","[u'medium', u'low', u'high']",black,51,right,high,True,False,195,1100,NA
A2W8TJXW68442D,Mon Dec 04 2017 08:00:32 GMT-0500 (Eastern Standard Time),Mon Dec 04 2017 08:08:00 GMT-0500 (Eastern Standard Time),"Mozilla/5.0 (Windows NT 6.0) AppleWebKit/537.36 (KHTML, like Gecko) Chrome/49.0.2623.112 Safari/537.36",30,"[0.8, 0.4, 0.2]","[0.8, 0.4, 0.2]","[u'red', u'blue', u'black']","[u'left', u'middle', u'right']","[0.8, 0.4, 0.2]","[u'medium', u'low', u'high']",black,51,right,high,False,False,131,1050,NA
A2W8TJXW68442D,Mon Dec 04 2017 08:00:32 GMT-0500 (Eastern Standard Time),Mon Dec 04 2017 08:08:00 GMT-0500 (Eastern Standard Time),"Mozilla/5.0 (Windows NT 6.0) AppleWebKit/537.36 (KHTML, like Gecko) Chrome/49.0.2623.112 Safari/537.36",31,"[0.8, 0.4, 0.2]","[0.8, 0.4, 0.2]","[u'red', u'blue', u'black']","[u'left', u'middle', u'right']","[0.8, 0.4, 0.2]","[u'medium', u'low', u'high']",black,51,right,high,True,False,51,1150,NA
A2W8TJXW68442D,Mon Dec 04 2017 08:00:32 GMT-0500 (Eastern Standard Time),Mon Dec 04 2017 08:08:00 GMT-0500 (Eastern Standard Time),"Mozilla/5.0 (Windows NT 6.0) AppleWebKit/537.36 (KHTML, like Gecko) Chrome/49.0.2623.112 Safari/537.36",32,"[0.8, 0.4, 0.2]","[0.8, 0.4, 0.2]","[u'red', u'blue', u'black']","[u'left', u'middle', u'right']","[0.8, 0.4, 0.2]","[u'medium', u'low', u'high']",black,51,right,high,True,False,147,1250,NA
A2W8TJXW68442D,Mon Dec 04 2017 08:00:32 GMT-0500 (Eastern Standard Time),Mon Dec 04 2017 08:08:00 GMT-0500 (Eastern Standard Time),"Mozilla/5.0 (Windows NT 6.0) AppleWebKit/537.36 (KHTML, like Gecko) Chrome/49.0.2623.112 Safari/537.36",33,"[0.8, 0.4, 0.2]","[0.8, 0.4, 0.2]","[u'red', u'blue', u'black']","[u'left', u'middle', u'right']","[0.8, 0.4, 0.2]","[u'medium', u'low', u'high']",black,51,right,high,False,False,76,1200,NA
A2W8TJXW68442D,Mon Dec 04 2017 08:00:32 GMT-0500 (Eastern Standard Time),Mon Dec 04 2017 08:08:00 GMT-0500 (Eastern Standard Time),"Mozilla/5.0 (Windows NT 6.0) AppleWebKit/537.36 (KHTML, like Gecko) Chrome/49.0.2623.112 Safari/537.36",34,"[0.8, 0.4, 0.2]","[0.8, 0.4, 0.2]","[u'red', u'blue', u'black']","[u'left', u'middle', u'right']","[0.8, 0.4, 0.2]","[u'medium', u'low', u'high']",black,51,right,high,True,True,75,1300,NA
A2W8TJXW68442D,Mon Dec 04 2017 08:00:32 GMT-0500 (Eastern Standard Time),Mon Dec 04 2017 08:08:00 GMT-0500 (Eastern Standard Time),"Mozilla/5.0 (Windows NT 6.0) AppleWebKit/537.36 (KHTML, like Gecko) Chrome/49.0.2623.112 Safari/537.36",35,"[0.8, 0.4, 0.2]","[0.8, 0.4, 0.2]","[u'red', u'blue', u'black']","[u'left', u'middle', u'right']","[0.8, 0.4, 0.2]","[u'high', u'medium', u'low']",black,51,right,low,True,False,99,1400,NA
A2W8TJXW68442D,Mon Dec 04 2017 08:00:32 GMT-0500 (Eastern Standard Time),Mon Dec 04 2017 08:08:00 GMT-0500 (Eastern Standard Time),"Mozilla/5.0 (Windows NT 6.0) AppleWebKit/537.36 (KHTML, like Gecko) Chrome/49.0.2623.112 Safari/537.36",36,"[0.8, 0.4, 0.2]","[0.8, 0.4, 0.2]","[u'red', u'blue', u'black']","[u'left', u'middle', u'right']","[0.8, 0.4, 0.2]","[u'high', u'medium', u'low']",black,51,right,low,False,False,211,1350,NA
A2W8TJXW68442D,Mon Dec 04 2017 08:00:32 GMT-0500 (Eastern Standard Time),Mon Dec 04 2017 08:08:00 GMT-0500 (Eastern Standard Time),"Mozilla/5.0 (Windows NT 6.0) AppleWebKit/537.36 (KHTML, like Gecko) Chrome/49.0.2623.112 Safari/537.36",37,"[0.8, 0.4, 0.2]","[0.8, 0.4, 0.2]","[u'red', u'blue', u'black']","[u'left', u'middle', u'right']","[0.8, 0.4, 0.2]","[u'high', u'medium', u'low']",black,51,right,low,False,False,195,1300,NA
A2W8TJXW68442D,Mon Dec 04 2017 08:00:32 GMT-0500 (Eastern Standard Time),Mon Dec 04 2017 08:08:00 GMT-0500 (Eastern Standard Time),"Mozilla/5.0 (Windows NT 6.0) AppleWebKit/537.36 (KHTML, like Gecko) Chrome/49.0.2623.112 Safari/537.36",38,"[0.8, 0.4, 0.2]","[0.8, 0.4, 0.2]","[u'red', u'blue', u'black']","[u'left', u'middle', u'right']","[0.8, 0.4, 0.2]","[u'high', u'medium', u'low']",blue,50,middle,medium,False,False,211,1250,NA
A2W8TJXW68442D,Mon Dec 04 2017 08:00:32 GMT-0500 (Eastern Standard Time),Mon Dec 04 2017 08:08:00 GMT-0500 (Eastern Standard Time),"Mozilla/5.0 (Windows NT 6.0) AppleWebKit/537.36 (KHTML, like Gecko) Chrome/49.0.2623.112 Safari/537.36",39,"[0.8, 0.4, 0.2]","[0.8, 0.4, 0.2]","[u'red', u'blue', u'black']","[u'left', u'middle', u'right']","[0.8, 0.4, 0.2]","[u'high', u'medium', u'low']",blue,50,middle,medium,False,False,148,1200,NA
A2W8TJXW68442D,Mon Dec 04 2017 08:00:32 GMT-0500 (Eastern Standard Time),Mon Dec 04 2017 08:08:00 GMT-0500 (Eastern Standard Time),"Mozilla/5.0 (Windows NT 6.0) AppleWebKit/537.36 (KHTML, like Gecko) Chrome/49.0.2623.112 Safari/537.36",40,"[0.8, 0.4, 0.2]","[0.8, 0.4, 0.2]","[u'red', u'blue', u'black']","[u'left', u'middle', u'right']","[0.8, 0.4, 0.2]","[u'high', u'medium', u'low']",red,49,left,high,True,False,242,1300,NA
A2W8TJXW68442D,Mon Dec 04 2017 08:00:32 GMT-0500 (Eastern Standard Time),Mon Dec 04 2017 08:08:00 GMT-0500 (Eastern Standard Time),"Mozilla/5.0 (Windows NT 6.0) AppleWebKit/537.36 (KHTML, like Gecko) Chrome/49.0.2623.112 Safari/537.36",41,"[0.8, 0.4, 0.2]","[0.8, 0.4, 0.2]","[u'red', u'blue', u'black']","[u'left', u'middle', u'right']","[0.8, 0.4, 0.2]","[u'medium', u'low', u'high']",red,49,left,medium,True,False,563,1400,NA
A2W8TJXW68442D,Mon Dec 04 2017 08:00:32 GMT-0500 (Eastern Standard Time),Mon Dec 04 2017 08:08:00 GMT-0500 (Eastern Standard Time),"Mozilla/5.0 (Windows NT 6.0) AppleWebKit/537.36 (KHTML, like Gecko) Chrome/49.0.2623.112 Safari/537.36",42,"[0.8, 0.4, 0.2]","[0.8, 0.4, 0.2]","[u'red', u'blue', u'black']","[u'left', u'middle', u'right']","[0.8, 0.4, 0.2]","[u'medium', u'low', u'high']",red,49,left,medium,False,False,147,1350,NA
A2W8TJXW68442D,Mon Dec 04 2017 08:00:32 GMT-0500 (Eastern Standard Time),Mon Dec 04 2017 08:08:00 GMT-0500 (Eastern Standard Time),"Mozilla/5.0 (Windows NT 6.0) AppleWebKit/537.36 (KHTML, like Gecko) Chrome/49.0.2623.112 Safari/537.36",43,"[0.8, 0.4, 0.2]","[0.8, 0.4, 0.2]","[u'red', u'blue', u'black']","[u'left', u'middle', u'right']","[0.8, 0.4, 0.2]","[u'medium', u'low', u'high']",red,49,left,medium,False,False,59,1300,NA
A2W8TJXW68442D,Mon Dec 04 2017 08:00:32 GMT-0500 (Eastern Standard Time),Mon Dec 04 2017 08:08:00 GMT-0500 (Eastern Standard Time),"Mozilla/5.0 (Windows NT 6.0) AppleWebKit/537.36 (KHTML, like Gecko) Chrome/49.0.2623.112 Safari/537.36",44,"[0.8, 0.4, 0.2]","[0.8, 0.4, 0.2]","[u'red', u'blue', u'black']","[u'left', u'middle', u'right']","[0.8, 0.4, 0.2]","[u'medium', u'low', u'high']",blue,50,middle,low,True,False,46,1400,NA
A2W8TJXW68442D,Mon Dec 04 2017 08:00:32 GMT-0500 (Eastern Standard Time),Mon Dec 04 2017 08:08:00 GMT-0500 (Eastern Standard Time),"Mozilla/5.0 (Windows NT 6.0) AppleWebKit/537.36 (KHTML, like Gecko) Chrome/49.0.2623.112 Safari/537.36",45,"[0.8, 0.4, 0.2]","[0.8, 0.4, 0.2]","[u'red', u'blue', u'black']","[u'left', u'middle', u'right']","[0.8, 0.4, 0.2]","[u'medium', u'low', u'high']",blue,50,middle,low,False,False,34,1350,NA
A2W8TJXW68442D,Mon Dec 04 2017 08:00:32 GMT-0500 (Eastern Standard Time),Mon Dec 04 2017 08:08:00 GMT-0500 (Eastern Standard Time),"Mozilla/5.0 (Windows NT 6.0) AppleWebKit/537.36 (KHTML, like Gecko) Chrome/49.0.2623.112 Safari/537.36",46,"[0.8, 0.4, 0.2]","[0.8, 0.4, 0.2]","[u'red', u'blue', u'black']","[u'left', u'middle', u'right']","[0.8, 0.4, 0.2]","[u'medium', u'low', u'high']",blue,50,middle,low,False,False,145,1300,NA
A2W8TJXW68442D,Mon Dec 04 2017 08:00:32 GMT-0500 (Eastern Standard Time),Mon Dec 04 2017 08:08:00 GMT-0500 (Eastern Standard Time),"Mozilla/5.0 (Windows NT 6.0) AppleWebKit/537.36 (KHTML, like Gecko) Chrome/49.0.2623.112 Safari/537.36",47,"[0.8, 0.4, 0.2]","[0.8, 0.4, 0.2]","[u'red', u'blue', u'black']","[u'left', u'middle', u'right']","[0.8, 0.4, 0.2]","[u'medium', u'low', u'high']",black,51,right,high,True,False,123,1400,NA
A2W8TJXW68442D,Mon Dec 04 2017 08:00:32 GMT-0500 (Eastern Standard Time),Mon Dec 04 2017 08:08:00 GMT-0500 (Eastern Standard Time),"Mozilla/5.0 (Windows NT 6.0) AppleWebKit/537.36 (KHTML, like Gecko) Chrome/49.0.2623.112 Safari/537.36",48,"[0.8, 0.4, 0.2]","[0.8, 0.4, 0.2]","[u'red', u'blue', u'black']","[u'left', u'middle', u'right']","[0.8, 0.4, 0.2]","[u'medium', u'low', u'high']",black,51,right,high,True,False,83,1500,NA
A2W8TJXW68442D,Mon Dec 04 2017 08:00:32 GMT-0500 (Eastern Standard Time),Mon Dec 04 2017 08:08:00 GMT-0500 (Eastern Standard Time),"Mozilla/5.0 (Windows NT 6.0) AppleWebKit/537.36 (KHTML, like Gecko) Chrome/49.0.2623.112 Safari/537.36",49,"[0.8, 0.4, 0.2]","[0.8, 0.4, 0.2]","[u'red', u'blue', u'black']","[u'left', u'middle', u'right']","[0.8, 0.4, 0.2]","[u'medium', u'low', u'high']",black,51,right,high,True,False,108,1600,NA
A2W8TJXW68442D,Mon Dec 04 2017 08:00:32 GMT-0500 (Eastern Standard Time),Mon Dec 04 2017 08:08:00 GMT-0500 (Eastern Standard Time),"Mozilla/5.0 (Windows NT 6.0) AppleWebKit/537.36 (KHTML, like Gecko) Chrome/49.0.2623.112 Safari/537.36",50,"[0.8, 0.4, 0.2]","[0.8, 0.4, 0.2]","[u'red', u'blue', u'black']","[u'left', u'middle', u'right']","[0.8, 0.4, 0.2]","[u'medium', u'low', u'high']",black,51,right,high,True,False,99,1700,NA
A2W8TJXW68442D,Mon Dec 04 2017 08:00:32 GMT-0500 (Eastern Standard Time),Mon Dec 04 2017 08:08:00 GMT-0500 (Eastern Standard Time),"Mozilla/5.0 (Windows NT 6.0) AppleWebKit/537.36 (KHTML, like Gecko) Chrome/49.0.2623.112 Safari/537.36",51,"[0.8, 0.4, 0.2]","[0.8, 0.4, 0.2]","[u'red', u'blue', u'black']","[u'left', u'middle', u'right']","[0.8, 0.4, 0.2]","[u'medium', u'low', u'high']",black,51,right,high,True,False,178,1800,NA
A2W8TJXW68442D,Mon Dec 04 2017 08:00:32 GMT-0500 (Eastern Standard Time),Mon Dec 04 2017 08:08:00 GMT-0500 (Eastern Standard Time),"Mozilla/5.0 (Windows NT 6.0) AppleWebKit/537.36 (KHTML, like Gecko) Chrome/49.0.2623.112 Safari/537.36",52,"[0.8, 0.4, 0.2]","[0.8, 0.4, 0.2]","[u'red', u'blue', u'black']","[u'left', u'middle', u'right']","[0.8, 0.4, 0.2]","[u'medium', u'low', u'high']",black,51,right,high,True,False,155,1900,NA
A2W8TJXW68442D,Mon Dec 04 2017 08:00:32 GMT-0500 (Eastern Standard Time),Mon Dec 04 2017 08:08:00 GMT-0500 (Eastern Standard Time),"Mozilla/5.0 (Windows NT 6.0) AppleWebKit/537.36 (KHTML, like Gecko) Chrome/49.0.2623.112 Safari/537.36",53,"[0.8, 0.4, 0.2]","[0.8, 0.4, 0.2]","[u'red', u'blue', u'black']","[u'left', u'middle', u'right']","[0.8, 0.4, 0.2]","[u'medium', u'low', u'high']",black,51,right,high,True,False,164,2000,NA
A2W8TJXW68442D,Mon Dec 04 2017 08:00:32 GMT-0500 (Eastern Standard Time),Mon Dec 04 2017 08:08:00 GMT-0500 (Eastern Standard Time),"Mozilla/5.0 (Windows NT 6.0) AppleWebKit/537.36 (KHTML, like Gecko) Chrome/49.0.2623.112 Safari/537.36",54,"[0.8, 0.4, 0.2]","[0.8, 0.4, 0.2]","[u'red', u'blue', u'black']","[u'left', u'middle', u'right']","[0.8, 0.4, 0.2]","[u'medium', u'low', u'high']",black,51,right,high,True,False,99,2100,NA
A2W8TJXW68442D,Mon Dec 04 2017 08:00:32 GMT-0500 (Eastern Standard Time),Mon Dec 04 2017 08:08:00 GMT-0500 (Eastern Standard Time),"Mozilla/5.0 (Windows NT 6.0) AppleWebKit/537.36 (KHTML, like Gecko) Chrome/49.0.2623.112 Safari/537.36",55,"[0.8, 0.4, 0.2]","[0.8, 0.4, 0.2]","[u'red', u'blue', u'black']","[u'left', u'middle', u'right']","[0.8, 0.4, 0.2]","[u'medium', u'low', u'high']",black,51,right,high,False,True,130,2050,NA
A2W8TJXW68442D,Mon Dec 04 2017 08:00:32 GMT-0500 (Eastern Standard Time),Mon Dec 04 2017 08:08:00 GMT-0500 (Eastern Standard Time),"Mozilla/5.0 (Windows NT 6.0) AppleWebKit/537.36 (KHTML, like Gecko) Chrome/49.0.2623.112 Safari/537.36",56,"[0.8, 0.4, 0.2]","[0.8, 0.4, 0.2]","[u'red', u'blue', u'black']","[u'left', u'middle', u'right']","[0.8, 0.4, 0.2]","[u'high', u'medium', u'low']",black,51,right,low,False,False,83,2000,NA
A2W8TJXW68442D,Mon Dec 04 2017 08:00:32 GMT-0500 (Eastern Standard Time),Mon Dec 04 2017 08:08:00 GMT-0500 (Eastern Standard Time),"Mozilla/5.0 (Windows NT 6.0) AppleWebKit/537.36 (KHTML, like Gecko) Chrome/49.0.2623.112 Safari/537.36",57,"[0.8, 0.4, 0.2]","[0.8, 0.4, 0.2]","[u'red', u'blue', u'black']","[u'left', u'middle', u'right']","[0.8, 0.4, 0.2]","[u'high', u'medium', u'low']",blue,50,middle,medium,True,False,99,2100,NA
A2W8TJXW68442D,Mon Dec 04 2017 08:00:32 GMT-0500 (Eastern Standard Time),Mon Dec 04 2017 08:08:00 GMT-0500 (Eastern Standard Time),"Mozilla/5.0 (Windows NT 6.0) AppleWebKit/537.36 (KHTML, like Gecko) Chrome/49.0.2623.112 Safari/537.36",58,"[0.8, 0.4, 0.2]","[0.8, 0.4, 0.2]","[u'red', u'blue', u'black']","[u'left', u'middle', u'right']","[0.8, 0.4, 0.2]","[u'high', u'medium', u'low']",blue,50,middle,medium,True,False,91,2200,NA
A2W8TJXW68442D,Mon Dec 04 2017 08:00:32 GMT-0500 (Eastern Standard Time),Mon Dec 04 2017 08:08:00 GMT-0500 (Eastern Standard Time),"Mozilla/5.0 (Windows NT 6.0) AppleWebKit/537.36 (KHTML, like Gecko) Chrome/49.0.2623.112 Safari/537.36",59,"[0.8, 0.4, 0.2]","[0.8, 0.4, 0.2]","[u'red', u'blue', u'black']","[u'left', u'middle', u'right']","[0.8, 0.4, 0.2]","[u'high', u'medium', u'low']",blue,50,middle,medium,False,False,43,2150,NA
A2W8TJXW68442D,Mon Dec 04 2017 08:00:32 GMT-0500 (Eastern Standard Time),Mon Dec 04 2017 08:08:00 GMT-0500 (Eastern Standard Time),"Mozilla/5.0 (Windows NT 6.0) AppleWebKit/537.36 (KHTML, like Gecko) Chrome/49.0.2623.112 Safari/537.36",60,"[0.8, 0.4, 0.2]","[0.8, 0.4, 0.2]","[u'red', u'blue', u'black']","[u'left', u'middle', u'right']","[0.8, 0.4, 0.2]","[u'high', u'medium', u'low']",blue,50,middle,medium,True,False,308,2250,NA
A2W8TJXW68442D,Mon Dec 04 2017 08:00:32 GMT-0500 (Eastern Standard Time),Mon Dec 04 2017 08:08:00 GMT-0500 (Eastern Standard Time),"Mozilla/5.0 (Windows NT 6.0) AppleWebKit/537.36 (KHTML, like Gecko) Chrome/49.0.2623.112 Safari/537.36",61,"[0.8, 0.4, 0.2]","[0.8, 0.4, 0.2]","[u'red', u'blue', u'black']","[u'left', u'middle', u'right']","[0.8, 0.4, 0.2]","[u'high', u'medium', u'low']",blue,50,middle,medium,True,False,202,2350,NA
A2W8TJXW68442D,Mon Dec 04 2017 08:00:32 GMT-0500 (Eastern Standard Time),Mon Dec 04 2017 08:08:00 GMT-0500 (Eastern Standard Time),"Mozilla/5.0 (Windows NT 6.0) AppleWebKit/537.36 (KHTML, like Gecko) Chrome/49.0.2623.112 Safari/537.36",62,"[0.8, 0.4, 0.2]","[0.8, 0.4, 0.2]","[u'red', u'blue', u'black']","[u'left', u'middle', u'right']","[0.8, 0.4, 0.2]","[u'high', u'medium', u'low']",blue,50,middle,medium,False,False,116,2300,NA
A2W8TJXW68442D,Mon Dec 04 2017 08:00:32 GMT-0500 (Eastern Standard Time),Mon Dec 04 2017 08:08:00 GMT-0500 (Eastern Standard Time),"Mozilla/5.0 (Windows NT 6.0) AppleWebKit/537.36 (KHTML, like Gecko) Chrome/49.0.2623.112 Safari/537.36",63,"[0.8, 0.4, 0.2]","[0.8, 0.4, 0.2]","[u'red', u'blue', u'black']","[u'left', u'middle', u'right']","[0.8, 0.4, 0.2]","[u'high', u'medium', u'low']",red,49,left,high,False,False,459,2250,NA
A2W8TJXW68442D,Mon Dec 04 2017 08:00:32 GMT-0500 (Eastern Standard Time),Mon Dec 04 2017 08:08:00 GMT-0500 (Eastern Standard Time),"Mozilla/5.0 (Windows NT 6.0) AppleWebKit/537.36 (KHTML, like Gecko) Chrome/49.0.2623.112 Safari/537.36",64,"[0.8, 0.4, 0.2]","[0.8, 0.4, 0.2]","[u'red', u'blue', u'black']","[u'left', u'middle', u'right']","[0.8, 0.4, 0.2]","[u'high', u'medium', u'low']",blue,50,middle,medium,True,False,202,2350,NA
A2W8TJXW68442D,Mon Dec 04 2017 08:00:32 GMT-0500 (Eastern Standard Time),Mon Dec 04 2017 08:08:00 GMT-0500 (Eastern Standard Time),"Mozilla/5.0 (Windows NT 6.0) AppleWebKit/537.36 (KHTML, like Gecko) Chrome/49.0.2623.112 Safari/537.36",65,"[0.8, 0.4, 0.2]","[0.8, 0.4, 0.2]","[u'red', u'blue', u'black']","[u'left', u'middle', u'right']","[0.8, 0.4, 0.2]","[u'high', u'medium', u'low']",blue,50,middle,medium,True,False,131,2450,NA
A2W8TJXW68442D,Mon Dec 04 2017 08:00:32 GMT-0500 (Eastern Standard Time),Mon Dec 04 2017 08:08:00 GMT-0500 (Eastern Standard Time),"Mozilla/5.0 (Windows NT 6.0) AppleWebKit/537.36 (KHTML, like Gecko) Chrome/49.0.2623.112 Safari/537.36",66,"[0.8, 0.4, 0.2]","[0.8, 0.4, 0.2]","[u'red', u'blue', u'black']","[u'left', u'middle', u'right']","[0.8, 0.4, 0.2]","[u'high', u'medium', u'low']",blue,50,middle,medium,True,False,211,2550,NA
A2W8TJXW68442D,Mon Dec 04 2017 08:00:32 GMT-0500 (Eastern Standard Time),Mon Dec 04 2017 08:08:00 GMT-0500 (Eastern Standard Time),"Mozilla/5.0 (Windows NT 6.0) AppleWebKit/537.36 (KHTML, like Gecko) Chrome/49.0.2623.112 Safari/537.36",67,"[0.8, 0.4, 0.2]","[0.8, 0.4, 0.2]","[u'red', u'blue', u'black']","[u'left', u'middle', u'right']","[0.8, 0.4, 0.2]","[u'high', u'medium', u'low']",blue,50,middle,medium,True,False,266,2650,NA
A2W8TJXW68442D,Mon Dec 04 2017 08:00:32 GMT-0500 (Eastern Standard Time),Mon Dec 04 2017 08:08:00 GMT-0500 (Eastern Standard Time),"Mozilla/5.0 (Windows NT 6.0) AppleWebKit/537.36 (KHTML, like Gecko) Chrome/49.0.2623.112 Safari/537.36",68,"[0.8, 0.4, 0.2]","[0.8, 0.4, 0.2]","[u'red', u'blue', u'black']","[u'left', u'middle', u'right']","[0.8, 0.4, 0.2]","[u'high', u'medium', u'low']",blue,50,middle,medium,False,False,164,2600,NA
A2W8TJXW68442D,Mon Dec 04 2017 08:00:32 GMT-0500 (Eastern Standard Time),Mon Dec 04 2017 08:08:00 GMT-0500 (Eastern Standard Time),"Mozilla/5.0 (Windows NT 6.0) AppleWebKit/537.36 (KHTML, like Gecko) Chrome/49.0.2623.112 Safari/537.36",69,"[0.8, 0.4, 0.2]","[0.8, 0.4, 0.2]","[u'red', u'blue', u'black']","[u'left', u'middle', u'right']","[0.8, 0.4, 0.2]","[u'high', u'medium', u'low']",blue,50,middle,medium,False,False,122,2550,NA
A2W8TJXW68442D,Mon Dec 04 2017 08:00:32 GMT-0500 (Eastern Standard Time),Mon Dec 04 2017 08:08:00 GMT-0500 (Eastern Standard Time),"Mozilla/5.0 (Windows NT 6.0) AppleWebKit/537.36 (KHTML, like Gecko) Chrome/49.0.2623.112 Safari/537.36",70,"[0.8, 0.4, 0.2]","[0.8, 0.4, 0.2]","[u'red', u'blue', u'black']","[u'left', u'middle', u'right']","[0.8, 0.4, 0.2]","[u'high', u'medium', u'low']",black,51,right,low,False,False,299,2500,NA
A2W8TJXW68442D,Mon Dec 04 2017 08:00:32 GMT-0500 (Eastern Standard Time),Mon Dec 04 2017 08:08:00 GMT-0500 (Eastern Standard Time),"Mozilla/5.0 (Windows NT 6.0) AppleWebKit/537.36 (KHTML, like Gecko) Chrome/49.0.2623.112 Safari/537.36",71,"[0.8, 0.4, 0.2]","[0.8, 0.4, 0.2]","[u'red', u'blue', u'black']","[u'left', u'middle', u'right']","[0.8, 0.4, 0.2]","[u'high', u'medium', u'low']",red,49,left,high,True,False,220,2600,NA
A2W8TJXW68442D,Mon Dec 04 2017 08:00:32 GMT-0500 (Eastern Standard Time),Mon Dec 04 2017 08:08:00 GMT-0500 (Eastern Standard Time),"Mozilla/5.0 (Windows NT 6.0) AppleWebKit/537.36 (KHTML, like Gecko) Chrome/49.0.2623.112 Safari/537.36",72,"[0.8, 0.4, 0.2]","[0.8, 0.4, 0.2]","[u'red', u'blue', u'black']","[u'left', u'middle', u'right']","[0.8, 0.4, 0.2]","[u'high', u'medium', u'low']",red,49,left,high,True,False,114,2700,NA
A2W8TJXW68442D,Mon Dec 04 2017 08:00:32 GMT-0500 (Eastern Standard Time),Mon Dec 04 2017 08:08:00 GMT-0500 (Eastern Standard Time),"Mozilla/5.0 (Windows NT 6.0) AppleWebKit/537.36 (KHTML, like Gecko) Chrome/49.0.2623.112 Safari/537.36",73,"[0.8, 0.4, 0.2]","[0.8, 0.4, 0.2]","[u'red', u'blue', u'black']","[u'left', u'middle', u'right']","[0.8, 0.4, 0.2]","[u'high', u'medium', u'low']",red,49,left,high,True,False,35,2800,NA
A2W8TJXW68442D,Mon Dec 04 2017 08:00:32 GMT-0500 (Eastern Standard Time),Mon Dec 04 2017 08:08:00 GMT-0500 (Eastern Standard Time),"Mozilla/5.0 (Windows NT 6.0) AppleWebKit/537.36 (KHTML, like Gecko) Chrome/49.0.2623.112 Safari/537.36",74,"[0.8, 0.4, 0.2]","[0.8, 0.4, 0.2]","[u'red', u'blue', u'black']","[u'left', u'middle', u'right']","[0.8, 0.4, 0.2]","[u'high', u'medium', u'low']",red,49,left,high,True,False,219,2900,NA
A2W8TJXW68442D,Mon Dec 04 2017 08:00:32 GMT-0500 (Eastern Standard Time),Mon Dec 04 2017 08:08:00 GMT-0500 (Eastern Standard Time),"Mozilla/5.0 (Windows NT 6.0) AppleWebKit/537.36 (KHTML, like Gecko) Chrome/49.0.2623.112 Safari/537.36",75,"[0.8, 0.4, 0.2]","[0.8, 0.4, 0.2]","[u'red', u'blue', u'black']","[u'left', u'middle', u'right']","[0.8, 0.4, 0.2]","[u'high', u'medium', u'low']",red,49,left,high,True,False,121,3000,NA
A2W8TJXW68442D,Mon Dec 04 2017 08:00:32 GMT-0500 (Eastern Standard Time),Mon Dec 04 2017 08:08:00 GMT-0500 (Eastern Standard Time),"Mozilla/5.0 (Windows NT 6.0) AppleWebKit/537.36 (KHTML, like Gecko) Chrome/49.0.2623.112 Safari/537.36",76,"[0.8, 0.4, 0.2]","[0.8, 0.4, 0.2]","[u'red', u'blue', u'black']","[u'left', u'middle', u'right']","[0.8, 0.4, 0.2]","[u'high', u'medium', u'low']",red,49,left,high,True,False,163,3100,NA
A2W8TJXW68442D,Mon Dec 04 2017 08:00:32 GMT-0500 (Eastern Standard Time),Mon Dec 04 2017 08:08:00 GMT-0500 (Eastern Standard Time),"Mozilla/5.0 (Windows NT 6.0) AppleWebKit/537.36 (KHTML, like Gecko) Chrome/49.0.2623.112 Safari/537.36",77,"[0.8, 0.4, 0.2]","[0.8, 0.4, 0.2]","[u'red', u'blue', u'black']","[u'left', u'middle', u'right']","[0.8, 0.4, 0.2]","[u'high', u'medium', u'low']",red,49,left,high,True,False,203,3200,NA
A2W8TJXW68442D,Mon Dec 04 2017 08:00:32 GMT-0500 (Eastern Standard Time),Mon Dec 04 2017 08:08:00 GMT-0500 (Eastern Standard Time),"Mozilla/5.0 (Windows NT 6.0) AppleWebKit/537.36 (KHTML, like Gecko) Chrome/49.0.2623.112 Safari/537.36",78,"[0.8, 0.4, 0.2]","[0.8, 0.4, 0.2]","[u'red', u'blue', u'black']","[u'left', u'middle', u'right']","[0.8, 0.4, 0.2]","[u'high', u'medium', u'low']",red,49,left,high,True,False,238,3300,NA
A2W8TJXW68442D,Mon Dec 04 2017 08:00:32 GMT-0500 (Eastern Standard Time),Mon Dec 04 2017 08:08:00 GMT-0500 (Eastern Standard Time),"Mozilla/5.0 (Windows NT 6.0) AppleWebKit/537.36 (KHTML, like Gecko) Chrome/49.0.2623.112 Safari/537.36",79,"[0.8, 0.4, 0.2]","[0.8, 0.4, 0.2]","[u'red', u'blue', u'black']","[u'left', u'middle', u'right']","[0.8, 0.4, 0.2]","[u'high', u'medium', u'low']",red,49,left,high,True,True,89,3400,NA
A2W8TJXW68442D,Mon Dec 04 2017 08:00:32 GMT-0500 (Eastern Standard Time),Mon Dec 04 2017 08:08:00 GMT-0500 (Eastern Standard Time),"Mozilla/5.0 (Windows NT 6.0) AppleWebKit/537.36 (KHTML, like Gecko) Chrome/49.0.2623.112 Safari/537.36",80,"[0.8, 0.4, 0.2]","[0.8, 0.4, 0.2]","[u'red', u'blue', u'black']","[u'left', u'middle', u'right']","[0.8, 0.4, 0.2]","[u'medium', u'high', u'low']",red,49,left,medium,False,False,51,3350,NA
A2W8TJXW68442D,Mon Dec 04 2017 08:00:32 GMT-0500 (Eastern Standard Time),Mon Dec 04 2017 08:08:00 GMT-0500 (Eastern Standard Time),"Mozilla/5.0 (Windows NT 6.0) AppleWebKit/537.36 (KHTML, like Gecko) Chrome/49.0.2623.112 Safari/537.36",81,"[0.8, 0.4, 0.2]","[0.8, 0.4, 0.2]","[u'red', u'blue', u'black']","[u'left', u'middle', u'right']","[0.8, 0.4, 0.2]","[u'high', u'low', u'medium']",red,49,left,high,False,False,602,3300,NA
A2W8TJXW68442D,Mon Dec 04 2017 08:00:32 GMT-0500 (Eastern Standard Time),Mon Dec 04 2017 08:08:00 GMT-0500 (Eastern Standard Time),"Mozilla/5.0 (Windows NT 6.0) AppleWebKit/537.36 (KHTML, like Gecko) Chrome/49.0.2623.112 Safari/537.36",82,"[0.8, 0.4, 0.2]","[0.8, 0.4, 0.2]","[u'red', u'blue', u'black']","[u'left', u'middle', u'right']","[0.8, 0.4, 0.2]","[u'high', u'low', u'medium']",red,49,left,high,True,False,163,3400,NA
A2W8TJXW68442D,Mon Dec 04 2017 08:00:32 GMT-0500 (Eastern Standard Time),Mon Dec 04 2017 08:08:00 GMT-0500 (Eastern Standard Time),"Mozilla/5.0 (Windows NT 6.0) AppleWebKit/537.36 (KHTML, like Gecko) Chrome/49.0.2623.112 Safari/537.36",83,"[0.8, 0.4, 0.2]","[0.8, 0.4, 0.2]","[u'red', u'blue', u'black']","[u'left', u'middle', u'right']","[0.8, 0.4, 0.2]","[u'high', u'low', u'medium']",red,49,left,high,True,False,66,3500,NA
A2W8TJXW68442D,Mon Dec 04 2017 08:00:32 GMT-0500 (Eastern Standard Time),Mon Dec 04 2017 08:08:00 GMT-0500 (Eastern Standard Time),"Mozilla/5.0 (Windows NT 6.0) AppleWebKit/537.36 (KHTML, like Gecko) Chrome/49.0.2623.112 Safari/537.36",84,"[0.8, 0.4, 0.2]","[0.8, 0.4, 0.2]","[u'red', u'blue', u'black']","[u'left', u'middle', u'right']","[0.8, 0.4, 0.2]","[u'high', u'low', u'medium']",red,49,left,high,False,False,411,3450,NA
A2W8TJXW68442D,Mon Dec 04 2017 08:00:32 GMT-0500 (Eastern Standard Time),Mon Dec 04 2017 08:08:00 GMT-0500 (Eastern Standard Time),"Mozilla/5.0 (Windows NT 6.0) AppleWebKit/537.36 (KHTML, like Gecko) Chrome/49.0.2623.112 Safari/537.36",85,"[0.8, 0.4, 0.2]","[0.8, 0.4, 0.2]","[u'red', u'blue', u'black']","[u'left', u'middle', u'right']","[0.8, 0.4, 0.2]","[u'high', u'low', u'medium']",red,49,left,high,True,False,202,3550,NA
A2W8TJXW68442D,Mon Dec 04 2017 08:00:32 GMT-0500 (Eastern Standard Time),Mon Dec 04 2017 08:08:00 GMT-0500 (Eastern Standard Time),"Mozilla/5.0 (Windows NT 6.0) AppleWebKit/537.36 (KHTML, like Gecko) Chrome/49.0.2623.112 Safari/537.36",86,"[0.8, 0.4, 0.2]","[0.8, 0.4, 0.2]","[u'red', u'blue', u'black']","[u'left', u'middle', u'right']","[0.8, 0.4, 0.2]","[u'high', u'low', u'medium']",red,49,left,high,True,False,163,3650,NA
A2W8TJXW68442D,Mon Dec 04 2017 08:00:32 GMT-0500 (Eastern Standard Time),Mon Dec 04 2017 08:08:00 GMT-0500 (Eastern Standard Time),"Mozilla/5.0 (Windows NT 6.0) AppleWebKit/537.36 (KHTML, like Gecko) Chrome/49.0.2623.112 Safari/537.36",87,"[0.8, 0.4, 0.2]","[0.8, 0.4, 0.2]","[u'red', u'blue', u'black']","[u'left', u'middle', u'right']","[0.8, 0.4, 0.2]","[u'high', u'low', u'medium']",red,49,left,high,True,False,195,3750,NA
A2W8TJXW68442D,Mon Dec 04 2017 08:00:32 GMT-0500 (Eastern Standard Time),Mon Dec 04 2017 08:08:00 GMT-0500 (Eastern Standard Time),"Mozilla/5.0 (Windows NT 6.0) AppleWebKit/537.36 (KHTML, like Gecko) Chrome/49.0.2623.112 Safari/537.36",88,"[0.8, 0.4, 0.2]","[0.8, 0.4, 0.2]","[u'red', u'blue', u'black']","[u'left', u'middle', u'right']","[0.8, 0.4, 0.2]","[u'high', u'low', u'medium']",red,49,left,high,False,False,123,3700,NA
A2W8TJXW68442D,Mon Dec 04 2017 08:00:32 GMT-0500 (Eastern Standard Time),Mon Dec 04 2017 08:08:00 GMT-0500 (Eastern Standard Time),"Mozilla/5.0 (Windows NT 6.0) AppleWebKit/537.36 (KHTML, like Gecko) Chrome/49.0.2623.112 Safari/537.36",89,"[0.8, 0.4, 0.2]","[0.8, 0.4, 0.2]","[u'red', u'blue', u'black']","[u'left', u'middle', u'right']","[0.8, 0.4, 0.2]","[u'high', u'low', u'medium']",red,49,left,high,False,True,71,3650,NA
A2W8TJXW68442D,Mon Dec 04 2017 08:00:32 GMT-0500 (Eastern Standard Time),Mon Dec 04 2017 08:08:00 GMT-0500 (Eastern Standard Time),"Mozilla/5.0 (Windows NT 6.0) AppleWebKit/537.36 (KHTML, like Gecko) Chrome/49.0.2623.112 Safari/537.36",90,"[0.8, 0.4, 0.2]","[0.8, 0.4, 0.2]","[u'red', u'blue', u'black']","[u'left', u'middle', u'right']","[0.8, 0.4, 0.2]","[u'medium', u'low', u'high']",blue,50,middle,low,True,False,119,3750,NA
A2W8TJXW68442D,Mon Dec 04 2017 08:00:32 GMT-0500 (Eastern Standard Time),Mon Dec 04 2017 08:08:00 GMT-0500 (Eastern Standard Time),"Mozilla/5.0 (Windows NT 6.0) AppleWebKit/537.36 (KHTML, like Gecko) Chrome/49.0.2623.112 Safari/537.36",91,"[0.8, 0.4, 0.2]","[0.8, 0.4, 0.2]","[u'red', u'blue', u'black']","[u'left', u'middle', u'right']","[0.8, 0.4, 0.2]","[u'medium', u'low', u'high']",blue,50,middle,low,False,False,203,3700,NA
A2W8TJXW68442D,Mon Dec 04 2017 08:00:32 GMT-0500 (Eastern Standard Time),Mon Dec 04 2017 08:08:00 GMT-0500 (Eastern Standard Time),"Mozilla/5.0 (Windows NT 6.0) AppleWebKit/537.36 (KHTML, like Gecko) Chrome/49.0.2623.112 Safari/537.36",92,"[0.8, 0.4, 0.2]","[0.8, 0.4, 0.2]","[u'red', u'blue', u'black']","[u'left', u'middle', u'right']","[0.8, 0.4, 0.2]","[u'medium', u'low', u'high']",blue,50,middle,low,False,False,115,3650,NA
A2W8TJXW68442D,Mon Dec 04 2017 08:00:32 GMT-0500 (Eastern Standard Time),Mon Dec 04 2017 08:08:00 GMT-0500 (Eastern Standard Time),"Mozilla/5.0 (Windows NT 6.0) AppleWebKit/537.36 (KHTML, like Gecko) Chrome/49.0.2623.112 Safari/537.36",93,"[0.8, 0.4, 0.2]","[0.8, 0.4, 0.2]","[u'red', u'blue', u'black']","[u'left', u'middle', u'right']","[0.8, 0.4, 0.2]","[u'medium', u'low', u'high']",black,51,right,high,False,False,163,3600,NA
A2W8TJXW68442D,Mon Dec 04 2017 08:00:32 GMT-0500 (Eastern Standard Time),Mon Dec 04 2017 08:08:00 GMT-0500 (Eastern Standard Time),"Mozilla/5.0 (Windows NT 6.0) AppleWebKit/537.36 (KHTML, like Gecko) Chrome/49.0.2623.112 Safari/537.36",94,"[0.8, 0.4, 0.2]","[0.8, 0.4, 0.2]","[u'red', u'blue', u'black']","[u'left', u'middle', u'right']","[0.8, 0.4, 0.2]","[u'medium', u'low', u'high']",blue,50,middle,low,False,False,114,3550,NA
A2W8TJXW68442D,Mon Dec 04 2017 08:00:32 GMT-0500 (Eastern Standard Time),Mon Dec 04 2017 08:08:00 GMT-0500 (Eastern Standard Time),"Mozilla/5.0 (Windows NT 6.0) AppleWebKit/537.36 (KHTML, like Gecko) Chrome/49.0.2623.112 Safari/537.36",95,"[0.8, 0.4, 0.2]","[0.8, 0.4, 0.2]","[u'red', u'blue', u'black']","[u'left', u'middle', u'right']","[0.8, 0.4, 0.2]","[u'medium', u'low', u'high']",red,49,left,medium,False,False,172,3500,NA
A2W8TJXW68442D,Mon Dec 04 2017 08:00:32 GMT-0500 (Eastern Standard Time),Mon Dec 04 2017 08:08:00 GMT-0500 (Eastern Standard Time),"Mozilla/5.0 (Windows NT 6.0) AppleWebKit/537.36 (KHTML, like Gecko) Chrome/49.0.2623.112 Safari/537.36",96,"[0.8, 0.4, 0.2]","[0.8, 0.4, 0.2]","[u'red', u'blue', u'black']","[u'left', u'middle', u'right']","[0.8, 0.4, 0.2]","[u'medium', u'low', u'high']",red,49,left,medium,True,False,139,3600,NA
A2W8TJXW68442D,Mon Dec 04 2017 08:00:32 GMT-0500 (Eastern Standard Time),Mon Dec 04 2017 08:08:00 GMT-0500 (Eastern Standard Time),"Mozilla/5.0 (Windows NT 6.0) AppleWebKit/537.36 (KHTML, like Gecko) Chrome/49.0.2623.112 Safari/537.36",97,"[0.8, 0.4, 0.2]","[0.8, 0.4, 0.2]","[u'red', u'blue', u'black']","[u'left', u'middle', u'right']","[0.8, 0.4, 0.2]","[u'medium', u'low', u'high']",red,49,left,medium,False,False,186,3550,NA
A2W8TJXW68442D,Mon Dec 04 2017 08:00:32 GMT-0500 (Eastern Standard Time),Mon Dec 04 2017 08:08:00 GMT-0500 (Eastern Standard Time),"Mozilla/5.0 (Windows NT 6.0) AppleWebKit/537.36 (KHTML, like Gecko) Chrome/49.0.2623.112 Safari/537.36",98,"[0.8, 0.4, 0.2]","[0.8, 0.4, 0.2]","[u'red', u'blue', u'black']","[u'left', u'middle', u'right']","[0.8, 0.4, 0.2]","[u'medium', u'low', u'high']",red,49,left,medium,False,False,203,3500,NA
A2W8TJXW68442D,Mon Dec 04 2017 08:00:32 GMT-0500 (Eastern Standard Time),Mon Dec 04 2017 08:08:00 GMT-0500 (Eastern Standard Time),"Mozilla/5.0 (Windows NT 6.0) AppleWebKit/537.36 (KHTML, like Gecko) Chrome/49.0.2623.112 Safari/537.36",99,"[0.8, 0.4, 0.2]","[0.8, 0.4, 0.2]","[u'red', u'blue', u'black']","[u'left', u'middle', u'right']","[0.8, 0.4, 0.2]","[u'medium', u'low', u'high']",blue,50,middle,low,False,False,117,3450,NA
A2W8TJXW68442D,Mon Dec 04 2017 08:00:32 GMT-0500 (Eastern Standard Time),Mon Dec 04 2017 08:08:00 GMT-0500 (Eastern Standard Time),"Mozilla/5.0 (Windows NT 6.0) AppleWebKit/537.36 (KHTML, like Gecko) Chrome/49.0.2623.112 Safari/537.36",100,"[0.8, 0.4, 0.2]","[0.8, 0.4, 0.2]","[u'red', u'blue', u'black']","[u'left', u'middle', u'right']","[0.8, 0.4, 0.2]","[u'medium', u'low', u'high']",black,51,right,high,True,False,161,3550,NA
A2W8TJXW68442D,Mon Dec 04 2017 08:00:32 GMT-0500 (Eastern Standard Time),Mon Dec 04 2017 08:08:00 GMT-0500 (Eastern Standard Time),"Mozilla/5.0 (Windows NT 6.0) AppleWebKit/537.36 (KHTML, like Gecko) Chrome/49.0.2623.112 Safari/537.36",101,"[0.8, 0.4, 0.2]","[0.8, 0.4, 0.2]","[u'red', u'blue', u'black']","[u'left', u'middle', u'right']","[0.8, 0.4, 0.2]","[u'medium', u'low', u'high']",black,51,right,high,True,False,139,3650,NA
A2W8TJXW68442D,Mon Dec 04 2017 08:00:32 GMT-0500 (Eastern Standard Time),Mon Dec 04 2017 08:08:00 GMT-0500 (Eastern Standard Time),"Mozilla/5.0 (Windows NT 6.0) AppleWebKit/537.36 (KHTML, like Gecko) Chrome/49.0.2623.112 Safari/537.36",102,"[0.8, 0.4, 0.2]","[0.8, 0.4, 0.2]","[u'red', u'blue', u'black']","[u'left', u'middle', u'right']","[0.8, 0.4, 0.2]","[u'medium', u'low', u'high']",black,51,right,high,True,False,171,3750,NA
A2W8TJXW68442D,Mon Dec 04 2017 08:00:32 GMT-0500 (Eastern Standard Time),Mon Dec 04 2017 08:08:00 GMT-0500 (Eastern Standard Time),"Mozilla/5.0 (Windows NT 6.0) AppleWebKit/537.36 (KHTML, like Gecko) Chrome/49.0.2623.112 Safari/537.36",103,"[0.8, 0.4, 0.2]","[0.8, 0.4, 0.2]","[u'red', u'blue', u'black']","[u'left', u'middle', u'right']","[0.8, 0.4, 0.2]","[u'medium', u'low', u'high']",black,51,right,high,False,False,21,3700,NA
A2W8TJXW68442D,Mon Dec 04 2017 08:00:32 GMT-0500 (Eastern Standard Time),Mon Dec 04 2017 08:08:00 GMT-0500 (Eastern Standard Time),"Mozilla/5.0 (Windows NT 6.0) AppleWebKit/537.36 (KHTML, like Gecko) Chrome/49.0.2623.112 Safari/537.36",104,"[0.8, 0.4, 0.2]","[0.8, 0.4, 0.2]","[u'red', u'blue', u'black']","[u'left', u'middle', u'right']","[0.8, 0.4, 0.2]","[u'medium', u'low', u'high']",black,51,right,high,True,False,77,3800,NA
A2W8TJXW68442D,Mon Dec 04 2017 08:00:32 GMT-0500 (Eastern Standard Time),Mon Dec 04 2017 08:08:00 GMT-0500 (Eastern Standard Time),"Mozilla/5.0 (Windows NT 6.0) AppleWebKit/537.36 (KHTML, like Gecko) Chrome/49.0.2623.112 Safari/537.36",105,"[0.8, 0.4, 0.2]","[0.8, 0.4, 0.2]","[u'red', u'blue', u'black']","[u'left', u'middle', u'right']","[0.8, 0.4, 0.2]","[u'medium', u'low', u'high']",black,51,right,high,True,False,352,3900,NA
A2W8TJXW68442D,Mon Dec 04 2017 08:00:32 GMT-0500 (Eastern Standard Time),Mon Dec 04 2017 08:08:00 GMT-0500 (Eastern Standard Time),"Mozilla/5.0 (Windows NT 6.0) AppleWebKit/537.36 (KHTML, like Gecko) Chrome/49.0.2623.112 Safari/537.36",106,"[0.8, 0.4, 0.2]","[0.8, 0.4, 0.2]","[u'red', u'blue', u'black']","[u'left', u'middle', u'right']","[0.8, 0.4, 0.2]","[u'medium', u'low', u'high']",black,51,right,high,True,False,248,4000,NA
A2W8TJXW68442D,Mon Dec 04 2017 08:00:32 GMT-0500 (Eastern Standard Time),Mon Dec 04 2017 08:08:00 GMT-0500 (Eastern Standard Time),"Mozilla/5.0 (Windows NT 6.0) AppleWebKit/537.36 (KHTML, like Gecko) Chrome/49.0.2623.112 Safari/537.36",107,"[0.8, 0.4, 0.2]","[0.8, 0.4, 0.2]","[u'red', u'blue', u'black']","[u'left', u'middle', u'right']","[0.8, 0.4, 0.2]","[u'medium', u'low', u'high']",black,51,right,high,True,False,166,4100,NA
A2W8TJXW68442D,Mon Dec 04 2017 08:00:32 GMT-0500 (Eastern Standard Time),Mon Dec 04 2017 08:08:00 GMT-0500 (Eastern Standard Time),"Mozilla/5.0 (Windows NT 6.0) AppleWebKit/537.36 (KHTML, like Gecko) Chrome/49.0.2623.112 Safari/537.36",108,"[0.8, 0.4, 0.2]","[0.8, 0.4, 0.2]","[u'red', u'blue', u'black']","[u'left', u'middle', u'right']","[0.8, 0.4, 0.2]","[u'medium', u'low', u'high']",black,51,right,high,True,True,188,4200,NA
A2W8TJXW68442D,Mon Dec 04 2017 08:00:32 GMT-0500 (Eastern Standard Time),Mon Dec 04 2017 08:08:00 GMT-0500 (Eastern Standard Time),"Mozilla/5.0 (Windows NT 6.0) AppleWebKit/537.36 (KHTML, like Gecko) Chrome/49.0.2623.112 Safari/537.36",109,"[0.8, 0.4, 0.2]","[0.8, 0.4, 0.2]","[u'red', u'blue', u'black']","[u'left', u'middle', u'right']","[0.8, 0.4, 0.2]","[u'medium', u'high', u'low']",black,51,right,low,True,False,31,4300,NA
A2W8TJXW68442D,Mon Dec 04 2017 08:00:32 GMT-0500 (Eastern Standard Time),Mon Dec 04 2017 08:08:00 GMT-0500 (Eastern Standard Time),"Mozilla/5.0 (Windows NT 6.0) AppleWebKit/537.36 (KHTML, like Gecko) Chrome/49.0.2623.112 Safari/537.36",110,"[0.8, 0.4, 0.2]","[0.8, 0.4, 0.2]","[u'red', u'blue', u'black']","[u'left', u'middle', u'right']","[0.8, 0.4, 0.2]","[u'medium', u'high', u'low']",black,51,right,low,True,False,164,4400,NA
A2W8TJXW68442D,Mon Dec 04 2017 08:00:32 GMT-0500 (Eastern Standard Time),Mon Dec 04 2017 08:08:00 GMT-0500 (Eastern Standard Time),"Mozilla/5.0 (Windows NT 6.0) AppleWebKit/537.36 (KHTML, like Gecko) Chrome/49.0.2623.112 Safari/537.36",111,"[0.8, 0.4, 0.2]","[0.8, 0.4, 0.2]","[u'red', u'blue', u'black']","[u'left', u'middle', u'right']","[0.8, 0.4, 0.2]","[u'medium', u'high', u'low']",black,51,right,low,False,False,122,4350,NA
A2W8TJXW68442D,Mon Dec 04 2017 08:00:32 GMT-0500 (Eastern Standard Time),Mon Dec 04 2017 08:08:00 GMT-0500 (Eastern Standard Time),"Mozilla/5.0 (Windows NT 6.0) AppleWebKit/537.36 (KHTML, like Gecko) Chrome/49.0.2623.112 Safari/537.36",112,"[0.8, 0.4, 0.2]","[0.8, 0.4, 0.2]","[u'red', u'blue', u'black']","[u'left', u'middle', u'right']","[0.8, 0.4, 0.2]","[u'medium', u'high', u'low']",black,51,right,low,False,False,51,4300,NA
A2W8TJXW68442D,Mon Dec 04 2017 08:00:32 GMT-0500 (Eastern Standard Time),Mon Dec 04 2017 08:08:00 GMT-0500 (Eastern Standard Time),"Mozilla/5.0 (Windows NT 6.0) AppleWebKit/537.36 (KHTML, like Gecko) Chrome/49.0.2623.112 Safari/537.36",113,"[0.8, 0.4, 0.2]","[0.8, 0.4, 0.2]","[u'red', u'blue', u'black']","[u'left', u'middle', u'right']","[0.8, 0.4, 0.2]","[u'medium', u'high', u'low']",blue,50,middle,high,True,False,35,4400,NA
A2W8TJXW68442D,Mon Dec 04 2017 08:00:32 GMT-0500 (Eastern Standard Time),Mon Dec 04 2017 08:08:00 GMT-0500 (Eastern Standard Time),"Mozilla/5.0 (Windows NT 6.0) AppleWebKit/537.36 (KHTML, like Gecko) Chrome/49.0.2623.112 Safari/537.36",114,"[0.8, 0.4, 0.2]","[0.8, 0.4, 0.2]","[u'red', u'blue', u'black']","[u'left', u'middle', u'right']","[0.8, 0.4, 0.2]","[u'medium', u'high', u'low']",blue,50,middle,high,True,False,189,4500,NA
A2W8TJXW68442D,Mon Dec 04 2017 08:00:32 GMT-0500 (Eastern Standard Time),Mon Dec 04 2017 08:08:00 GMT-0500 (Eastern Standard Time),"Mozilla/5.0 (Windows NT 6.0) AppleWebKit/537.36 (KHTML, like Gecko) Chrome/49.0.2623.112 Safari/537.36",115,"[0.8, 0.4, 0.2]","[0.8, 0.4, 0.2]","[u'red', u'blue', u'black']","[u'left', u'middle', u'right']","[0.8, 0.4, 0.2]","[u'medium', u'high', u'low']",blue,50,middle,high,True,False,59,4600,NA
A2W8TJXW68442D,Mon Dec 04 2017 08:00:32 GMT-0500 (Eastern Standard Time),Mon Dec 04 2017 08:08:00 GMT-0500 (Eastern Standard Time),"Mozilla/5.0 (Windows NT 6.0) AppleWebKit/537.36 (KHTML, like Gecko) Chrome/49.0.2623.112 Safari/537.36",116,"[0.8, 0.4, 0.2]","[0.8, 0.4, 0.2]","[u'red', u'blue', u'black']","[u'left', u'middle', u'right']","[0.8, 0.4, 0.2]","[u'medium', u'high', u'low']",blue,50,middle,high,True,False,99,4700,NA
A2W8TJXW68442D,Mon Dec 04 2017 08:00:32 GMT-0500 (Eastern Standard Time),Mon Dec 04 2017 08:08:00 GMT-0500 (Eastern Standard Time),"Mozilla/5.0 (Windows NT 6.0) AppleWebKit/537.36 (KHTML, like Gecko) Chrome/49.0.2623.112 Safari/537.36",117,"[0.8, 0.4, 0.2]","[0.8, 0.4, 0.2]","[u'red', u'blue', u'black']","[u'left', u'middle', u'right']","[0.8, 0.4, 0.2]","[u'medium', u'high', u'low']",blue,50,middle,high,True,False,162,4800,NA
A2W8TJXW68442D,Mon Dec 04 2017 08:00:32 GMT-0500 (Eastern Standard Time),Mon Dec 04 2017 08:08:00 GMT-0500 (Eastern Standard Time),"Mozilla/5.0 (Windows NT 6.0) AppleWebKit/537.36 (KHTML, like Gecko) Chrome/49.0.2623.112 Safari/537.36",118,"[0.8, 0.4, 0.2]","[0.8, 0.4, 0.2]","[u'red', u'blue', u'black']","[u'left', u'middle', u'right']","[0.8, 0.4, 0.2]","[u'medium', u'high', u'low']",blue,50,middle,high,True,False,17,4900,NA
A2W8TJXW68442D,Mon Dec 04 2017 08:00:32 GMT-0500 (Eastern Standard Time),Mon Dec 04 2017 08:08:00 GMT-0500 (Eastern Standard Time),"Mozilla/5.0 (Windows NT 6.0) AppleWebKit/537.36 (KHTML, like Gecko) Chrome/49.0.2623.112 Safari/537.36",119,"[0.8, 0.4, 0.2]","[0.8, 0.4, 0.2]","[u'red', u'blue', u'black']","[u'left', u'middle', u'right']","[0.8, 0.4, 0.2]","[u'medium', u'high', u'low']",blue,50,middle,high,True,False,200,5000,NA
A2W8TJXW68442D,Mon Dec 04 2017 08:00:32 GMT-0500 (Eastern Standard Time),Mon Dec 04 2017 08:08:00 GMT-0500 (Eastern Standard Time),"Mozilla/5.0 (Windows NT 6.0) AppleWebKit/537.36 (KHTML, like Gecko) Chrome/49.0.2623.112 Safari/537.36",120,"[0.8, 0.4, 0.2]","[0.8, 0.4, 0.2]","[u'red', u'blue', u'black']","[u'left', u'middle', u'right']","[0.8, 0.4, 0.2]","[u'medium', u'high', u'low']",blue,50,middle,high,False,False,386,4950,NA
A2W8TJXW68442D,Mon Dec 04 2017 08:00:32 GMT-0500 (Eastern Standard Time),Mon Dec 04 2017 08:08:00 GMT-0500 (Eastern Standard Time),"Mozilla/5.0 (Windows NT 6.0) AppleWebKit/537.36 (KHTML, like Gecko) Chrome/49.0.2623.112 Safari/537.36",121,"[0.8, 0.4, 0.2]","[0.8, 0.4, 0.2]","[u'red', u'blue', u'black']","[u'left', u'middle', u'right']","[0.8, 0.4, 0.2]","[u'high', u'low', u'medium']",red,49,left,high,False,False,419,4900,NA
A2W8TJXW68442D,Mon Dec 04 2017 08:00:32 GMT-0500 (Eastern Standard Time),Mon Dec 04 2017 08:08:00 GMT-0500 (Eastern Standard Time),"Mozilla/5.0 (Windows NT 6.0) AppleWebKit/537.36 (KHTML, like Gecko) Chrome/49.0.2623.112 Safari/537.36",122,"[0.8, 0.4, 0.2]","[0.8, 0.4, 0.2]","[u'red', u'blue', u'black']","[u'left', u'middle', u'right']","[0.8, 0.4, 0.2]","[u'high', u'low', u'medium']",blue,50,middle,low,False,False,212,4850,NA
A2W8TJXW68442D,Mon Dec 04 2017 08:00:32 GMT-0500 (Eastern Standard Time),Mon Dec 04 2017 08:08:00 GMT-0500 (Eastern Standard Time),"Mozilla/5.0 (Windows NT 6.0) AppleWebKit/537.36 (KHTML, like Gecko) Chrome/49.0.2623.112 Safari/537.36",123,"[0.8, 0.4, 0.2]","[0.8, 0.4, 0.2]","[u'red', u'blue', u'black']","[u'left', u'middle', u'right']","[0.8, 0.4, 0.2]","[u'high', u'low', u'medium']",black,51,right,medium,False,False,170,4800,NA
A2W8TJXW68442D,Mon Dec 04 2017 08:00:32 GMT-0500 (Eastern Standard Time),Mon Dec 04 2017 08:08:00 GMT-0500 (Eastern Standard Time),"Mozilla/5.0 (Windows NT 6.0) AppleWebKit/537.36 (KHTML, like Gecko) Chrome/49.0.2623.112 Safari/537.36",124,"[0.8, 0.4, 0.2]","[0.8, 0.4, 0.2]","[u'red', u'blue', u'black']","[u'left', u'middle', u'right']","[0.8, 0.4, 0.2]","[u'high', u'low', u'medium']",blue,50,middle,low,True,False,163,4900,NA
A2W8TJXW68442D,Mon Dec 04 2017 08:00:32 GMT-0500 (Eastern Standard Time),Mon Dec 04 2017 08:08:00 GMT-0500 (Eastern Standard Time),"Mozilla/5.0 (Windows NT 6.0) AppleWebKit/537.36 (KHTML, like Gecko) Chrome/49.0.2623.112 Safari/537.36",125,"[0.8, 0.4, 0.2]","[0.8, 0.4, 0.2]","[u'red', u'blue', u'black']","[u'left', u'middle', u'right']","[0.8, 0.4, 0.2]","[u'high', u'low', u'medium']",blue,50,middle,low,False,False,187,4850,NA
A2W8TJXW68442D,Mon Dec 04 2017 08:00:32 GMT-0500 (Eastern Standard Time),Mon Dec 04 2017 08:08:00 GMT-0500 (Eastern Standard Time),"Mozilla/5.0 (Windows NT 6.0) AppleWebKit/537.36 (KHTML, like Gecko) Chrome/49.0.2623.112 Safari/537.36",126,"[0.8, 0.4, 0.2]","[0.8, 0.4, 0.2]","[u'red', u'blue', u'black']","[u'left', u'middle', u'right']","[0.8, 0.4, 0.2]","[u'high', u'low', u'medium']",blue,50,middle,low,False,False,147,4800,NA
A2W8TJXW68442D,Mon Dec 04 2017 08:00:32 GMT-0500 (Eastern Standard Time),Mon Dec 04 2017 08:08:00 GMT-0500 (Eastern Standard Time),"Mozilla/5.0 (Windows NT 6.0) AppleWebKit/537.36 (KHTML, like Gecko) Chrome/49.0.2623.112 Safari/537.36",127,"[0.8, 0.4, 0.2]","[0.8, 0.4, 0.2]","[u'red', u'blue', u'black']","[u'left', u'middle', u'right']","[0.8, 0.4, 0.2]","[u'high', u'low', u'medium']",red,49,left,high,True,False,182,4900,NA
A2W8TJXW68442D,Mon Dec 04 2017 08:00:32 GMT-0500 (Eastern Standard Time),Mon Dec 04 2017 08:08:00 GMT-0500 (Eastern Standard Time),"Mozilla/5.0 (Windows NT 6.0) AppleWebKit/537.36 (KHTML, like Gecko) Chrome/49.0.2623.112 Safari/537.36",128,"[0.8, 0.4, 0.2]","[0.8, 0.4, 0.2]","[u'red', u'blue', u'black']","[u'left', u'middle', u'right']","[0.8, 0.4, 0.2]","[u'high', u'low', u'medium']",red,49,left,high,False,False,112,4850,NA
A2W8TJXW68442D,Mon Dec 04 2017 08:00:32 GMT-0500 (Eastern Standard Time),Mon Dec 04 2017 08:08:00 GMT-0500 (Eastern Standard Time),"Mozilla/5.0 (Windows NT 6.0) AppleWebKit/537.36 (KHTML, like Gecko) Chrome/49.0.2623.112 Safari/537.36",129,"[0.8, 0.4, 0.2]","[0.8, 0.4, 0.2]","[u'red', u'blue', u'black']","[u'left', u'middle', u'right']","[0.8, 0.4, 0.2]","[u'high', u'low', u'medium']",red,49,left,high,True,False,131,4950,NA
A2W8TJXW68442D,Mon Dec 04 2017 08:00:32 GMT-0500 (Eastern Standard Time),Mon Dec 04 2017 08:08:00 GMT-0500 (Eastern Standard Time),"Mozilla/5.0 (Windows NT 6.0) AppleWebKit/537.36 (KHTML, like Gecko) Chrome/49.0.2623.112 Safari/537.36",130,"[0.8, 0.4, 0.2]","[0.8, 0.4, 0.2]","[u'red', u'blue', u'black']","[u'left', u'middle', u'right']","[0.8, 0.4, 0.2]","[u'high', u'low', u'medium']",red,49,left,high,False,False,115,4900,NA
A2W8TJXW68442D,Mon Dec 04 2017 08:00:32 GMT-0500 (Eastern Standard Time),Mon Dec 04 2017 08:08:00 GMT-0500 (Eastern Standard Time),"Mozilla/5.0 (Windows NT 6.0) AppleWebKit/537.36 (KHTML, like Gecko) Chrome/49.0.2623.112 Safari/537.36",131,"[0.8, 0.4, 0.2]","[0.8, 0.4, 0.2]","[u'red', u'blue', u'black']","[u'left', u'middle', u'right']","[0.8, 0.4, 0.2]","[u'high', u'low', u'medium']",red,49,left,high,False,False,203,4850,NA
A2W8TJXW68442D,Mon Dec 04 2017 08:00:32 GMT-0500 (Eastern Standard Time),Mon Dec 04 2017 08:08:00 GMT-0500 (Eastern Standard Time),"Mozilla/5.0 (Windows NT 6.0) AppleWebKit/537.36 (KHTML, like Gecko) Chrome/49.0.2623.112 Safari/537.36",132,"[0.8, 0.4, 0.2]","[0.8, 0.4, 0.2]","[u'red', u'blue', u'black']","[u'left', u'middle', u'right']","[0.8, 0.4, 0.2]","[u'high', u'low', u'medium']",black,51,right,medium,False,False,107,4800,NA
A2W8TJXW68442D,Mon Dec 04 2017 08:00:32 GMT-0500 (Eastern Standard Time),Mon Dec 04 2017 08:08:00 GMT-0500 (Eastern Standard Time),"Mozilla/5.0 (Windows NT 6.0) AppleWebKit/537.36 (KHTML, like Gecko) Chrome/49.0.2623.112 Safari/537.36",133,"[0.8, 0.4, 0.2]","[0.8, 0.4, 0.2]","[u'red', u'blue', u'black']","[u'left', u'middle', u'right']","[0.8, 0.4, 0.2]","[u'high', u'low', u'medium']",blue,50,middle,low,False,False,75,4750,NA
A2W8TJXW68442D,Mon Dec 04 2017 08:00:32 GMT-0500 (Eastern Standard Time),Mon Dec 04 2017 08:08:00 GMT-0500 (Eastern Standard Time),"Mozilla/5.0 (Windows NT 6.0) AppleWebKit/537.36 (KHTML, like Gecko) Chrome/49.0.2623.112 Safari/537.36",134,"[0.8, 0.4, 0.2]","[0.8, 0.4, 0.2]","[u'red', u'blue', u'black']","[u'left', u'middle', u'right']","[0.8, 0.4, 0.2]","[u'high', u'low', u'medium']",blue,50,middle,low,True,False,228,4850,NA
A2W8TJXW68442D,Mon Dec 04 2017 08:00:32 GMT-0500 (Eastern Standard Time),Mon Dec 04 2017 08:08:00 GMT-0500 (Eastern Standard Time),"Mozilla/5.0 (Windows NT 6.0) AppleWebKit/537.36 (KHTML, like Gecko) Chrome/49.0.2623.112 Safari/537.36",135,"[0.8, 0.4, 0.2]","[0.8, 0.4, 0.2]","[u'red', u'blue', u'black']","[u'left', u'middle', u'right']","[0.8, 0.4, 0.2]","[u'high', u'low', u'medium']",blue,50,middle,low,False,False,187,4800,NA
A2W8TJXW68442D,Mon Dec 04 2017 08:00:32 GMT-0500 (Eastern Standard Time),Mon Dec 04 2017 08:08:00 GMT-0500 (Eastern Standard Time),"Mozilla/5.0 (Windows NT 6.0) AppleWebKit/537.36 (KHTML, like Gecko) Chrome/49.0.2623.112 Safari/537.36",136,"[0.8, 0.4, 0.2]","[0.8, 0.4, 0.2]","[u'red', u'blue', u'black']","[u'left', u'middle', u'right']","[0.8, 0.4, 0.2]","[u'high', u'low', u'medium']",blue,50,middle,low,False,False,155,4750,NA
A2W8TJXW68442D,Mon Dec 04 2017 08:00:32 GMT-0500 (Eastern Standard Time),Mon Dec 04 2017 08:08:00 GMT-0500 (Eastern Standard Time),"Mozilla/5.0 (Windows NT 6.0) AppleWebKit/537.36 (KHTML, like Gecko) Chrome/49.0.2623.112 Safari/537.36",137,"[0.8, 0.4, 0.2]","[0.8, 0.4, 0.2]","[u'red', u'blue', u'black']","[u'left', u'middle', u'right']","[0.8, 0.4, 0.2]","[u'high', u'low', u'medium']",black,51,right,medium,False,False,156,4700,NA
A2W8TJXW68442D,Mon Dec 04 2017 08:00:32 GMT-0500 (Eastern Standard Time),Mon Dec 04 2017 08:08:00 GMT-0500 (Eastern Standard Time),"Mozilla/5.0 (Windows NT 6.0) AppleWebKit/537.36 (KHTML, like Gecko) Chrome/49.0.2623.112 Safari/537.36",138,"[0.8, 0.4, 0.2]","[0.8, 0.4, 0.2]","[u'red', u'blue', u'black']","[u'left', u'middle', u'right']","[0.8, 0.4, 0.2]","[u'high', u'low', u'medium']",red,49,left,high,True,False,130,4800,NA
A2W8TJXW68442D,Mon Dec 04 2017 08:00:32 GMT-0500 (Eastern Standard Time),Mon Dec 04 2017 08:08:00 GMT-0500 (Eastern Standard Time),"Mozilla/5.0 (Windows NT 6.0) AppleWebKit/537.36 (KHTML, like Gecko) Chrome/49.0.2623.112 Safari/537.36",139,"[0.8, 0.4, 0.2]","[0.8, 0.4, 0.2]","[u'red', u'blue', u'black']","[u'left', u'middle', u'right']","[0.8, 0.4, 0.2]","[u'high', u'low', u'medium']",red,49,left,high,False,False,228,4750,NA
A2W8TJXW68442D,Mon Dec 04 2017 08:00:32 GMT-0500 (Eastern Standard Time),Mon Dec 04 2017 08:08:00 GMT-0500 (Eastern Standard Time),"Mozilla/5.0 (Windows NT 6.0) AppleWebKit/537.36 (KHTML, like Gecko) Chrome/49.0.2623.112 Safari/537.36",140,"[0.8, 0.4, 0.2]","[0.8, 0.4, 0.2]","[u'red', u'blue', u'black']","[u'left', u'middle', u'right']","[0.8, 0.4, 0.2]","[u'high', u'low', u'medium']",red,49,left,high,True,False,179,4850,NA
A2W8TJXW68442D,Mon Dec 04 2017 08:00:32 GMT-0500 (Eastern Standard Time),Mon Dec 04 2017 08:08:00 GMT-0500 (Eastern Standard Time),"Mozilla/5.0 (Windows NT 6.0) AppleWebKit/537.36 (KHTML, like Gecko) Chrome/49.0.2623.112 Safari/537.36",141,"[0.8, 0.4, 0.2]","[0.8, 0.4, 0.2]","[u'red', u'blue', u'black']","[u'left', u'middle', u'right']","[0.8, 0.4, 0.2]","[u'high', u'low', u'medium']",red,49,left,high,True,False,114,4950,NA
A2W8TJXW68442D,Mon Dec 04 2017 08:00:32 GMT-0500 (Eastern Standard Time),Mon Dec 04 2017 08:08:00 GMT-0500 (Eastern Standard Time),"Mozilla/5.0 (Windows NT 6.0) AppleWebKit/537.36 (KHTML, like Gecko) Chrome/49.0.2623.112 Safari/537.36",142,"[0.8, 0.4, 0.2]","[0.8, 0.4, 0.2]","[u'red', u'blue', u'black']","[u'left', u'middle', u'right']","[0.8, 0.4, 0.2]","[u'high', u'low', u'medium']",red,49,left,high,True,False,35,5050,NA
A2W8TJXW68442D,Mon Dec 04 2017 08:00:32 GMT-0500 (Eastern Standard Time),Mon Dec 04 2017 08:08:00 GMT-0500 (Eastern Standard Time),"Mozilla/5.0 (Windows NT 6.0) AppleWebKit/537.36 (KHTML, like Gecko) Chrome/49.0.2623.112 Safari/537.36",143,"[0.8, 0.4, 0.2]","[0.8, 0.4, 0.2]","[u'red', u'blue', u'black']","[u'left', u'middle', u'right']","[0.8, 0.4, 0.2]","[u'high', u'low', u'medium']",red,49,left,high,True,False,123,5150,NA
A2W8TJXW68442D,Mon Dec 04 2017 08:00:32 GMT-0500 (Eastern Standard Time),Mon Dec 04 2017 08:08:00 GMT-0500 (Eastern Standard Time),"Mozilla/5.0 (Windows NT 6.0) AppleWebKit/537.36 (KHTML, like Gecko) Chrome/49.0.2623.112 Safari/537.36",144,"[0.8, 0.4, 0.2]","[0.8, 0.4, 0.2]","[u'red', u'blue', u'black']","[u'left', u'middle', u'right']","[0.8, 0.4, 0.2]","[u'high', u'low', u'medium']",red,49,left,high,True,False,34,5250,NA
A2W8TJXW68442D,Mon Dec 04 2017 08:00:32 GMT-0500 (Eastern Standard Time),Mon Dec 04 2017 08:08:00 GMT-0500 (Eastern Standard Time),"Mozilla/5.0 (Windows NT 6.0) AppleWebKit/537.36 (KHTML, like Gecko) Chrome/49.0.2623.112 Safari/537.36",145,"[0.8, 0.4, 0.2]","[0.8, 0.4, 0.2]","[u'red', u'blue', u'black']","[u'left', u'middle', u'right']","[0.8, 0.4, 0.2]","[u'high', u'low', u'medium']",red,49,left,high,True,False,84,5350,NA
A2W8TJXW68442D,Mon Dec 04 2017 08:00:32 GMT-0500 (Eastern Standard Time),Mon Dec 04 2017 08:08:00 GMT-0500 (Eastern Standard Time),"Mozilla/5.0 (Windows NT 6.0) AppleWebKit/537.36 (KHTML, like Gecko) Chrome/49.0.2623.112 Safari/537.36",146,"[0.8, 0.4, 0.2]","[0.8, 0.4, 0.2]","[u'red', u'blue', u'black']","[u'left', u'middle', u'right']","[0.8, 0.4, 0.2]","[u'high', u'low', u'medium']",red,49,left,high,True,True,299,5450,NA
A2W8TJXW68442D,Mon Dec 04 2017 08:00:32 GMT-0500 (Eastern Standard Time),Mon Dec 04 2017 08:08:00 GMT-0500 (Eastern Standard Time),"Mozilla/5.0 (Windows NT 6.0) AppleWebKit/537.36 (KHTML, like Gecko) Chrome/49.0.2623.112 Safari/537.36",147,"[0.8, 0.4, 0.2]","[0.8, 0.4, 0.2]","[u'red', u'blue', u'black']","[u'left', u'middle', u'right']","[0.8, 0.4, 0.2]","[u'medium', u'high', u'low']",red,49,left,medium,True,False,83,5550,NA
A2W8TJXW68442D,Mon Dec 04 2017 08:00:32 GMT-0500 (Eastern Standard Time),Mon Dec 04 2017 08:08:00 GMT-0500 (Eastern Standard Time),"Mozilla/5.0 (Windows NT 6.0) AppleWebKit/537.36 (KHTML, like Gecko) Chrome/49.0.2623.112 Safari/537.36",148,"[0.8, 0.4, 0.2]","[0.8, 0.4, 0.2]","[u'red', u'blue', u'black']","[u'left', u'middle', u'right']","[0.8, 0.4, 0.2]","[u'medium', u'high', u'low']",red,49,left,medium,True,False,43,5650,NA
A2W8TJXW68442D,Mon Dec 04 2017 08:00:32 GMT-0500 (Eastern Standard Time),Mon Dec 04 2017 08:08:00 GMT-0500 (Eastern Standard Time),"Mozilla/5.0 (Windows NT 6.0) AppleWebKit/537.36 (KHTML, like Gecko) Chrome/49.0.2623.112 Safari/537.36",149,"[0.8, 0.4, 0.2]","[0.8, 0.4, 0.2]","[u'red', u'blue', u'black']","[u'left', u'middle', u'right']","[0.8, 0.4, 0.2]","[u'medium', u'high', u'low']",red,49,left,medium,True,False,54,5750,NA
A2W8TJXW68442D,Mon Dec 04 2017 08:00:32 GMT-0500 (Eastern Standard Time),Mon Dec 04 2017 08:08:00 GMT-0500 (Eastern Standard Time),"Mozilla/5.0 (Windows NT 6.0) AppleWebKit/537.36 (KHTML, like Gecko) Chrome/49.0.2623.112 Safari/537.36",150,"[0.8, 0.4, 0.2]","[0.8, 0.4, 0.2]","[u'red', u'blue', u'black']","[u'left', u'middle', u'right']","[0.8, 0.4, 0.2]","[u'medium', u'high', u'low']",red,49,left,medium,False,False,57,5700,NA
A2W8TJXW68442D,Mon Dec 04 2017 08:00:32 GMT-0500 (Eastern Standard Time),Mon Dec 04 2017 08:08:00 GMT-0500 (Eastern Standard Time),"Mozilla/5.0 (Windows NT 6.0) AppleWebKit/537.36 (KHTML, like Gecko) Chrome/49.0.2623.112 Safari/537.36",151,"[0.8, 0.4, 0.2]","[0.8, 0.4, 0.2]","[u'red', u'blue', u'black']","[u'left', u'middle', u'right']","[0.8, 0.4, 0.2]","[u'medium', u'high', u'low']",blue,50,middle,high,True,False,139,5800,NA
A2W8TJXW68442D,Mon Dec 04 2017 08:00:32 GMT-0500 (Eastern Standard Time),Mon Dec 04 2017 08:08:00 GMT-0500 (Eastern Standard Time),"Mozilla/5.0 (Windows NT 6.0) AppleWebKit/537.36 (KHTML, like Gecko) Chrome/49.0.2623.112 Safari/537.36",152,"[0.8, 0.4, 0.2]","[0.8, 0.4, 0.2]","[u'red', u'blue', u'black']","[u'left', u'middle', u'right']","[0.8, 0.4, 0.2]","[u'medium', u'high', u'low']",blue,50,middle,high,True,False,32,5900,NA
A2W8TJXW68442D,Mon Dec 04 2017 08:00:32 GMT-0500 (Eastern Standard Time),Mon Dec 04 2017 08:08:00 GMT-0500 (Eastern Standard Time),"Mozilla/5.0 (Windows NT 6.0) AppleWebKit/537.36 (KHTML, like Gecko) Chrome/49.0.2623.112 Safari/537.36",153,"[0.8, 0.4, 0.2]","[0.8, 0.4, 0.2]","[u'red', u'blue', u'black']","[u'left', u'middle', u'right']","[0.8, 0.4, 0.2]","[u'medium', u'high', u'low']",blue,50,middle,high,True,False,11,6000,NA
A2W8TJXW68442D,Mon Dec 04 2017 08:00:32 GMT-0500 (Eastern Standard Time),Mon Dec 04 2017 08:08:00 GMT-0500 (Eastern Standard Time),"Mozilla/5.0 (Windows NT 6.0) AppleWebKit/537.36 (KHTML, like Gecko) Chrome/49.0.2623.112 Safari/537.36",154,"[0.8, 0.4, 0.2]","[0.8, 0.4, 0.2]","[u'red', u'blue', u'black']","[u'left', u'middle', u'right']","[0.8, 0.4, 0.2]","[u'medium', u'high', u'low']",blue,50,middle,high,False,False,112,5950,NA
A2W8TJXW68442D,Mon Dec 04 2017 08:00:32 GMT-0500 (Eastern Standard Time),Mon Dec 04 2017 08:08:00 GMT-0500 (Eastern Standard Time),"Mozilla/5.0 (Windows NT 6.0) AppleWebKit/537.36 (KHTML, like Gecko) Chrome/49.0.2623.112 Safari/537.36",155,"[0.8, 0.4, 0.2]","[0.8, 0.4, 0.2]","[u'red', u'blue', u'black']","[u'left', u'middle', u'right']","[0.8, 0.4, 0.2]","[u'medium', u'high', u'low']",blue,50,middle,high,False,False,108,5900,NA
A2W8TJXW68442D,Mon Dec 04 2017 08:00:32 GMT-0500 (Eastern Standard Time),Mon Dec 04 2017 08:08:00 GMT-0500 (Eastern Standard Time),"Mozilla/5.0 (Windows NT 6.0) AppleWebKit/537.36 (KHTML, like Gecko) Chrome/49.0.2623.112 Safari/537.36",156,"[0.8, 0.4, 0.2]","[0.8, 0.4, 0.2]","[u'red', u'blue', u'black']","[u'left', u'middle', u'right']","[0.8, 0.4, 0.2]","[u'medium', u'high', u'low']",black,51,right,low,False,False,154,5850,NA
A2W8TJXW68442D,Mon Dec 04 2017 08:00:32 GMT-0500 (Eastern Standard Time),Mon Dec 04 2017 08:08:00 GMT-0500 (Eastern Standard Time),"Mozilla/5.0 (Windows NT 6.0) AppleWebKit/537.36 (KHTML, like Gecko) Chrome/49.0.2623.112 Safari/537.36",157,"[0.8, 0.4, 0.2]","[0.8, 0.4, 0.2]","[u'red', u'blue', u'black']","[u'left', u'middle', u'right']","[0.8, 0.4, 0.2]","[u'medium', u'high', u'low']",red,49,left,medium,True,False,101,5950,NA
A2W8TJXW68442D,Mon Dec 04 2017 08:00:32 GMT-0500 (Eastern Standard Time),Mon Dec 04 2017 08:08:00 GMT-0500 (Eastern Standard Time),"Mozilla/5.0 (Windows NT 6.0) AppleWebKit/537.36 (KHTML, like Gecko) Chrome/49.0.2623.112 Safari/537.36",158,"[0.8, 0.4, 0.2]","[0.8, 0.4, 0.2]","[u'red', u'blue', u'black']","[u'left', u'middle', u'right']","[0.8, 0.4, 0.2]","[u'medium', u'high', u'low']",red,49,left,medium,False,False,24,5900,NA
A2W8TJXW68442D,Mon Dec 04 2017 08:00:32 GMT-0500 (Eastern Standard Time),Mon Dec 04 2017 08:08:00 GMT-0500 (Eastern Standard Time),"Mozilla/5.0 (Windows NT 6.0) AppleWebKit/537.36 (KHTML, like Gecko) Chrome/49.0.2623.112 Safari/537.36",159,"[0.8, 0.4, 0.2]","[0.8, 0.4, 0.2]","[u'red', u'blue', u'black']","[u'left', u'middle', u'right']","[0.8, 0.4, 0.2]","[u'medium', u'high', u'low']",red,49,left,medium,True,False,89,6000,NA
A2W8TJXW68442D,Mon Dec 04 2017 08:00:32 GMT-0500 (Eastern Standard Time),Mon Dec 04 2017 08:08:00 GMT-0500 (Eastern Standard Time),"Mozilla/5.0 (Windows NT 6.0) AppleWebKit/537.36 (KHTML, like Gecko) Chrome/49.0.2623.112 Safari/537.36",160,"[0.8, 0.4, 0.2]","[0.8, 0.4, 0.2]","[u'red', u'blue', u'black']","[u'left', u'middle', u'right']","[0.8, 0.4, 0.2]","[u'medium', u'high', u'low']",red,49,left,medium,False,False,19,5950,NA
