A2Z70GL7HTFFQR,Fri Jun 08 2018 14:28:56 GMT-0600 (Central America Standard Time),Fri Jun 08 2018 14:44:28 GMT-0600 (Central America Standard Time),"Mozilla/5.0 (Windows NT 10.0; Win64; x64) AppleWebKit/537.36 (KHTML, like Gecko) Chrome/66.0.3359.181 Safari/537.36",1,"[0.9, 0.5, 0.1]","[0.9, 0.5, 0.1]","[u'black', u'red', u'blue']","[u'left', u'middle', u'right']","[0.9, 0.5, 0.1]","[u'high', u'low', u'medium']",blue,51,right,medium,True,False,630,100,NA
A2Z70GL7HTFFQR,Fri Jun 08 2018 14:28:56 GMT-0600 (Central America Standard Time),Fri Jun 08 2018 14:44:28 GMT-0600 (Central America Standard Time),"Mozilla/5.0 (Windows NT 10.0; Win64; x64) AppleWebKit/537.36 (KHTML, like Gecko) Chrome/66.0.3359.181 Safari/537.36",2,"[0.9, 0.5, 0.1]","[0.9, 0.5, 0.1]","[u'black', u'red', u'blue']","[u'left', u'middle', u'right']","[0.9, 0.5, 0.1]","[u'high', u'low', u'medium']",blue,51,right,medium,False,False,323,50,NA
A2Z70GL7HTFFQR,Fri Jun 08 2018 14:28:56 GMT-0600 (Central America Standard Time),Fri Jun 08 2018 14:44:28 GMT-0600 (Central America Standard Time),"Mozilla/5.0 (Windows NT 10.0; Win64; x64) AppleWebKit/537.36 (KHTML, like Gecko) Chrome/66.0.3359.181 Safari/537.36",3,"[0.9, 0.5, 0.1]","[0.9, 0.5, 0.1]","[u'black', u'red', u'blue']","[u'left', u'middle', u'right']","[0.9, 0.5, 0.1]","[u'high', u'low', u'medium']",blue,51,right,medium,True,False,386,150,NA
A2Z70GL7HTFFQR,Fri Jun 08 2018 14:28:56 GMT-0600 (Central America Standard Time),Fri Jun 08 2018 14:44:28 GMT-0600 (Central America Standard Time),"Mozilla/5.0 (Windows NT 10.0; Win64; x64) AppleWebKit/537.36 (KHTML, like Gecko) Chrome/66.0.3359.181 Safari/537.36",4,"[0.9, 0.5, 0.1]","[0.9, 0.5, 0.1]","[u'black', u'red', u'blue']","[u'left', u'middle', u'right']","[0.9, 0.5, 0.1]","[u'high', u'low', u'medium']",blue,51,right,medium,True,False,339,250,NA
A2Z70GL7HTFFQR,Fri Jun 08 2018 14:28:56 GMT-0600 (Central America Standard Time),Fri Jun 08 2018 14:44:28 GMT-0600 (Central America Standard Time),"Mozilla/5.0 (Windows NT 10.0; Win64; x64) AppleWebKit/537.36 (KHTML, like Gecko) Chrome/66.0.3359.181 Safari/537.36",5,"[0.9, 0.5, 0.1]","[0.9, 0.5, 0.1]","[u'black', u'red', u'blue']","[u'left', u'middle', u'right']","[0.9, 0.5, 0.1]","[u'high', u'low', u'medium']",blue,51,right,medium,False,False,234,200,NA
A2Z70GL7HTFFQR,Fri Jun 08 2018 14:28:56 GMT-0600 (Central America Standard Time),Fri Jun 08 2018 14:44:28 GMT-0600 (Central America Standard Time),"Mozilla/5.0 (Windows NT 10.0; Win64; x64) AppleWebKit/537.36 (KHTML, like Gecko) Chrome/66.0.3359.181 Safari/537.36",6,"[0.9, 0.5, 0.1]","[0.9, 0.5, 0.1]","[u'black', u'red', u'blue']","[u'left', u'middle', u'right']","[0.9, 0.5, 0.1]","[u'high', u'low', u'medium']",blue,51,right,medium,True,False,348,300,NA
A2Z70GL7HTFFQR,Fri Jun 08 2018 14:28:56 GMT-0600 (Central America Standard Time),Fri Jun 08 2018 14:44:28 GMT-0600 (Central America Standard Time),"Mozilla/5.0 (Windows NT 10.0; Win64; x64) AppleWebKit/537.36 (KHTML, like Gecko) Chrome/66.0.3359.181 Safari/537.36",7,"[0.9, 0.5, 0.1]","[0.9, 0.5, 0.1]","[u'black', u'red', u'blue']","[u'left', u'middle', u'right']","[0.9, 0.5, 0.1]","[u'high', u'low', u'medium']",blue,51,right,medium,True,False,323,400,NA
A2Z70GL7HTFFQR,Fri Jun 08 2018 14:28:56 GMT-0600 (Central America Standard Time),Fri Jun 08 2018 14:44:28 GMT-0600 (Central America Standard Time),"Mozilla/5.0 (Windows NT 10.0; Win64; x64) AppleWebKit/537.36 (KHTML, like Gecko) Chrome/66.0.3359.181 Safari/537.36",8,"[0.9, 0.5, 0.1]","[0.9, 0.5, 0.1]","[u'black', u'red', u'blue']","[u'left', u'middle', u'right']","[0.9, 0.5, 0.1]","[u'high', u'low', u'medium']",blue,51,right,medium,False,False,268,350,NA
A2Z70GL7HTFFQR,Fri Jun 08 2018 14:28:56 GMT-0600 (Central America Standard Time),Fri Jun 08 2018 14:44:28 GMT-0600 (Central America Standard Time),"Mozilla/5.0 (Windows NT 10.0; Win64; x64) AppleWebKit/537.36 (KHTML, like Gecko) Chrome/66.0.3359.181 Safari/537.36",9,"[0.9, 0.5, 0.1]","[0.9, 0.5, 0.1]","[u'black', u'red', u'blue']","[u'left', u'middle', u'right']","[0.9, 0.5, 0.1]","[u'high', u'low', u'medium']",blue,51,right,medium,True,False,289,450,NA
A2Z70GL7HTFFQR,Fri Jun 08 2018 14:28:56 GMT-0600 (Central America Standard Time),Fri Jun 08 2018 14:44:28 GMT-0600 (Central America Standard Time),"Mozilla/5.0 (Windows NT 10.0; Win64; x64) AppleWebKit/537.36 (KHTML, like Gecko) Chrome/66.0.3359.181 Safari/537.36",10,"[0.9, 0.5, 0.1]","[0.9, 0.5, 0.1]","[u'black', u'red', u'blue']","[u'left', u'middle', u'right']","[0.9, 0.5, 0.1]","[u'high', u'low', u'medium']",blue,51,right,medium,False,False,339,400,NA
A2Z70GL7HTFFQR,Fri Jun 08 2018 14:28:56 GMT-0600 (Central America Standard Time),Fri Jun 08 2018 14:44:28 GMT-0600 (Central America Standard Time),"Mozilla/5.0 (Windows NT 10.0; Win64; x64) AppleWebKit/537.36 (KHTML, like Gecko) Chrome/66.0.3359.181 Safari/537.36",11,"[0.9, 0.5, 0.1]","[0.9, 0.5, 0.1]","[u'black', u'red', u'blue']","[u'left', u'middle', u'right']","[0.9, 0.5, 0.1]","[u'high', u'low', u'medium']",blue,51,right,medium,False,False,235,350,NA
A2Z70GL7HTFFQR,Fri Jun 08 2018 14:28:56 GMT-0600 (Central America Standard Time),Fri Jun 08 2018 14:44:28 GMT-0600 (Central America Standard Time),"Mozilla/5.0 (Windows NT 10.0; Win64; x64) AppleWebKit/537.36 (KHTML, like Gecko) Chrome/66.0.3359.181 Safari/537.36",12,"[0.9, 0.5, 0.1]","[0.9, 0.5, 0.1]","[u'black', u'red', u'blue']","[u'left', u'middle', u'right']","[0.9, 0.5, 0.1]","[u'high', u'low', u'medium']",red,50,middle,low,False,False,98,300,NA
A2Z70GL7HTFFQR,Fri Jun 08 2018 14:28:56 GMT-0600 (Central America Standard Time),Fri Jun 08 2018 14:44:28 GMT-0600 (Central America Standard Time),"Mozilla/5.0 (Windows NT 10.0; Win64; x64) AppleWebKit/537.36 (KHTML, like Gecko) Chrome/66.0.3359.181 Safari/537.36",13,"[0.9, 0.5, 0.1]","[0.9, 0.5, 0.1]","[u'black', u'red', u'blue']","[u'left', u'middle', u'right']","[0.9, 0.5, 0.1]","[u'high', u'low', u'medium']",red,50,middle,low,False,False,64,250,NA
A2Z70GL7HTFFQR,Fri Jun 08 2018 14:28:56 GMT-0600 (Central America Standard Time),Fri Jun 08 2018 14:44:28 GMT-0600 (Central America Standard Time),"Mozilla/5.0 (Windows NT 10.0; Win64; x64) AppleWebKit/537.36 (KHTML, like Gecko) Chrome/66.0.3359.181 Safari/537.36",14,"[0.9, 0.5, 0.1]","[0.9, 0.5, 0.1]","[u'black', u'red', u'blue']","[u'left', u'middle', u'right']","[0.9, 0.5, 0.1]","[u'high', u'low', u'medium']",black,49,left,high,True,False,108,350,NA
A2Z70GL7HTFFQR,Fri Jun 08 2018 14:28:56 GMT-0600 (Central America Standard Time),Fri Jun 08 2018 14:44:28 GMT-0600 (Central America Standard Time),"Mozilla/5.0 (Windows NT 10.0; Win64; x64) AppleWebKit/537.36 (KHTML, like Gecko) Chrome/66.0.3359.181 Safari/537.36",15,"[0.9, 0.5, 0.1]","[0.9, 0.5, 0.1]","[u'black', u'red', u'blue']","[u'left', u'middle', u'right']","[0.9, 0.5, 0.1]","[u'high', u'low', u'medium']",black,49,left,high,True,False,168,450,NA
A2Z70GL7HTFFQR,Fri Jun 08 2018 14:28:56 GMT-0600 (Central America Standard Time),Fri Jun 08 2018 14:44:28 GMT-0600 (Central America Standard Time),"Mozilla/5.0 (Windows NT 10.0; Win64; x64) AppleWebKit/537.36 (KHTML, like Gecko) Chrome/66.0.3359.181 Safari/537.36",16,"[0.9, 0.5, 0.1]","[0.9, 0.5, 0.1]","[u'black', u'red', u'blue']","[u'left', u'middle', u'right']","[0.9, 0.5, 0.1]","[u'high', u'low', u'medium']",black,49,left,high,True,False,178,550,NA
A2Z70GL7HTFFQR,Fri Jun 08 2018 14:28:56 GMT-0600 (Central America Standard Time),Fri Jun 08 2018 14:44:28 GMT-0600 (Central America Standard Time),"Mozilla/5.0 (Windows NT 10.0; Win64; x64) AppleWebKit/537.36 (KHTML, like Gecko) Chrome/66.0.3359.181 Safari/537.36",17,"[0.9, 0.5, 0.1]","[0.9, 0.5, 0.1]","[u'black', u'red', u'blue']","[u'left', u'middle', u'right']","[0.9, 0.5, 0.1]","[u'high', u'low', u'medium']",black,49,left,high,True,False,114,650,NA
A2Z70GL7HTFFQR,Fri Jun 08 2018 14:28:56 GMT-0600 (Central America Standard Time),Fri Jun 08 2018 14:44:28 GMT-0600 (Central America Standard Time),"Mozilla/5.0 (Windows NT 10.0; Win64; x64) AppleWebKit/537.36 (KHTML, like Gecko) Chrome/66.0.3359.181 Safari/537.36",18,"[0.9, 0.5, 0.1]","[0.9, 0.5, 0.1]","[u'black', u'red', u'blue']","[u'left', u'middle', u'right']","[0.9, 0.5, 0.1]","[u'high', u'low', u'medium']",black,49,left,high,True,False,394,750,NA
A2Z70GL7HTFFQR,Fri Jun 08 2018 14:28:56 GMT-0600 (Central America Standard Time),Fri Jun 08 2018 14:44:28 GMT-0600 (Central America Standard Time),"Mozilla/5.0 (Windows NT 10.0; Win64; x64) AppleWebKit/537.36 (KHTML, like Gecko) Chrome/66.0.3359.181 Safari/537.36",19,"[0.9, 0.5, 0.1]","[0.9, 0.5, 0.1]","[u'black', u'red', u'blue']","[u'left', u'middle', u'right']","[0.9, 0.5, 0.1]","[u'high', u'low', u'medium']",black,49,left,high,True,False,193,850,NA
A2Z70GL7HTFFQR,Fri Jun 08 2018 14:28:56 GMT-0600 (Central America Standard Time),Fri Jun 08 2018 14:44:28 GMT-0600 (Central America Standard Time),"Mozilla/5.0 (Windows NT 10.0; Win64; x64) AppleWebKit/537.36 (KHTML, like Gecko) Chrome/66.0.3359.181 Safari/537.36",20,"[0.9, 0.5, 0.1]","[0.9, 0.5, 0.1]","[u'black', u'red', u'blue']","[u'left', u'middle', u'right']","[0.9, 0.5, 0.1]","[u'high', u'low', u'medium']",black,49,left,high,True,False,108,950,NA
A2Z70GL7HTFFQR,Fri Jun 08 2018 14:28:56 GMT-0600 (Central America Standard Time),Fri Jun 08 2018 14:44:28 GMT-0600 (Central America Standard Time),"Mozilla/5.0 (Windows NT 10.0; Win64; x64) AppleWebKit/537.36 (KHTML, like Gecko) Chrome/66.0.3359.181 Safari/537.36",21,"[0.9, 0.5, 0.1]","[0.9, 0.5, 0.1]","[u'black', u'red', u'blue']","[u'left', u'middle', u'right']","[0.9, 0.5, 0.1]","[u'high', u'low', u'medium']",black,49,left,high,True,False,96,1050,NA
A2Z70GL7HTFFQR,Fri Jun 08 2018 14:28:56 GMT-0600 (Central America Standard Time),Fri Jun 08 2018 14:44:28 GMT-0600 (Central America Standard Time),"Mozilla/5.0 (Windows NT 10.0; Win64; x64) AppleWebKit/537.36 (KHTML, like Gecko) Chrome/66.0.3359.181 Safari/537.36",22,"[0.9, 0.5, 0.1]","[0.9, 0.5, 0.1]","[u'black', u'red', u'blue']","[u'left', u'middle', u'right']","[0.9, 0.5, 0.1]","[u'high', u'low', u'medium']",black,49,left,high,True,True,136,1150,NA
A2Z70GL7HTFFQR,Fri Jun 08 2018 14:28:56 GMT-0600 (Central America Standard Time),Fri Jun 08 2018 14:44:28 GMT-0600 (Central America Standard Time),"Mozilla/5.0 (Windows NT 10.0; Win64; x64) AppleWebKit/537.36 (KHTML, like Gecko) Chrome/66.0.3359.181 Safari/537.36",23,"[0.9, 0.5, 0.1]","[0.9, 0.5, 0.1]","[u'black', u'red', u'blue']","[u'left', u'middle', u'right']","[0.9, 0.5, 0.1]","[u'low', u'high', u'medium']",black,49,left,low,False,False,10,1100,NA
A2Z70GL7HTFFQR,Fri Jun 08 2018 14:28:56 GMT-0600 (Central America Standard Time),Fri Jun 08 2018 14:44:28 GMT-0600 (Central America Standard Time),"Mozilla/5.0 (Windows NT 10.0; Win64; x64) AppleWebKit/537.36 (KHTML, like Gecko) Chrome/66.0.3359.181 Safari/537.36",24,"[0.9, 0.5, 0.1]","[0.9, 0.5, 0.1]","[u'black', u'red', u'blue']","[u'left', u'middle', u'right']","[0.9, 0.5, 0.1]","[u'low', u'high', u'medium']",black,49,left,low,False,False,486,1050,NA
A2Z70GL7HTFFQR,Fri Jun 08 2018 14:28:56 GMT-0600 (Central America Standard Time),Fri Jun 08 2018 14:44:28 GMT-0600 (Central America Standard Time),"Mozilla/5.0 (Windows NT 10.0; Win64; x64) AppleWebKit/537.36 (KHTML, like Gecko) Chrome/66.0.3359.181 Safari/537.36",25,"[0.9, 0.5, 0.1]","[0.9, 0.5, 0.1]","[u'black', u'red', u'blue']","[u'left', u'middle', u'right']","[0.9, 0.5, 0.1]","[u'low', u'high', u'medium']",red,50,middle,high,True,False,62,1150,NA
A2Z70GL7HTFFQR,Fri Jun 08 2018 14:28:56 GMT-0600 (Central America Standard Time),Fri Jun 08 2018 14:44:28 GMT-0600 (Central America Standard Time),"Mozilla/5.0 (Windows NT 10.0; Win64; x64) AppleWebKit/537.36 (KHTML, like Gecko) Chrome/66.0.3359.181 Safari/537.36",26,"[0.9, 0.5, 0.1]","[0.9, 0.5, 0.1]","[u'black', u'red', u'blue']","[u'left', u'middle', u'right']","[0.9, 0.5, 0.1]","[u'low', u'high', u'medium']",red,50,middle,high,True,False,52,1250,NA
A2Z70GL7HTFFQR,Fri Jun 08 2018 14:28:56 GMT-0600 (Central America Standard Time),Fri Jun 08 2018 14:44:28 GMT-0600 (Central America Standard Time),"Mozilla/5.0 (Windows NT 10.0; Win64; x64) AppleWebKit/537.36 (KHTML, like Gecko) Chrome/66.0.3359.181 Safari/537.36",27,"[0.9, 0.5, 0.1]","[0.9, 0.5, 0.1]","[u'black', u'red', u'blue']","[u'left', u'middle', u'right']","[0.9, 0.5, 0.1]","[u'low', u'high', u'medium']",red,50,middle,high,True,False,219,1350,NA
A2Z70GL7HTFFQR,Fri Jun 08 2018 14:28:56 GMT-0600 (Central America Standard Time),Fri Jun 08 2018 14:44:28 GMT-0600 (Central America Standard Time),"Mozilla/5.0 (Windows NT 10.0; Win64; x64) AppleWebKit/537.36 (KHTML, like Gecko) Chrome/66.0.3359.181 Safari/537.36",28,"[0.9, 0.5, 0.1]","[0.9, 0.5, 0.1]","[u'black', u'red', u'blue']","[u'left', u'middle', u'right']","[0.9, 0.5, 0.1]","[u'low', u'high', u'medium']",red,50,middle,high,True,False,223,1450,NA
A2Z70GL7HTFFQR,Fri Jun 08 2018 14:28:56 GMT-0600 (Central America Standard Time),Fri Jun 08 2018 14:44:28 GMT-0600 (Central America Standard Time),"Mozilla/5.0 (Windows NT 10.0; Win64; x64) AppleWebKit/537.36 (KHTML, like Gecko) Chrome/66.0.3359.181 Safari/537.36",29,"[0.9, 0.5, 0.1]","[0.9, 0.5, 0.1]","[u'black', u'red', u'blue']","[u'left', u'middle', u'right']","[0.9, 0.5, 0.1]","[u'low', u'high', u'medium']",red,50,middle,high,True,False,147,1550,NA
A2Z70GL7HTFFQR,Fri Jun 08 2018 14:28:56 GMT-0600 (Central America Standard Time),Fri Jun 08 2018 14:44:28 GMT-0600 (Central America Standard Time),"Mozilla/5.0 (Windows NT 10.0; Win64; x64) AppleWebKit/537.36 (KHTML, like Gecko) Chrome/66.0.3359.181 Safari/537.36",30,"[0.9, 0.5, 0.1]","[0.9, 0.5, 0.1]","[u'black', u'red', u'blue']","[u'left', u'middle', u'right']","[0.9, 0.5, 0.1]","[u'low', u'high', u'medium']",red,50,middle,high,True,False,162,1650,NA
A2Z70GL7HTFFQR,Fri Jun 08 2018 14:28:56 GMT-0600 (Central America Standard Time),Fri Jun 08 2018 14:44:28 GMT-0600 (Central America Standard Time),"Mozilla/5.0 (Windows NT 10.0; Win64; x64) AppleWebKit/537.36 (KHTML, like Gecko) Chrome/66.0.3359.181 Safari/537.36",31,"[0.9, 0.5, 0.1]","[0.9, 0.5, 0.1]","[u'black', u'red', u'blue']","[u'left', u'middle', u'right']","[0.9, 0.5, 0.1]","[u'low', u'high', u'medium']",red,50,middle,high,True,False,321,1750,NA
A2Z70GL7HTFFQR,Fri Jun 08 2018 14:28:56 GMT-0600 (Central America Standard Time),Fri Jun 08 2018 14:44:28 GMT-0600 (Central America Standard Time),"Mozilla/5.0 (Windows NT 10.0; Win64; x64) AppleWebKit/537.36 (KHTML, like Gecko) Chrome/66.0.3359.181 Safari/537.36",32,"[0.9, 0.5, 0.1]","[0.9, 0.5, 0.1]","[u'black', u'red', u'blue']","[u'left', u'middle', u'right']","[0.9, 0.5, 0.1]","[u'low', u'high', u'medium']",red,50,middle,high,True,False,202,1850,NA
A2Z70GL7HTFFQR,Fri Jun 08 2018 14:28:56 GMT-0600 (Central America Standard Time),Fri Jun 08 2018 14:44:28 GMT-0600 (Central America Standard Time),"Mozilla/5.0 (Windows NT 10.0; Win64; x64) AppleWebKit/537.36 (KHTML, like Gecko) Chrome/66.0.3359.181 Safari/537.36",33,"[0.9, 0.5, 0.1]","[0.9, 0.5, 0.1]","[u'black', u'red', u'blue']","[u'left', u'middle', u'right']","[0.9, 0.5, 0.1]","[u'low', u'high', u'medium']",red,50,middle,high,True,True,547,1950,NA
A2Z70GL7HTFFQR,Fri Jun 08 2018 14:28:56 GMT-0600 (Central America Standard Time),Fri Jun 08 2018 14:44:28 GMT-0600 (Central America Standard Time),"Mozilla/5.0 (Windows NT 10.0; Win64; x64) AppleWebKit/537.36 (KHTML, like Gecko) Chrome/66.0.3359.181 Safari/537.36",34,"[0.9, 0.5, 0.1]","[0.9, 0.5, 0.1]","[u'black', u'red', u'blue']","[u'left', u'middle', u'right']","[0.9, 0.5, 0.1]","[u'medium', u'low', u'high']",red,50,middle,low,False,False,193,1900,NA
A2Z70GL7HTFFQR,Fri Jun 08 2018 14:28:56 GMT-0600 (Central America Standard Time),Fri Jun 08 2018 14:44:28 GMT-0600 (Central America Standard Time),"Mozilla/5.0 (Windows NT 10.0; Win64; x64) AppleWebKit/537.36 (KHTML, like Gecko) Chrome/66.0.3359.181 Safari/537.36",35,"[0.9, 0.5, 0.1]","[0.9, 0.5, 0.1]","[u'black', u'red', u'blue']","[u'left', u'middle', u'right']","[0.9, 0.5, 0.1]","[u'medium', u'low', u'high']",blue,51,right,high,True,False,170,2000,NA
A2Z70GL7HTFFQR,Fri Jun 08 2018 14:28:56 GMT-0600 (Central America Standard Time),Fri Jun 08 2018 14:44:28 GMT-0600 (Central America Standard Time),"Mozilla/5.0 (Windows NT 10.0; Win64; x64) AppleWebKit/537.36 (KHTML, like Gecko) Chrome/66.0.3359.181 Safari/537.36",36,"[0.9, 0.5, 0.1]","[0.9, 0.5, 0.1]","[u'black', u'red', u'blue']","[u'left', u'middle', u'right']","[0.9, 0.5, 0.1]","[u'medium', u'low', u'high']",blue,51,right,high,True,False,80,2100,NA
A2Z70GL7HTFFQR,Fri Jun 08 2018 14:28:56 GMT-0600 (Central America Standard Time),Fri Jun 08 2018 14:44:28 GMT-0600 (Central America Standard Time),"Mozilla/5.0 (Windows NT 10.0; Win64; x64) AppleWebKit/537.36 (KHTML, like Gecko) Chrome/66.0.3359.181 Safari/537.36",37,"[0.9, 0.5, 0.1]","[0.9, 0.5, 0.1]","[u'black', u'red', u'blue']","[u'left', u'middle', u'right']","[0.9, 0.5, 0.1]","[u'medium', u'low', u'high']",blue,51,right,high,True,False,602,2200,NA
A2Z70GL7HTFFQR,Fri Jun 08 2018 14:28:56 GMT-0600 (Central America Standard Time),Fri Jun 08 2018 14:44:28 GMT-0600 (Central America Standard Time),"Mozilla/5.0 (Windows NT 10.0; Win64; x64) AppleWebKit/537.36 (KHTML, like Gecko) Chrome/66.0.3359.181 Safari/537.36",38,"[0.9, 0.5, 0.1]","[0.9, 0.5, 0.1]","[u'black', u'red', u'blue']","[u'left', u'middle', u'right']","[0.9, 0.5, 0.1]","[u'medium', u'low', u'high']",blue,51,right,high,True,False,135,2300,NA
A2Z70GL7HTFFQR,Fri Jun 08 2018 14:28:56 GMT-0600 (Central America Standard Time),Fri Jun 08 2018 14:44:28 GMT-0600 (Central America Standard Time),"Mozilla/5.0 (Windows NT 10.0; Win64; x64) AppleWebKit/537.36 (KHTML, like Gecko) Chrome/66.0.3359.181 Safari/537.36",39,"[0.9, 0.5, 0.1]","[0.9, 0.5, 0.1]","[u'black', u'red', u'blue']","[u'left', u'middle', u'right']","[0.9, 0.5, 0.1]","[u'medium', u'low', u'high']",blue,51,right,high,True,False,44,2400,NA
A2Z70GL7HTFFQR,Fri Jun 08 2018 14:28:56 GMT-0600 (Central America Standard Time),Fri Jun 08 2018 14:44:28 GMT-0600 (Central America Standard Time),"Mozilla/5.0 (Windows NT 10.0; Win64; x64) AppleWebKit/537.36 (KHTML, like Gecko) Chrome/66.0.3359.181 Safari/537.36",40,"[0.9, 0.5, 0.1]","[0.9, 0.5, 0.1]","[u'black', u'red', u'blue']","[u'left', u'middle', u'right']","[0.9, 0.5, 0.1]","[u'medium', u'low', u'high']",blue,51,right,high,True,False,41,2500,NA
A2Z70GL7HTFFQR,Fri Jun 08 2018 14:28:56 GMT-0600 (Central America Standard Time),Fri Jun 08 2018 14:44:28 GMT-0600 (Central America Standard Time),"Mozilla/5.0 (Windows NT 10.0; Win64; x64) AppleWebKit/537.36 (KHTML, like Gecko) Chrome/66.0.3359.181 Safari/537.36",41,"[0.9, 0.5, 0.1]","[0.9, 0.5, 0.1]","[u'black', u'red', u'blue']","[u'left', u'middle', u'right']","[0.9, 0.5, 0.1]","[u'high', u'low', u'medium']",blue,51,right,medium,False,False,347,2450,NA
A2Z70GL7HTFFQR,Fri Jun 08 2018 14:28:56 GMT-0600 (Central America Standard Time),Fri Jun 08 2018 14:44:28 GMT-0600 (Central America Standard Time),"Mozilla/5.0 (Windows NT 10.0; Win64; x64) AppleWebKit/537.36 (KHTML, like Gecko) Chrome/66.0.3359.181 Safari/537.36",42,"[0.9, 0.5, 0.1]","[0.9, 0.5, 0.1]","[u'black', u'red', u'blue']","[u'left', u'middle', u'right']","[0.9, 0.5, 0.1]","[u'high', u'low', u'medium']",red,50,middle,low,False,False,587,2400,NA
A2Z70GL7HTFFQR,Fri Jun 08 2018 14:28:56 GMT-0600 (Central America Standard Time),Fri Jun 08 2018 14:44:28 GMT-0600 (Central America Standard Time),"Mozilla/5.0 (Windows NT 10.0; Win64; x64) AppleWebKit/537.36 (KHTML, like Gecko) Chrome/66.0.3359.181 Safari/537.36",43,"[0.9, 0.5, 0.1]","[0.9, 0.5, 0.1]","[u'black', u'red', u'blue']","[u'left', u'middle', u'right']","[0.9, 0.5, 0.1]","[u'high', u'low', u'medium']",black,49,left,high,True,False,226,2500,NA
A2Z70GL7HTFFQR,Fri Jun 08 2018 14:28:56 GMT-0600 (Central America Standard Time),Fri Jun 08 2018 14:44:28 GMT-0600 (Central America Standard Time),"Mozilla/5.0 (Windows NT 10.0; Win64; x64) AppleWebKit/537.36 (KHTML, like Gecko) Chrome/66.0.3359.181 Safari/537.36",44,"[0.9, 0.5, 0.1]","[0.9, 0.5, 0.1]","[u'black', u'red', u'blue']","[u'left', u'middle', u'right']","[0.9, 0.5, 0.1]","[u'high', u'low', u'medium']",black,49,left,high,True,False,80,2600,NA
A2Z70GL7HTFFQR,Fri Jun 08 2018 14:28:56 GMT-0600 (Central America Standard Time),Fri Jun 08 2018 14:44:28 GMT-0600 (Central America Standard Time),"Mozilla/5.0 (Windows NT 10.0; Win64; x64) AppleWebKit/537.36 (KHTML, like Gecko) Chrome/66.0.3359.181 Safari/537.36",45,"[0.9, 0.5, 0.1]","[0.9, 0.5, 0.1]","[u'black', u'red', u'blue']","[u'left', u'middle', u'right']","[0.9, 0.5, 0.1]","[u'high', u'low', u'medium']",black,49,left,high,True,False,101,2700,NA
A2Z70GL7HTFFQR,Fri Jun 08 2018 14:28:56 GMT-0600 (Central America Standard Time),Fri Jun 08 2018 14:44:28 GMT-0600 (Central America Standard Time),"Mozilla/5.0 (Windows NT 10.0; Win64; x64) AppleWebKit/537.36 (KHTML, like Gecko) Chrome/66.0.3359.181 Safari/537.36",46,"[0.9, 0.5, 0.1]","[0.9, 0.5, 0.1]","[u'black', u'red', u'blue']","[u'left', u'middle', u'right']","[0.9, 0.5, 0.1]","[u'high', u'low', u'medium']",black,49,left,high,True,False,545,2800,NA
A2Z70GL7HTFFQR,Fri Jun 08 2018 14:28:56 GMT-0600 (Central America Standard Time),Fri Jun 08 2018 14:44:28 GMT-0600 (Central America Standard Time),"Mozilla/5.0 (Windows NT 10.0; Win64; x64) AppleWebKit/537.36 (KHTML, like Gecko) Chrome/66.0.3359.181 Safari/537.36",47,"[0.9, 0.5, 0.1]","[0.9, 0.5, 0.1]","[u'black', u'red', u'blue']","[u'left', u'middle', u'right']","[0.9, 0.5, 0.1]","[u'high', u'low', u'medium']",black,49,left,high,True,False,401,2900,NA
A2Z70GL7HTFFQR,Fri Jun 08 2018 14:28:56 GMT-0600 (Central America Standard Time),Fri Jun 08 2018 14:44:28 GMT-0600 (Central America Standard Time),"Mozilla/5.0 (Windows NT 10.0; Win64; x64) AppleWebKit/537.36 (KHTML, like Gecko) Chrome/66.0.3359.181 Safari/537.36",48,"[0.9, 0.5, 0.1]","[0.9, 0.5, 0.1]","[u'black', u'red', u'blue']","[u'left', u'middle', u'right']","[0.9, 0.5, 0.1]","[u'high', u'low', u'medium']",black,49,left,high,True,False,154,3000,NA
A2Z70GL7HTFFQR,Fri Jun 08 2018 14:28:56 GMT-0600 (Central America Standard Time),Fri Jun 08 2018 14:44:28 GMT-0600 (Central America Standard Time),"Mozilla/5.0 (Windows NT 10.0; Win64; x64) AppleWebKit/537.36 (KHTML, like Gecko) Chrome/66.0.3359.181 Safari/537.36",49,"[0.9, 0.5, 0.1]","[0.9, 0.5, 0.1]","[u'black', u'red', u'blue']","[u'left', u'middle', u'right']","[0.9, 0.5, 0.1]","[u'high', u'low', u'medium']",black,49,left,high,True,False,139,3100,NA
A2Z70GL7HTFFQR,Fri Jun 08 2018 14:28:56 GMT-0600 (Central America Standard Time),Fri Jun 08 2018 14:44:28 GMT-0600 (Central America Standard Time),"Mozilla/5.0 (Windows NT 10.0; Win64; x64) AppleWebKit/537.36 (KHTML, like Gecko) Chrome/66.0.3359.181 Safari/537.36",50,"[0.9, 0.5, 0.1]","[0.9, 0.5, 0.1]","[u'black', u'red', u'blue']","[u'left', u'middle', u'right']","[0.9, 0.5, 0.1]","[u'high', u'low', u'medium']",black,49,left,high,True,False,281,3200,NA
A2Z70GL7HTFFQR,Fri Jun 08 2018 14:28:56 GMT-0600 (Central America Standard Time),Fri Jun 08 2018 14:44:28 GMT-0600 (Central America Standard Time),"Mozilla/5.0 (Windows NT 10.0; Win64; x64) AppleWebKit/537.36 (KHTML, like Gecko) Chrome/66.0.3359.181 Safari/537.36",51,"[0.9, 0.5, 0.1]","[0.9, 0.5, 0.1]","[u'black', u'red', u'blue']","[u'left', u'middle', u'right']","[0.9, 0.5, 0.1]","[u'high', u'low', u'medium']",black,49,left,high,True,True,250,3300,NA
A2Z70GL7HTFFQR,Fri Jun 08 2018 14:28:56 GMT-0600 (Central America Standard Time),Fri Jun 08 2018 14:44:28 GMT-0600 (Central America Standard Time),"Mozilla/5.0 (Windows NT 10.0; Win64; x64) AppleWebKit/537.36 (KHTML, like Gecko) Chrome/66.0.3359.181 Safari/537.36",52,"[0.9, 0.5, 0.1]","[0.9, 0.5, 0.1]","[u'black', u'red', u'blue']","[u'left', u'middle', u'right']","[0.9, 0.5, 0.1]","[u'low', u'high', u'medium']",black,49,left,low,False,False,99,3250,NA
A2Z70GL7HTFFQR,Fri Jun 08 2018 14:28:56 GMT-0600 (Central America Standard Time),Fri Jun 08 2018 14:44:28 GMT-0600 (Central America Standard Time),"Mozilla/5.0 (Windows NT 10.0; Win64; x64) AppleWebKit/537.36 (KHTML, like Gecko) Chrome/66.0.3359.181 Safari/537.36",53,"[0.9, 0.5, 0.1]","[0.9, 0.5, 0.1]","[u'black', u'red', u'blue']","[u'left', u'middle', u'right']","[0.9, 0.5, 0.1]","[u'low', u'high', u'medium']",red,50,middle,high,True,False,146,3350,NA
A2Z70GL7HTFFQR,Fri Jun 08 2018 14:28:56 GMT-0600 (Central America Standard Time),Fri Jun 08 2018 14:44:28 GMT-0600 (Central America Standard Time),"Mozilla/5.0 (Windows NT 10.0; Win64; x64) AppleWebKit/537.36 (KHTML, like Gecko) Chrome/66.0.3359.181 Safari/537.36",54,"[0.9, 0.5, 0.1]","[0.9, 0.5, 0.1]","[u'black', u'red', u'blue']","[u'left', u'middle', u'right']","[0.9, 0.5, 0.1]","[u'low', u'high', u'medium']",red,50,middle,high,True,False,313,3450,NA
A2Z70GL7HTFFQR,Fri Jun 08 2018 14:28:56 GMT-0600 (Central America Standard Time),Fri Jun 08 2018 14:44:28 GMT-0600 (Central America Standard Time),"Mozilla/5.0 (Windows NT 10.0; Win64; x64) AppleWebKit/537.36 (KHTML, like Gecko) Chrome/66.0.3359.181 Safari/537.36",55,"[0.9, 0.5, 0.1]","[0.9, 0.5, 0.1]","[u'black', u'red', u'blue']","[u'left', u'middle', u'right']","[0.9, 0.5, 0.1]","[u'low', u'high', u'medium']",red,50,middle,high,True,False,285,3550,NA
A2Z70GL7HTFFQR,Fri Jun 08 2018 14:28:56 GMT-0600 (Central America Standard Time),Fri Jun 08 2018 14:44:28 GMT-0600 (Central America Standard Time),"Mozilla/5.0 (Windows NT 10.0; Win64; x64) AppleWebKit/537.36 (KHTML, like Gecko) Chrome/66.0.3359.181 Safari/537.36",56,"[0.9, 0.5, 0.1]","[0.9, 0.5, 0.1]","[u'black', u'red', u'blue']","[u'left', u'middle', u'right']","[0.9, 0.5, 0.1]","[u'low', u'high', u'medium']",red,50,middle,high,True,False,65,3650,NA
A2Z70GL7HTFFQR,Fri Jun 08 2018 14:28:56 GMT-0600 (Central America Standard Time),Fri Jun 08 2018 14:44:28 GMT-0600 (Central America Standard Time),"Mozilla/5.0 (Windows NT 10.0; Win64; x64) AppleWebKit/537.36 (KHTML, like Gecko) Chrome/66.0.3359.181 Safari/537.36",57,"[0.9, 0.5, 0.1]","[0.9, 0.5, 0.1]","[u'black', u'red', u'blue']","[u'left', u'middle', u'right']","[0.9, 0.5, 0.1]","[u'low', u'high', u'medium']",red,50,middle,high,True,False,243,3750,NA
A2Z70GL7HTFFQR,Fri Jun 08 2018 14:28:56 GMT-0600 (Central America Standard Time),Fri Jun 08 2018 14:44:28 GMT-0600 (Central America Standard Time),"Mozilla/5.0 (Windows NT 10.0; Win64; x64) AppleWebKit/537.36 (KHTML, like Gecko) Chrome/66.0.3359.181 Safari/537.36",58,"[0.9, 0.5, 0.1]","[0.9, 0.5, 0.1]","[u'black', u'red', u'blue']","[u'left', u'middle', u'right']","[0.9, 0.5, 0.1]","[u'low', u'high', u'medium']",red,50,middle,high,True,False,226,3850,NA
A2Z70GL7HTFFQR,Fri Jun 08 2018 14:28:56 GMT-0600 (Central America Standard Time),Fri Jun 08 2018 14:44:28 GMT-0600 (Central America Standard Time),"Mozilla/5.0 (Windows NT 10.0; Win64; x64) AppleWebKit/537.36 (KHTML, like Gecko) Chrome/66.0.3359.181 Safari/537.36",59,"[0.9, 0.5, 0.1]","[0.9, 0.5, 0.1]","[u'black', u'red', u'blue']","[u'left', u'middle', u'right']","[0.9, 0.5, 0.1]","[u'low', u'high', u'medium']",red,50,middle,high,True,False,210,3950,NA
A2Z70GL7HTFFQR,Fri Jun 08 2018 14:28:56 GMT-0600 (Central America Standard Time),Fri Jun 08 2018 14:44:28 GMT-0600 (Central America Standard Time),"Mozilla/5.0 (Windows NT 10.0; Win64; x64) AppleWebKit/537.36 (KHTML, like Gecko) Chrome/66.0.3359.181 Safari/537.36",60,"[0.9, 0.5, 0.1]","[0.9, 0.5, 0.1]","[u'black', u'red', u'blue']","[u'left', u'middle', u'right']","[0.9, 0.5, 0.1]","[u'low', u'high', u'medium']",red,50,middle,high,True,False,611,4050,NA
A2Z70GL7HTFFQR,Fri Jun 08 2018 14:28:56 GMT-0600 (Central America Standard Time),Fri Jun 08 2018 14:44:28 GMT-0600 (Central America Standard Time),"Mozilla/5.0 (Windows NT 10.0; Win64; x64) AppleWebKit/537.36 (KHTML, like Gecko) Chrome/66.0.3359.181 Safari/537.36",61,"[0.9, 0.5, 0.1]","[0.9, 0.5, 0.1]","[u'black', u'red', u'blue']","[u'left', u'middle', u'right']","[0.9, 0.5, 0.1]","[u'low', u'high', u'medium']",red,50,middle,high,True,True,100,4150,NA
A2Z70GL7HTFFQR,Fri Jun 08 2018 14:28:56 GMT-0600 (Central America Standard Time),Fri Jun 08 2018 14:44:28 GMT-0600 (Central America Standard Time),"Mozilla/5.0 (Windows NT 10.0; Win64; x64) AppleWebKit/537.36 (KHTML, like Gecko) Chrome/66.0.3359.181 Safari/537.36",62,"[0.9, 0.5, 0.1]","[0.9, 0.5, 0.1]","[u'black', u'red', u'blue']","[u'left', u'middle', u'right']","[0.9, 0.5, 0.1]","[u'medium', u'low', u'high']",red,50,middle,low,True,False,250,4250,NA
A2Z70GL7HTFFQR,Fri Jun 08 2018 14:28:56 GMT-0600 (Central America Standard Time),Fri Jun 08 2018 14:44:28 GMT-0600 (Central America Standard Time),"Mozilla/5.0 (Windows NT 10.0; Win64; x64) AppleWebKit/537.36 (KHTML, like Gecko) Chrome/66.0.3359.181 Safari/537.36",63,"[0.9, 0.5, 0.1]","[0.9, 0.5, 0.1]","[u'black', u'red', u'blue']","[u'left', u'middle', u'right']","[0.9, 0.5, 0.1]","[u'medium', u'low', u'high']",red,50,middle,low,False,False,42,4200,NA
A2Z70GL7HTFFQR,Fri Jun 08 2018 14:28:56 GMT-0600 (Central America Standard Time),Fri Jun 08 2018 14:44:28 GMT-0600 (Central America Standard Time),"Mozilla/5.0 (Windows NT 10.0; Win64; x64) AppleWebKit/537.36 (KHTML, like Gecko) Chrome/66.0.3359.181 Safari/537.36",64,"[0.9, 0.5, 0.1]","[0.9, 0.5, 0.1]","[u'black', u'red', u'blue']","[u'left', u'middle', u'right']","[0.9, 0.5, 0.1]","[u'medium', u'low', u'high']",blue,51,right,high,True,False,251,4300,NA
A2Z70GL7HTFFQR,Fri Jun 08 2018 14:28:56 GMT-0600 (Central America Standard Time),Fri Jun 08 2018 14:44:28 GMT-0600 (Central America Standard Time),"Mozilla/5.0 (Windows NT 10.0; Win64; x64) AppleWebKit/537.36 (KHTML, like Gecko) Chrome/66.0.3359.181 Safari/537.36",65,"[0.9, 0.5, 0.1]","[0.9, 0.5, 0.1]","[u'black', u'red', u'blue']","[u'left', u'middle', u'right']","[0.9, 0.5, 0.1]","[u'medium', u'low', u'high']",blue,51,right,high,True,False,546,4400,NA
A2Z70GL7HTFFQR,Fri Jun 08 2018 14:28:56 GMT-0600 (Central America Standard Time),Fri Jun 08 2018 14:44:28 GMT-0600 (Central America Standard Time),"Mozilla/5.0 (Windows NT 10.0; Win64; x64) AppleWebKit/537.36 (KHTML, like Gecko) Chrome/66.0.3359.181 Safari/537.36",66,"[0.9, 0.5, 0.1]","[0.9, 0.5, 0.1]","[u'black', u'red', u'blue']","[u'left', u'middle', u'right']","[0.9, 0.5, 0.1]","[u'medium', u'low', u'high']",blue,51,right,high,True,False,187,4500,NA
A2Z70GL7HTFFQR,Fri Jun 08 2018 14:28:56 GMT-0600 (Central America Standard Time),Fri Jun 08 2018 14:44:28 GMT-0600 (Central America Standard Time),"Mozilla/5.0 (Windows NT 10.0; Win64; x64) AppleWebKit/537.36 (KHTML, like Gecko) Chrome/66.0.3359.181 Safari/537.36",67,"[0.9, 0.5, 0.1]","[0.9, 0.5, 0.1]","[u'black', u'red', u'blue']","[u'left', u'middle', u'right']","[0.9, 0.5, 0.1]","[u'medium', u'low', u'high']",blue,51,right,high,True,False,786,4600,NA
A2Z70GL7HTFFQR,Fri Jun 08 2018 14:28:56 GMT-0600 (Central America Standard Time),Fri Jun 08 2018 14:44:28 GMT-0600 (Central America Standard Time),"Mozilla/5.0 (Windows NT 10.0; Win64; x64) AppleWebKit/537.36 (KHTML, like Gecko) Chrome/66.0.3359.181 Safari/537.36",68,"[0.9, 0.5, 0.1]","[0.9, 0.5, 0.1]","[u'black', u'red', u'blue']","[u'left', u'middle', u'right']","[0.9, 0.5, 0.1]","[u'medium', u'low', u'high']",blue,51,right,high,True,False,890,4700,NA
A2Z70GL7HTFFQR,Fri Jun 08 2018 14:28:56 GMT-0600 (Central America Standard Time),Fri Jun 08 2018 14:44:28 GMT-0600 (Central America Standard Time),"Mozilla/5.0 (Windows NT 10.0; Win64; x64) AppleWebKit/537.36 (KHTML, like Gecko) Chrome/66.0.3359.181 Safari/537.36",69,"[0.9, 0.5, 0.1]","[0.9, 0.5, 0.1]","[u'black', u'red', u'blue']","[u'left', u'middle', u'right']","[0.9, 0.5, 0.1]","[u'medium', u'low', u'high']",blue,51,right,high,True,False,212,4800,NA
A2Z70GL7HTFFQR,Fri Jun 08 2018 14:28:56 GMT-0600 (Central America Standard Time),Fri Jun 08 2018 14:44:28 GMT-0600 (Central America Standard Time),"Mozilla/5.0 (Windows NT 10.0; Win64; x64) AppleWebKit/537.36 (KHTML, like Gecko) Chrome/66.0.3359.181 Safari/537.36",70,"[0.9, 0.5, 0.1]","[0.9, 0.5, 0.1]","[u'black', u'red', u'blue']","[u'left', u'middle', u'right']","[0.9, 0.5, 0.1]","[u'medium', u'low', u'high']",blue,51,right,high,True,False,94,4900,NA
A2Z70GL7HTFFQR,Fri Jun 08 2018 14:28:56 GMT-0600 (Central America Standard Time),Fri Jun 08 2018 14:44:28 GMT-0600 (Central America Standard Time),"Mozilla/5.0 (Windows NT 10.0; Win64; x64) AppleWebKit/537.36 (KHTML, like Gecko) Chrome/66.0.3359.181 Safari/537.36",71,"[0.9, 0.5, 0.1]","[0.9, 0.5, 0.1]","[u'black', u'red', u'blue']","[u'left', u'middle', u'right']","[0.9, 0.5, 0.1]","[u'medium', u'low', u'high']",blue,51,right,high,True,False,788,5000,NA
A2Z70GL7HTFFQR,Fri Jun 08 2018 14:28:56 GMT-0600 (Central America Standard Time),Fri Jun 08 2018 14:44:28 GMT-0600 (Central America Standard Time),"Mozilla/5.0 (Windows NT 10.0; Win64; x64) AppleWebKit/537.36 (KHTML, like Gecko) Chrome/66.0.3359.181 Safari/537.36",72,"[0.9, 0.5, 0.1]","[0.9, 0.5, 0.1]","[u'black', u'red', u'blue']","[u'left', u'middle', u'right']","[0.9, 0.5, 0.1]","[u'medium', u'low', u'high']",blue,51,right,high,True,True,461,5100,NA
A2Z70GL7HTFFQR,Fri Jun 08 2018 14:28:56 GMT-0600 (Central America Standard Time),Fri Jun 08 2018 14:44:28 GMT-0600 (Central America Standard Time),"Mozilla/5.0 (Windows NT 10.0; Win64; x64) AppleWebKit/537.36 (KHTML, like Gecko) Chrome/66.0.3359.181 Safari/537.36",73,"[0.9, 0.5, 0.1]","[0.9, 0.5, 0.1]","[u'black', u'red', u'blue']","[u'left', u'middle', u'right']","[0.9, 0.5, 0.1]","[u'high', u'medium', u'low']",blue,51,right,low,False,False,561,5050,NA
A2Z70GL7HTFFQR,Fri Jun 08 2018 14:28:56 GMT-0600 (Central America Standard Time),Fri Jun 08 2018 14:44:28 GMT-0600 (Central America Standard Time),"Mozilla/5.0 (Windows NT 10.0; Win64; x64) AppleWebKit/537.36 (KHTML, like Gecko) Chrome/66.0.3359.181 Safari/537.36",74,"[0.9, 0.5, 0.1]","[0.9, 0.5, 0.1]","[u'black', u'red', u'blue']","[u'left', u'middle', u'right']","[0.9, 0.5, 0.1]","[u'high', u'medium', u'low']",red,50,middle,medium,True,False,323,5150,NA
A2Z70GL7HTFFQR,Fri Jun 08 2018 14:28:56 GMT-0600 (Central America Standard Time),Fri Jun 08 2018 14:44:28 GMT-0600 (Central America Standard Time),"Mozilla/5.0 (Windows NT 10.0; Win64; x64) AppleWebKit/537.36 (KHTML, like Gecko) Chrome/66.0.3359.181 Safari/537.36",75,"[0.9, 0.5, 0.1]","[0.9, 0.5, 0.1]","[u'black', u'red', u'blue']","[u'left', u'middle', u'right']","[0.9, 0.5, 0.1]","[u'high', u'medium', u'low']",red,50,middle,medium,True,False,18,5250,NA
A2Z70GL7HTFFQR,Fri Jun 08 2018 14:28:56 GMT-0600 (Central America Standard Time),Fri Jun 08 2018 14:44:28 GMT-0600 (Central America Standard Time),"Mozilla/5.0 (Windows NT 10.0; Win64; x64) AppleWebKit/537.36 (KHTML, like Gecko) Chrome/66.0.3359.181 Safari/537.36",76,"[0.9, 0.5, 0.1]","[0.9, 0.5, 0.1]","[u'black', u'red', u'blue']","[u'left', u'middle', u'right']","[0.9, 0.5, 0.1]","[u'high', u'medium', u'low']",red,50,middle,medium,False,False,467,5200,NA
A2Z70GL7HTFFQR,Fri Jun 08 2018 14:28:56 GMT-0600 (Central America Standard Time),Fri Jun 08 2018 14:44:28 GMT-0600 (Central America Standard Time),"Mozilla/5.0 (Windows NT 10.0; Win64; x64) AppleWebKit/537.36 (KHTML, like Gecko) Chrome/66.0.3359.181 Safari/537.36",77,"[0.9, 0.5, 0.1]","[0.9, 0.5, 0.1]","[u'black', u'red', u'blue']","[u'left', u'middle', u'right']","[0.9, 0.5, 0.1]","[u'high', u'medium', u'low']",black,49,left,high,False,False,522,5150,NA
A2Z70GL7HTFFQR,Fri Jun 08 2018 14:28:56 GMT-0600 (Central America Standard Time),Fri Jun 08 2018 14:44:28 GMT-0600 (Central America Standard Time),"Mozilla/5.0 (Windows NT 10.0; Win64; x64) AppleWebKit/537.36 (KHTML, like Gecko) Chrome/66.0.3359.181 Safari/537.36",78,"[0.9, 0.5, 0.1]","[0.9, 0.5, 0.1]","[u'black', u'red', u'blue']","[u'left', u'middle', u'right']","[0.9, 0.5, 0.1]","[u'high', u'medium', u'low']",red,50,middle,medium,False,False,286,5100,NA
A2Z70GL7HTFFQR,Fri Jun 08 2018 14:28:56 GMT-0600 (Central America Standard Time),Fri Jun 08 2018 14:44:28 GMT-0600 (Central America Standard Time),"Mozilla/5.0 (Windows NT 10.0; Win64; x64) AppleWebKit/537.36 (KHTML, like Gecko) Chrome/66.0.3359.181 Safari/537.36",79,"[0.9, 0.5, 0.1]","[0.9, 0.5, 0.1]","[u'black', u'red', u'blue']","[u'left', u'middle', u'right']","[0.9, 0.5, 0.1]","[u'high', u'medium', u'low']",blue,51,right,low,False,False,144,5050,NA
A2Z70GL7HTFFQR,Fri Jun 08 2018 14:28:56 GMT-0600 (Central America Standard Time),Fri Jun 08 2018 14:44:28 GMT-0600 (Central America Standard Time),"Mozilla/5.0 (Windows NT 10.0; Win64; x64) AppleWebKit/537.36 (KHTML, like Gecko) Chrome/66.0.3359.181 Safari/537.36",80,"[0.9, 0.5, 0.1]","[0.9, 0.5, 0.1]","[u'black', u'red', u'blue']","[u'left', u'middle', u'right']","[0.9, 0.5, 0.1]","[u'high', u'medium', u'low']",black,49,left,high,True,False,92,5150,NA
A2Z70GL7HTFFQR,Fri Jun 08 2018 14:28:56 GMT-0600 (Central America Standard Time),Fri Jun 08 2018 14:44:28 GMT-0600 (Central America Standard Time),"Mozilla/5.0 (Windows NT 10.0; Win64; x64) AppleWebKit/537.36 (KHTML, like Gecko) Chrome/66.0.3359.181 Safari/537.36",81,"[0.9, 0.5, 0.1]","[0.9, 0.5, 0.1]","[u'black', u'red', u'blue']","[u'left', u'middle', u'right']","[0.9, 0.5, 0.1]","[u'medium', u'high', u'low']",black,49,left,medium,True,False,257,5250,NA
A2Z70GL7HTFFQR,Fri Jun 08 2018 14:28:56 GMT-0600 (Central America Standard Time),Fri Jun 08 2018 14:44:28 GMT-0600 (Central America Standard Time),"Mozilla/5.0 (Windows NT 10.0; Win64; x64) AppleWebKit/537.36 (KHTML, like Gecko) Chrome/66.0.3359.181 Safari/537.36",82,"[0.9, 0.5, 0.1]","[0.9, 0.5, 0.1]","[u'black', u'red', u'blue']","[u'left', u'middle', u'right']","[0.9, 0.5, 0.1]","[u'medium', u'high', u'low']",black,49,left,medium,True,False,563,5350,NA
A2Z70GL7HTFFQR,Fri Jun 08 2018 14:28:56 GMT-0600 (Central America Standard Time),Fri Jun 08 2018 14:44:28 GMT-0600 (Central America Standard Time),"Mozilla/5.0 (Windows NT 10.0; Win64; x64) AppleWebKit/537.36 (KHTML, like Gecko) Chrome/66.0.3359.181 Safari/537.36",83,"[0.9, 0.5, 0.1]","[0.9, 0.5, 0.1]","[u'black', u'red', u'blue']","[u'left', u'middle', u'right']","[0.9, 0.5, 0.1]","[u'medium', u'high', u'low']",black,49,left,medium,True,False,154,5450,NA
A2Z70GL7HTFFQR,Fri Jun 08 2018 14:28:56 GMT-0600 (Central America Standard Time),Fri Jun 08 2018 14:44:28 GMT-0600 (Central America Standard Time),"Mozilla/5.0 (Windows NT 10.0; Win64; x64) AppleWebKit/537.36 (KHTML, like Gecko) Chrome/66.0.3359.181 Safari/537.36",84,"[0.9, 0.5, 0.1]","[0.9, 0.5, 0.1]","[u'black', u'red', u'blue']","[u'left', u'middle', u'right']","[0.9, 0.5, 0.1]","[u'medium', u'high', u'low']",black,49,left,medium,False,False,1545,5400,NA
A2Z70GL7HTFFQR,Fri Jun 08 2018 14:28:56 GMT-0600 (Central America Standard Time),Fri Jun 08 2018 14:44:28 GMT-0600 (Central America Standard Time),"Mozilla/5.0 (Windows NT 10.0; Win64; x64) AppleWebKit/537.36 (KHTML, like Gecko) Chrome/66.0.3359.181 Safari/537.36",85,"[0.9, 0.5, 0.1]","[0.9, 0.5, 0.1]","[u'black', u'red', u'blue']","[u'left', u'middle', u'right']","[0.9, 0.5, 0.1]","[u'medium', u'high', u'low']",red,50,middle,high,True,False,219,5500,NA
A2Z70GL7HTFFQR,Fri Jun 08 2018 14:28:56 GMT-0600 (Central America Standard Time),Fri Jun 08 2018 14:44:28 GMT-0600 (Central America Standard Time),"Mozilla/5.0 (Windows NT 10.0; Win64; x64) AppleWebKit/537.36 (KHTML, like Gecko) Chrome/66.0.3359.181 Safari/537.36",86,"[0.9, 0.5, 0.1]","[0.9, 0.5, 0.1]","[u'black', u'red', u'blue']","[u'left', u'middle', u'right']","[0.9, 0.5, 0.1]","[u'medium', u'high', u'low']",red,50,middle,high,True,False,81,5600,NA
A2Z70GL7HTFFQR,Fri Jun 08 2018 14:28:56 GMT-0600 (Central America Standard Time),Fri Jun 08 2018 14:44:28 GMT-0600 (Central America Standard Time),"Mozilla/5.0 (Windows NT 10.0; Win64; x64) AppleWebKit/537.36 (KHTML, like Gecko) Chrome/66.0.3359.181 Safari/537.36",87,"[0.9, 0.5, 0.1]","[0.9, 0.5, 0.1]","[u'black', u'red', u'blue']","[u'left', u'middle', u'right']","[0.9, 0.5, 0.1]","[u'medium', u'high', u'low']",red,50,middle,high,True,False,1403,5700,NA
A2Z70GL7HTFFQR,Fri Jun 08 2018 14:28:56 GMT-0600 (Central America Standard Time),Fri Jun 08 2018 14:44:28 GMT-0600 (Central America Standard Time),"Mozilla/5.0 (Windows NT 10.0; Win64; x64) AppleWebKit/537.36 (KHTML, like Gecko) Chrome/66.0.3359.181 Safari/537.36",88,"[0.9, 0.5, 0.1]","[0.9, 0.5, 0.1]","[u'black', u'red', u'blue']","[u'left', u'middle', u'right']","[0.9, 0.5, 0.1]","[u'medium', u'high', u'low']",red,50,middle,high,True,False,157,5800,NA
A2Z70GL7HTFFQR,Fri Jun 08 2018 14:28:56 GMT-0600 (Central America Standard Time),Fri Jun 08 2018 14:44:28 GMT-0600 (Central America Standard Time),"Mozilla/5.0 (Windows NT 10.0; Win64; x64) AppleWebKit/537.36 (KHTML, like Gecko) Chrome/66.0.3359.181 Safari/537.36",89,"[0.9, 0.5, 0.1]","[0.9, 0.5, 0.1]","[u'black', u'red', u'blue']","[u'left', u'middle', u'right']","[0.9, 0.5, 0.1]","[u'medium', u'high', u'low']",red,50,middle,high,True,False,2543,5900,NA
A2Z70GL7HTFFQR,Fri Jun 08 2018 14:28:56 GMT-0600 (Central America Standard Time),Fri Jun 08 2018 14:44:28 GMT-0600 (Central America Standard Time),"Mozilla/5.0 (Windows NT 10.0; Win64; x64) AppleWebKit/537.36 (KHTML, like Gecko) Chrome/66.0.3359.181 Safari/537.36",90,"[0.9, 0.5, 0.1]","[0.9, 0.5, 0.1]","[u'black', u'red', u'blue']","[u'left', u'middle', u'right']","[0.9, 0.5, 0.1]","[u'medium', u'high', u'low']",red,50,middle,high,True,False,196,6000,NA
A2Z70GL7HTFFQR,Fri Jun 08 2018 14:28:56 GMT-0600 (Central America Standard Time),Fri Jun 08 2018 14:44:28 GMT-0600 (Central America Standard Time),"Mozilla/5.0 (Windows NT 10.0; Win64; x64) AppleWebKit/537.36 (KHTML, like Gecko) Chrome/66.0.3359.181 Safari/537.36",91,"[0.9, 0.5, 0.1]","[0.9, 0.5, 0.1]","[u'black', u'red', u'blue']","[u'left', u'middle', u'right']","[0.9, 0.5, 0.1]","[u'medium', u'high', u'low']",red,50,middle,high,True,False,179,6100,NA
A2Z70GL7HTFFQR,Fri Jun 08 2018 14:28:56 GMT-0600 (Central America Standard Time),Fri Jun 08 2018 14:44:28 GMT-0600 (Central America Standard Time),"Mozilla/5.0 (Windows NT 10.0; Win64; x64) AppleWebKit/537.36 (KHTML, like Gecko) Chrome/66.0.3359.181 Safari/537.36",92,"[0.9, 0.5, 0.1]","[0.9, 0.5, 0.1]","[u'black', u'red', u'blue']","[u'left', u'middle', u'right']","[0.9, 0.5, 0.1]","[u'medium', u'high', u'low']",red,50,middle,high,False,False,77,6050,NA
A2Z70GL7HTFFQR,Fri Jun 08 2018 14:28:56 GMT-0600 (Central America Standard Time),Fri Jun 08 2018 14:44:28 GMT-0600 (Central America Standard Time),"Mozilla/5.0 (Windows NT 10.0; Win64; x64) AppleWebKit/537.36 (KHTML, like Gecko) Chrome/66.0.3359.181 Safari/537.36",93,"[0.9, 0.5, 0.1]","[0.9, 0.5, 0.1]","[u'black', u'red', u'blue']","[u'left', u'middle', u'right']","[0.9, 0.5, 0.1]","[u'medium', u'high', u'low']",blue,51,right,low,False,False,147,6000,NA
A2Z70GL7HTFFQR,Fri Jun 08 2018 14:28:56 GMT-0600 (Central America Standard Time),Fri Jun 08 2018 14:44:28 GMT-0600 (Central America Standard Time),"Mozilla/5.0 (Windows NT 10.0; Win64; x64) AppleWebKit/537.36 (KHTML, like Gecko) Chrome/66.0.3359.181 Safari/537.36",94,"[0.9, 0.5, 0.1]","[0.9, 0.5, 0.1]","[u'black', u'red', u'blue']","[u'left', u'middle', u'right']","[0.9, 0.5, 0.1]","[u'medium', u'high', u'low']",black,49,left,medium,True,False,1113,6100,NA
A2Z70GL7HTFFQR,Fri Jun 08 2018 14:28:56 GMT-0600 (Central America Standard Time),Fri Jun 08 2018 14:44:28 GMT-0600 (Central America Standard Time),"Mozilla/5.0 (Windows NT 10.0; Win64; x64) AppleWebKit/537.36 (KHTML, like Gecko) Chrome/66.0.3359.181 Safari/537.36",95,"[0.9, 0.5, 0.1]","[0.9, 0.5, 0.1]","[u'black', u'red', u'blue']","[u'left', u'middle', u'right']","[0.9, 0.5, 0.1]","[u'medium', u'high', u'low']",black,49,left,medium,False,False,339,6050,NA
A2Z70GL7HTFFQR,Fri Jun 08 2018 14:28:56 GMT-0600 (Central America Standard Time),Fri Jun 08 2018 14:44:28 GMT-0600 (Central America Standard Time),"Mozilla/5.0 (Windows NT 10.0; Win64; x64) AppleWebKit/537.36 (KHTML, like Gecko) Chrome/66.0.3359.181 Safari/537.36",96,"[0.9, 0.5, 0.1]","[0.9, 0.5, 0.1]","[u'black', u'red', u'blue']","[u'left', u'middle', u'right']","[0.9, 0.5, 0.1]","[u'medium', u'high', u'low']",red,50,middle,high,True,False,209,6150,NA
A2Z70GL7HTFFQR,Fri Jun 08 2018 14:28:56 GMT-0600 (Central America Standard Time),Fri Jun 08 2018 14:44:28 GMT-0600 (Central America Standard Time),"Mozilla/5.0 (Windows NT 10.0; Win64; x64) AppleWebKit/537.36 (KHTML, like Gecko) Chrome/66.0.3359.181 Safari/537.36",97,"[0.9, 0.5, 0.1]","[0.9, 0.5, 0.1]","[u'black', u'red', u'blue']","[u'left', u'middle', u'right']","[0.9, 0.5, 0.1]","[u'medium', u'high', u'low']",red,50,middle,high,True,False,235,6250,NA
A2Z70GL7HTFFQR,Fri Jun 08 2018 14:28:56 GMT-0600 (Central America Standard Time),Fri Jun 08 2018 14:44:28 GMT-0600 (Central America Standard Time),"Mozilla/5.0 (Windows NT 10.0; Win64; x64) AppleWebKit/537.36 (KHTML, like Gecko) Chrome/66.0.3359.181 Safari/537.36",98,"[0.9, 0.5, 0.1]","[0.9, 0.5, 0.1]","[u'black', u'red', u'blue']","[u'left', u'middle', u'right']","[0.9, 0.5, 0.1]","[u'medium', u'high', u'low']",red,50,middle,high,True,False,67,6350,NA
A2Z70GL7HTFFQR,Fri Jun 08 2018 14:28:56 GMT-0600 (Central America Standard Time),Fri Jun 08 2018 14:44:28 GMT-0600 (Central America Standard Time),"Mozilla/5.0 (Windows NT 10.0; Win64; x64) AppleWebKit/537.36 (KHTML, like Gecko) Chrome/66.0.3359.181 Safari/537.36",99,"[0.9, 0.5, 0.1]","[0.9, 0.5, 0.1]","[u'black', u'red', u'blue']","[u'left', u'middle', u'right']","[0.9, 0.5, 0.1]","[u'medium', u'high', u'low']",red,50,middle,high,True,False,1579,6450,NA
A2Z70GL7HTFFQR,Fri Jun 08 2018 14:28:56 GMT-0600 (Central America Standard Time),Fri Jun 08 2018 14:44:28 GMT-0600 (Central America Standard Time),"Mozilla/5.0 (Windows NT 10.0; Win64; x64) AppleWebKit/537.36 (KHTML, like Gecko) Chrome/66.0.3359.181 Safari/537.36",100,"[0.9, 0.5, 0.1]","[0.9, 0.5, 0.1]","[u'black', u'red', u'blue']","[u'left', u'middle', u'right']","[0.9, 0.5, 0.1]","[u'medium', u'high', u'low']",red,50,middle,high,True,False,212,6550,NA
A2Z70GL7HTFFQR,Fri Jun 08 2018 14:28:56 GMT-0600 (Central America Standard Time),Fri Jun 08 2018 14:44:28 GMT-0600 (Central America Standard Time),"Mozilla/5.0 (Windows NT 10.0; Win64; x64) AppleWebKit/537.36 (KHTML, like Gecko) Chrome/66.0.3359.181 Safari/537.36",101,"[0.9, 0.5, 0.1]","[0.9, 0.5, 0.1]","[u'black', u'red', u'blue']","[u'left', u'middle', u'right']","[0.9, 0.5, 0.1]","[u'medium', u'high', u'low']",red,50,middle,high,False,False,128,6500,NA
A2Z70GL7HTFFQR,Fri Jun 08 2018 14:28:56 GMT-0600 (Central America Standard Time),Fri Jun 08 2018 14:44:28 GMT-0600 (Central America Standard Time),"Mozilla/5.0 (Windows NT 10.0; Win64; x64) AppleWebKit/537.36 (KHTML, like Gecko) Chrome/66.0.3359.181 Safari/537.36",102,"[0.9, 0.5, 0.1]","[0.9, 0.5, 0.1]","[u'black', u'red', u'blue']","[u'left', u'middle', u'right']","[0.9, 0.5, 0.1]","[u'medium', u'high', u'low']",blue,51,right,low,False,False,99,6450,NA
A2Z70GL7HTFFQR,Fri Jun 08 2018 14:28:56 GMT-0600 (Central America Standard Time),Fri Jun 08 2018 14:44:28 GMT-0600 (Central America Standard Time),"Mozilla/5.0 (Windows NT 10.0; Win64; x64) AppleWebKit/537.36 (KHTML, like Gecko) Chrome/66.0.3359.181 Safari/537.36",103,"[0.9, 0.5, 0.1]","[0.9, 0.5, 0.1]","[u'black', u'red', u'blue']","[u'left', u'middle', u'right']","[0.9, 0.5, 0.1]","[u'medium', u'high', u'low']",black,49,left,medium,False,False,51,6400,NA
A2Z70GL7HTFFQR,Fri Jun 08 2018 14:28:56 GMT-0600 (Central America Standard Time),Fri Jun 08 2018 14:44:28 GMT-0600 (Central America Standard Time),"Mozilla/5.0 (Windows NT 10.0; Win64; x64) AppleWebKit/537.36 (KHTML, like Gecko) Chrome/66.0.3359.181 Safari/537.36",104,"[0.9, 0.5, 0.1]","[0.9, 0.5, 0.1]","[u'black', u'red', u'blue']","[u'left', u'middle', u'right']","[0.9, 0.5, 0.1]","[u'medium', u'high', u'low']",black,49,left,medium,False,False,49,6350,NA
A2Z70GL7HTFFQR,Fri Jun 08 2018 14:28:56 GMT-0600 (Central America Standard Time),Fri Jun 08 2018 14:44:28 GMT-0600 (Central America Standard Time),"Mozilla/5.0 (Windows NT 10.0; Win64; x64) AppleWebKit/537.36 (KHTML, like Gecko) Chrome/66.0.3359.181 Safari/537.36",105,"[0.9, 0.5, 0.1]","[0.9, 0.5, 0.1]","[u'black', u'red', u'blue']","[u'left', u'middle', u'right']","[0.9, 0.5, 0.1]","[u'medium', u'high', u'low']",red,50,middle,high,True,False,98,6450,NA
A2Z70GL7HTFFQR,Fri Jun 08 2018 14:28:56 GMT-0600 (Central America Standard Time),Fri Jun 08 2018 14:44:28 GMT-0600 (Central America Standard Time),"Mozilla/5.0 (Windows NT 10.0; Win64; x64) AppleWebKit/537.36 (KHTML, like Gecko) Chrome/66.0.3359.181 Safari/537.36",106,"[0.9, 0.5, 0.1]","[0.9, 0.5, 0.1]","[u'black', u'red', u'blue']","[u'left', u'middle', u'right']","[0.9, 0.5, 0.1]","[u'medium', u'high', u'low']",red,50,middle,high,True,False,305,6550,NA
A2Z70GL7HTFFQR,Fri Jun 08 2018 14:28:56 GMT-0600 (Central America Standard Time),Fri Jun 08 2018 14:44:28 GMT-0600 (Central America Standard Time),"Mozilla/5.0 (Windows NT 10.0; Win64; x64) AppleWebKit/537.36 (KHTML, like Gecko) Chrome/66.0.3359.181 Safari/537.36",107,"[0.9, 0.5, 0.1]","[0.9, 0.5, 0.1]","[u'black', u'red', u'blue']","[u'left', u'middle', u'right']","[0.9, 0.5, 0.1]","[u'medium', u'high', u'low']",red,50,middle,high,False,False,66,6500,NA
A2Z70GL7HTFFQR,Fri Jun 08 2018 14:28:56 GMT-0600 (Central America Standard Time),Fri Jun 08 2018 14:44:28 GMT-0600 (Central America Standard Time),"Mozilla/5.0 (Windows NT 10.0; Win64; x64) AppleWebKit/537.36 (KHTML, like Gecko) Chrome/66.0.3359.181 Safari/537.36",108,"[0.9, 0.5, 0.1]","[0.9, 0.5, 0.1]","[u'black', u'red', u'blue']","[u'left', u'middle', u'right']","[0.9, 0.5, 0.1]","[u'medium', u'high', u'low']",red,50,middle,high,True,False,274,6600,NA
A2Z70GL7HTFFQR,Fri Jun 08 2018 14:28:56 GMT-0600 (Central America Standard Time),Fri Jun 08 2018 14:44:28 GMT-0600 (Central America Standard Time),"Mozilla/5.0 (Windows NT 10.0; Win64; x64) AppleWebKit/537.36 (KHTML, like Gecko) Chrome/66.0.3359.181 Safari/537.36",109,"[0.9, 0.5, 0.1]","[0.9, 0.5, 0.1]","[u'black', u'red', u'blue']","[u'left', u'middle', u'right']","[0.9, 0.5, 0.1]","[u'medium', u'high', u'low']",red,50,middle,high,True,False,172,6700,NA
A2Z70GL7HTFFQR,Fri Jun 08 2018 14:28:56 GMT-0600 (Central America Standard Time),Fri Jun 08 2018 14:44:28 GMT-0600 (Central America Standard Time),"Mozilla/5.0 (Windows NT 10.0; Win64; x64) AppleWebKit/537.36 (KHTML, like Gecko) Chrome/66.0.3359.181 Safari/537.36",110,"[0.9, 0.5, 0.1]","[0.9, 0.5, 0.1]","[u'black', u'red', u'blue']","[u'left', u'middle', u'right']","[0.9, 0.5, 0.1]","[u'medium', u'high', u'low']",red,50,middle,high,True,False,131,6800,NA
A2Z70GL7HTFFQR,Fri Jun 08 2018 14:28:56 GMT-0600 (Central America Standard Time),Fri Jun 08 2018 14:44:28 GMT-0600 (Central America Standard Time),"Mozilla/5.0 (Windows NT 10.0; Win64; x64) AppleWebKit/537.36 (KHTML, like Gecko) Chrome/66.0.3359.181 Safari/537.36",111,"[0.9, 0.5, 0.1]","[0.9, 0.5, 0.1]","[u'black', u'red', u'blue']","[u'left', u'middle', u'right']","[0.9, 0.5, 0.1]","[u'medium', u'high', u'low']",red,50,middle,high,False,False,63,6750,NA
A2Z70GL7HTFFQR,Fri Jun 08 2018 14:28:56 GMT-0600 (Central America Standard Time),Fri Jun 08 2018 14:44:28 GMT-0600 (Central America Standard Time),"Mozilla/5.0 (Windows NT 10.0; Win64; x64) AppleWebKit/537.36 (KHTML, like Gecko) Chrome/66.0.3359.181 Safari/537.36",112,"[0.9, 0.5, 0.1]","[0.9, 0.5, 0.1]","[u'black', u'red', u'blue']","[u'left', u'middle', u'right']","[0.9, 0.5, 0.1]","[u'medium', u'high', u'low']",red,50,middle,high,True,False,169,6850,NA
A2Z70GL7HTFFQR,Fri Jun 08 2018 14:28:56 GMT-0600 (Central America Standard Time),Fri Jun 08 2018 14:44:28 GMT-0600 (Central America Standard Time),"Mozilla/5.0 (Windows NT 10.0; Win64; x64) AppleWebKit/537.36 (KHTML, like Gecko) Chrome/66.0.3359.181 Safari/537.36",113,"[0.9, 0.5, 0.1]","[0.9, 0.5, 0.1]","[u'black', u'red', u'blue']","[u'left', u'middle', u'right']","[0.9, 0.5, 0.1]","[u'medium', u'high', u'low']",red,50,middle,high,False,True,26,6800,NA
A2Z70GL7HTFFQR,Fri Jun 08 2018 14:28:56 GMT-0600 (Central America Standard Time),Fri Jun 08 2018 14:44:28 GMT-0600 (Central America Standard Time),"Mozilla/5.0 (Windows NT 10.0; Win64; x64) AppleWebKit/537.36 (KHTML, like Gecko) Chrome/66.0.3359.181 Safari/537.36",114,"[0.9, 0.5, 0.1]","[0.9, 0.5, 0.1]","[u'black', u'red', u'blue']","[u'left', u'middle', u'right']","[0.9, 0.5, 0.1]","[u'medium', u'low', u'high']",red,50,middle,low,False,False,299,6750,NA
A2Z70GL7HTFFQR,Fri Jun 08 2018 14:28:56 GMT-0600 (Central America Standard Time),Fri Jun 08 2018 14:44:28 GMT-0600 (Central America Standard Time),"Mozilla/5.0 (Windows NT 10.0; Win64; x64) AppleWebKit/537.36 (KHTML, like Gecko) Chrome/66.0.3359.181 Safari/537.36",115,"[0.9, 0.5, 0.1]","[0.9, 0.5, 0.1]","[u'black', u'red', u'blue']","[u'left', u'middle', u'right']","[0.9, 0.5, 0.1]","[u'medium', u'low', u'high']",blue,51,right,high,True,False,59,6850,NA
A2Z70GL7HTFFQR,Fri Jun 08 2018 14:28:56 GMT-0600 (Central America Standard Time),Fri Jun 08 2018 14:44:28 GMT-0600 (Central America Standard Time),"Mozilla/5.0 (Windows NT 10.0; Win64; x64) AppleWebKit/537.36 (KHTML, like Gecko) Chrome/66.0.3359.181 Safari/537.36",116,"[0.9, 0.5, 0.1]","[0.9, 0.5, 0.1]","[u'black', u'red', u'blue']","[u'left', u'middle', u'right']","[0.9, 0.5, 0.1]","[u'medium', u'low', u'high']",blue,51,right,high,True,False,138,6950,NA
A2Z70GL7HTFFQR,Fri Jun 08 2018 14:28:56 GMT-0600 (Central America Standard Time),Fri Jun 08 2018 14:44:28 GMT-0600 (Central America Standard Time),"Mozilla/5.0 (Windows NT 10.0; Win64; x64) AppleWebKit/537.36 (KHTML, like Gecko) Chrome/66.0.3359.181 Safari/537.36",117,"[0.9, 0.5, 0.1]","[0.9, 0.5, 0.1]","[u'black', u'red', u'blue']","[u'left', u'middle', u'right']","[0.9, 0.5, 0.1]","[u'medium', u'low', u'high']",blue,51,right,high,True,False,36,7050,NA
A2Z70GL7HTFFQR,Fri Jun 08 2018 14:28:56 GMT-0600 (Central America Standard Time),Fri Jun 08 2018 14:44:28 GMT-0600 (Central America Standard Time),"Mozilla/5.0 (Windows NT 10.0; Win64; x64) AppleWebKit/537.36 (KHTML, like Gecko) Chrome/66.0.3359.181 Safari/537.36",118,"[0.9, 0.5, 0.1]","[0.9, 0.5, 0.1]","[u'black', u'red', u'blue']","[u'left', u'middle', u'right']","[0.9, 0.5, 0.1]","[u'medium', u'low', u'high']",blue,51,right,high,False,False,578,7000,NA
A2Z70GL7HTFFQR,Fri Jun 08 2018 14:28:56 GMT-0600 (Central America Standard Time),Fri Jun 08 2018 14:44:28 GMT-0600 (Central America Standard Time),"Mozilla/5.0 (Windows NT 10.0; Win64; x64) AppleWebKit/537.36 (KHTML, like Gecko) Chrome/66.0.3359.181 Safari/537.36",119,"[0.9, 0.5, 0.1]","[0.9, 0.5, 0.1]","[u'black', u'red', u'blue']","[u'left', u'middle', u'right']","[0.9, 0.5, 0.1]","[u'medium', u'low', u'high']",blue,51,right,high,False,False,802,6950,NA
A2Z70GL7HTFFQR,Fri Jun 08 2018 14:28:56 GMT-0600 (Central America Standard Time),Fri Jun 08 2018 14:44:28 GMT-0600 (Central America Standard Time),"Mozilla/5.0 (Windows NT 10.0; Win64; x64) AppleWebKit/537.36 (KHTML, like Gecko) Chrome/66.0.3359.181 Safari/537.36",120,"[0.9, 0.5, 0.1]","[0.9, 0.5, 0.1]","[u'black', u'red', u'blue']","[u'left', u'middle', u'right']","[0.9, 0.5, 0.1]","[u'medium', u'low', u'high']",black,49,left,medium,False,False,1554,6900,NA
A2Z70GL7HTFFQR,Fri Jun 08 2018 14:28:56 GMT-0600 (Central America Standard Time),Fri Jun 08 2018 14:44:28 GMT-0600 (Central America Standard Time),"Mozilla/5.0 (Windows NT 10.0; Win64; x64) AppleWebKit/537.36 (KHTML, like Gecko) Chrome/66.0.3359.181 Safari/537.36",121,"[0.9, 0.5, 0.1]","[0.9, 0.5, 0.1]","[u'black', u'red', u'blue']","[u'left', u'middle', u'right']","[0.9, 0.5, 0.1]","[u'high', u'low', u'medium']",black,49,left,high,True,False,308,7000,NA
A2Z70GL7HTFFQR,Fri Jun 08 2018 14:28:56 GMT-0600 (Central America Standard Time),Fri Jun 08 2018 14:44:28 GMT-0600 (Central America Standard Time),"Mozilla/5.0 (Windows NT 10.0; Win64; x64) AppleWebKit/537.36 (KHTML, like Gecko) Chrome/66.0.3359.181 Safari/537.36",122,"[0.9, 0.5, 0.1]","[0.9, 0.5, 0.1]","[u'black', u'red', u'blue']","[u'left', u'middle', u'right']","[0.9, 0.5, 0.1]","[u'high', u'low', u'medium']",black,49,left,high,False,False,432,6950,NA
A2Z70GL7HTFFQR,Fri Jun 08 2018 14:28:56 GMT-0600 (Central America Standard Time),Fri Jun 08 2018 14:44:28 GMT-0600 (Central America Standard Time),"Mozilla/5.0 (Windows NT 10.0; Win64; x64) AppleWebKit/537.36 (KHTML, like Gecko) Chrome/66.0.3359.181 Safari/537.36",123,"[0.9, 0.5, 0.1]","[0.9, 0.5, 0.1]","[u'black', u'red', u'blue']","[u'left', u'middle', u'right']","[0.9, 0.5, 0.1]","[u'high', u'low', u'medium']",red,50,middle,low,False,False,1010,6900,NA
A2Z70GL7HTFFQR,Fri Jun 08 2018 14:28:56 GMT-0600 (Central America Standard Time),Fri Jun 08 2018 14:44:28 GMT-0600 (Central America Standard Time),"Mozilla/5.0 (Windows NT 10.0; Win64; x64) AppleWebKit/537.36 (KHTML, like Gecko) Chrome/66.0.3359.181 Safari/537.36",124,"[0.9, 0.5, 0.1]","[0.9, 0.5, 0.1]","[u'black', u'red', u'blue']","[u'left', u'middle', u'right']","[0.9, 0.5, 0.1]","[u'high', u'low', u'medium']",red,50,middle,low,False,False,219,6850,NA
A2Z70GL7HTFFQR,Fri Jun 08 2018 14:28:56 GMT-0600 (Central America Standard Time),Fri Jun 08 2018 14:44:28 GMT-0600 (Central America Standard Time),"Mozilla/5.0 (Windows NT 10.0; Win64; x64) AppleWebKit/537.36 (KHTML, like Gecko) Chrome/66.0.3359.181 Safari/537.36",125,"[0.9, 0.5, 0.1]","[0.9, 0.5, 0.1]","[u'black', u'red', u'blue']","[u'left', u'middle', u'right']","[0.9, 0.5, 0.1]","[u'high', u'low', u'medium']",blue,51,right,medium,False,False,226,6800,NA
A2Z70GL7HTFFQR,Fri Jun 08 2018 14:28:56 GMT-0600 (Central America Standard Time),Fri Jun 08 2018 14:44:28 GMT-0600 (Central America Standard Time),"Mozilla/5.0 (Windows NT 10.0; Win64; x64) AppleWebKit/537.36 (KHTML, like Gecko) Chrome/66.0.3359.181 Safari/537.36",126,"[0.9, 0.5, 0.1]","[0.9, 0.5, 0.1]","[u'black', u'red', u'blue']","[u'left', u'middle', u'right']","[0.9, 0.5, 0.1]","[u'high', u'low', u'medium']",blue,51,right,medium,True,False,18,6900,NA
A2Z70GL7HTFFQR,Fri Jun 08 2018 14:28:56 GMT-0600 (Central America Standard Time),Fri Jun 08 2018 14:44:28 GMT-0600 (Central America Standard Time),"Mozilla/5.0 (Windows NT 10.0; Win64; x64) AppleWebKit/537.36 (KHTML, like Gecko) Chrome/66.0.3359.181 Safari/537.36",127,"[0.9, 0.5, 0.1]","[0.9, 0.5, 0.1]","[u'black', u'red', u'blue']","[u'left', u'middle', u'right']","[0.9, 0.5, 0.1]","[u'high', u'low', u'medium']",blue,51,right,medium,False,False,251,6850,NA
A2Z70GL7HTFFQR,Fri Jun 08 2018 14:28:56 GMT-0600 (Central America Standard Time),Fri Jun 08 2018 14:44:28 GMT-0600 (Central America Standard Time),"Mozilla/5.0 (Windows NT 10.0; Win64; x64) AppleWebKit/537.36 (KHTML, like Gecko) Chrome/66.0.3359.181 Safari/537.36",128,"[0.9, 0.5, 0.1]","[0.9, 0.5, 0.1]","[u'black', u'red', u'blue']","[u'left', u'middle', u'right']","[0.9, 0.5, 0.1]","[u'high', u'low', u'medium']",blue,51,right,medium,True,False,73,6950,NA
A2Z70GL7HTFFQR,Fri Jun 08 2018 14:28:56 GMT-0600 (Central America Standard Time),Fri Jun 08 2018 14:44:28 GMT-0600 (Central America Standard Time),"Mozilla/5.0 (Windows NT 10.0; Win64; x64) AppleWebKit/537.36 (KHTML, like Gecko) Chrome/66.0.3359.181 Safari/537.36",129,"[0.9, 0.5, 0.1]","[0.9, 0.5, 0.1]","[u'black', u'red', u'blue']","[u'left', u'middle', u'right']","[0.9, 0.5, 0.1]","[u'high', u'low', u'medium']",blue,51,right,medium,False,False,187,6900,NA
A2Z70GL7HTFFQR,Fri Jun 08 2018 14:28:56 GMT-0600 (Central America Standard Time),Fri Jun 08 2018 14:44:28 GMT-0600 (Central America Standard Time),"Mozilla/5.0 (Windows NT 10.0; Win64; x64) AppleWebKit/537.36 (KHTML, like Gecko) Chrome/66.0.3359.181 Safari/537.36",130,"[0.9, 0.5, 0.1]","[0.9, 0.5, 0.1]","[u'black', u'red', u'blue']","[u'left', u'middle', u'right']","[0.9, 0.5, 0.1]","[u'high', u'low', u'medium']",blue,51,right,medium,True,False,2,7000,NA
A2Z70GL7HTFFQR,Fri Jun 08 2018 14:28:56 GMT-0600 (Central America Standard Time),Fri Jun 08 2018 14:44:28 GMT-0600 (Central America Standard Time),"Mozilla/5.0 (Windows NT 10.0; Win64; x64) AppleWebKit/537.36 (KHTML, like Gecko) Chrome/66.0.3359.181 Safari/537.36",131,"[0.9, 0.5, 0.1]","[0.9, 0.5, 0.1]","[u'black', u'red', u'blue']","[u'left', u'middle', u'right']","[0.9, 0.5, 0.1]","[u'high', u'low', u'medium']",black,49,left,high,True,False,19,7100,NA
A2Z70GL7HTFFQR,Fri Jun 08 2018 14:28:56 GMT-0600 (Central America Standard Time),Fri Jun 08 2018 14:44:28 GMT-0600 (Central America Standard Time),"Mozilla/5.0 (Windows NT 10.0; Win64; x64) AppleWebKit/537.36 (KHTML, like Gecko) Chrome/66.0.3359.181 Safari/537.36",132,"[0.9, 0.5, 0.1]","[0.9, 0.5, 0.1]","[u'black', u'red', u'blue']","[u'left', u'middle', u'right']","[0.9, 0.5, 0.1]","[u'high', u'low', u'medium']",blue,51,right,medium,True,False,234,7200,NA
A2Z70GL7HTFFQR,Fri Jun 08 2018 14:28:56 GMT-0600 (Central America Standard Time),Fri Jun 08 2018 14:44:28 GMT-0600 (Central America Standard Time),"Mozilla/5.0 (Windows NT 10.0; Win64; x64) AppleWebKit/537.36 (KHTML, like Gecko) Chrome/66.0.3359.181 Safari/537.36",133,"[0.9, 0.5, 0.1]","[0.9, 0.5, 0.1]","[u'black', u'red', u'blue']","[u'left', u'middle', u'right']","[0.9, 0.5, 0.1]","[u'high', u'low', u'medium']",black,49,left,high,True,False,61,7300,NA
A2Z70GL7HTFFQR,Fri Jun 08 2018 14:28:56 GMT-0600 (Central America Standard Time),Fri Jun 08 2018 14:44:28 GMT-0600 (Central America Standard Time),"Mozilla/5.0 (Windows NT 10.0; Win64; x64) AppleWebKit/537.36 (KHTML, like Gecko) Chrome/66.0.3359.181 Safari/537.36",134,"[0.9, 0.5, 0.1]","[0.9, 0.5, 0.1]","[u'black', u'red', u'blue']","[u'left', u'middle', u'right']","[0.9, 0.5, 0.1]","[u'high', u'low', u'medium']",blue,51,right,medium,True,False,314,7400,NA
A2Z70GL7HTFFQR,Fri Jun 08 2018 14:28:56 GMT-0600 (Central America Standard Time),Fri Jun 08 2018 14:44:28 GMT-0600 (Central America Standard Time),"Mozilla/5.0 (Windows NT 10.0; Win64; x64) AppleWebKit/537.36 (KHTML, like Gecko) Chrome/66.0.3359.181 Safari/537.36",135,"[0.9, 0.5, 0.1]","[0.9, 0.5, 0.1]","[u'black', u'red', u'blue']","[u'left', u'middle', u'right']","[0.9, 0.5, 0.1]","[u'high', u'low', u'medium']",black,49,left,high,True,False,267,7500,NA
A2Z70GL7HTFFQR,Fri Jun 08 2018 14:28:56 GMT-0600 (Central America Standard Time),Fri Jun 08 2018 14:44:28 GMT-0600 (Central America Standard Time),"Mozilla/5.0 (Windows NT 10.0; Win64; x64) AppleWebKit/537.36 (KHTML, like Gecko) Chrome/66.0.3359.181 Safari/537.36",136,"[0.9, 0.5, 0.1]","[0.9, 0.5, 0.1]","[u'black', u'red', u'blue']","[u'left', u'middle', u'right']","[0.9, 0.5, 0.1]","[u'high', u'low', u'medium']",blue,51,right,medium,True,False,595,7600,NA
A2Z70GL7HTFFQR,Fri Jun 08 2018 14:28:56 GMT-0600 (Central America Standard Time),Fri Jun 08 2018 14:44:28 GMT-0600 (Central America Standard Time),"Mozilla/5.0 (Windows NT 10.0; Win64; x64) AppleWebKit/537.36 (KHTML, like Gecko) Chrome/66.0.3359.181 Safari/537.36",137,"[0.9, 0.5, 0.1]","[0.9, 0.5, 0.1]","[u'black', u'red', u'blue']","[u'left', u'middle', u'right']","[0.9, 0.5, 0.1]","[u'high', u'low', u'medium']",black,49,left,high,True,False,65,7700,NA
A2Z70GL7HTFFQR,Fri Jun 08 2018 14:28:56 GMT-0600 (Central America Standard Time),Fri Jun 08 2018 14:44:28 GMT-0600 (Central America Standard Time),"Mozilla/5.0 (Windows NT 10.0; Win64; x64) AppleWebKit/537.36 (KHTML, like Gecko) Chrome/66.0.3359.181 Safari/537.36",138,"[0.9, 0.5, 0.1]","[0.9, 0.5, 0.1]","[u'black', u'red', u'blue']","[u'left', u'middle', u'right']","[0.9, 0.5, 0.1]","[u'high', u'low', u'medium']",blue,51,right,medium,True,False,249,7800,NA
A2Z70GL7HTFFQR,Fri Jun 08 2018 14:28:56 GMT-0600 (Central America Standard Time),Fri Jun 08 2018 14:44:28 GMT-0600 (Central America Standard Time),"Mozilla/5.0 (Windows NT 10.0; Win64; x64) AppleWebKit/537.36 (KHTML, like Gecko) Chrome/66.0.3359.181 Safari/537.36",139,"[0.9, 0.5, 0.1]","[0.9, 0.5, 0.1]","[u'black', u'red', u'blue']","[u'left', u'middle', u'right']","[0.9, 0.5, 0.1]","[u'high', u'low', u'medium']",black,49,left,high,True,False,202,7900,NA
A2Z70GL7HTFFQR,Fri Jun 08 2018 14:28:56 GMT-0600 (Central America Standard Time),Fri Jun 08 2018 14:44:28 GMT-0600 (Central America Standard Time),"Mozilla/5.0 (Windows NT 10.0; Win64; x64) AppleWebKit/537.36 (KHTML, like Gecko) Chrome/66.0.3359.181 Safari/537.36",140,"[0.9, 0.5, 0.1]","[0.9, 0.5, 0.1]","[u'black', u'red', u'blue']","[u'left', u'middle', u'right']","[0.9, 0.5, 0.1]","[u'high', u'low', u'medium']",blue,51,right,medium,False,False,803,7850,NA
A2Z70GL7HTFFQR,Fri Jun 08 2018 14:28:56 GMT-0600 (Central America Standard Time),Fri Jun 08 2018 14:44:28 GMT-0600 (Central America Standard Time),"Mozilla/5.0 (Windows NT 10.0; Win64; x64) AppleWebKit/537.36 (KHTML, like Gecko) Chrome/66.0.3359.181 Safari/537.36",141,"[0.9, 0.5, 0.1]","[0.9, 0.5, 0.1]","[u'black', u'red', u'blue']","[u'left', u'middle', u'right']","[0.9, 0.5, 0.1]","[u'high', u'low', u'medium']",red,50,middle,low,False,False,258,7800,NA
A2Z70GL7HTFFQR,Fri Jun 08 2018 14:28:56 GMT-0600 (Central America Standard Time),Fri Jun 08 2018 14:44:28 GMT-0600 (Central America Standard Time),"Mozilla/5.0 (Windows NT 10.0; Win64; x64) AppleWebKit/537.36 (KHTML, like Gecko) Chrome/66.0.3359.181 Safari/537.36",142,"[0.9, 0.5, 0.1]","[0.9, 0.5, 0.1]","[u'black', u'red', u'blue']","[u'left', u'middle', u'right']","[0.9, 0.5, 0.1]","[u'high', u'low', u'medium']",red,50,middle,low,False,False,177,7750,NA
A2Z70GL7HTFFQR,Fri Jun 08 2018 14:28:56 GMT-0600 (Central America Standard Time),Fri Jun 08 2018 14:44:28 GMT-0600 (Central America Standard Time),"Mozilla/5.0 (Windows NT 10.0; Win64; x64) AppleWebKit/537.36 (KHTML, like Gecko) Chrome/66.0.3359.181 Safari/537.36",143,"[0.9, 0.5, 0.1]","[0.9, 0.5, 0.1]","[u'black', u'red', u'blue']","[u'left', u'middle', u'right']","[0.9, 0.5, 0.1]","[u'high', u'low', u'medium']",black,49,left,high,True,False,235,7850,NA
A2Z70GL7HTFFQR,Fri Jun 08 2018 14:28:56 GMT-0600 (Central America Standard Time),Fri Jun 08 2018 14:44:28 GMT-0600 (Central America Standard Time),"Mozilla/5.0 (Windows NT 10.0; Win64; x64) AppleWebKit/537.36 (KHTML, like Gecko) Chrome/66.0.3359.181 Safari/537.36",144,"[0.9, 0.5, 0.1]","[0.9, 0.5, 0.1]","[u'black', u'red', u'blue']","[u'left', u'middle', u'right']","[0.9, 0.5, 0.1]","[u'high', u'low', u'medium']",black,49,left,high,False,False,812,7800,NA
A2Z70GL7HTFFQR,Fri Jun 08 2018 14:28:56 GMT-0600 (Central America Standard Time),Fri Jun 08 2018 14:44:28 GMT-0600 (Central America Standard Time),"Mozilla/5.0 (Windows NT 10.0; Win64; x64) AppleWebKit/537.36 (KHTML, like Gecko) Chrome/66.0.3359.181 Safari/537.36",145,"[0.9, 0.5, 0.1]","[0.9, 0.5, 0.1]","[u'black', u'red', u'blue']","[u'left', u'middle', u'right']","[0.9, 0.5, 0.1]","[u'high', u'low', u'medium']",black,49,left,high,True,False,666,7900,NA
A2Z70GL7HTFFQR,Fri Jun 08 2018 14:28:56 GMT-0600 (Central America Standard Time),Fri Jun 08 2018 14:44:28 GMT-0600 (Central America Standard Time),"Mozilla/5.0 (Windows NT 10.0; Win64; x64) AppleWebKit/537.36 (KHTML, like Gecko) Chrome/66.0.3359.181 Safari/537.36",146,"[0.9, 0.5, 0.1]","[0.9, 0.5, 0.1]","[u'black', u'red', u'blue']","[u'left', u'middle', u'right']","[0.9, 0.5, 0.1]","[u'high', u'low', u'medium']",blue,51,right,medium,False,False,281,7850,NA
A2Z70GL7HTFFQR,Fri Jun 08 2018 14:28:56 GMT-0600 (Central America Standard Time),Fri Jun 08 2018 14:44:28 GMT-0600 (Central America Standard Time),"Mozilla/5.0 (Windows NT 10.0; Win64; x64) AppleWebKit/537.36 (KHTML, like Gecko) Chrome/66.0.3359.181 Safari/537.36",147,"[0.9, 0.5, 0.1]","[0.9, 0.5, 0.1]","[u'black', u'red', u'blue']","[u'left', u'middle', u'right']","[0.9, 0.5, 0.1]","[u'high', u'low', u'medium']",red,50,middle,low,False,False,155,7800,NA
A2Z70GL7HTFFQR,Fri Jun 08 2018 14:28:56 GMT-0600 (Central America Standard Time),Fri Jun 08 2018 14:44:28 GMT-0600 (Central America Standard Time),"Mozilla/5.0 (Windows NT 10.0; Win64; x64) AppleWebKit/537.36 (KHTML, like Gecko) Chrome/66.0.3359.181 Safari/537.36",148,"[0.9, 0.5, 0.1]","[0.9, 0.5, 0.1]","[u'black', u'red', u'blue']","[u'left', u'middle', u'right']","[0.9, 0.5, 0.1]","[u'high', u'low', u'medium']",black,49,left,high,True,False,929,7900,NA
A2Z70GL7HTFFQR,Fri Jun 08 2018 14:28:56 GMT-0600 (Central America Standard Time),Fri Jun 08 2018 14:44:28 GMT-0600 (Central America Standard Time),"Mozilla/5.0 (Windows NT 10.0; Win64; x64) AppleWebKit/537.36 (KHTML, like Gecko) Chrome/66.0.3359.181 Safari/537.36",149,"[0.9, 0.5, 0.1]","[0.9, 0.5, 0.1]","[u'black', u'red', u'blue']","[u'left', u'middle', u'right']","[0.9, 0.5, 0.1]","[u'high', u'low', u'medium']",black,49,left,high,True,False,187,8000,NA
A2Z70GL7HTFFQR,Fri Jun 08 2018 14:28:56 GMT-0600 (Central America Standard Time),Fri Jun 08 2018 14:44:28 GMT-0600 (Central America Standard Time),"Mozilla/5.0 (Windows NT 10.0; Win64; x64) AppleWebKit/537.36 (KHTML, like Gecko) Chrome/66.0.3359.181 Safari/537.36",150,"[0.9, 0.5, 0.1]","[0.9, 0.5, 0.1]","[u'black', u'red', u'blue']","[u'left', u'middle', u'right']","[0.9, 0.5, 0.1]","[u'high', u'low', u'medium']",black,49,left,high,True,False,148,8100,NA
A2Z70GL7HTFFQR,Fri Jun 08 2018 14:28:56 GMT-0600 (Central America Standard Time),Fri Jun 08 2018 14:44:28 GMT-0600 (Central America Standard Time),"Mozilla/5.0 (Windows NT 10.0; Win64; x64) AppleWebKit/537.36 (KHTML, like Gecko) Chrome/66.0.3359.181 Safari/537.36",151,"[0.9, 0.5, 0.1]","[0.9, 0.5, 0.1]","[u'black', u'red', u'blue']","[u'left', u'middle', u'right']","[0.9, 0.5, 0.1]","[u'high', u'low', u'medium']",black,49,left,high,True,False,73,8200,NA
A2Z70GL7HTFFQR,Fri Jun 08 2018 14:28:56 GMT-0600 (Central America Standard Time),Fri Jun 08 2018 14:44:28 GMT-0600 (Central America Standard Time),"Mozilla/5.0 (Windows NT 10.0; Win64; x64) AppleWebKit/537.36 (KHTML, like Gecko) Chrome/66.0.3359.181 Safari/537.36",152,"[0.9, 0.5, 0.1]","[0.9, 0.5, 0.1]","[u'black', u'red', u'blue']","[u'left', u'middle', u'right']","[0.9, 0.5, 0.1]","[u'high', u'low', u'medium']",black,49,left,high,False,False,427,8150,NA
A2Z70GL7HTFFQR,Fri Jun 08 2018 14:28:56 GMT-0600 (Central America Standard Time),Fri Jun 08 2018 14:44:28 GMT-0600 (Central America Standard Time),"Mozilla/5.0 (Windows NT 10.0; Win64; x64) AppleWebKit/537.36 (KHTML, like Gecko) Chrome/66.0.3359.181 Safari/537.36",153,"[0.9, 0.5, 0.1]","[0.9, 0.5, 0.1]","[u'black', u'red', u'blue']","[u'left', u'middle', u'right']","[0.9, 0.5, 0.1]","[u'high', u'low', u'medium']",black,49,left,high,True,False,139,8250,NA
A2Z70GL7HTFFQR,Fri Jun 08 2018 14:28:56 GMT-0600 (Central America Standard Time),Fri Jun 08 2018 14:44:28 GMT-0600 (Central America Standard Time),"Mozilla/5.0 (Windows NT 10.0; Win64; x64) AppleWebKit/537.36 (KHTML, like Gecko) Chrome/66.0.3359.181 Safari/537.36",154,"[0.9, 0.5, 0.1]","[0.9, 0.5, 0.1]","[u'black', u'red', u'blue']","[u'left', u'middle', u'right']","[0.9, 0.5, 0.1]","[u'high', u'low', u'medium']",black,49,left,high,True,False,249,8350,NA
A2Z70GL7HTFFQR,Fri Jun 08 2018 14:28:56 GMT-0600 (Central America Standard Time),Fri Jun 08 2018 14:44:28 GMT-0600 (Central America Standard Time),"Mozilla/5.0 (Windows NT 10.0; Win64; x64) AppleWebKit/537.36 (KHTML, like Gecko) Chrome/66.0.3359.181 Safari/537.36",155,"[0.9, 0.5, 0.1]","[0.9, 0.5, 0.1]","[u'black', u'red', u'blue']","[u'left', u'middle', u'right']","[0.9, 0.5, 0.1]","[u'high', u'low', u'medium']",black,49,left,high,True,False,105,8450,NA
A2Z70GL7HTFFQR,Fri Jun 08 2018 14:28:56 GMT-0600 (Central America Standard Time),Fri Jun 08 2018 14:44:28 GMT-0600 (Central America Standard Time),"Mozilla/5.0 (Windows NT 10.0; Win64; x64) AppleWebKit/537.36 (KHTML, like Gecko) Chrome/66.0.3359.181 Safari/537.36",156,"[0.9, 0.5, 0.1]","[0.9, 0.5, 0.1]","[u'black', u'red', u'blue']","[u'left', u'middle', u'right']","[0.9, 0.5, 0.1]","[u'high', u'low', u'medium']",black,49,left,high,True,True,61,8550,NA
A2Z70GL7HTFFQR,Fri Jun 08 2018 14:28:56 GMT-0600 (Central America Standard Time),Fri Jun 08 2018 14:44:28 GMT-0600 (Central America Standard Time),"Mozilla/5.0 (Windows NT 10.0; Win64; x64) AppleWebKit/537.36 (KHTML, like Gecko) Chrome/66.0.3359.181 Safari/537.36",157,"[0.9, 0.5, 0.1]","[0.9, 0.5, 0.1]","[u'black', u'red', u'blue']","[u'left', u'middle', u'right']","[0.9, 0.5, 0.1]","[u'medium', u'low', u'high']",black,49,left,medium,False,False,33,8500,NA
A2Z70GL7HTFFQR,Fri Jun 08 2018 14:28:56 GMT-0600 (Central America Standard Time),Fri Jun 08 2018 14:44:28 GMT-0600 (Central America Standard Time),"Mozilla/5.0 (Windows NT 10.0; Win64; x64) AppleWebKit/537.36 (KHTML, like Gecko) Chrome/66.0.3359.181 Safari/537.36",158,"[0.9, 0.5, 0.1]","[0.9, 0.5, 0.1]","[u'black', u'red', u'blue']","[u'left', u'middle', u'right']","[0.9, 0.5, 0.1]","[u'medium', u'low', u'high']",red,50,middle,low,False,False,123,8450,NA
A2Z70GL7HTFFQR,Fri Jun 08 2018 14:28:56 GMT-0600 (Central America Standard Time),Fri Jun 08 2018 14:44:28 GMT-0600 (Central America Standard Time),"Mozilla/5.0 (Windows NT 10.0; Win64; x64) AppleWebKit/537.36 (KHTML, like Gecko) Chrome/66.0.3359.181 Safari/537.36",159,"[0.9, 0.5, 0.1]","[0.9, 0.5, 0.1]","[u'black', u'red', u'blue']","[u'left', u'middle', u'right']","[0.9, 0.5, 0.1]","[u'medium', u'low', u'high']",blue,51,right,high,True,False,128,8550,NA
A2Z70GL7HTFFQR,Fri Jun 08 2018 14:28:56 GMT-0600 (Central America Standard Time),Fri Jun 08 2018 14:44:28 GMT-0600 (Central America Standard Time),"Mozilla/5.0 (Windows NT 10.0; Win64; x64) AppleWebKit/537.36 (KHTML, like Gecko) Chrome/66.0.3359.181 Safari/537.36",160,"[0.9, 0.5, 0.1]","[0.9, 0.5, 0.1]","[u'black', u'red', u'blue']","[u'left', u'middle', u'right']","[0.9, 0.5, 0.1]","[u'medium', u'low', u'high']",blue,51,right,high,True,False,306,8650,NA
