AIEKCWYZTS41V,Mon Dec 04 2017 08:20:00 GMT-0500 (Eastern Standard Time),Mon Dec 04 2017 08:32:50 GMT-0500 (Eastern Standard Time),Mozilla/5.0 (Windows NT 10.0; Win64; x64; rv:57.0) Gecko/20100101 Firefox/57.0,1,"[0.9, 0.5, 0.1]","[0.9, 0.5, 0.1]","[u'black', u'blue', u'red']","[u'left', u'middle', u'right']","[0.9, 0.5, 0.1]","[u'medium', u'high', u'low']",black,49,left,medium,False,False,496,-50,NA
AIEKCWYZTS41V,Mon Dec 04 2017 08:20:00 GMT-0500 (Eastern Standard Time),Mon Dec 04 2017 08:32:50 GMT-0500 (Eastern Standard Time),Mozilla/5.0 (Windows NT 10.0; Win64; x64; rv:57.0) Gecko/20100101 Firefox/57.0,2,"[0.9, 0.5, 0.1]","[0.9, 0.5, 0.1]","[u'black', u'blue', u'red']","[u'left', u'middle', u'right']","[0.9, 0.5, 0.1]","[u'medium', u'high', u'low']",blue,50,middle,high,False,False,441,-100,NA
AIEKCWYZTS41V,Mon Dec 04 2017 08:20:00 GMT-0500 (Eastern Standard Time),Mon Dec 04 2017 08:32:50 GMT-0500 (Eastern Standard Time),Mozilla/5.0 (Windows NT 10.0; Win64; x64; rv:57.0) Gecko/20100101 Firefox/57.0,3,"[0.9, 0.5, 0.1]","[0.9, 0.5, 0.1]","[u'black', u'blue', u'red']","[u'left', u'middle', u'right']","[0.9, 0.5, 0.1]","[u'medium', u'high', u'low']",red,51,right,low,False,False,174,-150,NA
AIEKCWYZTS41V,Mon Dec 04 2017 08:20:00 GMT-0500 (Eastern Standard Time),Mon Dec 04 2017 08:32:50 GMT-0500 (Eastern Standard Time),Mozilla/5.0 (Windows NT 10.0; Win64; x64; rv:57.0) Gecko/20100101 Firefox/57.0,4,"[0.9, 0.5, 0.1]","[0.9, 0.5, 0.1]","[u'black', u'blue', u'red']","[u'left', u'middle', u'right']","[0.9, 0.5, 0.1]","[u'medium', u'high', u'low']",black,49,left,medium,True,False,252,-50,NA
AIEKCWYZTS41V,Mon Dec 04 2017 08:20:00 GMT-0500 (Eastern Standard Time),Mon Dec 04 2017 08:32:50 GMT-0500 (Eastern Standard Time),Mozilla/5.0 (Windows NT 10.0; Win64; x64; rv:57.0) Gecko/20100101 Firefox/57.0,5,"[0.9, 0.5, 0.1]","[0.9, 0.5, 0.1]","[u'black', u'blue', u'red']","[u'left', u'middle', u'right']","[0.9, 0.5, 0.1]","[u'medium', u'high', u'low']",black,49,left,medium,True,False,32,50,NA
AIEKCWYZTS41V,Mon Dec 04 2017 08:20:00 GMT-0500 (Eastern Standard Time),Mon Dec 04 2017 08:32:50 GMT-0500 (Eastern Standard Time),Mozilla/5.0 (Windows NT 10.0; Win64; x64; rv:57.0) Gecko/20100101 Firefox/57.0,6,"[0.9, 0.5, 0.1]","[0.9, 0.5, 0.1]","[u'black', u'blue', u'red']","[u'left', u'middle', u'right']","[0.9, 0.5, 0.1]","[u'medium', u'high', u'low']",black,49,left,medium,False,False,343,0,NA
AIEKCWYZTS41V,Mon Dec 04 2017 08:20:00 GMT-0500 (Eastern Standard Time),Mon Dec 04 2017 08:32:50 GMT-0500 (Eastern Standard Time),Mozilla/5.0 (Windows NT 10.0; Win64; x64; rv:57.0) Gecko/20100101 Firefox/57.0,7,"[0.9, 0.5, 0.1]","[0.9, 0.5, 0.1]","[u'black', u'blue', u'red']","[u'left', u'middle', u'right']","[0.9, 0.5, 0.1]","[u'medium', u'high', u'low']",black,49,left,medium,True,False,565,100,NA
AIEKCWYZTS41V,Mon Dec 04 2017 08:20:00 GMT-0500 (Eastern Standard Time),Mon Dec 04 2017 08:32:50 GMT-0500 (Eastern Standard Time),Mozilla/5.0 (Windows NT 10.0; Win64; x64; rv:57.0) Gecko/20100101 Firefox/57.0,8,"[0.9, 0.5, 0.1]","[0.9, 0.5, 0.1]","[u'black', u'blue', u'red']","[u'left', u'middle', u'right']","[0.9, 0.5, 0.1]","[u'medium', u'high', u'low']",black,49,left,medium,True,False,385,200,NA
AIEKCWYZTS41V,Mon Dec 04 2017 08:20:00 GMT-0500 (Eastern Standard Time),Mon Dec 04 2017 08:32:50 GMT-0500 (Eastern Standard Time),Mozilla/5.0 (Windows NT 10.0; Win64; x64; rv:57.0) Gecko/20100101 Firefox/57.0,9,"[0.9, 0.5, 0.1]","[0.9, 0.5, 0.1]","[u'black', u'blue', u'red']","[u'left', u'middle', u'right']","[0.9, 0.5, 0.1]","[u'medium', u'high', u'low']",black,49,left,medium,True,False,260,300,NA
AIEKCWYZTS41V,Mon Dec 04 2017 08:20:00 GMT-0500 (Eastern Standard Time),Mon Dec 04 2017 08:32:50 GMT-0500 (Eastern Standard Time),Mozilla/5.0 (Windows NT 10.0; Win64; x64; rv:57.0) Gecko/20100101 Firefox/57.0,10,"[0.9, 0.5, 0.1]","[0.9, 0.5, 0.1]","[u'black', u'blue', u'red']","[u'left', u'middle', u'right']","[0.9, 0.5, 0.1]","[u'medium', u'high', u'low']",black,49,left,medium,True,False,248,400,NA
AIEKCWYZTS41V,Mon Dec 04 2017 08:20:00 GMT-0500 (Eastern Standard Time),Mon Dec 04 2017 08:32:50 GMT-0500 (Eastern Standard Time),Mozilla/5.0 (Windows NT 10.0; Win64; x64; rv:57.0) Gecko/20100101 Firefox/57.0,11,"[0.9, 0.5, 0.1]","[0.9, 0.5, 0.1]","[u'black', u'blue', u'red']","[u'left', u'middle', u'right']","[0.9, 0.5, 0.1]","[u'medium', u'high', u'low']",black,49,left,medium,True,False,257,500,NA
AIEKCWYZTS41V,Mon Dec 04 2017 08:20:00 GMT-0500 (Eastern Standard Time),Mon Dec 04 2017 08:32:50 GMT-0500 (Eastern Standard Time),Mozilla/5.0 (Windows NT 10.0; Win64; x64; rv:57.0) Gecko/20100101 Firefox/57.0,12,"[0.9, 0.5, 0.1]","[0.9, 0.5, 0.1]","[u'black', u'blue', u'red']","[u'left', u'middle', u'right']","[0.9, 0.5, 0.1]","[u'medium', u'high', u'low']",black,49,left,medium,True,False,147,600,NA
AIEKCWYZTS41V,Mon Dec 04 2017 08:20:00 GMT-0500 (Eastern Standard Time),Mon Dec 04 2017 08:32:50 GMT-0500 (Eastern Standard Time),Mozilla/5.0 (Windows NT 10.0; Win64; x64; rv:57.0) Gecko/20100101 Firefox/57.0,13,"[0.9, 0.5, 0.1]","[0.9, 0.5, 0.1]","[u'black', u'blue', u'red']","[u'left', u'middle', u'right']","[0.9, 0.5, 0.1]","[u'medium', u'high', u'low']",black,49,left,medium,False,False,134,550,NA
AIEKCWYZTS41V,Mon Dec 04 2017 08:20:00 GMT-0500 (Eastern Standard Time),Mon Dec 04 2017 08:32:50 GMT-0500 (Eastern Standard Time),Mozilla/5.0 (Windows NT 10.0; Win64; x64; rv:57.0) Gecko/20100101 Firefox/57.0,14,"[0.9, 0.5, 0.1]","[0.9, 0.5, 0.1]","[u'black', u'blue', u'red']","[u'left', u'middle', u'right']","[0.9, 0.5, 0.1]","[u'medium', u'high', u'low']",black,49,left,medium,False,False,164,500,NA
AIEKCWYZTS41V,Mon Dec 04 2017 08:20:00 GMT-0500 (Eastern Standard Time),Mon Dec 04 2017 08:32:50 GMT-0500 (Eastern Standard Time),Mozilla/5.0 (Windows NT 10.0; Win64; x64; rv:57.0) Gecko/20100101 Firefox/57.0,15,"[0.9, 0.5, 0.1]","[0.9, 0.5, 0.1]","[u'black', u'blue', u'red']","[u'left', u'middle', u'right']","[0.9, 0.5, 0.1]","[u'medium', u'high', u'low']",blue,50,middle,high,True,False,292,600,NA
AIEKCWYZTS41V,Mon Dec 04 2017 08:20:00 GMT-0500 (Eastern Standard Time),Mon Dec 04 2017 08:32:50 GMT-0500 (Eastern Standard Time),Mozilla/5.0 (Windows NT 10.0; Win64; x64; rv:57.0) Gecko/20100101 Firefox/57.0,16,"[0.9, 0.5, 0.1]","[0.9, 0.5, 0.1]","[u'black', u'blue', u'red']","[u'left', u'middle', u'right']","[0.9, 0.5, 0.1]","[u'medium', u'high', u'low']",blue,50,middle,high,True,False,298,700,NA
AIEKCWYZTS41V,Mon Dec 04 2017 08:20:00 GMT-0500 (Eastern Standard Time),Mon Dec 04 2017 08:32:50 GMT-0500 (Eastern Standard Time),Mozilla/5.0 (Windows NT 10.0; Win64; x64; rv:57.0) Gecko/20100101 Firefox/57.0,17,"[0.9, 0.5, 0.1]","[0.9, 0.5, 0.1]","[u'black', u'blue', u'red']","[u'left', u'middle', u'right']","[0.9, 0.5, 0.1]","[u'medium', u'high', u'low']",blue,50,middle,high,True,False,656,800,NA
AIEKCWYZTS41V,Mon Dec 04 2017 08:20:00 GMT-0500 (Eastern Standard Time),Mon Dec 04 2017 08:32:50 GMT-0500 (Eastern Standard Time),Mozilla/5.0 (Windows NT 10.0; Win64; x64; rv:57.0) Gecko/20100101 Firefox/57.0,18,"[0.9, 0.5, 0.1]","[0.9, 0.5, 0.1]","[u'black', u'blue', u'red']","[u'left', u'middle', u'right']","[0.9, 0.5, 0.1]","[u'medium', u'high', u'low']",blue,50,middle,high,True,False,216,900,NA
AIEKCWYZTS41V,Mon Dec 04 2017 08:20:00 GMT-0500 (Eastern Standard Time),Mon Dec 04 2017 08:32:50 GMT-0500 (Eastern Standard Time),Mozilla/5.0 (Windows NT 10.0; Win64; x64; rv:57.0) Gecko/20100101 Firefox/57.0,19,"[0.9, 0.5, 0.1]","[0.9, 0.5, 0.1]","[u'black', u'blue', u'red']","[u'left', u'middle', u'right']","[0.9, 0.5, 0.1]","[u'medium', u'high', u'low']",blue,50,middle,high,False,False,272,850,NA
AIEKCWYZTS41V,Mon Dec 04 2017 08:20:00 GMT-0500 (Eastern Standard Time),Mon Dec 04 2017 08:32:50 GMT-0500 (Eastern Standard Time),Mozilla/5.0 (Windows NT 10.0; Win64; x64; rv:57.0) Gecko/20100101 Firefox/57.0,20,"[0.9, 0.5, 0.1]","[0.9, 0.5, 0.1]","[u'black', u'blue', u'red']","[u'left', u'middle', u'right']","[0.9, 0.5, 0.1]","[u'medium', u'high', u'low']",blue,50,middle,high,False,False,231,800,NA
AIEKCWYZTS41V,Mon Dec 04 2017 08:20:00 GMT-0500 (Eastern Standard Time),Mon Dec 04 2017 08:32:50 GMT-0500 (Eastern Standard Time),Mozilla/5.0 (Windows NT 10.0; Win64; x64; rv:57.0) Gecko/20100101 Firefox/57.0,21,"[0.9, 0.5, 0.1]","[0.9, 0.5, 0.1]","[u'black', u'blue', u'red']","[u'left', u'middle', u'right']","[0.9, 0.5, 0.1]","[u'medium', u'high', u'low']",red,51,right,low,False,False,193,750,NA
AIEKCWYZTS41V,Mon Dec 04 2017 08:20:00 GMT-0500 (Eastern Standard Time),Mon Dec 04 2017 08:32:50 GMT-0500 (Eastern Standard Time),Mozilla/5.0 (Windows NT 10.0; Win64; x64; rv:57.0) Gecko/20100101 Firefox/57.0,22,"[0.9, 0.5, 0.1]","[0.9, 0.5, 0.1]","[u'black', u'blue', u'red']","[u'left', u'middle', u'right']","[0.9, 0.5, 0.1]","[u'medium', u'high', u'low']",black,49,left,medium,False,False,119,700,NA
AIEKCWYZTS41V,Mon Dec 04 2017 08:20:00 GMT-0500 (Eastern Standard Time),Mon Dec 04 2017 08:32:50 GMT-0500 (Eastern Standard Time),Mozilla/5.0 (Windows NT 10.0; Win64; x64; rv:57.0) Gecko/20100101 Firefox/57.0,23,"[0.9, 0.5, 0.1]","[0.9, 0.5, 0.1]","[u'black', u'blue', u'red']","[u'left', u'middle', u'right']","[0.9, 0.5, 0.1]","[u'medium', u'high', u'low']",black,49,left,medium,True,False,52,800,NA
AIEKCWYZTS41V,Mon Dec 04 2017 08:20:00 GMT-0500 (Eastern Standard Time),Mon Dec 04 2017 08:32:50 GMT-0500 (Eastern Standard Time),Mozilla/5.0 (Windows NT 10.0; Win64; x64; rv:57.0) Gecko/20100101 Firefox/57.0,24,"[0.9, 0.5, 0.1]","[0.9, 0.5, 0.1]","[u'black', u'blue', u'red']","[u'left', u'middle', u'right']","[0.9, 0.5, 0.1]","[u'medium', u'high', u'low']",black,49,left,medium,False,False,99,750,NA
AIEKCWYZTS41V,Mon Dec 04 2017 08:20:00 GMT-0500 (Eastern Standard Time),Mon Dec 04 2017 08:32:50 GMT-0500 (Eastern Standard Time),Mozilla/5.0 (Windows NT 10.0; Win64; x64; rv:57.0) Gecko/20100101 Firefox/57.0,25,"[0.9, 0.5, 0.1]","[0.9, 0.5, 0.1]","[u'black', u'blue', u'red']","[u'left', u'middle', u'right']","[0.9, 0.5, 0.1]","[u'medium', u'high', u'low']",black,49,left,medium,False,False,77,700,NA
AIEKCWYZTS41V,Mon Dec 04 2017 08:20:00 GMT-0500 (Eastern Standard Time),Mon Dec 04 2017 08:32:50 GMT-0500 (Eastern Standard Time),Mozilla/5.0 (Windows NT 10.0; Win64; x64; rv:57.0) Gecko/20100101 Firefox/57.0,26,"[0.9, 0.5, 0.1]","[0.9, 0.5, 0.1]","[u'black', u'blue', u'red']","[u'left', u'middle', u'right']","[0.9, 0.5, 0.1]","[u'medium', u'high', u'low']",red,51,right,low,False,False,95,650,NA
AIEKCWYZTS41V,Mon Dec 04 2017 08:20:00 GMT-0500 (Eastern Standard Time),Mon Dec 04 2017 08:32:50 GMT-0500 (Eastern Standard Time),Mozilla/5.0 (Windows NT 10.0; Win64; x64; rv:57.0) Gecko/20100101 Firefox/57.0,27,"[0.9, 0.5, 0.1]","[0.9, 0.5, 0.1]","[u'black', u'blue', u'red']","[u'left', u'middle', u'right']","[0.9, 0.5, 0.1]","[u'medium', u'high', u'low']",red,51,right,low,False,False,14,600,NA
AIEKCWYZTS41V,Mon Dec 04 2017 08:20:00 GMT-0500 (Eastern Standard Time),Mon Dec 04 2017 08:32:50 GMT-0500 (Eastern Standard Time),Mozilla/5.0 (Windows NT 10.0; Win64; x64; rv:57.0) Gecko/20100101 Firefox/57.0,28,"[0.9, 0.5, 0.1]","[0.9, 0.5, 0.1]","[u'black', u'blue', u'red']","[u'left', u'middle', u'right']","[0.9, 0.5, 0.1]","[u'medium', u'high', u'low']",blue,50,middle,high,True,False,99,700,NA
AIEKCWYZTS41V,Mon Dec 04 2017 08:20:00 GMT-0500 (Eastern Standard Time),Mon Dec 04 2017 08:32:50 GMT-0500 (Eastern Standard Time),Mozilla/5.0 (Windows NT 10.0; Win64; x64; rv:57.0) Gecko/20100101 Firefox/57.0,29,"[0.9, 0.5, 0.1]","[0.9, 0.5, 0.1]","[u'black', u'blue', u'red']","[u'left', u'middle', u'right']","[0.9, 0.5, 0.1]","[u'medium', u'high', u'low']",blue,50,middle,high,True,False,457,800,NA
AIEKCWYZTS41V,Mon Dec 04 2017 08:20:00 GMT-0500 (Eastern Standard Time),Mon Dec 04 2017 08:32:50 GMT-0500 (Eastern Standard Time),Mozilla/5.0 (Windows NT 10.0; Win64; x64; rv:57.0) Gecko/20100101 Firefox/57.0,30,"[0.9, 0.5, 0.1]","[0.9, 0.5, 0.1]","[u'black', u'blue', u'red']","[u'left', u'middle', u'right']","[0.9, 0.5, 0.1]","[u'medium', u'high', u'low']",blue,50,middle,high,True,False,128,900,NA
AIEKCWYZTS41V,Mon Dec 04 2017 08:20:00 GMT-0500 (Eastern Standard Time),Mon Dec 04 2017 08:32:50 GMT-0500 (Eastern Standard Time),Mozilla/5.0 (Windows NT 10.0; Win64; x64; rv:57.0) Gecko/20100101 Firefox/57.0,31,"[0.9, 0.5, 0.1]","[0.9, 0.5, 0.1]","[u'black', u'blue', u'red']","[u'left', u'middle', u'right']","[0.9, 0.5, 0.1]","[u'medium', u'high', u'low']",blue,50,middle,high,True,False,37,1000,NA
AIEKCWYZTS41V,Mon Dec 04 2017 08:20:00 GMT-0500 (Eastern Standard Time),Mon Dec 04 2017 08:32:50 GMT-0500 (Eastern Standard Time),Mozilla/5.0 (Windows NT 10.0; Win64; x64; rv:57.0) Gecko/20100101 Firefox/57.0,32,"[0.9, 0.5, 0.1]","[0.9, 0.5, 0.1]","[u'black', u'blue', u'red']","[u'left', u'middle', u'right']","[0.9, 0.5, 0.1]","[u'medium', u'high', u'low']",blue,50,middle,high,True,False,39,1100,NA
AIEKCWYZTS41V,Mon Dec 04 2017 08:20:00 GMT-0500 (Eastern Standard Time),Mon Dec 04 2017 08:32:50 GMT-0500 (Eastern Standard Time),Mozilla/5.0 (Windows NT 10.0; Win64; x64; rv:57.0) Gecko/20100101 Firefox/57.0,33,"[0.9, 0.5, 0.1]","[0.9, 0.5, 0.1]","[u'black', u'blue', u'red']","[u'left', u'middle', u'right']","[0.9, 0.5, 0.1]","[u'medium', u'high', u'low']",blue,50,middle,high,False,False,170,1050,NA
AIEKCWYZTS41V,Mon Dec 04 2017 08:20:00 GMT-0500 (Eastern Standard Time),Mon Dec 04 2017 08:32:50 GMT-0500 (Eastern Standard Time),Mozilla/5.0 (Windows NT 10.0; Win64; x64; rv:57.0) Gecko/20100101 Firefox/57.0,34,"[0.9, 0.5, 0.1]","[0.9, 0.5, 0.1]","[u'black', u'blue', u'red']","[u'left', u'middle', u'right']","[0.9, 0.5, 0.1]","[u'medium', u'high', u'low']",blue,50,middle,high,True,False,187,1150,NA
AIEKCWYZTS41V,Mon Dec 04 2017 08:20:00 GMT-0500 (Eastern Standard Time),Mon Dec 04 2017 08:32:50 GMT-0500 (Eastern Standard Time),Mozilla/5.0 (Windows NT 10.0; Win64; x64; rv:57.0) Gecko/20100101 Firefox/57.0,35,"[0.9, 0.5, 0.1]","[0.9, 0.5, 0.1]","[u'black', u'blue', u'red']","[u'left', u'middle', u'right']","[0.9, 0.5, 0.1]","[u'medium', u'high', u'low']",blue,50,middle,high,True,False,171,1250,NA
AIEKCWYZTS41V,Mon Dec 04 2017 08:20:00 GMT-0500 (Eastern Standard Time),Mon Dec 04 2017 08:32:50 GMT-0500 (Eastern Standard Time),Mozilla/5.0 (Windows NT 10.0; Win64; x64; rv:57.0) Gecko/20100101 Firefox/57.0,36,"[0.9, 0.5, 0.1]","[0.9, 0.5, 0.1]","[u'black', u'blue', u'red']","[u'left', u'middle', u'right']","[0.9, 0.5, 0.1]","[u'medium', u'high', u'low']",blue,50,middle,high,True,True,131,1350,NA
AIEKCWYZTS41V,Mon Dec 04 2017 08:20:00 GMT-0500 (Eastern Standard Time),Mon Dec 04 2017 08:32:50 GMT-0500 (Eastern Standard Time),Mozilla/5.0 (Windows NT 10.0; Win64; x64; rv:57.0) Gecko/20100101 Firefox/57.0,37,"[0.9, 0.5, 0.1]","[0.9, 0.5, 0.1]","[u'black', u'blue', u'red']","[u'left', u'middle', u'right']","[0.9, 0.5, 0.1]","[u'high', u'medium', u'low']",blue,50,middle,medium,False,False,141,1300,NA
AIEKCWYZTS41V,Mon Dec 04 2017 08:20:00 GMT-0500 (Eastern Standard Time),Mon Dec 04 2017 08:32:50 GMT-0500 (Eastern Standard Time),Mozilla/5.0 (Windows NT 10.0; Win64; x64; rv:57.0) Gecko/20100101 Firefox/57.0,38,"[0.9, 0.5, 0.1]","[0.9, 0.5, 0.1]","[u'black', u'blue', u'red']","[u'left', u'middle', u'right']","[0.9, 0.5, 0.1]","[u'high', u'medium', u'low']",blue,50,middle,medium,False,False,201,1250,NA
AIEKCWYZTS41V,Mon Dec 04 2017 08:20:00 GMT-0500 (Eastern Standard Time),Mon Dec 04 2017 08:32:50 GMT-0500 (Eastern Standard Time),Mozilla/5.0 (Windows NT 10.0; Win64; x64; rv:57.0) Gecko/20100101 Firefox/57.0,39,"[0.9, 0.5, 0.1]","[0.9, 0.5, 0.1]","[u'black', u'blue', u'red']","[u'left', u'middle', u'right']","[0.9, 0.5, 0.1]","[u'high', u'medium', u'low']",red,51,right,low,False,False,170,1200,NA
AIEKCWYZTS41V,Mon Dec 04 2017 08:20:00 GMT-0500 (Eastern Standard Time),Mon Dec 04 2017 08:32:50 GMT-0500 (Eastern Standard Time),Mozilla/5.0 (Windows NT 10.0; Win64; x64; rv:57.0) Gecko/20100101 Firefox/57.0,40,"[0.9, 0.5, 0.1]","[0.9, 0.5, 0.1]","[u'black', u'blue', u'red']","[u'left', u'middle', u'right']","[0.9, 0.5, 0.1]","[u'high', u'medium', u'low']",red,51,right,low,False,False,253,1150,NA
AIEKCWYZTS41V,Mon Dec 04 2017 08:20:00 GMT-0500 (Eastern Standard Time),Mon Dec 04 2017 08:32:50 GMT-0500 (Eastern Standard Time),Mozilla/5.0 (Windows NT 10.0; Win64; x64; rv:57.0) Gecko/20100101 Firefox/57.0,41,"[0.9, 0.5, 0.1]","[0.9, 0.5, 0.1]","[u'black', u'blue', u'red']","[u'left', u'middle', u'right']","[0.9, 0.5, 0.1]","[u'medium', u'low', u'high']",black,49,left,medium,True,False,294,1250,NA
AIEKCWYZTS41V,Mon Dec 04 2017 08:20:00 GMT-0500 (Eastern Standard Time),Mon Dec 04 2017 08:32:50 GMT-0500 (Eastern Standard Time),Mozilla/5.0 (Windows NT 10.0; Win64; x64; rv:57.0) Gecko/20100101 Firefox/57.0,42,"[0.9, 0.5, 0.1]","[0.9, 0.5, 0.1]","[u'black', u'blue', u'red']","[u'left', u'middle', u'right']","[0.9, 0.5, 0.1]","[u'medium', u'low', u'high']",black,49,left,medium,False,False,82,1200,NA
AIEKCWYZTS41V,Mon Dec 04 2017 08:20:00 GMT-0500 (Eastern Standard Time),Mon Dec 04 2017 08:32:50 GMT-0500 (Eastern Standard Time),Mozilla/5.0 (Windows NT 10.0; Win64; x64; rv:57.0) Gecko/20100101 Firefox/57.0,43,"[0.9, 0.5, 0.1]","[0.9, 0.5, 0.1]","[u'black', u'blue', u'red']","[u'left', u'middle', u'right']","[0.9, 0.5, 0.1]","[u'medium', u'low', u'high']",black,49,left,medium,True,False,113,1300,NA
AIEKCWYZTS41V,Mon Dec 04 2017 08:20:00 GMT-0500 (Eastern Standard Time),Mon Dec 04 2017 08:32:50 GMT-0500 (Eastern Standard Time),Mozilla/5.0 (Windows NT 10.0; Win64; x64; rv:57.0) Gecko/20100101 Firefox/57.0,44,"[0.9, 0.5, 0.1]","[0.9, 0.5, 0.1]","[u'black', u'blue', u'red']","[u'left', u'middle', u'right']","[0.9, 0.5, 0.1]","[u'medium', u'low', u'high']",black,49,left,medium,True,False,238,1400,NA
AIEKCWYZTS41V,Mon Dec 04 2017 08:20:00 GMT-0500 (Eastern Standard Time),Mon Dec 04 2017 08:32:50 GMT-0500 (Eastern Standard Time),Mozilla/5.0 (Windows NT 10.0; Win64; x64; rv:57.0) Gecko/20100101 Firefox/57.0,45,"[0.9, 0.5, 0.1]","[0.9, 0.5, 0.1]","[u'black', u'blue', u'red']","[u'left', u'middle', u'right']","[0.9, 0.5, 0.1]","[u'medium', u'low', u'high']",black,49,left,medium,True,False,538,1500,NA
AIEKCWYZTS41V,Mon Dec 04 2017 08:20:00 GMT-0500 (Eastern Standard Time),Mon Dec 04 2017 08:32:50 GMT-0500 (Eastern Standard Time),Mozilla/5.0 (Windows NT 10.0; Win64; x64; rv:57.0) Gecko/20100101 Firefox/57.0,46,"[0.9, 0.5, 0.1]","[0.9, 0.5, 0.1]","[u'black', u'blue', u'red']","[u'left', u'middle', u'right']","[0.9, 0.5, 0.1]","[u'medium', u'low', u'high']",black,49,left,medium,False,False,248,1450,NA
AIEKCWYZTS41V,Mon Dec 04 2017 08:20:00 GMT-0500 (Eastern Standard Time),Mon Dec 04 2017 08:32:50 GMT-0500 (Eastern Standard Time),Mozilla/5.0 (Windows NT 10.0; Win64; x64; rv:57.0) Gecko/20100101 Firefox/57.0,47,"[0.9, 0.5, 0.1]","[0.9, 0.5, 0.1]","[u'black', u'blue', u'red']","[u'left', u'middle', u'right']","[0.9, 0.5, 0.1]","[u'medium', u'low', u'high']",black,49,left,medium,False,False,205,1400,NA
AIEKCWYZTS41V,Mon Dec 04 2017 08:20:00 GMT-0500 (Eastern Standard Time),Mon Dec 04 2017 08:32:50 GMT-0500 (Eastern Standard Time),Mozilla/5.0 (Windows NT 10.0; Win64; x64; rv:57.0) Gecko/20100101 Firefox/57.0,48,"[0.9, 0.5, 0.1]","[0.9, 0.5, 0.1]","[u'black', u'blue', u'red']","[u'left', u'middle', u'right']","[0.9, 0.5, 0.1]","[u'medium', u'low', u'high']",blue,50,middle,low,False,False,304,1350,NA
AIEKCWYZTS41V,Mon Dec 04 2017 08:20:00 GMT-0500 (Eastern Standard Time),Mon Dec 04 2017 08:32:50 GMT-0500 (Eastern Standard Time),Mozilla/5.0 (Windows NT 10.0; Win64; x64; rv:57.0) Gecko/20100101 Firefox/57.0,49,"[0.9, 0.5, 0.1]","[0.9, 0.5, 0.1]","[u'black', u'blue', u'red']","[u'left', u'middle', u'right']","[0.9, 0.5, 0.1]","[u'medium', u'low', u'high']",red,51,right,high,True,False,488,1450,NA
AIEKCWYZTS41V,Mon Dec 04 2017 08:20:00 GMT-0500 (Eastern Standard Time),Mon Dec 04 2017 08:32:50 GMT-0500 (Eastern Standard Time),Mozilla/5.0 (Windows NT 10.0; Win64; x64; rv:57.0) Gecko/20100101 Firefox/57.0,50,"[0.9, 0.5, 0.1]","[0.9, 0.5, 0.1]","[u'black', u'blue', u'red']","[u'left', u'middle', u'right']","[0.9, 0.5, 0.1]","[u'medium', u'low', u'high']",red,51,right,high,True,False,315,1550,NA
AIEKCWYZTS41V,Mon Dec 04 2017 08:20:00 GMT-0500 (Eastern Standard Time),Mon Dec 04 2017 08:32:50 GMT-0500 (Eastern Standard Time),Mozilla/5.0 (Windows NT 10.0; Win64; x64; rv:57.0) Gecko/20100101 Firefox/57.0,51,"[0.9, 0.5, 0.1]","[0.9, 0.5, 0.1]","[u'black', u'blue', u'red']","[u'left', u'middle', u'right']","[0.9, 0.5, 0.1]","[u'medium', u'low', u'high']",red,51,right,high,True,False,231,1650,NA
AIEKCWYZTS41V,Mon Dec 04 2017 08:20:00 GMT-0500 (Eastern Standard Time),Mon Dec 04 2017 08:32:50 GMT-0500 (Eastern Standard Time),Mozilla/5.0 (Windows NT 10.0; Win64; x64; rv:57.0) Gecko/20100101 Firefox/57.0,52,"[0.9, 0.5, 0.1]","[0.9, 0.5, 0.1]","[u'black', u'blue', u'red']","[u'left', u'middle', u'right']","[0.9, 0.5, 0.1]","[u'medium', u'low', u'high']",red,51,right,high,True,False,379,1750,NA
AIEKCWYZTS41V,Mon Dec 04 2017 08:20:00 GMT-0500 (Eastern Standard Time),Mon Dec 04 2017 08:32:50 GMT-0500 (Eastern Standard Time),Mozilla/5.0 (Windows NT 10.0; Win64; x64; rv:57.0) Gecko/20100101 Firefox/57.0,53,"[0.9, 0.5, 0.1]","[0.9, 0.5, 0.1]","[u'black', u'blue', u'red']","[u'left', u'middle', u'right']","[0.9, 0.5, 0.1]","[u'medium', u'low', u'high']",red,51,right,high,True,False,231,1850,NA
AIEKCWYZTS41V,Mon Dec 04 2017 08:20:00 GMT-0500 (Eastern Standard Time),Mon Dec 04 2017 08:32:50 GMT-0500 (Eastern Standard Time),Mozilla/5.0 (Windows NT 10.0; Win64; x64; rv:57.0) Gecko/20100101 Firefox/57.0,54,"[0.9, 0.5, 0.1]","[0.9, 0.5, 0.1]","[u'black', u'blue', u'red']","[u'left', u'middle', u'right']","[0.9, 0.5, 0.1]","[u'medium', u'low', u'high']",red,51,right,high,True,False,215,1950,NA
AIEKCWYZTS41V,Mon Dec 04 2017 08:20:00 GMT-0500 (Eastern Standard Time),Mon Dec 04 2017 08:32:50 GMT-0500 (Eastern Standard Time),Mozilla/5.0 (Windows NT 10.0; Win64; x64; rv:57.0) Gecko/20100101 Firefox/57.0,55,"[0.9, 0.5, 0.1]","[0.9, 0.5, 0.1]","[u'black', u'blue', u'red']","[u'left', u'middle', u'right']","[0.9, 0.5, 0.1]","[u'medium', u'low', u'high']",red,51,right,high,True,False,217,2050,NA
AIEKCWYZTS41V,Mon Dec 04 2017 08:20:00 GMT-0500 (Eastern Standard Time),Mon Dec 04 2017 08:32:50 GMT-0500 (Eastern Standard Time),Mozilla/5.0 (Windows NT 10.0; Win64; x64; rv:57.0) Gecko/20100101 Firefox/57.0,56,"[0.9, 0.5, 0.1]","[0.9, 0.5, 0.1]","[u'black', u'blue', u'red']","[u'left', u'middle', u'right']","[0.9, 0.5, 0.1]","[u'medium', u'low', u'high']",red,51,right,high,True,False,166,2150,NA
AIEKCWYZTS41V,Mon Dec 04 2017 08:20:00 GMT-0500 (Eastern Standard Time),Mon Dec 04 2017 08:32:50 GMT-0500 (Eastern Standard Time),Mozilla/5.0 (Windows NT 10.0; Win64; x64; rv:57.0) Gecko/20100101 Firefox/57.0,57,"[0.9, 0.5, 0.1]","[0.9, 0.5, 0.1]","[u'black', u'blue', u'red']","[u'left', u'middle', u'right']","[0.9, 0.5, 0.1]","[u'medium', u'low', u'high']",red,51,right,high,False,True,94,2100,NA
AIEKCWYZTS41V,Mon Dec 04 2017 08:20:00 GMT-0500 (Eastern Standard Time),Mon Dec 04 2017 08:32:50 GMT-0500 (Eastern Standard Time),Mozilla/5.0 (Windows NT 10.0; Win64; x64; rv:57.0) Gecko/20100101 Firefox/57.0,58,"[0.9, 0.5, 0.1]","[0.9, 0.5, 0.1]","[u'black', u'blue', u'red']","[u'left', u'middle', u'right']","[0.9, 0.5, 0.1]","[u'high', u'low', u'medium']",blue,50,middle,low,False,False,130,2050,NA
AIEKCWYZTS41V,Mon Dec 04 2017 08:20:00 GMT-0500 (Eastern Standard Time),Mon Dec 04 2017 08:32:50 GMT-0500 (Eastern Standard Time),Mozilla/5.0 (Windows NT 10.0; Win64; x64; rv:57.0) Gecko/20100101 Firefox/57.0,59,"[0.9, 0.5, 0.1]","[0.9, 0.5, 0.1]","[u'black', u'blue', u'red']","[u'left', u'middle', u'right']","[0.9, 0.5, 0.1]","[u'high', u'low', u'medium']",black,49,left,high,True,False,439,2150,NA
AIEKCWYZTS41V,Mon Dec 04 2017 08:20:00 GMT-0500 (Eastern Standard Time),Mon Dec 04 2017 08:32:50 GMT-0500 (Eastern Standard Time),Mozilla/5.0 (Windows NT 10.0; Win64; x64; rv:57.0) Gecko/20100101 Firefox/57.0,60,"[0.9, 0.5, 0.1]","[0.9, 0.5, 0.1]","[u'black', u'blue', u'red']","[u'left', u'middle', u'right']","[0.9, 0.5, 0.1]","[u'high', u'low', u'medium']",black,49,left,high,True,False,201,2250,NA
AIEKCWYZTS41V,Mon Dec 04 2017 08:20:00 GMT-0500 (Eastern Standard Time),Mon Dec 04 2017 08:32:50 GMT-0500 (Eastern Standard Time),Mozilla/5.0 (Windows NT 10.0; Win64; x64; rv:57.0) Gecko/20100101 Firefox/57.0,61,"[0.9, 0.5, 0.1]","[0.9, 0.5, 0.1]","[u'black', u'blue', u'red']","[u'left', u'middle', u'right']","[0.9, 0.5, 0.1]","[u'high', u'low', u'medium']",black,49,left,high,True,False,70,2350,NA
AIEKCWYZTS41V,Mon Dec 04 2017 08:20:00 GMT-0500 (Eastern Standard Time),Mon Dec 04 2017 08:32:50 GMT-0500 (Eastern Standard Time),Mozilla/5.0 (Windows NT 10.0; Win64; x64; rv:57.0) Gecko/20100101 Firefox/57.0,62,"[0.9, 0.5, 0.1]","[0.9, 0.5, 0.1]","[u'black', u'blue', u'red']","[u'left', u'middle', u'right']","[0.9, 0.5, 0.1]","[u'high', u'low', u'medium']",black,49,left,high,True,False,137,2450,NA
AIEKCWYZTS41V,Mon Dec 04 2017 08:20:00 GMT-0500 (Eastern Standard Time),Mon Dec 04 2017 08:32:50 GMT-0500 (Eastern Standard Time),Mozilla/5.0 (Windows NT 10.0; Win64; x64; rv:57.0) Gecko/20100101 Firefox/57.0,63,"[0.9, 0.5, 0.1]","[0.9, 0.5, 0.1]","[u'black', u'blue', u'red']","[u'left', u'middle', u'right']","[0.9, 0.5, 0.1]","[u'high', u'low', u'medium']",black,49,left,high,True,False,176,2550,NA
AIEKCWYZTS41V,Mon Dec 04 2017 08:20:00 GMT-0500 (Eastern Standard Time),Mon Dec 04 2017 08:32:50 GMT-0500 (Eastern Standard Time),Mozilla/5.0 (Windows NT 10.0; Win64; x64; rv:57.0) Gecko/20100101 Firefox/57.0,64,"[0.9, 0.5, 0.1]","[0.9, 0.5, 0.1]","[u'black', u'blue', u'red']","[u'left', u'middle', u'right']","[0.9, 0.5, 0.1]","[u'high', u'low', u'medium']",black,49,left,high,True,False,169,2650,NA
AIEKCWYZTS41V,Mon Dec 04 2017 08:20:00 GMT-0500 (Eastern Standard Time),Mon Dec 04 2017 08:32:50 GMT-0500 (Eastern Standard Time),Mozilla/5.0 (Windows NT 10.0; Win64; x64; rv:57.0) Gecko/20100101 Firefox/57.0,65,"[0.9, 0.5, 0.1]","[0.9, 0.5, 0.1]","[u'black', u'blue', u'red']","[u'left', u'middle', u'right']","[0.9, 0.5, 0.1]","[u'high', u'low', u'medium']",black,49,left,high,True,False,98,2750,NA
AIEKCWYZTS41V,Mon Dec 04 2017 08:20:00 GMT-0500 (Eastern Standard Time),Mon Dec 04 2017 08:32:50 GMT-0500 (Eastern Standard Time),Mozilla/5.0 (Windows NT 10.0; Win64; x64; rv:57.0) Gecko/20100101 Firefox/57.0,66,"[0.9, 0.5, 0.1]","[0.9, 0.5, 0.1]","[u'black', u'blue', u'red']","[u'left', u'middle', u'right']","[0.9, 0.5, 0.1]","[u'high', u'low', u'medium']",black,49,left,high,True,False,377,2850,NA
AIEKCWYZTS41V,Mon Dec 04 2017 08:20:00 GMT-0500 (Eastern Standard Time),Mon Dec 04 2017 08:32:50 GMT-0500 (Eastern Standard Time),Mozilla/5.0 (Windows NT 10.0; Win64; x64; rv:57.0) Gecko/20100101 Firefox/57.0,67,"[0.9, 0.5, 0.1]","[0.9, 0.5, 0.1]","[u'black', u'blue', u'red']","[u'left', u'middle', u'right']","[0.9, 0.5, 0.1]","[u'high', u'low', u'medium']",black,49,left,high,True,True,126,2950,NA
AIEKCWYZTS41V,Mon Dec 04 2017 08:20:00 GMT-0500 (Eastern Standard Time),Mon Dec 04 2017 08:32:50 GMT-0500 (Eastern Standard Time),Mozilla/5.0 (Windows NT 10.0; Win64; x64; rv:57.0) Gecko/20100101 Firefox/57.0,68,"[0.9, 0.5, 0.1]","[0.9, 0.5, 0.1]","[u'black', u'blue', u'red']","[u'left', u'middle', u'right']","[0.9, 0.5, 0.1]","[u'medium', u'low', u'high']",black,49,left,medium,False,False,126,2900,NA
AIEKCWYZTS41V,Mon Dec 04 2017 08:20:00 GMT-0500 (Eastern Standard Time),Mon Dec 04 2017 08:32:50 GMT-0500 (Eastern Standard Time),Mozilla/5.0 (Windows NT 10.0; Win64; x64; rv:57.0) Gecko/20100101 Firefox/57.0,69,"[0.9, 0.5, 0.1]","[0.9, 0.5, 0.1]","[u'black', u'blue', u'red']","[u'left', u'middle', u'right']","[0.9, 0.5, 0.1]","[u'medium', u'low', u'high']",red,51,right,high,True,False,22,3000,NA
AIEKCWYZTS41V,Mon Dec 04 2017 08:20:00 GMT-0500 (Eastern Standard Time),Mon Dec 04 2017 08:32:50 GMT-0500 (Eastern Standard Time),Mozilla/5.0 (Windows NT 10.0; Win64; x64; rv:57.0) Gecko/20100101 Firefox/57.0,70,"[0.9, 0.5, 0.1]","[0.9, 0.5, 0.1]","[u'black', u'blue', u'red']","[u'left', u'middle', u'right']","[0.9, 0.5, 0.1]","[u'medium', u'low', u'high']",red,51,right,high,True,False,3104,3100,NA
AIEKCWYZTS41V,Mon Dec 04 2017 08:20:00 GMT-0500 (Eastern Standard Time),Mon Dec 04 2017 08:32:50 GMT-0500 (Eastern Standard Time),Mozilla/5.0 (Windows NT 10.0; Win64; x64; rv:57.0) Gecko/20100101 Firefox/57.0,71,"[0.9, 0.5, 0.1]","[0.9, 0.5, 0.1]","[u'black', u'blue', u'red']","[u'left', u'middle', u'right']","[0.9, 0.5, 0.1]","[u'medium', u'low', u'high']",red,51,right,high,True,False,123,3200,NA
AIEKCWYZTS41V,Mon Dec 04 2017 08:20:00 GMT-0500 (Eastern Standard Time),Mon Dec 04 2017 08:32:50 GMT-0500 (Eastern Standard Time),Mozilla/5.0 (Windows NT 10.0; Win64; x64; rv:57.0) Gecko/20100101 Firefox/57.0,72,"[0.9, 0.5, 0.1]","[0.9, 0.5, 0.1]","[u'black', u'blue', u'red']","[u'left', u'middle', u'right']","[0.9, 0.5, 0.1]","[u'medium', u'low', u'high']",red,51,right,high,True,False,15,3300,NA
AIEKCWYZTS41V,Mon Dec 04 2017 08:20:00 GMT-0500 (Eastern Standard Time),Mon Dec 04 2017 08:32:50 GMT-0500 (Eastern Standard Time),Mozilla/5.0 (Windows NT 10.0; Win64; x64; rv:57.0) Gecko/20100101 Firefox/57.0,73,"[0.9, 0.5, 0.1]","[0.9, 0.5, 0.1]","[u'black', u'blue', u'red']","[u'left', u'middle', u'right']","[0.9, 0.5, 0.1]","[u'medium', u'low', u'high']",red,51,right,high,True,False,192,3400,NA
AIEKCWYZTS41V,Mon Dec 04 2017 08:20:00 GMT-0500 (Eastern Standard Time),Mon Dec 04 2017 08:32:50 GMT-0500 (Eastern Standard Time),Mozilla/5.0 (Windows NT 10.0; Win64; x64; rv:57.0) Gecko/20100101 Firefox/57.0,74,"[0.9, 0.5, 0.1]","[0.9, 0.5, 0.1]","[u'black', u'blue', u'red']","[u'left', u'middle', u'right']","[0.9, 0.5, 0.1]","[u'medium', u'low', u'high']",red,51,right,high,True,False,186,3500,NA
AIEKCWYZTS41V,Mon Dec 04 2017 08:20:00 GMT-0500 (Eastern Standard Time),Mon Dec 04 2017 08:32:50 GMT-0500 (Eastern Standard Time),Mozilla/5.0 (Windows NT 10.0; Win64; x64; rv:57.0) Gecko/20100101 Firefox/57.0,75,"[0.9, 0.5, 0.1]","[0.9, 0.5, 0.1]","[u'black', u'blue', u'red']","[u'left', u'middle', u'right']","[0.9, 0.5, 0.1]","[u'medium', u'low', u'high']",red,51,right,high,True,False,202,3600,NA
AIEKCWYZTS41V,Mon Dec 04 2017 08:20:00 GMT-0500 (Eastern Standard Time),Mon Dec 04 2017 08:32:50 GMT-0500 (Eastern Standard Time),Mozilla/5.0 (Windows NT 10.0; Win64; x64; rv:57.0) Gecko/20100101 Firefox/57.0,76,"[0.9, 0.5, 0.1]","[0.9, 0.5, 0.1]","[u'black', u'blue', u'red']","[u'left', u'middle', u'right']","[0.9, 0.5, 0.1]","[u'medium', u'low', u'high']",red,51,right,high,True,False,145,3700,NA
AIEKCWYZTS41V,Mon Dec 04 2017 08:20:00 GMT-0500 (Eastern Standard Time),Mon Dec 04 2017 08:32:50 GMT-0500 (Eastern Standard Time),Mozilla/5.0 (Windows NT 10.0; Win64; x64; rv:57.0) Gecko/20100101 Firefox/57.0,77,"[0.9, 0.5, 0.1]","[0.9, 0.5, 0.1]","[u'black', u'blue', u'red']","[u'left', u'middle', u'right']","[0.9, 0.5, 0.1]","[u'medium', u'low', u'high']",red,51,right,high,False,True,504,3650,NA
AIEKCWYZTS41V,Mon Dec 04 2017 08:20:00 GMT-0500 (Eastern Standard Time),Mon Dec 04 2017 08:32:50 GMT-0500 (Eastern Standard Time),Mozilla/5.0 (Windows NT 10.0; Win64; x64; rv:57.0) Gecko/20100101 Firefox/57.0,78,"[0.9, 0.5, 0.1]","[0.9, 0.5, 0.1]","[u'black', u'blue', u'red']","[u'left', u'middle', u'right']","[0.9, 0.5, 0.1]","[u'medium', u'high', u'low']",black,49,left,medium,False,False,111,3600,NA
AIEKCWYZTS41V,Mon Dec 04 2017 08:20:00 GMT-0500 (Eastern Standard Time),Mon Dec 04 2017 08:32:50 GMT-0500 (Eastern Standard Time),Mozilla/5.0 (Windows NT 10.0; Win64; x64; rv:57.0) Gecko/20100101 Firefox/57.0,79,"[0.9, 0.5, 0.1]","[0.9, 0.5, 0.1]","[u'black', u'blue', u'red']","[u'left', u'middle', u'right']","[0.9, 0.5, 0.1]","[u'medium', u'high', u'low']",blue,50,middle,high,True,False,276,3700,NA
AIEKCWYZTS41V,Mon Dec 04 2017 08:20:00 GMT-0500 (Eastern Standard Time),Mon Dec 04 2017 08:32:50 GMT-0500 (Eastern Standard Time),Mozilla/5.0 (Windows NT 10.0; Win64; x64; rv:57.0) Gecko/20100101 Firefox/57.0,80,"[0.9, 0.5, 0.1]","[0.9, 0.5, 0.1]","[u'black', u'blue', u'red']","[u'left', u'middle', u'right']","[0.9, 0.5, 0.1]","[u'medium', u'high', u'low']",blue,50,middle,high,False,False,226,3650,NA
AIEKCWYZTS41V,Mon Dec 04 2017 08:20:00 GMT-0500 (Eastern Standard Time),Mon Dec 04 2017 08:32:50 GMT-0500 (Eastern Standard Time),Mozilla/5.0 (Windows NT 10.0; Win64; x64; rv:57.0) Gecko/20100101 Firefox/57.0,81,"[0.9, 0.5, 0.1]","[0.9, 0.5, 0.1]","[u'black', u'blue', u'red']","[u'left', u'middle', u'right']","[0.9, 0.5, 0.1]","[u'medium', u'low', u'high']",black,49,left,medium,False,False,734,3600,NA
AIEKCWYZTS41V,Mon Dec 04 2017 08:20:00 GMT-0500 (Eastern Standard Time),Mon Dec 04 2017 08:32:50 GMT-0500 (Eastern Standard Time),Mozilla/5.0 (Windows NT 10.0; Win64; x64; rv:57.0) Gecko/20100101 Firefox/57.0,82,"[0.9, 0.5, 0.1]","[0.9, 0.5, 0.1]","[u'black', u'blue', u'red']","[u'left', u'middle', u'right']","[0.9, 0.5, 0.1]","[u'medium', u'low', u'high']",blue,50,middle,low,False,False,321,3550,NA
AIEKCWYZTS41V,Mon Dec 04 2017 08:20:00 GMT-0500 (Eastern Standard Time),Mon Dec 04 2017 08:32:50 GMT-0500 (Eastern Standard Time),Mozilla/5.0 (Windows NT 10.0; Win64; x64; rv:57.0) Gecko/20100101 Firefox/57.0,83,"[0.9, 0.5, 0.1]","[0.9, 0.5, 0.1]","[u'black', u'blue', u'red']","[u'left', u'middle', u'right']","[0.9, 0.5, 0.1]","[u'medium', u'low', u'high']",red,51,right,high,True,False,151,3650,NA
AIEKCWYZTS41V,Mon Dec 04 2017 08:20:00 GMT-0500 (Eastern Standard Time),Mon Dec 04 2017 08:32:50 GMT-0500 (Eastern Standard Time),Mozilla/5.0 (Windows NT 10.0; Win64; x64; rv:57.0) Gecko/20100101 Firefox/57.0,84,"[0.9, 0.5, 0.1]","[0.9, 0.5, 0.1]","[u'black', u'blue', u'red']","[u'left', u'middle', u'right']","[0.9, 0.5, 0.1]","[u'medium', u'low', u'high']",red,51,right,high,True,False,182,3750,NA
AIEKCWYZTS41V,Mon Dec 04 2017 08:20:00 GMT-0500 (Eastern Standard Time),Mon Dec 04 2017 08:32:50 GMT-0500 (Eastern Standard Time),Mozilla/5.0 (Windows NT 10.0; Win64; x64; rv:57.0) Gecko/20100101 Firefox/57.0,85,"[0.9, 0.5, 0.1]","[0.9, 0.5, 0.1]","[u'black', u'blue', u'red']","[u'left', u'middle', u'right']","[0.9, 0.5, 0.1]","[u'medium', u'low', u'high']",red,51,right,high,True,False,226,3850,NA
AIEKCWYZTS41V,Mon Dec 04 2017 08:20:00 GMT-0500 (Eastern Standard Time),Mon Dec 04 2017 08:32:50 GMT-0500 (Eastern Standard Time),Mozilla/5.0 (Windows NT 10.0; Win64; x64; rv:57.0) Gecko/20100101 Firefox/57.0,86,"[0.9, 0.5, 0.1]","[0.9, 0.5, 0.1]","[u'black', u'blue', u'red']","[u'left', u'middle', u'right']","[0.9, 0.5, 0.1]","[u'medium', u'low', u'high']",red,51,right,high,True,False,178,3950,NA
AIEKCWYZTS41V,Mon Dec 04 2017 08:20:00 GMT-0500 (Eastern Standard Time),Mon Dec 04 2017 08:32:50 GMT-0500 (Eastern Standard Time),Mozilla/5.0 (Windows NT 10.0; Win64; x64; rv:57.0) Gecko/20100101 Firefox/57.0,87,"[0.9, 0.5, 0.1]","[0.9, 0.5, 0.1]","[u'black', u'blue', u'red']","[u'left', u'middle', u'right']","[0.9, 0.5, 0.1]","[u'medium', u'low', u'high']",red,51,right,high,True,False,65,4050,NA
AIEKCWYZTS41V,Mon Dec 04 2017 08:20:00 GMT-0500 (Eastern Standard Time),Mon Dec 04 2017 08:32:50 GMT-0500 (Eastern Standard Time),Mozilla/5.0 (Windows NT 10.0; Win64; x64; rv:57.0) Gecko/20100101 Firefox/57.0,88,"[0.9, 0.5, 0.1]","[0.9, 0.5, 0.1]","[u'black', u'blue', u'red']","[u'left', u'middle', u'right']","[0.9, 0.5, 0.1]","[u'medium', u'low', u'high']",red,51,right,high,True,False,193,4150,NA
AIEKCWYZTS41V,Mon Dec 04 2017 08:20:00 GMT-0500 (Eastern Standard Time),Mon Dec 04 2017 08:32:50 GMT-0500 (Eastern Standard Time),Mozilla/5.0 (Windows NT 10.0; Win64; x64; rv:57.0) Gecko/20100101 Firefox/57.0,89,"[0.9, 0.5, 0.1]","[0.9, 0.5, 0.1]","[u'black', u'blue', u'red']","[u'left', u'middle', u'right']","[0.9, 0.5, 0.1]","[u'medium', u'low', u'high']",red,51,right,high,True,False,257,4250,NA
AIEKCWYZTS41V,Mon Dec 04 2017 08:20:00 GMT-0500 (Eastern Standard Time),Mon Dec 04 2017 08:32:50 GMT-0500 (Eastern Standard Time),Mozilla/5.0 (Windows NT 10.0; Win64; x64; rv:57.0) Gecko/20100101 Firefox/57.0,90,"[0.9, 0.5, 0.1]","[0.9, 0.5, 0.1]","[u'black', u'blue', u'red']","[u'left', u'middle', u'right']","[0.9, 0.5, 0.1]","[u'medium', u'low', u'high']",red,51,right,high,True,False,172,4350,NA
AIEKCWYZTS41V,Mon Dec 04 2017 08:20:00 GMT-0500 (Eastern Standard Time),Mon Dec 04 2017 08:32:50 GMT-0500 (Eastern Standard Time),Mozilla/5.0 (Windows NT 10.0; Win64; x64; rv:57.0) Gecko/20100101 Firefox/57.0,91,"[0.9, 0.5, 0.1]","[0.9, 0.5, 0.1]","[u'black', u'blue', u'red']","[u'left', u'middle', u'right']","[0.9, 0.5, 0.1]","[u'medium', u'low', u'high']",red,51,right,high,True,True,192,4450,NA
AIEKCWYZTS41V,Mon Dec 04 2017 08:20:00 GMT-0500 (Eastern Standard Time),Mon Dec 04 2017 08:32:50 GMT-0500 (Eastern Standard Time),Mozilla/5.0 (Windows NT 10.0; Win64; x64; rv:57.0) Gecko/20100101 Firefox/57.0,92,"[0.9, 0.5, 0.1]","[0.9, 0.5, 0.1]","[u'black', u'blue', u'red']","[u'left', u'middle', u'right']","[0.9, 0.5, 0.1]","[u'high', u'low', u'medium']",red,51,right,medium,True,False,100,4550,NA
AIEKCWYZTS41V,Mon Dec 04 2017 08:20:00 GMT-0500 (Eastern Standard Time),Mon Dec 04 2017 08:32:50 GMT-0500 (Eastern Standard Time),Mozilla/5.0 (Windows NT 10.0; Win64; x64; rv:57.0) Gecko/20100101 Firefox/57.0,93,"[0.9, 0.5, 0.1]","[0.9, 0.5, 0.1]","[u'black', u'blue', u'red']","[u'left', u'middle', u'right']","[0.9, 0.5, 0.1]","[u'high', u'low', u'medium']",red,51,right,medium,True,False,133,4650,NA
AIEKCWYZTS41V,Mon Dec 04 2017 08:20:00 GMT-0500 (Eastern Standard Time),Mon Dec 04 2017 08:32:50 GMT-0500 (Eastern Standard Time),Mozilla/5.0 (Windows NT 10.0; Win64; x64; rv:57.0) Gecko/20100101 Firefox/57.0,94,"[0.9, 0.5, 0.1]","[0.9, 0.5, 0.1]","[u'black', u'blue', u'red']","[u'left', u'middle', u'right']","[0.9, 0.5, 0.1]","[u'high', u'low', u'medium']",red,51,right,medium,True,False,137,4750,NA
AIEKCWYZTS41V,Mon Dec 04 2017 08:20:00 GMT-0500 (Eastern Standard Time),Mon Dec 04 2017 08:32:50 GMT-0500 (Eastern Standard Time),Mozilla/5.0 (Windows NT 10.0; Win64; x64; rv:57.0) Gecko/20100101 Firefox/57.0,95,"[0.9, 0.5, 0.1]","[0.9, 0.5, 0.1]","[u'black', u'blue', u'red']","[u'left', u'middle', u'right']","[0.9, 0.5, 0.1]","[u'high', u'low', u'medium']",red,51,right,medium,True,False,160,4850,NA
AIEKCWYZTS41V,Mon Dec 04 2017 08:20:00 GMT-0500 (Eastern Standard Time),Mon Dec 04 2017 08:32:50 GMT-0500 (Eastern Standard Time),Mozilla/5.0 (Windows NT 10.0; Win64; x64; rv:57.0) Gecko/20100101 Firefox/57.0,96,"[0.9, 0.5, 0.1]","[0.9, 0.5, 0.1]","[u'black', u'blue', u'red']","[u'left', u'middle', u'right']","[0.9, 0.5, 0.1]","[u'high', u'low', u'medium']",red,51,right,medium,True,False,2382,4950,NA
AIEKCWYZTS41V,Mon Dec 04 2017 08:20:00 GMT-0500 (Eastern Standard Time),Mon Dec 04 2017 08:32:50 GMT-0500 (Eastern Standard Time),Mozilla/5.0 (Windows NT 10.0; Win64; x64; rv:57.0) Gecko/20100101 Firefox/57.0,97,"[0.9, 0.5, 0.1]","[0.9, 0.5, 0.1]","[u'black', u'blue', u'red']","[u'left', u'middle', u'right']","[0.9, 0.5, 0.1]","[u'high', u'low', u'medium']",red,51,right,medium,True,False,172,5050,NA
AIEKCWYZTS41V,Mon Dec 04 2017 08:20:00 GMT-0500 (Eastern Standard Time),Mon Dec 04 2017 08:32:50 GMT-0500 (Eastern Standard Time),Mozilla/5.0 (Windows NT 10.0; Win64; x64; rv:57.0) Gecko/20100101 Firefox/57.0,98,"[0.9, 0.5, 0.1]","[0.9, 0.5, 0.1]","[u'black', u'blue', u'red']","[u'left', u'middle', u'right']","[0.9, 0.5, 0.1]","[u'high', u'low', u'medium']",red,51,right,medium,True,False,118,5150,NA
AIEKCWYZTS41V,Mon Dec 04 2017 08:20:00 GMT-0500 (Eastern Standard Time),Mon Dec 04 2017 08:32:50 GMT-0500 (Eastern Standard Time),Mozilla/5.0 (Windows NT 10.0; Win64; x64; rv:57.0) Gecko/20100101 Firefox/57.0,99,"[0.9, 0.5, 0.1]","[0.9, 0.5, 0.1]","[u'black', u'blue', u'red']","[u'left', u'middle', u'right']","[0.9, 0.5, 0.1]","[u'high', u'low', u'medium']",red,51,right,medium,True,False,141,5250,NA
AIEKCWYZTS41V,Mon Dec 04 2017 08:20:00 GMT-0500 (Eastern Standard Time),Mon Dec 04 2017 08:32:50 GMT-0500 (Eastern Standard Time),Mozilla/5.0 (Windows NT 10.0; Win64; x64; rv:57.0) Gecko/20100101 Firefox/57.0,100,"[0.9, 0.5, 0.1]","[0.9, 0.5, 0.1]","[u'black', u'blue', u'red']","[u'left', u'middle', u'right']","[0.9, 0.5, 0.1]","[u'high', u'low', u'medium']",red,51,right,medium,True,False,224,5350,NA
AIEKCWYZTS41V,Mon Dec 04 2017 08:20:00 GMT-0500 (Eastern Standard Time),Mon Dec 04 2017 08:32:50 GMT-0500 (Eastern Standard Time),Mozilla/5.0 (Windows NT 10.0; Win64; x64; rv:57.0) Gecko/20100101 Firefox/57.0,101,"[0.9, 0.5, 0.1]","[0.9, 0.5, 0.1]","[u'black', u'blue', u'red']","[u'left', u'middle', u'right']","[0.9, 0.5, 0.1]","[u'high', u'low', u'medium']",red,51,right,medium,True,False,206,5450,NA
AIEKCWYZTS41V,Mon Dec 04 2017 08:20:00 GMT-0500 (Eastern Standard Time),Mon Dec 04 2017 08:32:50 GMT-0500 (Eastern Standard Time),Mozilla/5.0 (Windows NT 10.0; Win64; x64; rv:57.0) Gecko/20100101 Firefox/57.0,102,"[0.9, 0.5, 0.1]","[0.9, 0.5, 0.1]","[u'black', u'blue', u'red']","[u'left', u'middle', u'right']","[0.9, 0.5, 0.1]","[u'high', u'low', u'medium']",red,51,right,medium,True,False,76,5550,NA
AIEKCWYZTS41V,Mon Dec 04 2017 08:20:00 GMT-0500 (Eastern Standard Time),Mon Dec 04 2017 08:32:50 GMT-0500 (Eastern Standard Time),Mozilla/5.0 (Windows NT 10.0; Win64; x64; rv:57.0) Gecko/20100101 Firefox/57.0,103,"[0.9, 0.5, 0.1]","[0.9, 0.5, 0.1]","[u'black', u'blue', u'red']","[u'left', u'middle', u'right']","[0.9, 0.5, 0.1]","[u'high', u'low', u'medium']",red,51,right,medium,True,False,190,5650,NA
AIEKCWYZTS41V,Mon Dec 04 2017 08:20:00 GMT-0500 (Eastern Standard Time),Mon Dec 04 2017 08:32:50 GMT-0500 (Eastern Standard Time),Mozilla/5.0 (Windows NT 10.0; Win64; x64; rv:57.0) Gecko/20100101 Firefox/57.0,104,"[0.9, 0.5, 0.1]","[0.9, 0.5, 0.1]","[u'black', u'blue', u'red']","[u'left', u'middle', u'right']","[0.9, 0.5, 0.1]","[u'high', u'low', u'medium']",red,51,right,medium,True,False,214,5750,NA
AIEKCWYZTS41V,Mon Dec 04 2017 08:20:00 GMT-0500 (Eastern Standard Time),Mon Dec 04 2017 08:32:50 GMT-0500 (Eastern Standard Time),Mozilla/5.0 (Windows NT 10.0; Win64; x64; rv:57.0) Gecko/20100101 Firefox/57.0,105,"[0.9, 0.5, 0.1]","[0.9, 0.5, 0.1]","[u'black', u'blue', u'red']","[u'left', u'middle', u'right']","[0.9, 0.5, 0.1]","[u'high', u'low', u'medium']",red,51,right,medium,False,False,79,5700,NA
AIEKCWYZTS41V,Mon Dec 04 2017 08:20:00 GMT-0500 (Eastern Standard Time),Mon Dec 04 2017 08:32:50 GMT-0500 (Eastern Standard Time),Mozilla/5.0 (Windows NT 10.0; Win64; x64; rv:57.0) Gecko/20100101 Firefox/57.0,106,"[0.9, 0.5, 0.1]","[0.9, 0.5, 0.1]","[u'black', u'blue', u'red']","[u'left', u'middle', u'right']","[0.9, 0.5, 0.1]","[u'high', u'low', u'medium']",black,49,left,high,True,False,41,5800,NA
AIEKCWYZTS41V,Mon Dec 04 2017 08:20:00 GMT-0500 (Eastern Standard Time),Mon Dec 04 2017 08:32:50 GMT-0500 (Eastern Standard Time),Mozilla/5.0 (Windows NT 10.0; Win64; x64; rv:57.0) Gecko/20100101 Firefox/57.0,107,"[0.9, 0.5, 0.1]","[0.9, 0.5, 0.1]","[u'black', u'blue', u'red']","[u'left', u'middle', u'right']","[0.9, 0.5, 0.1]","[u'high', u'low', u'medium']",black,49,left,high,True,False,31,5900,NA
AIEKCWYZTS41V,Mon Dec 04 2017 08:20:00 GMT-0500 (Eastern Standard Time),Mon Dec 04 2017 08:32:50 GMT-0500 (Eastern Standard Time),Mozilla/5.0 (Windows NT 10.0; Win64; x64; rv:57.0) Gecko/20100101 Firefox/57.0,108,"[0.9, 0.5, 0.1]","[0.9, 0.5, 0.1]","[u'black', u'blue', u'red']","[u'left', u'middle', u'right']","[0.9, 0.5, 0.1]","[u'high', u'low', u'medium']",black,49,left,high,True,False,52,6000,NA
AIEKCWYZTS41V,Mon Dec 04 2017 08:20:00 GMT-0500 (Eastern Standard Time),Mon Dec 04 2017 08:32:50 GMT-0500 (Eastern Standard Time),Mozilla/5.0 (Windows NT 10.0; Win64; x64; rv:57.0) Gecko/20100101 Firefox/57.0,109,"[0.9, 0.5, 0.1]","[0.9, 0.5, 0.1]","[u'black', u'blue', u'red']","[u'left', u'middle', u'right']","[0.9, 0.5, 0.1]","[u'high', u'low', u'medium']",black,49,left,high,False,False,30,5950,NA
AIEKCWYZTS41V,Mon Dec 04 2017 08:20:00 GMT-0500 (Eastern Standard Time),Mon Dec 04 2017 08:32:50 GMT-0500 (Eastern Standard Time),Mozilla/5.0 (Windows NT 10.0; Win64; x64; rv:57.0) Gecko/20100101 Firefox/57.0,110,"[0.9, 0.5, 0.1]","[0.9, 0.5, 0.1]","[u'black', u'blue', u'red']","[u'left', u'middle', u'right']","[0.9, 0.5, 0.1]","[u'high', u'low', u'medium']",red,51,right,medium,True,False,66,6050,NA
AIEKCWYZTS41V,Mon Dec 04 2017 08:20:00 GMT-0500 (Eastern Standard Time),Mon Dec 04 2017 08:32:50 GMT-0500 (Eastern Standard Time),Mozilla/5.0 (Windows NT 10.0; Win64; x64; rv:57.0) Gecko/20100101 Firefox/57.0,111,"[0.9, 0.5, 0.1]","[0.9, 0.5, 0.1]","[u'black', u'blue', u'red']","[u'left', u'middle', u'right']","[0.9, 0.5, 0.1]","[u'high', u'low', u'medium']",red,51,right,medium,False,False,149,6000,NA
AIEKCWYZTS41V,Mon Dec 04 2017 08:20:00 GMT-0500 (Eastern Standard Time),Mon Dec 04 2017 08:32:50 GMT-0500 (Eastern Standard Time),Mozilla/5.0 (Windows NT 10.0; Win64; x64; rv:57.0) Gecko/20100101 Firefox/57.0,112,"[0.9, 0.5, 0.1]","[0.9, 0.5, 0.1]","[u'black', u'blue', u'red']","[u'left', u'middle', u'right']","[0.9, 0.5, 0.1]","[u'high', u'low', u'medium']",black,49,left,high,True,False,631,6100,NA
AIEKCWYZTS41V,Mon Dec 04 2017 08:20:00 GMT-0500 (Eastern Standard Time),Mon Dec 04 2017 08:32:50 GMT-0500 (Eastern Standard Time),Mozilla/5.0 (Windows NT 10.0; Win64; x64; rv:57.0) Gecko/20100101 Firefox/57.0,113,"[0.9, 0.5, 0.1]","[0.9, 0.5, 0.1]","[u'black', u'blue', u'red']","[u'left', u'middle', u'right']","[0.9, 0.5, 0.1]","[u'high', u'low', u'medium']",black,49,left,high,True,False,86,6200,NA
AIEKCWYZTS41V,Mon Dec 04 2017 08:20:00 GMT-0500 (Eastern Standard Time),Mon Dec 04 2017 08:32:50 GMT-0500 (Eastern Standard Time),Mozilla/5.0 (Windows NT 10.0; Win64; x64; rv:57.0) Gecko/20100101 Firefox/57.0,114,"[0.9, 0.5, 0.1]","[0.9, 0.5, 0.1]","[u'black', u'blue', u'red']","[u'left', u'middle', u'right']","[0.9, 0.5, 0.1]","[u'high', u'low', u'medium']",black,49,left,high,True,False,107,6300,NA
AIEKCWYZTS41V,Mon Dec 04 2017 08:20:00 GMT-0500 (Eastern Standard Time),Mon Dec 04 2017 08:32:50 GMT-0500 (Eastern Standard Time),Mozilla/5.0 (Windows NT 10.0; Win64; x64; rv:57.0) Gecko/20100101 Firefox/57.0,115,"[0.9, 0.5, 0.1]","[0.9, 0.5, 0.1]","[u'black', u'blue', u'red']","[u'left', u'middle', u'right']","[0.9, 0.5, 0.1]","[u'high', u'low', u'medium']",black,49,left,high,True,False,52,6400,NA
AIEKCWYZTS41V,Mon Dec 04 2017 08:20:00 GMT-0500 (Eastern Standard Time),Mon Dec 04 2017 08:32:50 GMT-0500 (Eastern Standard Time),Mozilla/5.0 (Windows NT 10.0; Win64; x64; rv:57.0) Gecko/20100101 Firefox/57.0,116,"[0.9, 0.5, 0.1]","[0.9, 0.5, 0.1]","[u'black', u'blue', u'red']","[u'left', u'middle', u'right']","[0.9, 0.5, 0.1]","[u'high', u'low', u'medium']",black,49,left,high,True,False,34,6500,NA
AIEKCWYZTS41V,Mon Dec 04 2017 08:20:00 GMT-0500 (Eastern Standard Time),Mon Dec 04 2017 08:32:50 GMT-0500 (Eastern Standard Time),Mozilla/5.0 (Windows NT 10.0; Win64; x64; rv:57.0) Gecko/20100101 Firefox/57.0,117,"[0.9, 0.5, 0.1]","[0.9, 0.5, 0.1]","[u'black', u'blue', u'red']","[u'left', u'middle', u'right']","[0.9, 0.5, 0.1]","[u'high', u'low', u'medium']",black,49,left,high,True,False,39,6600,NA
AIEKCWYZTS41V,Mon Dec 04 2017 08:20:00 GMT-0500 (Eastern Standard Time),Mon Dec 04 2017 08:32:50 GMT-0500 (Eastern Standard Time),Mozilla/5.0 (Windows NT 10.0; Win64; x64; rv:57.0) Gecko/20100101 Firefox/57.0,118,"[0.9, 0.5, 0.1]","[0.9, 0.5, 0.1]","[u'black', u'blue', u'red']","[u'left', u'middle', u'right']","[0.9, 0.5, 0.1]","[u'high', u'low', u'medium']",black,49,left,high,True,False,60,6700,NA
AIEKCWYZTS41V,Mon Dec 04 2017 08:20:00 GMT-0500 (Eastern Standard Time),Mon Dec 04 2017 08:32:50 GMT-0500 (Eastern Standard Time),Mozilla/5.0 (Windows NT 10.0; Win64; x64; rv:57.0) Gecko/20100101 Firefox/57.0,119,"[0.9, 0.5, 0.1]","[0.9, 0.5, 0.1]","[u'black', u'blue', u'red']","[u'left', u'middle', u'right']","[0.9, 0.5, 0.1]","[u'high', u'low', u'medium']",black,49,left,high,True,False,468,6800,NA
AIEKCWYZTS41V,Mon Dec 04 2017 08:20:00 GMT-0500 (Eastern Standard Time),Mon Dec 04 2017 08:32:50 GMT-0500 (Eastern Standard Time),Mozilla/5.0 (Windows NT 10.0; Win64; x64; rv:57.0) Gecko/20100101 Firefox/57.0,120,"[0.9, 0.5, 0.1]","[0.9, 0.5, 0.1]","[u'black', u'blue', u'red']","[u'left', u'middle', u'right']","[0.9, 0.5, 0.1]","[u'high', u'low', u'medium']",black,49,left,high,False,True,112,6750,NA
AIEKCWYZTS41V,Mon Dec 04 2017 08:20:00 GMT-0500 (Eastern Standard Time),Mon Dec 04 2017 08:32:50 GMT-0500 (Eastern Standard Time),Mozilla/5.0 (Windows NT 10.0; Win64; x64; rv:57.0) Gecko/20100101 Firefox/57.0,121,"[0.9, 0.5, 0.1]","[0.9, 0.5, 0.1]","[u'black', u'blue', u'red']","[u'left', u'middle', u'right']","[0.9, 0.5, 0.1]","[u'medium', u'high', u'low']",black,49,left,medium,False,False,1284,6700,NA
AIEKCWYZTS41V,Mon Dec 04 2017 08:20:00 GMT-0500 (Eastern Standard Time),Mon Dec 04 2017 08:32:50 GMT-0500 (Eastern Standard Time),Mozilla/5.0 (Windows NT 10.0; Win64; x64; rv:57.0) Gecko/20100101 Firefox/57.0,122,"[0.9, 0.5, 0.1]","[0.9, 0.5, 0.1]","[u'black', u'blue', u'red']","[u'left', u'middle', u'right']","[0.9, 0.5, 0.1]","[u'medium', u'high', u'low']",red,51,right,low,False,False,272,6650,NA
AIEKCWYZTS41V,Mon Dec 04 2017 08:20:00 GMT-0500 (Eastern Standard Time),Mon Dec 04 2017 08:32:50 GMT-0500 (Eastern Standard Time),Mozilla/5.0 (Windows NT 10.0; Win64; x64; rv:57.0) Gecko/20100101 Firefox/57.0,123,"[0.9, 0.5, 0.1]","[0.9, 0.5, 0.1]","[u'black', u'blue', u'red']","[u'left', u'middle', u'right']","[0.9, 0.5, 0.1]","[u'medium', u'high', u'low']",blue,50,middle,high,True,False,67,6750,NA
AIEKCWYZTS41V,Mon Dec 04 2017 08:20:00 GMT-0500 (Eastern Standard Time),Mon Dec 04 2017 08:32:50 GMT-0500 (Eastern Standard Time),Mozilla/5.0 (Windows NT 10.0; Win64; x64; rv:57.0) Gecko/20100101 Firefox/57.0,124,"[0.9, 0.5, 0.1]","[0.9, 0.5, 0.1]","[u'black', u'blue', u'red']","[u'left', u'middle', u'right']","[0.9, 0.5, 0.1]","[u'medium', u'high', u'low']",blue,50,middle,high,True,False,186,6850,NA
AIEKCWYZTS41V,Mon Dec 04 2017 08:20:00 GMT-0500 (Eastern Standard Time),Mon Dec 04 2017 08:32:50 GMT-0500 (Eastern Standard Time),Mozilla/5.0 (Windows NT 10.0; Win64; x64; rv:57.0) Gecko/20100101 Firefox/57.0,125,"[0.9, 0.5, 0.1]","[0.9, 0.5, 0.1]","[u'black', u'blue', u'red']","[u'left', u'middle', u'right']","[0.9, 0.5, 0.1]","[u'medium', u'high', u'low']",blue,50,middle,high,True,False,153,6950,NA
AIEKCWYZTS41V,Mon Dec 04 2017 08:20:00 GMT-0500 (Eastern Standard Time),Mon Dec 04 2017 08:32:50 GMT-0500 (Eastern Standard Time),Mozilla/5.0 (Windows NT 10.0; Win64; x64; rv:57.0) Gecko/20100101 Firefox/57.0,126,"[0.9, 0.5, 0.1]","[0.9, 0.5, 0.1]","[u'black', u'blue', u'red']","[u'left', u'middle', u'right']","[0.9, 0.5, 0.1]","[u'medium', u'high', u'low']",blue,50,middle,high,True,False,68,7050,NA
AIEKCWYZTS41V,Mon Dec 04 2017 08:20:00 GMT-0500 (Eastern Standard Time),Mon Dec 04 2017 08:32:50 GMT-0500 (Eastern Standard Time),Mozilla/5.0 (Windows NT 10.0; Win64; x64; rv:57.0) Gecko/20100101 Firefox/57.0,127,"[0.9, 0.5, 0.1]","[0.9, 0.5, 0.1]","[u'black', u'blue', u'red']","[u'left', u'middle', u'right']","[0.9, 0.5, 0.1]","[u'medium', u'high', u'low']",blue,50,middle,high,True,False,157,7150,NA
AIEKCWYZTS41V,Mon Dec 04 2017 08:20:00 GMT-0500 (Eastern Standard Time),Mon Dec 04 2017 08:32:50 GMT-0500 (Eastern Standard Time),Mozilla/5.0 (Windows NT 10.0; Win64; x64; rv:57.0) Gecko/20100101 Firefox/57.0,128,"[0.9, 0.5, 0.1]","[0.9, 0.5, 0.1]","[u'black', u'blue', u'red']","[u'left', u'middle', u'right']","[0.9, 0.5, 0.1]","[u'medium', u'high', u'low']",blue,50,middle,high,True,False,417,7250,NA
AIEKCWYZTS41V,Mon Dec 04 2017 08:20:00 GMT-0500 (Eastern Standard Time),Mon Dec 04 2017 08:32:50 GMT-0500 (Eastern Standard Time),Mozilla/5.0 (Windows NT 10.0; Win64; x64; rv:57.0) Gecko/20100101 Firefox/57.0,129,"[0.9, 0.5, 0.1]","[0.9, 0.5, 0.1]","[u'black', u'blue', u'red']","[u'left', u'middle', u'right']","[0.9, 0.5, 0.1]","[u'medium', u'high', u'low']",blue,50,middle,high,True,False,227,7350,NA
AIEKCWYZTS41V,Mon Dec 04 2017 08:20:00 GMT-0500 (Eastern Standard Time),Mon Dec 04 2017 08:32:50 GMT-0500 (Eastern Standard Time),Mozilla/5.0 (Windows NT 10.0; Win64; x64; rv:57.0) Gecko/20100101 Firefox/57.0,130,"[0.9, 0.5, 0.1]","[0.9, 0.5, 0.1]","[u'black', u'blue', u'red']","[u'left', u'middle', u'right']","[0.9, 0.5, 0.1]","[u'medium', u'high', u'low']",blue,50,middle,high,True,False,264,7450,NA
AIEKCWYZTS41V,Mon Dec 04 2017 08:20:00 GMT-0500 (Eastern Standard Time),Mon Dec 04 2017 08:32:50 GMT-0500 (Eastern Standard Time),Mozilla/5.0 (Windows NT 10.0; Win64; x64; rv:57.0) Gecko/20100101 Firefox/57.0,131,"[0.9, 0.5, 0.1]","[0.9, 0.5, 0.1]","[u'black', u'blue', u'red']","[u'left', u'middle', u'right']","[0.9, 0.5, 0.1]","[u'medium', u'high', u'low']",blue,50,middle,high,False,True,249,7400,NA
AIEKCWYZTS41V,Mon Dec 04 2017 08:20:00 GMT-0500 (Eastern Standard Time),Mon Dec 04 2017 08:32:50 GMT-0500 (Eastern Standard Time),Mozilla/5.0 (Windows NT 10.0; Win64; x64; rv:57.0) Gecko/20100101 Firefox/57.0,132,"[0.9, 0.5, 0.1]","[0.9, 0.5, 0.1]","[u'black', u'blue', u'red']","[u'left', u'middle', u'right']","[0.9, 0.5, 0.1]","[u'low', u'medium', u'high']",red,51,right,high,True,False,175,7500,NA
AIEKCWYZTS41V,Mon Dec 04 2017 08:20:00 GMT-0500 (Eastern Standard Time),Mon Dec 04 2017 08:32:50 GMT-0500 (Eastern Standard Time),Mozilla/5.0 (Windows NT 10.0; Win64; x64; rv:57.0) Gecko/20100101 Firefox/57.0,133,"[0.9, 0.5, 0.1]","[0.9, 0.5, 0.1]","[u'black', u'blue', u'red']","[u'left', u'middle', u'right']","[0.9, 0.5, 0.1]","[u'low', u'medium', u'high']",red,51,right,high,True,False,195,7600,NA
AIEKCWYZTS41V,Mon Dec 04 2017 08:20:00 GMT-0500 (Eastern Standard Time),Mon Dec 04 2017 08:32:50 GMT-0500 (Eastern Standard Time),Mozilla/5.0 (Windows NT 10.0; Win64; x64; rv:57.0) Gecko/20100101 Firefox/57.0,134,"[0.9, 0.5, 0.1]","[0.9, 0.5, 0.1]","[u'black', u'blue', u'red']","[u'left', u'middle', u'right']","[0.9, 0.5, 0.1]","[u'low', u'medium', u'high']",red,51,right,high,True,False,203,7700,NA
AIEKCWYZTS41V,Mon Dec 04 2017 08:20:00 GMT-0500 (Eastern Standard Time),Mon Dec 04 2017 08:32:50 GMT-0500 (Eastern Standard Time),Mozilla/5.0 (Windows NT 10.0; Win64; x64; rv:57.0) Gecko/20100101 Firefox/57.0,135,"[0.9, 0.5, 0.1]","[0.9, 0.5, 0.1]","[u'black', u'blue', u'red']","[u'left', u'middle', u'right']","[0.9, 0.5, 0.1]","[u'low', u'medium', u'high']",red,51,right,high,True,False,211,7800,NA
AIEKCWYZTS41V,Mon Dec 04 2017 08:20:00 GMT-0500 (Eastern Standard Time),Mon Dec 04 2017 08:32:50 GMT-0500 (Eastern Standard Time),Mozilla/5.0 (Windows NT 10.0; Win64; x64; rv:57.0) Gecko/20100101 Firefox/57.0,136,"[0.9, 0.5, 0.1]","[0.9, 0.5, 0.1]","[u'black', u'blue', u'red']","[u'left', u'middle', u'right']","[0.9, 0.5, 0.1]","[u'low', u'medium', u'high']",red,51,right,high,True,False,199,7900,NA
AIEKCWYZTS41V,Mon Dec 04 2017 08:20:00 GMT-0500 (Eastern Standard Time),Mon Dec 04 2017 08:32:50 GMT-0500 (Eastern Standard Time),Mozilla/5.0 (Windows NT 10.0; Win64; x64; rv:57.0) Gecko/20100101 Firefox/57.0,137,"[0.9, 0.5, 0.1]","[0.9, 0.5, 0.1]","[u'black', u'blue', u'red']","[u'left', u'middle', u'right']","[0.9, 0.5, 0.1]","[u'low', u'medium', u'high']",red,51,right,high,True,False,145,8000,NA
AIEKCWYZTS41V,Mon Dec 04 2017 08:20:00 GMT-0500 (Eastern Standard Time),Mon Dec 04 2017 08:32:50 GMT-0500 (Eastern Standard Time),Mozilla/5.0 (Windows NT 10.0; Win64; x64; rv:57.0) Gecko/20100101 Firefox/57.0,138,"[0.9, 0.5, 0.1]","[0.9, 0.5, 0.1]","[u'black', u'blue', u'red']","[u'left', u'middle', u'right']","[0.9, 0.5, 0.1]","[u'low', u'medium', u'high']",red,51,right,high,True,False,17,8100,NA
AIEKCWYZTS41V,Mon Dec 04 2017 08:20:00 GMT-0500 (Eastern Standard Time),Mon Dec 04 2017 08:32:50 GMT-0500 (Eastern Standard Time),Mozilla/5.0 (Windows NT 10.0; Win64; x64; rv:57.0) Gecko/20100101 Firefox/57.0,139,"[0.9, 0.5, 0.1]","[0.9, 0.5, 0.1]","[u'black', u'blue', u'red']","[u'left', u'middle', u'right']","[0.9, 0.5, 0.1]","[u'low', u'medium', u'high']",red,51,right,high,False,False,20,8050,NA
AIEKCWYZTS41V,Mon Dec 04 2017 08:20:00 GMT-0500 (Eastern Standard Time),Mon Dec 04 2017 08:32:50 GMT-0500 (Eastern Standard Time),Mozilla/5.0 (Windows NT 10.0; Win64; x64; rv:57.0) Gecko/20100101 Firefox/57.0,140,"[0.9, 0.5, 0.1]","[0.9, 0.5, 0.1]","[u'black', u'blue', u'red']","[u'left', u'middle', u'right']","[0.9, 0.5, 0.1]","[u'low', u'medium', u'high']",black,49,left,low,False,False,465,8000,NA
AIEKCWYZTS41V,Mon Dec 04 2017 08:20:00 GMT-0500 (Eastern Standard Time),Mon Dec 04 2017 08:32:50 GMT-0500 (Eastern Standard Time),Mozilla/5.0 (Windows NT 10.0; Win64; x64; rv:57.0) Gecko/20100101 Firefox/57.0,141,"[0.9, 0.5, 0.1]","[0.9, 0.5, 0.1]","[u'black', u'blue', u'red']","[u'left', u'middle', u'right']","[0.9, 0.5, 0.1]","[u'low', u'medium', u'high']",blue,50,middle,medium,False,False,142,7950,NA
AIEKCWYZTS41V,Mon Dec 04 2017 08:20:00 GMT-0500 (Eastern Standard Time),Mon Dec 04 2017 08:32:50 GMT-0500 (Eastern Standard Time),Mozilla/5.0 (Windows NT 10.0; Win64; x64; rv:57.0) Gecko/20100101 Firefox/57.0,142,"[0.9, 0.5, 0.1]","[0.9, 0.5, 0.1]","[u'black', u'blue', u'red']","[u'left', u'middle', u'right']","[0.9, 0.5, 0.1]","[u'low', u'medium', u'high']",black,49,left,low,True,False,243,8050,NA
AIEKCWYZTS41V,Mon Dec 04 2017 08:20:00 GMT-0500 (Eastern Standard Time),Mon Dec 04 2017 08:32:50 GMT-0500 (Eastern Standard Time),Mozilla/5.0 (Windows NT 10.0; Win64; x64; rv:57.0) Gecko/20100101 Firefox/57.0,143,"[0.9, 0.5, 0.1]","[0.9, 0.5, 0.1]","[u'black', u'blue', u'red']","[u'left', u'middle', u'right']","[0.9, 0.5, 0.1]","[u'low', u'medium', u'high']",black,49,left,low,False,False,94,8000,NA
AIEKCWYZTS41V,Mon Dec 04 2017 08:20:00 GMT-0500 (Eastern Standard Time),Mon Dec 04 2017 08:32:50 GMT-0500 (Eastern Standard Time),Mozilla/5.0 (Windows NT 10.0; Win64; x64; rv:57.0) Gecko/20100101 Firefox/57.0,144,"[0.9, 0.5, 0.1]","[0.9, 0.5, 0.1]","[u'black', u'blue', u'red']","[u'left', u'middle', u'right']","[0.9, 0.5, 0.1]","[u'low', u'medium', u'high']",red,51,right,high,True,False,10,8100,NA
AIEKCWYZTS41V,Mon Dec 04 2017 08:20:00 GMT-0500 (Eastern Standard Time),Mon Dec 04 2017 08:32:50 GMT-0500 (Eastern Standard Time),Mozilla/5.0 (Windows NT 10.0; Win64; x64; rv:57.0) Gecko/20100101 Firefox/57.0,145,"[0.9, 0.5, 0.1]","[0.9, 0.5, 0.1]","[u'black', u'blue', u'red']","[u'left', u'middle', u'right']","[0.9, 0.5, 0.1]","[u'low', u'medium', u'high']",red,51,right,high,True,False,81,8200,NA
AIEKCWYZTS41V,Mon Dec 04 2017 08:20:00 GMT-0500 (Eastern Standard Time),Mon Dec 04 2017 08:32:50 GMT-0500 (Eastern Standard Time),Mozilla/5.0 (Windows NT 10.0; Win64; x64; rv:57.0) Gecko/20100101 Firefox/57.0,146,"[0.9, 0.5, 0.1]","[0.9, 0.5, 0.1]","[u'black', u'blue', u'red']","[u'left', u'middle', u'right']","[0.9, 0.5, 0.1]","[u'low', u'medium', u'high']",red,51,right,high,True,False,53,8300,NA
AIEKCWYZTS41V,Mon Dec 04 2017 08:20:00 GMT-0500 (Eastern Standard Time),Mon Dec 04 2017 08:32:50 GMT-0500 (Eastern Standard Time),Mozilla/5.0 (Windows NT 10.0; Win64; x64; rv:57.0) Gecko/20100101 Firefox/57.0,147,"[0.9, 0.5, 0.1]","[0.9, 0.5, 0.1]","[u'black', u'blue', u'red']","[u'left', u'middle', u'right']","[0.9, 0.5, 0.1]","[u'low', u'medium', u'high']",red,51,right,high,True,False,31,8400,NA
AIEKCWYZTS41V,Mon Dec 04 2017 08:20:00 GMT-0500 (Eastern Standard Time),Mon Dec 04 2017 08:32:50 GMT-0500 (Eastern Standard Time),Mozilla/5.0 (Windows NT 10.0; Win64; x64; rv:57.0) Gecko/20100101 Firefox/57.0,148,"[0.9, 0.5, 0.1]","[0.9, 0.5, 0.1]","[u'black', u'blue', u'red']","[u'left', u'middle', u'right']","[0.9, 0.5, 0.1]","[u'low', u'medium', u'high']",red,51,right,high,True,False,129,8500,NA
AIEKCWYZTS41V,Mon Dec 04 2017 08:20:00 GMT-0500 (Eastern Standard Time),Mon Dec 04 2017 08:32:50 GMT-0500 (Eastern Standard Time),Mozilla/5.0 (Windows NT 10.0; Win64; x64; rv:57.0) Gecko/20100101 Firefox/57.0,149,"[0.9, 0.5, 0.1]","[0.9, 0.5, 0.1]","[u'black', u'blue', u'red']","[u'left', u'middle', u'right']","[0.9, 0.5, 0.1]","[u'low', u'medium', u'high']",red,51,right,high,True,False,54,8600,NA
AIEKCWYZTS41V,Mon Dec 04 2017 08:20:00 GMT-0500 (Eastern Standard Time),Mon Dec 04 2017 08:32:50 GMT-0500 (Eastern Standard Time),Mozilla/5.0 (Windows NT 10.0; Win64; x64; rv:57.0) Gecko/20100101 Firefox/57.0,150,"[0.9, 0.5, 0.1]","[0.9, 0.5, 0.1]","[u'black', u'blue', u'red']","[u'left', u'middle', u'right']","[0.9, 0.5, 0.1]","[u'low', u'medium', u'high']",red,51,right,high,True,False,42,8700,NA
AIEKCWYZTS41V,Mon Dec 04 2017 08:20:00 GMT-0500 (Eastern Standard Time),Mon Dec 04 2017 08:32:50 GMT-0500 (Eastern Standard Time),Mozilla/5.0 (Windows NT 10.0; Win64; x64; rv:57.0) Gecko/20100101 Firefox/57.0,151,"[0.9, 0.5, 0.1]","[0.9, 0.5, 0.1]","[u'black', u'blue', u'red']","[u'left', u'middle', u'right']","[0.9, 0.5, 0.1]","[u'low', u'medium', u'high']",red,51,right,high,True,False,15,8800,NA
AIEKCWYZTS41V,Mon Dec 04 2017 08:20:00 GMT-0500 (Eastern Standard Time),Mon Dec 04 2017 08:32:50 GMT-0500 (Eastern Standard Time),Mozilla/5.0 (Windows NT 10.0; Win64; x64; rv:57.0) Gecko/20100101 Firefox/57.0,152,"[0.9, 0.5, 0.1]","[0.9, 0.5, 0.1]","[u'black', u'blue', u'red']","[u'left', u'middle', u'right']","[0.9, 0.5, 0.1]","[u'low', u'medium', u'high']",red,51,right,high,True,True,547,8900,NA
AIEKCWYZTS41V,Mon Dec 04 2017 08:20:00 GMT-0500 (Eastern Standard Time),Mon Dec 04 2017 08:32:50 GMT-0500 (Eastern Standard Time),Mozilla/5.0 (Windows NT 10.0; Win64; x64; rv:57.0) Gecko/20100101 Firefox/57.0,153,"[0.9, 0.5, 0.1]","[0.9, 0.5, 0.1]","[u'black', u'blue', u'red']","[u'left', u'middle', u'right']","[0.9, 0.5, 0.1]","[u'medium', u'high', u'low']",red,51,right,low,False,False,85,8850,NA
AIEKCWYZTS41V,Mon Dec 04 2017 08:20:00 GMT-0500 (Eastern Standard Time),Mon Dec 04 2017 08:32:50 GMT-0500 (Eastern Standard Time),Mozilla/5.0 (Windows NT 10.0; Win64; x64; rv:57.0) Gecko/20100101 Firefox/57.0,154,"[0.9, 0.5, 0.1]","[0.9, 0.5, 0.1]","[u'black', u'blue', u'red']","[u'left', u'middle', u'right']","[0.9, 0.5, 0.1]","[u'medium', u'high', u'low']",blue,50,middle,high,True,False,323,8950,NA
AIEKCWYZTS41V,Mon Dec 04 2017 08:20:00 GMT-0500 (Eastern Standard Time),Mon Dec 04 2017 08:32:50 GMT-0500 (Eastern Standard Time),Mozilla/5.0 (Windows NT 10.0; Win64; x64; rv:57.0) Gecko/20100101 Firefox/57.0,155,"[0.9, 0.5, 0.1]","[0.9, 0.5, 0.1]","[u'black', u'blue', u'red']","[u'left', u'middle', u'right']","[0.9, 0.5, 0.1]","[u'medium', u'high', u'low']",blue,50,middle,high,True,False,37,9050,NA
AIEKCWYZTS41V,Mon Dec 04 2017 08:20:00 GMT-0500 (Eastern Standard Time),Mon Dec 04 2017 08:32:50 GMT-0500 (Eastern Standard Time),Mozilla/5.0 (Windows NT 10.0; Win64; x64; rv:57.0) Gecko/20100101 Firefox/57.0,156,"[0.9, 0.5, 0.1]","[0.9, 0.5, 0.1]","[u'black', u'blue', u'red']","[u'left', u'middle', u'right']","[0.9, 0.5, 0.1]","[u'medium', u'high', u'low']",blue,50,middle,high,True,False,22,9150,NA
AIEKCWYZTS41V,Mon Dec 04 2017 08:20:00 GMT-0500 (Eastern Standard Time),Mon Dec 04 2017 08:32:50 GMT-0500 (Eastern Standard Time),Mozilla/5.0 (Windows NT 10.0; Win64; x64; rv:57.0) Gecko/20100101 Firefox/57.0,157,"[0.9, 0.5, 0.1]","[0.9, 0.5, 0.1]","[u'black', u'blue', u'red']","[u'left', u'middle', u'right']","[0.9, 0.5, 0.1]","[u'medium', u'high', u'low']",blue,50,middle,high,True,False,239,9250,NA
AIEKCWYZTS41V,Mon Dec 04 2017 08:20:00 GMT-0500 (Eastern Standard Time),Mon Dec 04 2017 08:32:50 GMT-0500 (Eastern Standard Time),Mozilla/5.0 (Windows NT 10.0; Win64; x64; rv:57.0) Gecko/20100101 Firefox/57.0,158,"[0.9, 0.5, 0.1]","[0.9, 0.5, 0.1]","[u'black', u'blue', u'red']","[u'left', u'middle', u'right']","[0.9, 0.5, 0.1]","[u'medium', u'high', u'low']",blue,50,middle,high,True,False,122,9350,NA
AIEKCWYZTS41V,Mon Dec 04 2017 08:20:00 GMT-0500 (Eastern Standard Time),Mon Dec 04 2017 08:32:50 GMT-0500 (Eastern Standard Time),Mozilla/5.0 (Windows NT 10.0; Win64; x64; rv:57.0) Gecko/20100101 Firefox/57.0,159,"[0.9, 0.5, 0.1]","[0.9, 0.5, 0.1]","[u'black', u'blue', u'red']","[u'left', u'middle', u'right']","[0.9, 0.5, 0.1]","[u'medium', u'high', u'low']",blue,50,middle,high,True,False,167,9450,NA
AIEKCWYZTS41V,Mon Dec 04 2017 08:20:00 GMT-0500 (Eastern Standard Time),Mon Dec 04 2017 08:32:50 GMT-0500 (Eastern Standard Time),Mozilla/5.0 (Windows NT 10.0; Win64; x64; rv:57.0) Gecko/20100101 Firefox/57.0,160,"[0.9, 0.5, 0.1]","[0.9, 0.5, 0.1]","[u'black', u'blue', u'red']","[u'left', u'middle', u'right']","[0.9, 0.5, 0.1]","[u'medium', u'high', u'low']",blue,50,middle,high,True,False,191,9550,NA
