A3P6BRCL0IC22S,Mon Dec 04 2017 06:23:27 GMT-0800 (Pacific Standard Time),Mon Dec 04 2017 06:47:10 GMT-0800 (Pacific Standard Time),"Mozilla/5.0 (Windows NT 6.3; Win64; x64) AppleWebKit/537.36 (KHTML, like Gecko) Chrome/62.0.3202.94 Safari/537.36",1,"[0.9, 0.5, 0.1]","[0.8, 0.4, 0.2]","[u'red', u'black', u'blue']","[u'left', u'middle', u'right']","[0.9, 0.5, 0.1]","[u'high', u'medium', u'low']",blue,51,right,low,False,False,2426,-50,NA
A3P6BRCL0IC22S,Mon Dec 04 2017 06:23:27 GMT-0800 (Pacific Standard Time),Mon Dec 04 2017 06:47:10 GMT-0800 (Pacific Standard Time),"Mozilla/5.0 (Windows NT 6.3; Win64; x64) AppleWebKit/537.36 (KHTML, like Gecko) Chrome/62.0.3202.94 Safari/537.36",2,"[0.9, 0.5, 0.1]","[0.8, 0.4, 0.2]","[u'red', u'black', u'blue']","[u'left', u'middle', u'right']","[0.9, 0.5, 0.1]","[u'high', u'medium', u'low']",red,49,left,high,True,False,450,50,NA
A3P6BRCL0IC22S,Mon Dec 04 2017 06:23:27 GMT-0800 (Pacific Standard Time),Mon Dec 04 2017 06:47:10 GMT-0800 (Pacific Standard Time),"Mozilla/5.0 (Windows NT 6.3; Win64; x64) AppleWebKit/537.36 (KHTML, like Gecko) Chrome/62.0.3202.94 Safari/537.36",3,"[0.9, 0.5, 0.1]","[0.8, 0.4, 0.2]","[u'red', u'black', u'blue']","[u'left', u'middle', u'right']","[0.9, 0.5, 0.1]","[u'high', u'medium', u'low']",black,50,middle,medium,False,False,786,0,NA
A3P6BRCL0IC22S,Mon Dec 04 2017 06:23:27 GMT-0800 (Pacific Standard Time),Mon Dec 04 2017 06:47:10 GMT-0800 (Pacific Standard Time),"Mozilla/5.0 (Windows NT 6.3; Win64; x64) AppleWebKit/537.36 (KHTML, like Gecko) Chrome/62.0.3202.94 Safari/537.36",4,"[0.9, 0.5, 0.1]","[0.8, 0.4, 0.2]","[u'red', u'black', u'blue']","[u'left', u'middle', u'right']","[0.9, 0.5, 0.1]","[u'high', u'medium', u'low']",red,49,left,high,True,False,943,100,NA
A3P6BRCL0IC22S,Mon Dec 04 2017 06:23:27 GMT-0800 (Pacific Standard Time),Mon Dec 04 2017 06:47:10 GMT-0800 (Pacific Standard Time),"Mozilla/5.0 (Windows NT 6.3; Win64; x64) AppleWebKit/537.36 (KHTML, like Gecko) Chrome/62.0.3202.94 Safari/537.36",5,"[0.9, 0.5, 0.1]","[0.8, 0.4, 0.2]","[u'red', u'black', u'blue']","[u'left', u'middle', u'right']","[0.9, 0.5, 0.1]","[u'high', u'medium', u'low']",red,49,left,high,True,False,989,200,NA
A3P6BRCL0IC22S,Mon Dec 04 2017 06:23:27 GMT-0800 (Pacific Standard Time),Mon Dec 04 2017 06:47:10 GMT-0800 (Pacific Standard Time),"Mozilla/5.0 (Windows NT 6.3; Win64; x64) AppleWebKit/537.36 (KHTML, like Gecko) Chrome/62.0.3202.94 Safari/537.36",6,"[0.9, 0.5, 0.1]","[0.8, 0.4, 0.2]","[u'red', u'black', u'blue']","[u'left', u'middle', u'right']","[0.9, 0.5, 0.1]","[u'high', u'medium', u'low']",blue,51,right,low,False,False,985,150,NA
A3P6BRCL0IC22S,Mon Dec 04 2017 06:23:27 GMT-0800 (Pacific Standard Time),Mon Dec 04 2017 06:47:10 GMT-0800 (Pacific Standard Time),"Mozilla/5.0 (Windows NT 6.3; Win64; x64) AppleWebKit/537.36 (KHTML, like Gecko) Chrome/62.0.3202.94 Safari/537.36",7,"[0.9, 0.5, 0.1]","[0.8, 0.4, 0.2]","[u'red', u'black', u'blue']","[u'left', u'middle', u'right']","[0.9, 0.5, 0.1]","[u'high', u'medium', u'low']",black,50,middle,medium,False,False,662,100,NA
A3P6BRCL0IC22S,Mon Dec 04 2017 06:23:27 GMT-0800 (Pacific Standard Time),Mon Dec 04 2017 06:47:10 GMT-0800 (Pacific Standard Time),"Mozilla/5.0 (Windows NT 6.3; Win64; x64) AppleWebKit/537.36 (KHTML, like Gecko) Chrome/62.0.3202.94 Safari/537.36",8,"[0.9, 0.5, 0.1]","[0.8, 0.4, 0.2]","[u'red', u'black', u'blue']","[u'left', u'middle', u'right']","[0.9, 0.5, 0.1]","[u'high', u'medium', u'low']",red,49,left,high,True,False,305,200,NA
A3P6BRCL0IC22S,Mon Dec 04 2017 06:23:27 GMT-0800 (Pacific Standard Time),Mon Dec 04 2017 06:47:10 GMT-0800 (Pacific Standard Time),"Mozilla/5.0 (Windows NT 6.3; Win64; x64) AppleWebKit/537.36 (KHTML, like Gecko) Chrome/62.0.3202.94 Safari/537.36",9,"[0.9, 0.5, 0.1]","[0.8, 0.4, 0.2]","[u'red', u'black', u'blue']","[u'left', u'middle', u'right']","[0.9, 0.5, 0.1]","[u'high', u'medium', u'low']",blue,51,right,low,False,False,2032,150,NA
A3P6BRCL0IC22S,Mon Dec 04 2017 06:23:27 GMT-0800 (Pacific Standard Time),Mon Dec 04 2017 06:47:10 GMT-0800 (Pacific Standard Time),"Mozilla/5.0 (Windows NT 6.3; Win64; x64) AppleWebKit/537.36 (KHTML, like Gecko) Chrome/62.0.3202.94 Safari/537.36",10,"[0.9, 0.5, 0.1]","[0.8, 0.4, 0.2]","[u'red', u'black', u'blue']","[u'left', u'middle', u'right']","[0.9, 0.5, 0.1]","[u'high', u'medium', u'low']",red,49,left,high,False,False,865,100,NA
A3P6BRCL0IC22S,Mon Dec 04 2017 06:23:27 GMT-0800 (Pacific Standard Time),Mon Dec 04 2017 06:47:10 GMT-0800 (Pacific Standard Time),"Mozilla/5.0 (Windows NT 6.3; Win64; x64) AppleWebKit/537.36 (KHTML, like Gecko) Chrome/62.0.3202.94 Safari/537.36",11,"[0.9, 0.5, 0.1]","[0.8, 0.4, 0.2]","[u'red', u'black', u'blue']","[u'left', u'middle', u'right']","[0.9, 0.5, 0.1]","[u'high', u'medium', u'low']",black,50,middle,medium,True,False,656,200,NA
A3P6BRCL0IC22S,Mon Dec 04 2017 06:23:27 GMT-0800 (Pacific Standard Time),Mon Dec 04 2017 06:47:10 GMT-0800 (Pacific Standard Time),"Mozilla/5.0 (Windows NT 6.3; Win64; x64) AppleWebKit/537.36 (KHTML, like Gecko) Chrome/62.0.3202.94 Safari/537.36",12,"[0.9, 0.5, 0.1]","[0.8, 0.4, 0.2]","[u'red', u'black', u'blue']","[u'left', u'middle', u'right']","[0.9, 0.5, 0.1]","[u'high', u'medium', u'low']",blue,51,right,low,False,False,964,150,NA
A3P6BRCL0IC22S,Mon Dec 04 2017 06:23:27 GMT-0800 (Pacific Standard Time),Mon Dec 04 2017 06:47:10 GMT-0800 (Pacific Standard Time),"Mozilla/5.0 (Windows NT 6.3; Win64; x64) AppleWebKit/537.36 (KHTML, like Gecko) Chrome/62.0.3202.94 Safari/537.36",13,"[0.9, 0.5, 0.1]","[0.8, 0.4, 0.2]","[u'red', u'black', u'blue']","[u'left', u'middle', u'right']","[0.9, 0.5, 0.1]","[u'high', u'medium', u'low']",red,49,left,high,False,False,755,100,NA
A3P6BRCL0IC22S,Mon Dec 04 2017 06:23:27 GMT-0800 (Pacific Standard Time),Mon Dec 04 2017 06:47:10 GMT-0800 (Pacific Standard Time),"Mozilla/5.0 (Windows NT 6.3; Win64; x64) AppleWebKit/537.36 (KHTML, like Gecko) Chrome/62.0.3202.94 Safari/537.36",14,"[0.9, 0.5, 0.1]","[0.8, 0.4, 0.2]","[u'red', u'black', u'blue']","[u'left', u'middle', u'right']","[0.9, 0.5, 0.1]","[u'high', u'medium', u'low']",black,50,middle,medium,False,False,656,50,NA
A3P6BRCL0IC22S,Mon Dec 04 2017 06:23:27 GMT-0800 (Pacific Standard Time),Mon Dec 04 2017 06:47:10 GMT-0800 (Pacific Standard Time),"Mozilla/5.0 (Windows NT 6.3; Win64; x64) AppleWebKit/537.36 (KHTML, like Gecko) Chrome/62.0.3202.94 Safari/537.36",15,"[0.9, 0.5, 0.1]","[0.8, 0.4, 0.2]","[u'red', u'black', u'blue']","[u'left', u'middle', u'right']","[0.9, 0.5, 0.1]","[u'high', u'medium', u'low']",blue,51,right,low,False,False,633,0,NA
A3P6BRCL0IC22S,Mon Dec 04 2017 06:23:27 GMT-0800 (Pacific Standard Time),Mon Dec 04 2017 06:47:10 GMT-0800 (Pacific Standard Time),"Mozilla/5.0 (Windows NT 6.3; Win64; x64) AppleWebKit/537.36 (KHTML, like Gecko) Chrome/62.0.3202.94 Safari/537.36",16,"[0.9, 0.5, 0.1]","[0.8, 0.4, 0.2]","[u'red', u'black', u'blue']","[u'left', u'middle', u'right']","[0.9, 0.5, 0.1]","[u'high', u'medium', u'low']",red,49,left,high,False,False,332,-50,NA
A3P6BRCL0IC22S,Mon Dec 04 2017 06:23:27 GMT-0800 (Pacific Standard Time),Mon Dec 04 2017 06:47:10 GMT-0800 (Pacific Standard Time),"Mozilla/5.0 (Windows NT 6.3; Win64; x64) AppleWebKit/537.36 (KHTML, like Gecko) Chrome/62.0.3202.94 Safari/537.36",17,"[0.9, 0.5, 0.1]","[0.8, 0.4, 0.2]","[u'red', u'black', u'blue']","[u'left', u'middle', u'right']","[0.9, 0.5, 0.1]","[u'high', u'medium', u'low']",black,50,middle,medium,True,False,703,50,NA
A3P6BRCL0IC22S,Mon Dec 04 2017 06:23:27 GMT-0800 (Pacific Standard Time),Mon Dec 04 2017 06:47:10 GMT-0800 (Pacific Standard Time),"Mozilla/5.0 (Windows NT 6.3; Win64; x64) AppleWebKit/537.36 (KHTML, like Gecko) Chrome/62.0.3202.94 Safari/537.36",18,"[0.9, 0.5, 0.1]","[0.8, 0.4, 0.2]","[u'red', u'black', u'blue']","[u'left', u'middle', u'right']","[0.9, 0.5, 0.1]","[u'high', u'medium', u'low']",blue,51,right,low,False,False,879,0,NA
A3P6BRCL0IC22S,Mon Dec 04 2017 06:23:27 GMT-0800 (Pacific Standard Time),Mon Dec 04 2017 06:47:10 GMT-0800 (Pacific Standard Time),"Mozilla/5.0 (Windows NT 6.3; Win64; x64) AppleWebKit/537.36 (KHTML, like Gecko) Chrome/62.0.3202.94 Safari/537.36",19,"[0.9, 0.5, 0.1]","[0.8, 0.4, 0.2]","[u'red', u'black', u'blue']","[u'left', u'middle', u'right']","[0.9, 0.5, 0.1]","[u'high', u'medium', u'low']",red,49,left,high,True,False,625,100,NA
A3P6BRCL0IC22S,Mon Dec 04 2017 06:23:27 GMT-0800 (Pacific Standard Time),Mon Dec 04 2017 06:47:10 GMT-0800 (Pacific Standard Time),"Mozilla/5.0 (Windows NT 6.3; Win64; x64) AppleWebKit/537.36 (KHTML, like Gecko) Chrome/62.0.3202.94 Safari/537.36",20,"[0.9, 0.5, 0.1]","[0.8, 0.4, 0.2]","[u'red', u'black', u'blue']","[u'left', u'middle', u'right']","[0.9, 0.5, 0.1]","[u'high', u'medium', u'low']",blue,51,right,low,False,False,1250,50,NA
A3P6BRCL0IC22S,Mon Dec 04 2017 06:23:27 GMT-0800 (Pacific Standard Time),Mon Dec 04 2017 06:47:10 GMT-0800 (Pacific Standard Time),"Mozilla/5.0 (Windows NT 6.3; Win64; x64) AppleWebKit/537.36 (KHTML, like Gecko) Chrome/62.0.3202.94 Safari/537.36",21,"[0.9, 0.5, 0.1]","[0.8, 0.4, 0.2]","[u'red', u'black', u'blue']","[u'left', u'middle', u'right']","[0.9, 0.5, 0.1]","[u'high', u'medium', u'low']",black,50,middle,medium,True,False,671,150,NA
A3P6BRCL0IC22S,Mon Dec 04 2017 06:23:27 GMT-0800 (Pacific Standard Time),Mon Dec 04 2017 06:47:10 GMT-0800 (Pacific Standard Time),"Mozilla/5.0 (Windows NT 6.3; Win64; x64) AppleWebKit/537.36 (KHTML, like Gecko) Chrome/62.0.3202.94 Safari/537.36",22,"[0.9, 0.5, 0.1]","[0.8, 0.4, 0.2]","[u'red', u'black', u'blue']","[u'left', u'middle', u'right']","[0.9, 0.5, 0.1]","[u'high', u'medium', u'low']",blue,51,right,low,False,False,1079,100,NA
A3P6BRCL0IC22S,Mon Dec 04 2017 06:23:27 GMT-0800 (Pacific Standard Time),Mon Dec 04 2017 06:47:10 GMT-0800 (Pacific Standard Time),"Mozilla/5.0 (Windows NT 6.3; Win64; x64) AppleWebKit/537.36 (KHTML, like Gecko) Chrome/62.0.3202.94 Safari/537.36",23,"[0.9, 0.5, 0.1]","[0.8, 0.4, 0.2]","[u'red', u'black', u'blue']","[u'left', u'middle', u'right']","[0.9, 0.5, 0.1]","[u'high', u'medium', u'low']",red,49,left,high,True,False,750,200,NA
A3P6BRCL0IC22S,Mon Dec 04 2017 06:23:27 GMT-0800 (Pacific Standard Time),Mon Dec 04 2017 06:47:10 GMT-0800 (Pacific Standard Time),"Mozilla/5.0 (Windows NT 6.3; Win64; x64) AppleWebKit/537.36 (KHTML, like Gecko) Chrome/62.0.3202.94 Safari/537.36",24,"[0.9, 0.5, 0.1]","[0.8, 0.4, 0.2]","[u'red', u'black', u'blue']","[u'left', u'middle', u'right']","[0.9, 0.5, 0.1]","[u'high', u'medium', u'low']",black,50,middle,medium,True,False,1224,300,NA
A3P6BRCL0IC22S,Mon Dec 04 2017 06:23:27 GMT-0800 (Pacific Standard Time),Mon Dec 04 2017 06:47:10 GMT-0800 (Pacific Standard Time),"Mozilla/5.0 (Windows NT 6.3; Win64; x64) AppleWebKit/537.36 (KHTML, like Gecko) Chrome/62.0.3202.94 Safari/537.36",25,"[0.9, 0.5, 0.1]","[0.8, 0.4, 0.2]","[u'red', u'black', u'blue']","[u'left', u'middle', u'right']","[0.9, 0.5, 0.1]","[u'high', u'medium', u'low']",red,49,left,high,True,False,1154,400,NA
A3P6BRCL0IC22S,Mon Dec 04 2017 06:23:27 GMT-0800 (Pacific Standard Time),Mon Dec 04 2017 06:47:10 GMT-0800 (Pacific Standard Time),"Mozilla/5.0 (Windows NT 6.3; Win64; x64) AppleWebKit/537.36 (KHTML, like Gecko) Chrome/62.0.3202.94 Safari/537.36",26,"[0.9, 0.5, 0.1]","[0.8, 0.4, 0.2]","[u'red', u'black', u'blue']","[u'left', u'middle', u'right']","[0.9, 0.5, 0.1]","[u'high', u'medium', u'low']",blue,51,right,low,False,False,1234,350,NA
A3P6BRCL0IC22S,Mon Dec 04 2017 06:23:27 GMT-0800 (Pacific Standard Time),Mon Dec 04 2017 06:47:10 GMT-0800 (Pacific Standard Time),"Mozilla/5.0 (Windows NT 6.3; Win64; x64) AppleWebKit/537.36 (KHTML, like Gecko) Chrome/62.0.3202.94 Safari/537.36",27,"[0.9, 0.5, 0.1]","[0.8, 0.4, 0.2]","[u'red', u'black', u'blue']","[u'left', u'middle', u'right']","[0.9, 0.5, 0.1]","[u'high', u'medium', u'low']",black,50,middle,medium,True,False,781,450,NA
A3P6BRCL0IC22S,Mon Dec 04 2017 06:23:27 GMT-0800 (Pacific Standard Time),Mon Dec 04 2017 06:47:10 GMT-0800 (Pacific Standard Time),"Mozilla/5.0 (Windows NT 6.3; Win64; x64) AppleWebKit/537.36 (KHTML, like Gecko) Chrome/62.0.3202.94 Safari/537.36",28,"[0.9, 0.5, 0.1]","[0.8, 0.4, 0.2]","[u'red', u'black', u'blue']","[u'left', u'middle', u'right']","[0.9, 0.5, 0.1]","[u'high', u'medium', u'low']",red,49,left,high,True,False,856,550,NA
A3P6BRCL0IC22S,Mon Dec 04 2017 06:23:27 GMT-0800 (Pacific Standard Time),Mon Dec 04 2017 06:47:10 GMT-0800 (Pacific Standard Time),"Mozilla/5.0 (Windows NT 6.3; Win64; x64) AppleWebKit/537.36 (KHTML, like Gecko) Chrome/62.0.3202.94 Safari/537.36",29,"[0.9, 0.5, 0.1]","[0.8, 0.4, 0.2]","[u'red', u'black', u'blue']","[u'left', u'middle', u'right']","[0.9, 0.5, 0.1]","[u'high', u'medium', u'low']",blue,51,right,low,False,False,689,500,NA
A3P6BRCL0IC22S,Mon Dec 04 2017 06:23:27 GMT-0800 (Pacific Standard Time),Mon Dec 04 2017 06:47:10 GMT-0800 (Pacific Standard Time),"Mozilla/5.0 (Windows NT 6.3; Win64; x64) AppleWebKit/537.36 (KHTML, like Gecko) Chrome/62.0.3202.94 Safari/537.36",30,"[0.9, 0.5, 0.1]","[0.8, 0.4, 0.2]","[u'red', u'black', u'blue']","[u'left', u'middle', u'right']","[0.9, 0.5, 0.1]","[u'high', u'medium', u'low']",black,50,middle,medium,True,False,691,600,NA
A3P6BRCL0IC22S,Mon Dec 04 2017 06:23:27 GMT-0800 (Pacific Standard Time),Mon Dec 04 2017 06:47:10 GMT-0800 (Pacific Standard Time),"Mozilla/5.0 (Windows NT 6.3; Win64; x64) AppleWebKit/537.36 (KHTML, like Gecko) Chrome/62.0.3202.94 Safari/537.36",31,"[0.9, 0.5, 0.1]","[0.8, 0.4, 0.2]","[u'red', u'black', u'blue']","[u'left', u'middle', u'right']","[0.9, 0.5, 0.1]","[u'high', u'medium', u'low']",blue,51,right,low,False,False,1896,550,NA
A3P6BRCL0IC22S,Mon Dec 04 2017 06:23:27 GMT-0800 (Pacific Standard Time),Mon Dec 04 2017 06:47:10 GMT-0800 (Pacific Standard Time),"Mozilla/5.0 (Windows NT 6.3; Win64; x64) AppleWebKit/537.36 (KHTML, like Gecko) Chrome/62.0.3202.94 Safari/537.36",32,"[0.9, 0.5, 0.1]","[0.8, 0.4, 0.2]","[u'red', u'black', u'blue']","[u'left', u'middle', u'right']","[0.9, 0.5, 0.1]","[u'high', u'medium', u'low']",red,49,left,high,False,False,631,500,NA
A3P6BRCL0IC22S,Mon Dec 04 2017 06:23:27 GMT-0800 (Pacific Standard Time),Mon Dec 04 2017 06:47:10 GMT-0800 (Pacific Standard Time),"Mozilla/5.0 (Windows NT 6.3; Win64; x64) AppleWebKit/537.36 (KHTML, like Gecko) Chrome/62.0.3202.94 Safari/537.36",33,"[0.9, 0.5, 0.1]","[0.8, 0.4, 0.2]","[u'red', u'black', u'blue']","[u'left', u'middle', u'right']","[0.9, 0.5, 0.1]","[u'high', u'medium', u'low']",black,50,middle,medium,False,False,311,450,NA
A3P6BRCL0IC22S,Mon Dec 04 2017 06:23:27 GMT-0800 (Pacific Standard Time),Mon Dec 04 2017 06:47:10 GMT-0800 (Pacific Standard Time),"Mozilla/5.0 (Windows NT 6.3; Win64; x64) AppleWebKit/537.36 (KHTML, like Gecko) Chrome/62.0.3202.94 Safari/537.36",34,"[0.9, 0.5, 0.1]","[0.8, 0.4, 0.2]","[u'red', u'black', u'blue']","[u'left', u'middle', u'right']","[0.9, 0.5, 0.1]","[u'high', u'medium', u'low']",blue,51,right,low,False,False,810,400,NA
A3P6BRCL0IC22S,Mon Dec 04 2017 06:23:27 GMT-0800 (Pacific Standard Time),Mon Dec 04 2017 06:47:10 GMT-0800 (Pacific Standard Time),"Mozilla/5.0 (Windows NT 6.3; Win64; x64) AppleWebKit/537.36 (KHTML, like Gecko) Chrome/62.0.3202.94 Safari/537.36",35,"[0.9, 0.5, 0.1]","[0.8, 0.4, 0.2]","[u'red', u'black', u'blue']","[u'left', u'middle', u'right']","[0.9, 0.5, 0.1]","[u'high', u'medium', u'low']",red,49,left,high,True,False,767,500,NA
A3P6BRCL0IC22S,Mon Dec 04 2017 06:23:27 GMT-0800 (Pacific Standard Time),Mon Dec 04 2017 06:47:10 GMT-0800 (Pacific Standard Time),"Mozilla/5.0 (Windows NT 6.3; Win64; x64) AppleWebKit/537.36 (KHTML, like Gecko) Chrome/62.0.3202.94 Safari/537.36",36,"[0.9, 0.5, 0.1]","[0.8, 0.4, 0.2]","[u'red', u'black', u'blue']","[u'left', u'middle', u'right']","[0.9, 0.5, 0.1]","[u'high', u'medium', u'low']",black,50,middle,medium,True,False,656,600,NA
A3P6BRCL0IC22S,Mon Dec 04 2017 06:23:27 GMT-0800 (Pacific Standard Time),Mon Dec 04 2017 06:47:10 GMT-0800 (Pacific Standard Time),"Mozilla/5.0 (Windows NT 6.3; Win64; x64) AppleWebKit/537.36 (KHTML, like Gecko) Chrome/62.0.3202.94 Safari/537.36",37,"[0.9, 0.5, 0.1]","[0.8, 0.4, 0.2]","[u'red', u'black', u'blue']","[u'left', u'middle', u'right']","[0.9, 0.5, 0.1]","[u'high', u'medium', u'low']",blue,51,right,low,False,False,672,550,NA
A3P6BRCL0IC22S,Mon Dec 04 2017 06:23:27 GMT-0800 (Pacific Standard Time),Mon Dec 04 2017 06:47:10 GMT-0800 (Pacific Standard Time),"Mozilla/5.0 (Windows NT 6.3; Win64; x64) AppleWebKit/537.36 (KHTML, like Gecko) Chrome/62.0.3202.94 Safari/537.36",38,"[0.9, 0.5, 0.1]","[0.8, 0.4, 0.2]","[u'red', u'black', u'blue']","[u'left', u'middle', u'right']","[0.9, 0.5, 0.1]","[u'high', u'medium', u'low']",red,49,left,high,True,False,775,650,NA
A3P6BRCL0IC22S,Mon Dec 04 2017 06:23:27 GMT-0800 (Pacific Standard Time),Mon Dec 04 2017 06:47:10 GMT-0800 (Pacific Standard Time),"Mozilla/5.0 (Windows NT 6.3; Win64; x64) AppleWebKit/537.36 (KHTML, like Gecko) Chrome/62.0.3202.94 Safari/537.36",39,"[0.9, 0.5, 0.1]","[0.8, 0.4, 0.2]","[u'red', u'black', u'blue']","[u'left', u'middle', u'right']","[0.9, 0.5, 0.1]","[u'high', u'medium', u'low']",blue,51,right,low,False,False,710,600,NA
A3P6BRCL0IC22S,Mon Dec 04 2017 06:23:27 GMT-0800 (Pacific Standard Time),Mon Dec 04 2017 06:47:10 GMT-0800 (Pacific Standard Time),"Mozilla/5.0 (Windows NT 6.3; Win64; x64) AppleWebKit/537.36 (KHTML, like Gecko) Chrome/62.0.3202.94 Safari/537.36",40,"[0.9, 0.5, 0.1]","[0.8, 0.4, 0.2]","[u'red', u'black', u'blue']","[u'left', u'middle', u'right']","[0.9, 0.5, 0.1]","[u'high', u'medium', u'low']",black,50,middle,medium,True,False,171,700,NA
A3P6BRCL0IC22S,Mon Dec 04 2017 06:23:27 GMT-0800 (Pacific Standard Time),Mon Dec 04 2017 06:47:10 GMT-0800 (Pacific Standard Time),"Mozilla/5.0 (Windows NT 6.3; Win64; x64) AppleWebKit/537.36 (KHTML, like Gecko) Chrome/62.0.3202.94 Safari/537.36",41,"[0.9, 0.5, 0.1]","[0.8, 0.4, 0.2]","[u'red', u'black', u'blue']","[u'left', u'middle', u'right']","[0.9, 0.5, 0.1]","[u'medium', u'high', u'low']",blue,51,right,low,True,False,1093,800,NA
A3P6BRCL0IC22S,Mon Dec 04 2017 06:23:27 GMT-0800 (Pacific Standard Time),Mon Dec 04 2017 06:47:10 GMT-0800 (Pacific Standard Time),"Mozilla/5.0 (Windows NT 6.3; Win64; x64) AppleWebKit/537.36 (KHTML, like Gecko) Chrome/62.0.3202.94 Safari/537.36",42,"[0.9, 0.5, 0.1]","[0.8, 0.4, 0.2]","[u'red', u'black', u'blue']","[u'left', u'middle', u'right']","[0.9, 0.5, 0.1]","[u'medium', u'high', u'low']",red,49,left,medium,False,False,653,750,NA
A3P6BRCL0IC22S,Mon Dec 04 2017 06:23:27 GMT-0800 (Pacific Standard Time),Mon Dec 04 2017 06:47:10 GMT-0800 (Pacific Standard Time),"Mozilla/5.0 (Windows NT 6.3; Win64; x64) AppleWebKit/537.36 (KHTML, like Gecko) Chrome/62.0.3202.94 Safari/537.36",43,"[0.9, 0.5, 0.1]","[0.8, 0.4, 0.2]","[u'red', u'black', u'blue']","[u'left', u'middle', u'right']","[0.9, 0.5, 0.1]","[u'medium', u'high', u'low']",black,50,middle,high,True,False,626,850,NA
A3P6BRCL0IC22S,Mon Dec 04 2017 06:23:27 GMT-0800 (Pacific Standard Time),Mon Dec 04 2017 06:47:10 GMT-0800 (Pacific Standard Time),"Mozilla/5.0 (Windows NT 6.3; Win64; x64) AppleWebKit/537.36 (KHTML, like Gecko) Chrome/62.0.3202.94 Safari/537.36",44,"[0.9, 0.5, 0.1]","[0.8, 0.4, 0.2]","[u'red', u'black', u'blue']","[u'left', u'middle', u'right']","[0.9, 0.5, 0.1]","[u'medium', u'high', u'low']",blue,51,right,low,False,False,219713,800,NA
A3P6BRCL0IC22S,Mon Dec 04 2017 06:23:27 GMT-0800 (Pacific Standard Time),Mon Dec 04 2017 06:47:10 GMT-0800 (Pacific Standard Time),"Mozilla/5.0 (Windows NT 6.3; Win64; x64) AppleWebKit/537.36 (KHTML, like Gecko) Chrome/62.0.3202.94 Safari/537.36",45,"[0.9, 0.5, 0.1]","[0.8, 0.4, 0.2]","[u'red', u'black', u'blue']","[u'left', u'middle', u'right']","[0.9, 0.5, 0.1]","[u'medium', u'high', u'low']",red,49,left,medium,True,False,512,900,NA
A3P6BRCL0IC22S,Mon Dec 04 2017 06:23:27 GMT-0800 (Pacific Standard Time),Mon Dec 04 2017 06:47:10 GMT-0800 (Pacific Standard Time),"Mozilla/5.0 (Windows NT 6.3; Win64; x64) AppleWebKit/537.36 (KHTML, like Gecko) Chrome/62.0.3202.94 Safari/537.36",46,"[0.9, 0.5, 0.1]","[0.8, 0.4, 0.2]","[u'red', u'black', u'blue']","[u'left', u'middle', u'right']","[0.9, 0.5, 0.1]","[u'medium', u'high', u'low']",blue,51,right,low,False,False,677,850,NA
A3P6BRCL0IC22S,Mon Dec 04 2017 06:23:27 GMT-0800 (Pacific Standard Time),Mon Dec 04 2017 06:47:10 GMT-0800 (Pacific Standard Time),"Mozilla/5.0 (Windows NT 6.3; Win64; x64) AppleWebKit/537.36 (KHTML, like Gecko) Chrome/62.0.3202.94 Safari/537.36",47,"[0.9, 0.5, 0.1]","[0.8, 0.4, 0.2]","[u'red', u'black', u'blue']","[u'left', u'middle', u'right']","[0.9, 0.5, 0.1]","[u'medium', u'high', u'low']",black,50,middle,high,True,False,438,950,NA
A3P6BRCL0IC22S,Mon Dec 04 2017 06:23:27 GMT-0800 (Pacific Standard Time),Mon Dec 04 2017 06:47:10 GMT-0800 (Pacific Standard Time),"Mozilla/5.0 (Windows NT 6.3; Win64; x64) AppleWebKit/537.36 (KHTML, like Gecko) Chrome/62.0.3202.94 Safari/537.36",48,"[0.9, 0.5, 0.1]","[0.8, 0.4, 0.2]","[u'red', u'black', u'blue']","[u'left', u'middle', u'right']","[0.9, 0.5, 0.1]","[u'medium', u'high', u'low']",red,49,left,medium,False,False,764,900,NA
A3P6BRCL0IC22S,Mon Dec 04 2017 06:23:27 GMT-0800 (Pacific Standard Time),Mon Dec 04 2017 06:47:10 GMT-0800 (Pacific Standard Time),"Mozilla/5.0 (Windows NT 6.3; Win64; x64) AppleWebKit/537.36 (KHTML, like Gecko) Chrome/62.0.3202.94 Safari/537.36",49,"[0.9, 0.5, 0.1]","[0.8, 0.4, 0.2]","[u'red', u'black', u'blue']","[u'left', u'middle', u'right']","[0.9, 0.5, 0.1]","[u'medium', u'high', u'low']",blue,51,right,low,False,False,694,850,NA
A3P6BRCL0IC22S,Mon Dec 04 2017 06:23:27 GMT-0800 (Pacific Standard Time),Mon Dec 04 2017 06:47:10 GMT-0800 (Pacific Standard Time),"Mozilla/5.0 (Windows NT 6.3; Win64; x64) AppleWebKit/537.36 (KHTML, like Gecko) Chrome/62.0.3202.94 Safari/537.36",50,"[0.9, 0.5, 0.1]","[0.8, 0.4, 0.2]","[u'red', u'black', u'blue']","[u'left', u'middle', u'right']","[0.9, 0.5, 0.1]","[u'medium', u'high', u'low']",black,50,middle,high,True,False,625,950,NA
A3P6BRCL0IC22S,Mon Dec 04 2017 06:23:27 GMT-0800 (Pacific Standard Time),Mon Dec 04 2017 06:47:10 GMT-0800 (Pacific Standard Time),"Mozilla/5.0 (Windows NT 6.3; Win64; x64) AppleWebKit/537.36 (KHTML, like Gecko) Chrome/62.0.3202.94 Safari/537.36",51,"[0.9, 0.5, 0.1]","[0.8, 0.4, 0.2]","[u'red', u'black', u'blue']","[u'left', u'middle', u'right']","[0.9, 0.5, 0.1]","[u'medium', u'high', u'low']",red,49,left,medium,False,False,892,900,NA
A3P6BRCL0IC22S,Mon Dec 04 2017 06:23:27 GMT-0800 (Pacific Standard Time),Mon Dec 04 2017 06:47:10 GMT-0800 (Pacific Standard Time),"Mozilla/5.0 (Windows NT 6.3; Win64; x64) AppleWebKit/537.36 (KHTML, like Gecko) Chrome/62.0.3202.94 Safari/537.36",52,"[0.9, 0.5, 0.1]","[0.8, 0.4, 0.2]","[u'red', u'black', u'blue']","[u'left', u'middle', u'right']","[0.9, 0.5, 0.1]","[u'medium', u'high', u'low']",red,49,left,medium,False,False,1935,850,NA
A3P6BRCL0IC22S,Mon Dec 04 2017 06:23:27 GMT-0800 (Pacific Standard Time),Mon Dec 04 2017 06:47:10 GMT-0800 (Pacific Standard Time),"Mozilla/5.0 (Windows NT 6.3; Win64; x64) AppleWebKit/537.36 (KHTML, like Gecko) Chrome/62.0.3202.94 Safari/537.36",53,"[0.9, 0.5, 0.1]","[0.8, 0.4, 0.2]","[u'red', u'black', u'blue']","[u'left', u'middle', u'right']","[0.9, 0.5, 0.1]","[u'medium', u'high', u'low']",blue,51,right,low,False,False,1040,800,NA
A3P6BRCL0IC22S,Mon Dec 04 2017 06:23:27 GMT-0800 (Pacific Standard Time),Mon Dec 04 2017 06:47:10 GMT-0800 (Pacific Standard Time),"Mozilla/5.0 (Windows NT 6.3; Win64; x64) AppleWebKit/537.36 (KHTML, like Gecko) Chrome/62.0.3202.94 Safari/537.36",54,"[0.9, 0.5, 0.1]","[0.8, 0.4, 0.2]","[u'red', u'black', u'blue']","[u'left', u'middle', u'right']","[0.9, 0.5, 0.1]","[u'medium', u'high', u'low']",red,49,left,medium,True,False,645,900,NA
A3P6BRCL0IC22S,Mon Dec 04 2017 06:23:27 GMT-0800 (Pacific Standard Time),Mon Dec 04 2017 06:47:10 GMT-0800 (Pacific Standard Time),"Mozilla/5.0 (Windows NT 6.3; Win64; x64) AppleWebKit/537.36 (KHTML, like Gecko) Chrome/62.0.3202.94 Safari/537.36",55,"[0.9, 0.5, 0.1]","[0.8, 0.4, 0.2]","[u'red', u'black', u'blue']","[u'left', u'middle', u'right']","[0.9, 0.5, 0.1]","[u'medium', u'high', u'low']",black,50,middle,high,True,False,568,1000,NA
A3P6BRCL0IC22S,Mon Dec 04 2017 06:23:27 GMT-0800 (Pacific Standard Time),Mon Dec 04 2017 06:47:10 GMT-0800 (Pacific Standard Time),"Mozilla/5.0 (Windows NT 6.3; Win64; x64) AppleWebKit/537.36 (KHTML, like Gecko) Chrome/62.0.3202.94 Safari/537.36",56,"[0.9, 0.5, 0.1]","[0.8, 0.4, 0.2]","[u'red', u'black', u'blue']","[u'left', u'middle', u'right']","[0.9, 0.5, 0.1]","[u'medium', u'high', u'low']",blue,51,right,low,False,False,990,950,NA
A3P6BRCL0IC22S,Mon Dec 04 2017 06:23:27 GMT-0800 (Pacific Standard Time),Mon Dec 04 2017 06:47:10 GMT-0800 (Pacific Standard Time),"Mozilla/5.0 (Windows NT 6.3; Win64; x64) AppleWebKit/537.36 (KHTML, like Gecko) Chrome/62.0.3202.94 Safari/537.36",57,"[0.9, 0.5, 0.1]","[0.8, 0.4, 0.2]","[u'red', u'black', u'blue']","[u'left', u'middle', u'right']","[0.9, 0.5, 0.1]","[u'medium', u'high', u'low']",red,49,left,medium,True,False,852,1050,NA
A3P6BRCL0IC22S,Mon Dec 04 2017 06:23:27 GMT-0800 (Pacific Standard Time),Mon Dec 04 2017 06:47:10 GMT-0800 (Pacific Standard Time),"Mozilla/5.0 (Windows NT 6.3; Win64; x64) AppleWebKit/537.36 (KHTML, like Gecko) Chrome/62.0.3202.94 Safari/537.36",58,"[0.9, 0.5, 0.1]","[0.8, 0.4, 0.2]","[u'red', u'black', u'blue']","[u'left', u'middle', u'right']","[0.9, 0.5, 0.1]","[u'medium', u'high', u'low']",black,50,middle,high,True,False,658,1150,NA
A3P6BRCL0IC22S,Mon Dec 04 2017 06:23:27 GMT-0800 (Pacific Standard Time),Mon Dec 04 2017 06:47:10 GMT-0800 (Pacific Standard Time),"Mozilla/5.0 (Windows NT 6.3; Win64; x64) AppleWebKit/537.36 (KHTML, like Gecko) Chrome/62.0.3202.94 Safari/537.36",59,"[0.9, 0.5, 0.1]","[0.8, 0.4, 0.2]","[u'red', u'black', u'blue']","[u'left', u'middle', u'right']","[0.9, 0.5, 0.1]","[u'medium', u'high', u'low']",red,49,left,medium,False,False,2005,1100,NA
A3P6BRCL0IC22S,Mon Dec 04 2017 06:23:27 GMT-0800 (Pacific Standard Time),Mon Dec 04 2017 06:47:10 GMT-0800 (Pacific Standard Time),"Mozilla/5.0 (Windows NT 6.3; Win64; x64) AppleWebKit/537.36 (KHTML, like Gecko) Chrome/62.0.3202.94 Safari/537.36",60,"[0.9, 0.5, 0.1]","[0.8, 0.4, 0.2]","[u'red', u'black', u'blue']","[u'left', u'middle', u'right']","[0.9, 0.5, 0.1]","[u'medium', u'high', u'low']",black,50,middle,high,True,False,969,1200,NA
A3P6BRCL0IC22S,Mon Dec 04 2017 06:23:27 GMT-0800 (Pacific Standard Time),Mon Dec 04 2017 06:47:10 GMT-0800 (Pacific Standard Time),"Mozilla/5.0 (Windows NT 6.3; Win64; x64) AppleWebKit/537.36 (KHTML, like Gecko) Chrome/62.0.3202.94 Safari/537.36",61,"[0.9, 0.5, 0.1]","[0.8, 0.4, 0.2]","[u'red', u'black', u'blue']","[u'left', u'middle', u'right']","[0.9, 0.5, 0.1]","[u'medium', u'high', u'low']",black,50,middle,high,True,False,14062,1300,NA
A3P6BRCL0IC22S,Mon Dec 04 2017 06:23:27 GMT-0800 (Pacific Standard Time),Mon Dec 04 2017 06:47:10 GMT-0800 (Pacific Standard Time),"Mozilla/5.0 (Windows NT 6.3; Win64; x64) AppleWebKit/537.36 (KHTML, like Gecko) Chrome/62.0.3202.94 Safari/537.36",62,"[0.9, 0.5, 0.1]","[0.8, 0.4, 0.2]","[u'red', u'black', u'blue']","[u'left', u'middle', u'right']","[0.9, 0.5, 0.1]","[u'medium', u'high', u'low']",red,49,left,medium,True,False,671,1400,NA
A3P6BRCL0IC22S,Mon Dec 04 2017 06:23:27 GMT-0800 (Pacific Standard Time),Mon Dec 04 2017 06:47:10 GMT-0800 (Pacific Standard Time),"Mozilla/5.0 (Windows NT 6.3; Win64; x64) AppleWebKit/537.36 (KHTML, like Gecko) Chrome/62.0.3202.94 Safari/537.36",63,"[0.9, 0.5, 0.1]","[0.8, 0.4, 0.2]","[u'red', u'black', u'blue']","[u'left', u'middle', u'right']","[0.9, 0.5, 0.1]","[u'medium', u'high', u'low']",black,50,middle,high,True,False,798,1500,NA
A3P6BRCL0IC22S,Mon Dec 04 2017 06:23:27 GMT-0800 (Pacific Standard Time),Mon Dec 04 2017 06:47:10 GMT-0800 (Pacific Standard Time),"Mozilla/5.0 (Windows NT 6.3; Win64; x64) AppleWebKit/537.36 (KHTML, like Gecko) Chrome/62.0.3202.94 Safari/537.36",64,"[0.9, 0.5, 0.1]","[0.8, 0.4, 0.2]","[u'red', u'black', u'blue']","[u'left', u'middle', u'right']","[0.9, 0.5, 0.1]","[u'medium', u'high', u'low']",red,49,left,medium,True,False,738,1600,NA
A3P6BRCL0IC22S,Mon Dec 04 2017 06:23:27 GMT-0800 (Pacific Standard Time),Mon Dec 04 2017 06:47:10 GMT-0800 (Pacific Standard Time),"Mozilla/5.0 (Windows NT 6.3; Win64; x64) AppleWebKit/537.36 (KHTML, like Gecko) Chrome/62.0.3202.94 Safari/537.36",65,"[0.9, 0.5, 0.1]","[0.8, 0.4, 0.2]","[u'red', u'black', u'blue']","[u'left', u'middle', u'right']","[0.9, 0.5, 0.1]","[u'medium', u'high', u'low']",black,50,middle,high,True,False,664,1700,NA
A3P6BRCL0IC22S,Mon Dec 04 2017 06:23:27 GMT-0800 (Pacific Standard Time),Mon Dec 04 2017 06:47:10 GMT-0800 (Pacific Standard Time),"Mozilla/5.0 (Windows NT 6.3; Win64; x64) AppleWebKit/537.36 (KHTML, like Gecko) Chrome/62.0.3202.94 Safari/537.36",66,"[0.9, 0.5, 0.1]","[0.8, 0.4, 0.2]","[u'red', u'black', u'blue']","[u'left', u'middle', u'right']","[0.9, 0.5, 0.1]","[u'medium', u'high', u'low']",red,49,left,medium,False,False,657,1650,NA
A3P6BRCL0IC22S,Mon Dec 04 2017 06:23:27 GMT-0800 (Pacific Standard Time),Mon Dec 04 2017 06:47:10 GMT-0800 (Pacific Standard Time),"Mozilla/5.0 (Windows NT 6.3; Win64; x64) AppleWebKit/537.36 (KHTML, like Gecko) Chrome/62.0.3202.94 Safari/537.36",67,"[0.9, 0.5, 0.1]","[0.8, 0.4, 0.2]","[u'red', u'black', u'blue']","[u'left', u'middle', u'right']","[0.9, 0.5, 0.1]","[u'medium', u'high', u'low']",blue,51,right,low,False,False,673,1600,NA
A3P6BRCL0IC22S,Mon Dec 04 2017 06:23:27 GMT-0800 (Pacific Standard Time),Mon Dec 04 2017 06:47:10 GMT-0800 (Pacific Standard Time),"Mozilla/5.0 (Windows NT 6.3; Win64; x64) AppleWebKit/537.36 (KHTML, like Gecko) Chrome/62.0.3202.94 Safari/537.36",68,"[0.9, 0.5, 0.1]","[0.8, 0.4, 0.2]","[u'red', u'black', u'blue']","[u'left', u'middle', u'right']","[0.9, 0.5, 0.1]","[u'medium', u'high', u'low']",black,50,middle,high,True,False,224,1700,NA
A3P6BRCL0IC22S,Mon Dec 04 2017 06:23:27 GMT-0800 (Pacific Standard Time),Mon Dec 04 2017 06:47:10 GMT-0800 (Pacific Standard Time),"Mozilla/5.0 (Windows NT 6.3; Win64; x64) AppleWebKit/537.36 (KHTML, like Gecko) Chrome/62.0.3202.94 Safari/537.36",69,"[0.9, 0.5, 0.1]","[0.8, 0.4, 0.2]","[u'red', u'black', u'blue']","[u'left', u'middle', u'right']","[0.9, 0.5, 0.1]","[u'medium', u'high', u'low']",red,49,left,medium,True,False,217,1800,NA
A3P6BRCL0IC22S,Mon Dec 04 2017 06:23:27 GMT-0800 (Pacific Standard Time),Mon Dec 04 2017 06:47:10 GMT-0800 (Pacific Standard Time),"Mozilla/5.0 (Windows NT 6.3; Win64; x64) AppleWebKit/537.36 (KHTML, like Gecko) Chrome/62.0.3202.94 Safari/537.36",70,"[0.9, 0.5, 0.1]","[0.8, 0.4, 0.2]","[u'red', u'black', u'blue']","[u'left', u'middle', u'right']","[0.9, 0.5, 0.1]","[u'medium', u'high', u'low']",black,50,middle,high,True,False,594,1900,NA
A3P6BRCL0IC22S,Mon Dec 04 2017 06:23:27 GMT-0800 (Pacific Standard Time),Mon Dec 04 2017 06:47:10 GMT-0800 (Pacific Standard Time),"Mozilla/5.0 (Windows NT 6.3; Win64; x64) AppleWebKit/537.36 (KHTML, like Gecko) Chrome/62.0.3202.94 Safari/537.36",71,"[0.9, 0.5, 0.1]","[0.8, 0.4, 0.2]","[u'red', u'black', u'blue']","[u'left', u'middle', u'right']","[0.9, 0.5, 0.1]","[u'medium', u'high', u'low']",red,49,left,medium,False,False,657,1850,NA
A3P6BRCL0IC22S,Mon Dec 04 2017 06:23:27 GMT-0800 (Pacific Standard Time),Mon Dec 04 2017 06:47:10 GMT-0800 (Pacific Standard Time),"Mozilla/5.0 (Windows NT 6.3; Win64; x64) AppleWebKit/537.36 (KHTML, like Gecko) Chrome/62.0.3202.94 Safari/537.36",72,"[0.9, 0.5, 0.1]","[0.8, 0.4, 0.2]","[u'red', u'black', u'blue']","[u'left', u'middle', u'right']","[0.9, 0.5, 0.1]","[u'medium', u'high', u'low']",black,50,middle,high,True,False,637,1950,NA
A3P6BRCL0IC22S,Mon Dec 04 2017 06:23:27 GMT-0800 (Pacific Standard Time),Mon Dec 04 2017 06:47:10 GMT-0800 (Pacific Standard Time),"Mozilla/5.0 (Windows NT 6.3; Win64; x64) AppleWebKit/537.36 (KHTML, like Gecko) Chrome/62.0.3202.94 Safari/537.36",73,"[0.9, 0.5, 0.1]","[0.8, 0.4, 0.2]","[u'red', u'black', u'blue']","[u'left', u'middle', u'right']","[0.9, 0.5, 0.1]","[u'medium', u'high', u'low']",red,49,left,medium,True,False,689,2050,NA
A3P6BRCL0IC22S,Mon Dec 04 2017 06:23:27 GMT-0800 (Pacific Standard Time),Mon Dec 04 2017 06:47:10 GMT-0800 (Pacific Standard Time),"Mozilla/5.0 (Windows NT 6.3; Win64; x64) AppleWebKit/537.36 (KHTML, like Gecko) Chrome/62.0.3202.94 Safari/537.36",74,"[0.9, 0.5, 0.1]","[0.8, 0.4, 0.2]","[u'red', u'black', u'blue']","[u'left', u'middle', u'right']","[0.9, 0.5, 0.1]","[u'medium', u'high', u'low']",black,50,middle,high,True,False,689,2150,NA
A3P6BRCL0IC22S,Mon Dec 04 2017 06:23:27 GMT-0800 (Pacific Standard Time),Mon Dec 04 2017 06:47:10 GMT-0800 (Pacific Standard Time),"Mozilla/5.0 (Windows NT 6.3; Win64; x64) AppleWebKit/537.36 (KHTML, like Gecko) Chrome/62.0.3202.94 Safari/537.36",75,"[0.9, 0.5, 0.1]","[0.8, 0.4, 0.2]","[u'red', u'black', u'blue']","[u'left', u'middle', u'right']","[0.9, 0.5, 0.1]","[u'medium', u'high', u'low']",red,49,left,medium,False,False,688,2100,NA
A3P6BRCL0IC22S,Mon Dec 04 2017 06:23:27 GMT-0800 (Pacific Standard Time),Mon Dec 04 2017 06:47:10 GMT-0800 (Pacific Standard Time),"Mozilla/5.0 (Windows NT 6.3; Win64; x64) AppleWebKit/537.36 (KHTML, like Gecko) Chrome/62.0.3202.94 Safari/537.36",76,"[0.9, 0.5, 0.1]","[0.8, 0.4, 0.2]","[u'red', u'black', u'blue']","[u'left', u'middle', u'right']","[0.9, 0.5, 0.1]","[u'medium', u'high', u'low']",black,50,middle,high,True,False,671,2200,NA
A3P6BRCL0IC22S,Mon Dec 04 2017 06:23:27 GMT-0800 (Pacific Standard Time),Mon Dec 04 2017 06:47:10 GMT-0800 (Pacific Standard Time),"Mozilla/5.0 (Windows NT 6.3; Win64; x64) AppleWebKit/537.36 (KHTML, like Gecko) Chrome/62.0.3202.94 Safari/537.36",77,"[0.9, 0.5, 0.1]","[0.8, 0.4, 0.2]","[u'red', u'black', u'blue']","[u'left', u'middle', u'right']","[0.9, 0.5, 0.1]","[u'medium', u'high', u'low']",red,49,left,medium,False,False,622,2150,NA
A3P6BRCL0IC22S,Mon Dec 04 2017 06:23:27 GMT-0800 (Pacific Standard Time),Mon Dec 04 2017 06:47:10 GMT-0800 (Pacific Standard Time),"Mozilla/5.0 (Windows NT 6.3; Win64; x64) AppleWebKit/537.36 (KHTML, like Gecko) Chrome/62.0.3202.94 Safari/537.36",78,"[0.9, 0.5, 0.1]","[0.8, 0.4, 0.2]","[u'red', u'black', u'blue']","[u'left', u'middle', u'right']","[0.9, 0.5, 0.1]","[u'medium', u'high', u'low']",blue,51,right,low,False,False,670,2100,NA
A3P6BRCL0IC22S,Mon Dec 04 2017 06:23:27 GMT-0800 (Pacific Standard Time),Mon Dec 04 2017 06:47:10 GMT-0800 (Pacific Standard Time),"Mozilla/5.0 (Windows NT 6.3; Win64; x64) AppleWebKit/537.36 (KHTML, like Gecko) Chrome/62.0.3202.94 Safari/537.36",79,"[0.9, 0.5, 0.1]","[0.8, 0.4, 0.2]","[u'red', u'black', u'blue']","[u'left', u'middle', u'right']","[0.9, 0.5, 0.1]","[u'medium', u'high', u'low']",black,50,middle,high,True,False,584,2200,NA
A3P6BRCL0IC22S,Mon Dec 04 2017 06:23:27 GMT-0800 (Pacific Standard Time),Mon Dec 04 2017 06:47:10 GMT-0800 (Pacific Standard Time),"Mozilla/5.0 (Windows NT 6.3; Win64; x64) AppleWebKit/537.36 (KHTML, like Gecko) Chrome/62.0.3202.94 Safari/537.36",80,"[0.9, 0.5, 0.1]","[0.8, 0.4, 0.2]","[u'red', u'black', u'blue']","[u'left', u'middle', u'right']","[0.9, 0.5, 0.1]","[u'medium', u'high', u'low']",blue,51,right,low,False,False,766,2150,NA
A3P6BRCL0IC22S,Mon Dec 04 2017 06:23:27 GMT-0800 (Pacific Standard Time),Mon Dec 04 2017 06:47:10 GMT-0800 (Pacific Standard Time),"Mozilla/5.0 (Windows NT 6.3; Win64; x64) AppleWebKit/537.36 (KHTML, like Gecko) Chrome/62.0.3202.94 Safari/537.36",81,"[0.9, 0.5, 0.1]","[0.8, 0.4, 0.2]","[u'red', u'black', u'blue']","[u'left', u'middle', u'right']","[0.8, 0.4, 0.2]","[u'high', u'low', u'medium']",black,50,middle,low,True,False,906,2250,NA
A3P6BRCL0IC22S,Mon Dec 04 2017 06:23:27 GMT-0800 (Pacific Standard Time),Mon Dec 04 2017 06:47:10 GMT-0800 (Pacific Standard Time),"Mozilla/5.0 (Windows NT 6.3; Win64; x64) AppleWebKit/537.36 (KHTML, like Gecko) Chrome/62.0.3202.94 Safari/537.36",82,"[0.9, 0.5, 0.1]","[0.8, 0.4, 0.2]","[u'red', u'black', u'blue']","[u'left', u'middle', u'right']","[0.8, 0.4, 0.2]","[u'high', u'low', u'medium']",red,49,left,high,True,False,496,2350,NA
A3P6BRCL0IC22S,Mon Dec 04 2017 06:23:27 GMT-0800 (Pacific Standard Time),Mon Dec 04 2017 06:47:10 GMT-0800 (Pacific Standard Time),"Mozilla/5.0 (Windows NT 6.3; Win64; x64) AppleWebKit/537.36 (KHTML, like Gecko) Chrome/62.0.3202.94 Safari/537.36",83,"[0.9, 0.5, 0.1]","[0.8, 0.4, 0.2]","[u'red', u'black', u'blue']","[u'left', u'middle', u'right']","[0.8, 0.4, 0.2]","[u'high', u'low', u'medium']",black,50,middle,low,False,False,625,2300,NA
A3P6BRCL0IC22S,Mon Dec 04 2017 06:23:27 GMT-0800 (Pacific Standard Time),Mon Dec 04 2017 06:47:10 GMT-0800 (Pacific Standard Time),"Mozilla/5.0 (Windows NT 6.3; Win64; x64) AppleWebKit/537.36 (KHTML, like Gecko) Chrome/62.0.3202.94 Safari/537.36",84,"[0.9, 0.5, 0.1]","[0.8, 0.4, 0.2]","[u'red', u'black', u'blue']","[u'left', u'middle', u'right']","[0.8, 0.4, 0.2]","[u'high', u'low', u'medium']",blue,51,right,medium,False,False,650,2250,NA
A3P6BRCL0IC22S,Mon Dec 04 2017 06:23:27 GMT-0800 (Pacific Standard Time),Mon Dec 04 2017 06:47:10 GMT-0800 (Pacific Standard Time),"Mozilla/5.0 (Windows NT 6.3; Win64; x64) AppleWebKit/537.36 (KHTML, like Gecko) Chrome/62.0.3202.94 Safari/537.36",85,"[0.9, 0.5, 0.1]","[0.8, 0.4, 0.2]","[u'red', u'black', u'blue']","[u'left', u'middle', u'right']","[0.8, 0.4, 0.2]","[u'high', u'low', u'medium']",blue,51,right,medium,True,False,616,2350,NA
A3P6BRCL0IC22S,Mon Dec 04 2017 06:23:27 GMT-0800 (Pacific Standard Time),Mon Dec 04 2017 06:47:10 GMT-0800 (Pacific Standard Time),"Mozilla/5.0 (Windows NT 6.3; Win64; x64) AppleWebKit/537.36 (KHTML, like Gecko) Chrome/62.0.3202.94 Safari/537.36",86,"[0.9, 0.5, 0.1]","[0.8, 0.4, 0.2]","[u'red', u'black', u'blue']","[u'left', u'middle', u'right']","[0.8, 0.4, 0.2]","[u'high', u'low', u'medium']",red,49,left,high,True,False,688,2450,NA
A3P6BRCL0IC22S,Mon Dec 04 2017 06:23:27 GMT-0800 (Pacific Standard Time),Mon Dec 04 2017 06:47:10 GMT-0800 (Pacific Standard Time),"Mozilla/5.0 (Windows NT 6.3; Win64; x64) AppleWebKit/537.36 (KHTML, like Gecko) Chrome/62.0.3202.94 Safari/537.36",87,"[0.9, 0.5, 0.1]","[0.8, 0.4, 0.2]","[u'red', u'black', u'blue']","[u'left', u'middle', u'right']","[0.8, 0.4, 0.2]","[u'high', u'low', u'medium']",black,50,middle,low,True,False,630,2550,NA
A3P6BRCL0IC22S,Mon Dec 04 2017 06:23:27 GMT-0800 (Pacific Standard Time),Mon Dec 04 2017 06:47:10 GMT-0800 (Pacific Standard Time),"Mozilla/5.0 (Windows NT 6.3; Win64; x64) AppleWebKit/537.36 (KHTML, like Gecko) Chrome/62.0.3202.94 Safari/537.36",88,"[0.9, 0.5, 0.1]","[0.8, 0.4, 0.2]","[u'red', u'black', u'blue']","[u'left', u'middle', u'right']","[0.8, 0.4, 0.2]","[u'high', u'low', u'medium']",blue,51,right,medium,False,False,630,2500,NA
A3P6BRCL0IC22S,Mon Dec 04 2017 06:23:27 GMT-0800 (Pacific Standard Time),Mon Dec 04 2017 06:47:10 GMT-0800 (Pacific Standard Time),"Mozilla/5.0 (Windows NT 6.3; Win64; x64) AppleWebKit/537.36 (KHTML, like Gecko) Chrome/62.0.3202.94 Safari/537.36",89,"[0.9, 0.5, 0.1]","[0.8, 0.4, 0.2]","[u'red', u'black', u'blue']","[u'left', u'middle', u'right']","[0.8, 0.4, 0.2]","[u'high', u'low', u'medium']",red,49,left,high,True,False,694,2600,NA
A3P6BRCL0IC22S,Mon Dec 04 2017 06:23:27 GMT-0800 (Pacific Standard Time),Mon Dec 04 2017 06:47:10 GMT-0800 (Pacific Standard Time),"Mozilla/5.0 (Windows NT 6.3; Win64; x64) AppleWebKit/537.36 (KHTML, like Gecko) Chrome/62.0.3202.94 Safari/537.36",90,"[0.9, 0.5, 0.1]","[0.8, 0.4, 0.2]","[u'red', u'black', u'blue']","[u'left', u'middle', u'right']","[0.8, 0.4, 0.2]","[u'high', u'low', u'medium']",black,50,middle,low,True,False,815,2700,NA
A3P6BRCL0IC22S,Mon Dec 04 2017 06:23:27 GMT-0800 (Pacific Standard Time),Mon Dec 04 2017 06:47:10 GMT-0800 (Pacific Standard Time),"Mozilla/5.0 (Windows NT 6.3; Win64; x64) AppleWebKit/537.36 (KHTML, like Gecko) Chrome/62.0.3202.94 Safari/537.36",91,"[0.9, 0.5, 0.1]","[0.8, 0.4, 0.2]","[u'red', u'black', u'blue']","[u'left', u'middle', u'right']","[0.8, 0.4, 0.2]","[u'high', u'low', u'medium']",red,49,left,high,True,False,985,2800,NA
A3P6BRCL0IC22S,Mon Dec 04 2017 06:23:27 GMT-0800 (Pacific Standard Time),Mon Dec 04 2017 06:47:10 GMT-0800 (Pacific Standard Time),"Mozilla/5.0 (Windows NT 6.3; Win64; x64) AppleWebKit/537.36 (KHTML, like Gecko) Chrome/62.0.3202.94 Safari/537.36",92,"[0.9, 0.5, 0.1]","[0.8, 0.4, 0.2]","[u'red', u'black', u'blue']","[u'left', u'middle', u'right']","[0.8, 0.4, 0.2]","[u'high', u'low', u'medium']",black,50,middle,low,True,False,713,2900,NA
A3P6BRCL0IC22S,Mon Dec 04 2017 06:23:27 GMT-0800 (Pacific Standard Time),Mon Dec 04 2017 06:47:10 GMT-0800 (Pacific Standard Time),"Mozilla/5.0 (Windows NT 6.3; Win64; x64) AppleWebKit/537.36 (KHTML, like Gecko) Chrome/62.0.3202.94 Safari/537.36",93,"[0.9, 0.5, 0.1]","[0.8, 0.4, 0.2]","[u'red', u'black', u'blue']","[u'left', u'middle', u'right']","[0.8, 0.4, 0.2]","[u'high', u'low', u'medium']",black,50,middle,low,False,False,896,2850,NA
A3P6BRCL0IC22S,Mon Dec 04 2017 06:23:27 GMT-0800 (Pacific Standard Time),Mon Dec 04 2017 06:47:10 GMT-0800 (Pacific Standard Time),"Mozilla/5.0 (Windows NT 6.3; Win64; x64) AppleWebKit/537.36 (KHTML, like Gecko) Chrome/62.0.3202.94 Safari/537.36",94,"[0.9, 0.5, 0.1]","[0.8, 0.4, 0.2]","[u'red', u'black', u'blue']","[u'left', u'middle', u'right']","[0.8, 0.4, 0.2]","[u'high', u'low', u'medium']",red,49,left,high,True,False,672,2950,NA
A3P6BRCL0IC22S,Mon Dec 04 2017 06:23:27 GMT-0800 (Pacific Standard Time),Mon Dec 04 2017 06:47:10 GMT-0800 (Pacific Standard Time),"Mozilla/5.0 (Windows NT 6.3; Win64; x64) AppleWebKit/537.36 (KHTML, like Gecko) Chrome/62.0.3202.94 Safari/537.36",95,"[0.9, 0.5, 0.1]","[0.8, 0.4, 0.2]","[u'red', u'black', u'blue']","[u'left', u'middle', u'right']","[0.8, 0.4, 0.2]","[u'high', u'low', u'medium']",blue,51,right,medium,True,False,656,3050,NA
A3P6BRCL0IC22S,Mon Dec 04 2017 06:23:27 GMT-0800 (Pacific Standard Time),Mon Dec 04 2017 06:47:10 GMT-0800 (Pacific Standard Time),"Mozilla/5.0 (Windows NT 6.3; Win64; x64) AppleWebKit/537.36 (KHTML, like Gecko) Chrome/62.0.3202.94 Safari/537.36",96,"[0.9, 0.5, 0.1]","[0.8, 0.4, 0.2]","[u'red', u'black', u'blue']","[u'left', u'middle', u'right']","[0.8, 0.4, 0.2]","[u'high', u'low', u'medium']",black,50,middle,low,False,False,654669,3000,NA
A3P6BRCL0IC22S,Mon Dec 04 2017 06:23:27 GMT-0800 (Pacific Standard Time),Mon Dec 04 2017 06:47:10 GMT-0800 (Pacific Standard Time),"Mozilla/5.0 (Windows NT 6.3; Win64; x64) AppleWebKit/537.36 (KHTML, like Gecko) Chrome/62.0.3202.94 Safari/537.36",97,"[0.9, 0.5, 0.1]","[0.8, 0.4, 0.2]","[u'red', u'black', u'blue']","[u'left', u'middle', u'right']","[0.8, 0.4, 0.2]","[u'high', u'low', u'medium']",red,49,left,high,False,False,665,2950,NA
A3P6BRCL0IC22S,Mon Dec 04 2017 06:23:27 GMT-0800 (Pacific Standard Time),Mon Dec 04 2017 06:47:10 GMT-0800 (Pacific Standard Time),"Mozilla/5.0 (Windows NT 6.3; Win64; x64) AppleWebKit/537.36 (KHTML, like Gecko) Chrome/62.0.3202.94 Safari/537.36",98,"[0.9, 0.5, 0.1]","[0.8, 0.4, 0.2]","[u'red', u'black', u'blue']","[u'left', u'middle', u'right']","[0.8, 0.4, 0.2]","[u'high', u'low', u'medium']",blue,51,right,medium,False,False,656,2900,NA
A3P6BRCL0IC22S,Mon Dec 04 2017 06:23:27 GMT-0800 (Pacific Standard Time),Mon Dec 04 2017 06:47:10 GMT-0800 (Pacific Standard Time),"Mozilla/5.0 (Windows NT 6.3; Win64; x64) AppleWebKit/537.36 (KHTML, like Gecko) Chrome/62.0.3202.94 Safari/537.36",99,"[0.9, 0.5, 0.1]","[0.8, 0.4, 0.2]","[u'red', u'black', u'blue']","[u'left', u'middle', u'right']","[0.8, 0.4, 0.2]","[u'high', u'low', u'medium']",black,50,middle,low,True,False,175,3000,NA
A3P6BRCL0IC22S,Mon Dec 04 2017 06:23:27 GMT-0800 (Pacific Standard Time),Mon Dec 04 2017 06:47:10 GMT-0800 (Pacific Standard Time),"Mozilla/5.0 (Windows NT 6.3; Win64; x64) AppleWebKit/537.36 (KHTML, like Gecko) Chrome/62.0.3202.94 Safari/537.36",100,"[0.9, 0.5, 0.1]","[0.8, 0.4, 0.2]","[u'red', u'black', u'blue']","[u'left', u'middle', u'right']","[0.8, 0.4, 0.2]","[u'high', u'low', u'medium']",red,49,left,high,False,False,663,2950,NA
A3P6BRCL0IC22S,Mon Dec 04 2017 06:23:27 GMT-0800 (Pacific Standard Time),Mon Dec 04 2017 06:47:10 GMT-0800 (Pacific Standard Time),"Mozilla/5.0 (Windows NT 6.3; Win64; x64) AppleWebKit/537.36 (KHTML, like Gecko) Chrome/62.0.3202.94 Safari/537.36",101,"[0.9, 0.5, 0.1]","[0.8, 0.4, 0.2]","[u'red', u'black', u'blue']","[u'left', u'middle', u'right']","[0.8, 0.4, 0.2]","[u'high', u'low', u'medium']",blue,51,right,medium,False,False,600,2900,NA
A3P6BRCL0IC22S,Mon Dec 04 2017 06:23:27 GMT-0800 (Pacific Standard Time),Mon Dec 04 2017 06:47:10 GMT-0800 (Pacific Standard Time),"Mozilla/5.0 (Windows NT 6.3; Win64; x64) AppleWebKit/537.36 (KHTML, like Gecko) Chrome/62.0.3202.94 Safari/537.36",102,"[0.9, 0.5, 0.1]","[0.8, 0.4, 0.2]","[u'red', u'black', u'blue']","[u'left', u'middle', u'right']","[0.8, 0.4, 0.2]","[u'high', u'low', u'medium']",black,50,middle,low,False,False,197,2850,NA
A3P6BRCL0IC22S,Mon Dec 04 2017 06:23:27 GMT-0800 (Pacific Standard Time),Mon Dec 04 2017 06:47:10 GMT-0800 (Pacific Standard Time),"Mozilla/5.0 (Windows NT 6.3; Win64; x64) AppleWebKit/537.36 (KHTML, like Gecko) Chrome/62.0.3202.94 Safari/537.36",103,"[0.9, 0.5, 0.1]","[0.8, 0.4, 0.2]","[u'red', u'black', u'blue']","[u'left', u'middle', u'right']","[0.8, 0.4, 0.2]","[u'high', u'low', u'medium']",blue,51,right,medium,True,False,643,2950,NA
A3P6BRCL0IC22S,Mon Dec 04 2017 06:23:27 GMT-0800 (Pacific Standard Time),Mon Dec 04 2017 06:47:10 GMT-0800 (Pacific Standard Time),"Mozilla/5.0 (Windows NT 6.3; Win64; x64) AppleWebKit/537.36 (KHTML, like Gecko) Chrome/62.0.3202.94 Safari/537.36",104,"[0.9, 0.5, 0.1]","[0.8, 0.4, 0.2]","[u'red', u'black', u'blue']","[u'left', u'middle', u'right']","[0.8, 0.4, 0.2]","[u'high', u'low', u'medium']",red,49,left,high,True,False,788,3050,NA
A3P6BRCL0IC22S,Mon Dec 04 2017 06:23:27 GMT-0800 (Pacific Standard Time),Mon Dec 04 2017 06:47:10 GMT-0800 (Pacific Standard Time),"Mozilla/5.0 (Windows NT 6.3; Win64; x64) AppleWebKit/537.36 (KHTML, like Gecko) Chrome/62.0.3202.94 Safari/537.36",105,"[0.9, 0.5, 0.1]","[0.8, 0.4, 0.2]","[u'red', u'black', u'blue']","[u'left', u'middle', u'right']","[0.8, 0.4, 0.2]","[u'high', u'low', u'medium']",black,50,middle,low,False,False,689,3000,NA
A3P6BRCL0IC22S,Mon Dec 04 2017 06:23:27 GMT-0800 (Pacific Standard Time),Mon Dec 04 2017 06:47:10 GMT-0800 (Pacific Standard Time),"Mozilla/5.0 (Windows NT 6.3; Win64; x64) AppleWebKit/537.36 (KHTML, like Gecko) Chrome/62.0.3202.94 Safari/537.36",106,"[0.9, 0.5, 0.1]","[0.8, 0.4, 0.2]","[u'red', u'black', u'blue']","[u'left', u'middle', u'right']","[0.8, 0.4, 0.2]","[u'high', u'low', u'medium']",red,49,left,high,False,False,655,2950,NA
A3P6BRCL0IC22S,Mon Dec 04 2017 06:23:27 GMT-0800 (Pacific Standard Time),Mon Dec 04 2017 06:47:10 GMT-0800 (Pacific Standard Time),"Mozilla/5.0 (Windows NT 6.3; Win64; x64) AppleWebKit/537.36 (KHTML, like Gecko) Chrome/62.0.3202.94 Safari/537.36",107,"[0.9, 0.5, 0.1]","[0.8, 0.4, 0.2]","[u'red', u'black', u'blue']","[u'left', u'middle', u'right']","[0.8, 0.4, 0.2]","[u'high', u'low', u'medium']",red,49,left,high,True,False,867,3050,NA
A3P6BRCL0IC22S,Mon Dec 04 2017 06:23:27 GMT-0800 (Pacific Standard Time),Mon Dec 04 2017 06:47:10 GMT-0800 (Pacific Standard Time),"Mozilla/5.0 (Windows NT 6.3; Win64; x64) AppleWebKit/537.36 (KHTML, like Gecko) Chrome/62.0.3202.94 Safari/537.36",108,"[0.9, 0.5, 0.1]","[0.8, 0.4, 0.2]","[u'red', u'black', u'blue']","[u'left', u'middle', u'right']","[0.8, 0.4, 0.2]","[u'high', u'low', u'medium']",blue,51,right,medium,False,False,681,3000,NA
A3P6BRCL0IC22S,Mon Dec 04 2017 06:23:27 GMT-0800 (Pacific Standard Time),Mon Dec 04 2017 06:47:10 GMT-0800 (Pacific Standard Time),"Mozilla/5.0 (Windows NT 6.3; Win64; x64) AppleWebKit/537.36 (KHTML, like Gecko) Chrome/62.0.3202.94 Safari/537.36",109,"[0.9, 0.5, 0.1]","[0.8, 0.4, 0.2]","[u'red', u'black', u'blue']","[u'left', u'middle', u'right']","[0.8, 0.4, 0.2]","[u'high', u'low', u'medium']",black,50,middle,low,False,False,664,2950,NA
A3P6BRCL0IC22S,Mon Dec 04 2017 06:23:27 GMT-0800 (Pacific Standard Time),Mon Dec 04 2017 06:47:10 GMT-0800 (Pacific Standard Time),"Mozilla/5.0 (Windows NT 6.3; Win64; x64) AppleWebKit/537.36 (KHTML, like Gecko) Chrome/62.0.3202.94 Safari/537.36",110,"[0.9, 0.5, 0.1]","[0.8, 0.4, 0.2]","[u'red', u'black', u'blue']","[u'left', u'middle', u'right']","[0.8, 0.4, 0.2]","[u'high', u'low', u'medium']",blue,51,right,medium,False,False,605,2900,NA
A3P6BRCL0IC22S,Mon Dec 04 2017 06:23:27 GMT-0800 (Pacific Standard Time),Mon Dec 04 2017 06:47:10 GMT-0800 (Pacific Standard Time),"Mozilla/5.0 (Windows NT 6.3; Win64; x64) AppleWebKit/537.36 (KHTML, like Gecko) Chrome/62.0.3202.94 Safari/537.36",111,"[0.9, 0.5, 0.1]","[0.8, 0.4, 0.2]","[u'red', u'black', u'blue']","[u'left', u'middle', u'right']","[0.8, 0.4, 0.2]","[u'high', u'low', u'medium']",red,49,left,high,False,False,624,2850,NA
A3P6BRCL0IC22S,Mon Dec 04 2017 06:23:27 GMT-0800 (Pacific Standard Time),Mon Dec 04 2017 06:47:10 GMT-0800 (Pacific Standard Time),"Mozilla/5.0 (Windows NT 6.3; Win64; x64) AppleWebKit/537.36 (KHTML, like Gecko) Chrome/62.0.3202.94 Safari/537.36",112,"[0.9, 0.5, 0.1]","[0.8, 0.4, 0.2]","[u'red', u'black', u'blue']","[u'left', u'middle', u'right']","[0.8, 0.4, 0.2]","[u'high', u'low', u'medium']",black,50,middle,low,False,False,624,2800,NA
A3P6BRCL0IC22S,Mon Dec 04 2017 06:23:27 GMT-0800 (Pacific Standard Time),Mon Dec 04 2017 06:47:10 GMT-0800 (Pacific Standard Time),"Mozilla/5.0 (Windows NT 6.3; Win64; x64) AppleWebKit/537.36 (KHTML, like Gecko) Chrome/62.0.3202.94 Safari/537.36",113,"[0.9, 0.5, 0.1]","[0.8, 0.4, 0.2]","[u'red', u'black', u'blue']","[u'left', u'middle', u'right']","[0.8, 0.4, 0.2]","[u'high', u'low', u'medium']",blue,51,right,medium,True,False,628,2900,NA
A3P6BRCL0IC22S,Mon Dec 04 2017 06:23:27 GMT-0800 (Pacific Standard Time),Mon Dec 04 2017 06:47:10 GMT-0800 (Pacific Standard Time),"Mozilla/5.0 (Windows NT 6.3; Win64; x64) AppleWebKit/537.36 (KHTML, like Gecko) Chrome/62.0.3202.94 Safari/537.36",114,"[0.9, 0.5, 0.1]","[0.8, 0.4, 0.2]","[u'red', u'black', u'blue']","[u'left', u'middle', u'right']","[0.8, 0.4, 0.2]","[u'high', u'low', u'medium']",red,49,left,high,True,False,716,3000,NA
A3P6BRCL0IC22S,Mon Dec 04 2017 06:23:27 GMT-0800 (Pacific Standard Time),Mon Dec 04 2017 06:47:10 GMT-0800 (Pacific Standard Time),"Mozilla/5.0 (Windows NT 6.3; Win64; x64) AppleWebKit/537.36 (KHTML, like Gecko) Chrome/62.0.3202.94 Safari/537.36",115,"[0.9, 0.5, 0.1]","[0.8, 0.4, 0.2]","[u'red', u'black', u'blue']","[u'left', u'middle', u'right']","[0.8, 0.4, 0.2]","[u'high', u'low', u'medium']",blue,51,right,medium,False,False,1626,2950,NA
A3P6BRCL0IC22S,Mon Dec 04 2017 06:23:27 GMT-0800 (Pacific Standard Time),Mon Dec 04 2017 06:47:10 GMT-0800 (Pacific Standard Time),"Mozilla/5.0 (Windows NT 6.3; Win64; x64) AppleWebKit/537.36 (KHTML, like Gecko) Chrome/62.0.3202.94 Safari/537.36",116,"[0.9, 0.5, 0.1]","[0.8, 0.4, 0.2]","[u'red', u'black', u'blue']","[u'left', u'middle', u'right']","[0.8, 0.4, 0.2]","[u'high', u'low', u'medium']",black,50,middle,low,False,False,679,2900,NA
A3P6BRCL0IC22S,Mon Dec 04 2017 06:23:27 GMT-0800 (Pacific Standard Time),Mon Dec 04 2017 06:47:10 GMT-0800 (Pacific Standard Time),"Mozilla/5.0 (Windows NT 6.3; Win64; x64) AppleWebKit/537.36 (KHTML, like Gecko) Chrome/62.0.3202.94 Safari/537.36",117,"[0.9, 0.5, 0.1]","[0.8, 0.4, 0.2]","[u'red', u'black', u'blue']","[u'left', u'middle', u'right']","[0.8, 0.4, 0.2]","[u'high', u'low', u'medium']",red,49,left,high,True,False,552,3000,NA
A3P6BRCL0IC22S,Mon Dec 04 2017 06:23:27 GMT-0800 (Pacific Standard Time),Mon Dec 04 2017 06:47:10 GMT-0800 (Pacific Standard Time),"Mozilla/5.0 (Windows NT 6.3; Win64; x64) AppleWebKit/537.36 (KHTML, like Gecko) Chrome/62.0.3202.94 Safari/537.36",118,"[0.9, 0.5, 0.1]","[0.8, 0.4, 0.2]","[u'red', u'black', u'blue']","[u'left', u'middle', u'right']","[0.8, 0.4, 0.2]","[u'high', u'low', u'medium']",blue,51,right,medium,False,False,678,2950,NA
A3P6BRCL0IC22S,Mon Dec 04 2017 06:23:27 GMT-0800 (Pacific Standard Time),Mon Dec 04 2017 06:47:10 GMT-0800 (Pacific Standard Time),"Mozilla/5.0 (Windows NT 6.3; Win64; x64) AppleWebKit/537.36 (KHTML, like Gecko) Chrome/62.0.3202.94 Safari/537.36",119,"[0.9, 0.5, 0.1]","[0.8, 0.4, 0.2]","[u'red', u'black', u'blue']","[u'left', u'middle', u'right']","[0.8, 0.4, 0.2]","[u'high', u'low', u'medium']",red,49,left,high,True,False,744,3050,NA
A3P6BRCL0IC22S,Mon Dec 04 2017 06:23:27 GMT-0800 (Pacific Standard Time),Mon Dec 04 2017 06:47:10 GMT-0800 (Pacific Standard Time),"Mozilla/5.0 (Windows NT 6.3; Win64; x64) AppleWebKit/537.36 (KHTML, like Gecko) Chrome/62.0.3202.94 Safari/537.36",120,"[0.9, 0.5, 0.1]","[0.8, 0.4, 0.2]","[u'red', u'black', u'blue']","[u'left', u'middle', u'right']","[0.8, 0.4, 0.2]","[u'high', u'low', u'medium']",black,50,middle,low,False,False,645,3000,NA
A3P6BRCL0IC22S,Mon Dec 04 2017 06:23:27 GMT-0800 (Pacific Standard Time),Mon Dec 04 2017 06:47:10 GMT-0800 (Pacific Standard Time),"Mozilla/5.0 (Windows NT 6.3; Win64; x64) AppleWebKit/537.36 (KHTML, like Gecko) Chrome/62.0.3202.94 Safari/537.36",121,"[0.9, 0.5, 0.1]","[0.8, 0.4, 0.2]","[u'red', u'black', u'blue']","[u'left', u'middle', u'right']","[0.8, 0.4, 0.2]","[u'medium', u'low', u'high']",blue,51,right,high,True,False,931,3100,NA
A3P6BRCL0IC22S,Mon Dec 04 2017 06:23:27 GMT-0800 (Pacific Standard Time),Mon Dec 04 2017 06:47:10 GMT-0800 (Pacific Standard Time),"Mozilla/5.0 (Windows NT 6.3; Win64; x64) AppleWebKit/537.36 (KHTML, like Gecko) Chrome/62.0.3202.94 Safari/537.36",122,"[0.9, 0.5, 0.1]","[0.8, 0.4, 0.2]","[u'red', u'black', u'blue']","[u'left', u'middle', u'right']","[0.8, 0.4, 0.2]","[u'medium', u'low', u'high']",red,49,left,medium,False,False,648,3050,NA
A3P6BRCL0IC22S,Mon Dec 04 2017 06:23:27 GMT-0800 (Pacific Standard Time),Mon Dec 04 2017 06:47:10 GMT-0800 (Pacific Standard Time),"Mozilla/5.0 (Windows NT 6.3; Win64; x64) AppleWebKit/537.36 (KHTML, like Gecko) Chrome/62.0.3202.94 Safari/537.36",123,"[0.9, 0.5, 0.1]","[0.8, 0.4, 0.2]","[u'red', u'black', u'blue']","[u'left', u'middle', u'right']","[0.8, 0.4, 0.2]","[u'medium', u'low', u'high']",black,50,middle,low,True,False,626,3150,NA
A3P6BRCL0IC22S,Mon Dec 04 2017 06:23:27 GMT-0800 (Pacific Standard Time),Mon Dec 04 2017 06:47:10 GMT-0800 (Pacific Standard Time),"Mozilla/5.0 (Windows NT 6.3; Win64; x64) AppleWebKit/537.36 (KHTML, like Gecko) Chrome/62.0.3202.94 Safari/537.36",124,"[0.9, 0.5, 0.1]","[0.8, 0.4, 0.2]","[u'red', u'black', u'blue']","[u'left', u'middle', u'right']","[0.8, 0.4, 0.2]","[u'medium', u'low', u'high']",red,49,left,medium,True,False,708,3250,NA
A3P6BRCL0IC22S,Mon Dec 04 2017 06:23:27 GMT-0800 (Pacific Standard Time),Mon Dec 04 2017 06:47:10 GMT-0800 (Pacific Standard Time),"Mozilla/5.0 (Windows NT 6.3; Win64; x64) AppleWebKit/537.36 (KHTML, like Gecko) Chrome/62.0.3202.94 Safari/537.36",125,"[0.9, 0.5, 0.1]","[0.8, 0.4, 0.2]","[u'red', u'black', u'blue']","[u'left', u'middle', u'right']","[0.8, 0.4, 0.2]","[u'medium', u'low', u'high']",black,50,middle,low,True,False,667,3350,NA
A3P6BRCL0IC22S,Mon Dec 04 2017 06:23:27 GMT-0800 (Pacific Standard Time),Mon Dec 04 2017 06:47:10 GMT-0800 (Pacific Standard Time),"Mozilla/5.0 (Windows NT 6.3; Win64; x64) AppleWebKit/537.36 (KHTML, like Gecko) Chrome/62.0.3202.94 Safari/537.36",126,"[0.9, 0.5, 0.1]","[0.8, 0.4, 0.2]","[u'red', u'black', u'blue']","[u'left', u'middle', u'right']","[0.8, 0.4, 0.2]","[u'medium', u'low', u'high']",blue,51,right,high,True,False,705,3450,NA
A3P6BRCL0IC22S,Mon Dec 04 2017 06:23:27 GMT-0800 (Pacific Standard Time),Mon Dec 04 2017 06:47:10 GMT-0800 (Pacific Standard Time),"Mozilla/5.0 (Windows NT 6.3; Win64; x64) AppleWebKit/537.36 (KHTML, like Gecko) Chrome/62.0.3202.94 Safari/537.36",127,"[0.9, 0.5, 0.1]","[0.8, 0.4, 0.2]","[u'red', u'black', u'blue']","[u'left', u'middle', u'right']","[0.8, 0.4, 0.2]","[u'medium', u'low', u'high']",black,50,middle,low,True,False,636,3550,NA
A3P6BRCL0IC22S,Mon Dec 04 2017 06:23:27 GMT-0800 (Pacific Standard Time),Mon Dec 04 2017 06:47:10 GMT-0800 (Pacific Standard Time),"Mozilla/5.0 (Windows NT 6.3; Win64; x64) AppleWebKit/537.36 (KHTML, like Gecko) Chrome/62.0.3202.94 Safari/537.36",128,"[0.9, 0.5, 0.1]","[0.8, 0.4, 0.2]","[u'red', u'black', u'blue']","[u'left', u'middle', u'right']","[0.8, 0.4, 0.2]","[u'medium', u'low', u'high']",red,49,left,medium,True,False,745,3650,NA
A3P6BRCL0IC22S,Mon Dec 04 2017 06:23:27 GMT-0800 (Pacific Standard Time),Mon Dec 04 2017 06:47:10 GMT-0800 (Pacific Standard Time),"Mozilla/5.0 (Windows NT 6.3; Win64; x64) AppleWebKit/537.36 (KHTML, like Gecko) Chrome/62.0.3202.94 Safari/537.36",129,"[0.9, 0.5, 0.1]","[0.8, 0.4, 0.2]","[u'red', u'black', u'blue']","[u'left', u'middle', u'right']","[0.8, 0.4, 0.2]","[u'medium', u'low', u'high']",black,50,middle,low,False,False,598,3600,NA
A3P6BRCL0IC22S,Mon Dec 04 2017 06:23:27 GMT-0800 (Pacific Standard Time),Mon Dec 04 2017 06:47:10 GMT-0800 (Pacific Standard Time),"Mozilla/5.0 (Windows NT 6.3; Win64; x64) AppleWebKit/537.36 (KHTML, like Gecko) Chrome/62.0.3202.94 Safari/537.36",130,"[0.9, 0.5, 0.1]","[0.8, 0.4, 0.2]","[u'red', u'black', u'blue']","[u'left', u'middle', u'right']","[0.8, 0.4, 0.2]","[u'medium', u'low', u'high']",blue,51,right,high,False,False,649,3550,NA
A3P6BRCL0IC22S,Mon Dec 04 2017 06:23:27 GMT-0800 (Pacific Standard Time),Mon Dec 04 2017 06:47:10 GMT-0800 (Pacific Standard Time),"Mozilla/5.0 (Windows NT 6.3; Win64; x64) AppleWebKit/537.36 (KHTML, like Gecko) Chrome/62.0.3202.94 Safari/537.36",131,"[0.9, 0.5, 0.1]","[0.8, 0.4, 0.2]","[u'red', u'black', u'blue']","[u'left', u'middle', u'right']","[0.8, 0.4, 0.2]","[u'medium', u'low', u'high']",black,50,middle,low,False,False,864,3500,NA
A3P6BRCL0IC22S,Mon Dec 04 2017 06:23:27 GMT-0800 (Pacific Standard Time),Mon Dec 04 2017 06:47:10 GMT-0800 (Pacific Standard Time),"Mozilla/5.0 (Windows NT 6.3; Win64; x64) AppleWebKit/537.36 (KHTML, like Gecko) Chrome/62.0.3202.94 Safari/537.36",132,"[0.9, 0.5, 0.1]","[0.8, 0.4, 0.2]","[u'red', u'black', u'blue']","[u'left', u'middle', u'right']","[0.8, 0.4, 0.2]","[u'medium', u'low', u'high']",red,49,left,medium,False,False,650,3450,NA
A3P6BRCL0IC22S,Mon Dec 04 2017 06:23:27 GMT-0800 (Pacific Standard Time),Mon Dec 04 2017 06:47:10 GMT-0800 (Pacific Standard Time),"Mozilla/5.0 (Windows NT 6.3; Win64; x64) AppleWebKit/537.36 (KHTML, like Gecko) Chrome/62.0.3202.94 Safari/537.36",133,"[0.9, 0.5, 0.1]","[0.8, 0.4, 0.2]","[u'red', u'black', u'blue']","[u'left', u'middle', u'right']","[0.8, 0.4, 0.2]","[u'medium', u'low', u'high']",blue,51,right,high,False,False,669,3400,NA
A3P6BRCL0IC22S,Mon Dec 04 2017 06:23:27 GMT-0800 (Pacific Standard Time),Mon Dec 04 2017 06:47:10 GMT-0800 (Pacific Standard Time),"Mozilla/5.0 (Windows NT 6.3; Win64; x64) AppleWebKit/537.36 (KHTML, like Gecko) Chrome/62.0.3202.94 Safari/537.36",134,"[0.9, 0.5, 0.1]","[0.8, 0.4, 0.2]","[u'red', u'black', u'blue']","[u'left', u'middle', u'right']","[0.8, 0.4, 0.2]","[u'medium', u'low', u'high']",black,50,middle,low,False,False,622,3350,NA
A3P6BRCL0IC22S,Mon Dec 04 2017 06:23:27 GMT-0800 (Pacific Standard Time),Mon Dec 04 2017 06:47:10 GMT-0800 (Pacific Standard Time),"Mozilla/5.0 (Windows NT 6.3; Win64; x64) AppleWebKit/537.36 (KHTML, like Gecko) Chrome/62.0.3202.94 Safari/537.36",135,"[0.9, 0.5, 0.1]","[0.8, 0.4, 0.2]","[u'red', u'black', u'blue']","[u'left', u'middle', u'right']","[0.8, 0.4, 0.2]","[u'medium', u'low', u'high']",blue,51,right,high,True,False,533,3450,NA
A3P6BRCL0IC22S,Mon Dec 04 2017 06:23:27 GMT-0800 (Pacific Standard Time),Mon Dec 04 2017 06:47:10 GMT-0800 (Pacific Standard Time),"Mozilla/5.0 (Windows NT 6.3; Win64; x64) AppleWebKit/537.36 (KHTML, like Gecko) Chrome/62.0.3202.94 Safari/537.36",136,"[0.9, 0.5, 0.1]","[0.8, 0.4, 0.2]","[u'red', u'black', u'blue']","[u'left', u'middle', u'right']","[0.8, 0.4, 0.2]","[u'medium', u'low', u'high']",red,49,left,medium,True,False,676,3550,NA
A3P6BRCL0IC22S,Mon Dec 04 2017 06:23:27 GMT-0800 (Pacific Standard Time),Mon Dec 04 2017 06:47:10 GMT-0800 (Pacific Standard Time),"Mozilla/5.0 (Windows NT 6.3; Win64; x64) AppleWebKit/537.36 (KHTML, like Gecko) Chrome/62.0.3202.94 Safari/537.36",137,"[0.9, 0.5, 0.1]","[0.8, 0.4, 0.2]","[u'red', u'black', u'blue']","[u'left', u'middle', u'right']","[0.8, 0.4, 0.2]","[u'medium', u'low', u'high']",black,50,middle,low,False,False,649,3500,NA
A3P6BRCL0IC22S,Mon Dec 04 2017 06:23:27 GMT-0800 (Pacific Standard Time),Mon Dec 04 2017 06:47:10 GMT-0800 (Pacific Standard Time),"Mozilla/5.0 (Windows NT 6.3; Win64; x64) AppleWebKit/537.36 (KHTML, like Gecko) Chrome/62.0.3202.94 Safari/537.36",138,"[0.9, 0.5, 0.1]","[0.8, 0.4, 0.2]","[u'red', u'black', u'blue']","[u'left', u'middle', u'right']","[0.8, 0.4, 0.2]","[u'medium', u'low', u'high']",red,49,left,medium,True,False,649,3600,NA
A3P6BRCL0IC22S,Mon Dec 04 2017 06:23:27 GMT-0800 (Pacific Standard Time),Mon Dec 04 2017 06:47:10 GMT-0800 (Pacific Standard Time),"Mozilla/5.0 (Windows NT 6.3; Win64; x64) AppleWebKit/537.36 (KHTML, like Gecko) Chrome/62.0.3202.94 Safari/537.36",139,"[0.9, 0.5, 0.1]","[0.8, 0.4, 0.2]","[u'red', u'black', u'blue']","[u'left', u'middle', u'right']","[0.8, 0.4, 0.2]","[u'medium', u'low', u'high']",blue,51,right,high,True,False,636,3700,NA
A3P6BRCL0IC22S,Mon Dec 04 2017 06:23:27 GMT-0800 (Pacific Standard Time),Mon Dec 04 2017 06:47:10 GMT-0800 (Pacific Standard Time),"Mozilla/5.0 (Windows NT 6.3; Win64; x64) AppleWebKit/537.36 (KHTML, like Gecko) Chrome/62.0.3202.94 Safari/537.36",140,"[0.9, 0.5, 0.1]","[0.8, 0.4, 0.2]","[u'red', u'black', u'blue']","[u'left', u'middle', u'right']","[0.8, 0.4, 0.2]","[u'medium', u'low', u'high']",blue,51,right,high,True,False,702,3800,NA
A3P6BRCL0IC22S,Mon Dec 04 2017 06:23:27 GMT-0800 (Pacific Standard Time),Mon Dec 04 2017 06:47:10 GMT-0800 (Pacific Standard Time),"Mozilla/5.0 (Windows NT 6.3; Win64; x64) AppleWebKit/537.36 (KHTML, like Gecko) Chrome/62.0.3202.94 Safari/537.36",141,"[0.9, 0.5, 0.1]","[0.8, 0.4, 0.2]","[u'red', u'black', u'blue']","[u'left', u'middle', u'right']","[0.8, 0.4, 0.2]","[u'medium', u'low', u'high']",red,49,left,medium,False,False,688,3750,NA
A3P6BRCL0IC22S,Mon Dec 04 2017 06:23:27 GMT-0800 (Pacific Standard Time),Mon Dec 04 2017 06:47:10 GMT-0800 (Pacific Standard Time),"Mozilla/5.0 (Windows NT 6.3; Win64; x64) AppleWebKit/537.36 (KHTML, like Gecko) Chrome/62.0.3202.94 Safari/537.36",142,"[0.9, 0.5, 0.1]","[0.8, 0.4, 0.2]","[u'red', u'black', u'blue']","[u'left', u'middle', u'right']","[0.8, 0.4, 0.2]","[u'medium', u'low', u'high']",blue,51,right,high,True,False,735,3850,NA
A3P6BRCL0IC22S,Mon Dec 04 2017 06:23:27 GMT-0800 (Pacific Standard Time),Mon Dec 04 2017 06:47:10 GMT-0800 (Pacific Standard Time),"Mozilla/5.0 (Windows NT 6.3; Win64; x64) AppleWebKit/537.36 (KHTML, like Gecko) Chrome/62.0.3202.94 Safari/537.36",143,"[0.9, 0.5, 0.1]","[0.8, 0.4, 0.2]","[u'red', u'black', u'blue']","[u'left', u'middle', u'right']","[0.8, 0.4, 0.2]","[u'medium', u'low', u'high']",black,50,middle,low,False,False,778,3800,NA
A3P6BRCL0IC22S,Mon Dec 04 2017 06:23:27 GMT-0800 (Pacific Standard Time),Mon Dec 04 2017 06:47:10 GMT-0800 (Pacific Standard Time),"Mozilla/5.0 (Windows NT 6.3; Win64; x64) AppleWebKit/537.36 (KHTML, like Gecko) Chrome/62.0.3202.94 Safari/537.36",144,"[0.9, 0.5, 0.1]","[0.8, 0.4, 0.2]","[u'red', u'black', u'blue']","[u'left', u'middle', u'right']","[0.8, 0.4, 0.2]","[u'medium', u'low', u'high']",blue,51,right,high,True,False,621,3900,NA
A3P6BRCL0IC22S,Mon Dec 04 2017 06:23:27 GMT-0800 (Pacific Standard Time),Mon Dec 04 2017 06:47:10 GMT-0800 (Pacific Standard Time),"Mozilla/5.0 (Windows NT 6.3; Win64; x64) AppleWebKit/537.36 (KHTML, like Gecko) Chrome/62.0.3202.94 Safari/537.36",145,"[0.9, 0.5, 0.1]","[0.8, 0.4, 0.2]","[u'red', u'black', u'blue']","[u'left', u'middle', u'right']","[0.8, 0.4, 0.2]","[u'medium', u'low', u'high']",blue,51,right,high,True,False,687,4000,NA
A3P6BRCL0IC22S,Mon Dec 04 2017 06:23:27 GMT-0800 (Pacific Standard Time),Mon Dec 04 2017 06:47:10 GMT-0800 (Pacific Standard Time),"Mozilla/5.0 (Windows NT 6.3; Win64; x64) AppleWebKit/537.36 (KHTML, like Gecko) Chrome/62.0.3202.94 Safari/537.36",146,"[0.9, 0.5, 0.1]","[0.8, 0.4, 0.2]","[u'red', u'black', u'blue']","[u'left', u'middle', u'right']","[0.8, 0.4, 0.2]","[u'medium', u'low', u'high']",blue,51,right,high,True,False,661,4100,NA
A3P6BRCL0IC22S,Mon Dec 04 2017 06:23:27 GMT-0800 (Pacific Standard Time),Mon Dec 04 2017 06:47:10 GMT-0800 (Pacific Standard Time),"Mozilla/5.0 (Windows NT 6.3; Win64; x64) AppleWebKit/537.36 (KHTML, like Gecko) Chrome/62.0.3202.94 Safari/537.36",147,"[0.9, 0.5, 0.1]","[0.8, 0.4, 0.2]","[u'red', u'black', u'blue']","[u'left', u'middle', u'right']","[0.8, 0.4, 0.2]","[u'medium', u'low', u'high']",red,49,left,medium,False,False,592,4050,NA
A3P6BRCL0IC22S,Mon Dec 04 2017 06:23:27 GMT-0800 (Pacific Standard Time),Mon Dec 04 2017 06:47:10 GMT-0800 (Pacific Standard Time),"Mozilla/5.0 (Windows NT 6.3; Win64; x64) AppleWebKit/537.36 (KHTML, like Gecko) Chrome/62.0.3202.94 Safari/537.36",148,"[0.9, 0.5, 0.1]","[0.8, 0.4, 0.2]","[u'red', u'black', u'blue']","[u'left', u'middle', u'right']","[0.8, 0.4, 0.2]","[u'medium', u'low', u'high']",black,50,middle,low,False,False,725,4000,NA
A3P6BRCL0IC22S,Mon Dec 04 2017 06:23:27 GMT-0800 (Pacific Standard Time),Mon Dec 04 2017 06:47:10 GMT-0800 (Pacific Standard Time),"Mozilla/5.0 (Windows NT 6.3; Win64; x64) AppleWebKit/537.36 (KHTML, like Gecko) Chrome/62.0.3202.94 Safari/537.36",149,"[0.9, 0.5, 0.1]","[0.8, 0.4, 0.2]","[u'red', u'black', u'blue']","[u'left', u'middle', u'right']","[0.8, 0.4, 0.2]","[u'medium', u'low', u'high']",blue,51,right,high,True,False,677,4100,NA
A3P6BRCL0IC22S,Mon Dec 04 2017 06:23:27 GMT-0800 (Pacific Standard Time),Mon Dec 04 2017 06:47:10 GMT-0800 (Pacific Standard Time),"Mozilla/5.0 (Windows NT 6.3; Win64; x64) AppleWebKit/537.36 (KHTML, like Gecko) Chrome/62.0.3202.94 Safari/537.36",150,"[0.9, 0.5, 0.1]","[0.8, 0.4, 0.2]","[u'red', u'black', u'blue']","[u'left', u'middle', u'right']","[0.8, 0.4, 0.2]","[u'medium', u'low', u'high']",blue,51,right,high,True,False,874,4200,NA
A3P6BRCL0IC22S,Mon Dec 04 2017 06:23:27 GMT-0800 (Pacific Standard Time),Mon Dec 04 2017 06:47:10 GMT-0800 (Pacific Standard Time),"Mozilla/5.0 (Windows NT 6.3; Win64; x64) AppleWebKit/537.36 (KHTML, like Gecko) Chrome/62.0.3202.94 Safari/537.36",151,"[0.9, 0.5, 0.1]","[0.8, 0.4, 0.2]","[u'red', u'black', u'blue']","[u'left', u'middle', u'right']","[0.8, 0.4, 0.2]","[u'medium', u'low', u'high']",blue,51,right,high,True,False,748,4300,NA
A3P6BRCL0IC22S,Mon Dec 04 2017 06:23:27 GMT-0800 (Pacific Standard Time),Mon Dec 04 2017 06:47:10 GMT-0800 (Pacific Standard Time),"Mozilla/5.0 (Windows NT 6.3; Win64; x64) AppleWebKit/537.36 (KHTML, like Gecko) Chrome/62.0.3202.94 Safari/537.36",152,"[0.9, 0.5, 0.1]","[0.8, 0.4, 0.2]","[u'red', u'black', u'blue']","[u'left', u'middle', u'right']","[0.8, 0.4, 0.2]","[u'medium', u'low', u'high']",blue,51,right,high,True,False,665,4400,NA
A3P6BRCL0IC22S,Mon Dec 04 2017 06:23:27 GMT-0800 (Pacific Standard Time),Mon Dec 04 2017 06:47:10 GMT-0800 (Pacific Standard Time),"Mozilla/5.0 (Windows NT 6.3; Win64; x64) AppleWebKit/537.36 (KHTML, like Gecko) Chrome/62.0.3202.94 Safari/537.36",153,"[0.9, 0.5, 0.1]","[0.8, 0.4, 0.2]","[u'red', u'black', u'blue']","[u'left', u'middle', u'right']","[0.8, 0.4, 0.2]","[u'medium', u'low', u'high']",blue,51,right,high,True,False,770,4500,NA
A3P6BRCL0IC22S,Mon Dec 04 2017 06:23:27 GMT-0800 (Pacific Standard Time),Mon Dec 04 2017 06:47:10 GMT-0800 (Pacific Standard Time),"Mozilla/5.0 (Windows NT 6.3; Win64; x64) AppleWebKit/537.36 (KHTML, like Gecko) Chrome/62.0.3202.94 Safari/537.36",154,"[0.9, 0.5, 0.1]","[0.8, 0.4, 0.2]","[u'red', u'black', u'blue']","[u'left', u'middle', u'right']","[0.8, 0.4, 0.2]","[u'medium', u'low', u'high']",blue,51,right,high,False,False,687,4450,NA
A3P6BRCL0IC22S,Mon Dec 04 2017 06:23:27 GMT-0800 (Pacific Standard Time),Mon Dec 04 2017 06:47:10 GMT-0800 (Pacific Standard Time),"Mozilla/5.0 (Windows NT 6.3; Win64; x64) AppleWebKit/537.36 (KHTML, like Gecko) Chrome/62.0.3202.94 Safari/537.36",155,"[0.9, 0.5, 0.1]","[0.8, 0.4, 0.2]","[u'red', u'black', u'blue']","[u'left', u'middle', u'right']","[0.8, 0.4, 0.2]","[u'medium', u'low', u'high']",black,50,middle,low,False,False,655,4400,NA
A3P6BRCL0IC22S,Mon Dec 04 2017 06:23:27 GMT-0800 (Pacific Standard Time),Mon Dec 04 2017 06:47:10 GMT-0800 (Pacific Standard Time),"Mozilla/5.0 (Windows NT 6.3; Win64; x64) AppleWebKit/537.36 (KHTML, like Gecko) Chrome/62.0.3202.94 Safari/537.36",156,"[0.9, 0.5, 0.1]","[0.8, 0.4, 0.2]","[u'red', u'black', u'blue']","[u'left', u'middle', u'right']","[0.8, 0.4, 0.2]","[u'medium', u'low', u'high']",black,50,middle,low,False,False,66708,4350,NA
A3P6BRCL0IC22S,Mon Dec 04 2017 06:23:27 GMT-0800 (Pacific Standard Time),Mon Dec 04 2017 06:47:10 GMT-0800 (Pacific Standard Time),"Mozilla/5.0 (Windows NT 6.3; Win64; x64) AppleWebKit/537.36 (KHTML, like Gecko) Chrome/62.0.3202.94 Safari/537.36",157,"[0.9, 0.5, 0.1]","[0.8, 0.4, 0.2]","[u'red', u'black', u'blue']","[u'left', u'middle', u'right']","[0.8, 0.4, 0.2]","[u'medium', u'low', u'high']",blue,51,right,high,True,False,673,4450,NA
A3P6BRCL0IC22S,Mon Dec 04 2017 06:23:27 GMT-0800 (Pacific Standard Time),Mon Dec 04 2017 06:47:10 GMT-0800 (Pacific Standard Time),"Mozilla/5.0 (Windows NT 6.3; Win64; x64) AppleWebKit/537.36 (KHTML, like Gecko) Chrome/62.0.3202.94 Safari/537.36",158,"[0.9, 0.5, 0.1]","[0.8, 0.4, 0.2]","[u'red', u'black', u'blue']","[u'left', u'middle', u'right']","[0.8, 0.4, 0.2]","[u'medium', u'low', u'high']",red,49,left,medium,True,False,758,4550,NA
A3P6BRCL0IC22S,Mon Dec 04 2017 06:23:27 GMT-0800 (Pacific Standard Time),Mon Dec 04 2017 06:47:10 GMT-0800 (Pacific Standard Time),"Mozilla/5.0 (Windows NT 6.3; Win64; x64) AppleWebKit/537.36 (KHTML, like Gecko) Chrome/62.0.3202.94 Safari/537.36",159,"[0.9, 0.5, 0.1]","[0.8, 0.4, 0.2]","[u'red', u'black', u'blue']","[u'left', u'middle', u'right']","[0.8, 0.4, 0.2]","[u'medium', u'low', u'high']",blue,51,right,high,True,False,563,4650,NA
A3P6BRCL0IC22S,Mon Dec 04 2017 06:23:27 GMT-0800 (Pacific Standard Time),Mon Dec 04 2017 06:47:10 GMT-0800 (Pacific Standard Time),"Mozilla/5.0 (Windows NT 6.3; Win64; x64) AppleWebKit/537.36 (KHTML, like Gecko) Chrome/62.0.3202.94 Safari/537.36",160,"[0.9, 0.5, 0.1]","[0.8, 0.4, 0.2]","[u'red', u'black', u'blue']","[u'left', u'middle', u'right']","[0.8, 0.4, 0.2]","[u'medium', u'low', u'high']",blue,51,right,high,True,False,642,4750,NA
