A19TL7AJ0FB1JG,Fri Jun 08 2018 10:36:44 GMT-0500 (Central Daylight Time),Fri Jun 08 2018 10:43:11 GMT-0500 (Central Daylight Time),"Mozilla/5.0 (Windows NT 10.0; Win64; x64) AppleWebKit/537.36 (KHTML, like Gecko) Chrome/67.0.3396.79 Safari/537.36",1,"[0.9, 0.5, 0.1]","[0.9, 0.5, 0.1]","[u'black', u'red', u'blue']","[u'left', u'middle', u'right']","[0.9, 0.5, 0.1]","[u'high', u'low', u'medium']",black,49,left,high,True,False,504,100,NA
A19TL7AJ0FB1JG,Fri Jun 08 2018 10:36:44 GMT-0500 (Central Daylight Time),Fri Jun 08 2018 10:43:11 GMT-0500 (Central Daylight Time),"Mozilla/5.0 (Windows NT 10.0; Win64; x64) AppleWebKit/537.36 (KHTML, like Gecko) Chrome/67.0.3396.79 Safari/537.36",2,"[0.9, 0.5, 0.1]","[0.9, 0.5, 0.1]","[u'black', u'red', u'blue']","[u'left', u'middle', u'right']","[0.9, 0.5, 0.1]","[u'high', u'low', u'medium']",red,50,middle,low,False,False,227,50,NA
A19TL7AJ0FB1JG,Fri Jun 08 2018 10:36:44 GMT-0500 (Central Daylight Time),Fri Jun 08 2018 10:43:11 GMT-0500 (Central Daylight Time),"Mozilla/5.0 (Windows NT 10.0; Win64; x64) AppleWebKit/537.36 (KHTML, like Gecko) Chrome/67.0.3396.79 Safari/537.36",3,"[0.9, 0.5, 0.1]","[0.9, 0.5, 0.1]","[u'black', u'red', u'blue']","[u'left', u'middle', u'right']","[0.9, 0.5, 0.1]","[u'high', u'low', u'medium']",blue,51,right,medium,False,False,165,0,NA
A19TL7AJ0FB1JG,Fri Jun 08 2018 10:36:44 GMT-0500 (Central Daylight Time),Fri Jun 08 2018 10:43:11 GMT-0500 (Central Daylight Time),"Mozilla/5.0 (Windows NT 10.0; Win64; x64) AppleWebKit/537.36 (KHTML, like Gecko) Chrome/67.0.3396.79 Safari/537.36",4,"[0.9, 0.5, 0.1]","[0.9, 0.5, 0.1]","[u'black', u'red', u'blue']","[u'left', u'middle', u'right']","[0.9, 0.5, 0.1]","[u'high', u'low', u'medium']",black,49,left,high,True,False,57,100,NA
A19TL7AJ0FB1JG,Fri Jun 08 2018 10:36:44 GMT-0500 (Central Daylight Time),Fri Jun 08 2018 10:43:11 GMT-0500 (Central Daylight Time),"Mozilla/5.0 (Windows NT 10.0; Win64; x64) AppleWebKit/537.36 (KHTML, like Gecko) Chrome/67.0.3396.79 Safari/537.36",5,"[0.9, 0.5, 0.1]","[0.9, 0.5, 0.1]","[u'black', u'red', u'blue']","[u'left', u'middle', u'right']","[0.9, 0.5, 0.1]","[u'high', u'low', u'medium']",black,49,left,high,False,False,163,50,NA
A19TL7AJ0FB1JG,Fri Jun 08 2018 10:36:44 GMT-0500 (Central Daylight Time),Fri Jun 08 2018 10:43:11 GMT-0500 (Central Daylight Time),"Mozilla/5.0 (Windows NT 10.0; Win64; x64) AppleWebKit/537.36 (KHTML, like Gecko) Chrome/67.0.3396.79 Safari/537.36",6,"[0.9, 0.5, 0.1]","[0.9, 0.5, 0.1]","[u'black', u'red', u'blue']","[u'left', u'middle', u'right']","[0.9, 0.5, 0.1]","[u'high', u'low', u'medium']",blue,51,right,medium,False,False,58,0,NA
A19TL7AJ0FB1JG,Fri Jun 08 2018 10:36:44 GMT-0500 (Central Daylight Time),Fri Jun 08 2018 10:43:11 GMT-0500 (Central Daylight Time),"Mozilla/5.0 (Windows NT 10.0; Win64; x64) AppleWebKit/537.36 (KHTML, like Gecko) Chrome/67.0.3396.79 Safari/537.36",7,"[0.9, 0.5, 0.1]","[0.9, 0.5, 0.1]","[u'black', u'red', u'blue']","[u'left', u'middle', u'right']","[0.9, 0.5, 0.1]","[u'high', u'low', u'medium']",red,50,middle,low,False,False,68,-50,NA
A19TL7AJ0FB1JG,Fri Jun 08 2018 10:36:44 GMT-0500 (Central Daylight Time),Fri Jun 08 2018 10:43:11 GMT-0500 (Central Daylight Time),"Mozilla/5.0 (Windows NT 10.0; Win64; x64) AppleWebKit/537.36 (KHTML, like Gecko) Chrome/67.0.3396.79 Safari/537.36",8,"[0.9, 0.5, 0.1]","[0.9, 0.5, 0.1]","[u'black', u'red', u'blue']","[u'left', u'middle', u'right']","[0.9, 0.5, 0.1]","[u'high', u'low', u'medium']",black,49,left,high,True,False,227,50,NA
A19TL7AJ0FB1JG,Fri Jun 08 2018 10:36:44 GMT-0500 (Central Daylight Time),Fri Jun 08 2018 10:43:11 GMT-0500 (Central Daylight Time),"Mozilla/5.0 (Windows NT 10.0; Win64; x64) AppleWebKit/537.36 (KHTML, like Gecko) Chrome/67.0.3396.79 Safari/537.36",9,"[0.9, 0.5, 0.1]","[0.9, 0.5, 0.1]","[u'black', u'red', u'blue']","[u'left', u'middle', u'right']","[0.9, 0.5, 0.1]","[u'high', u'low', u'medium']",red,50,middle,low,False,False,180,0,NA
A19TL7AJ0FB1JG,Fri Jun 08 2018 10:36:44 GMT-0500 (Central Daylight Time),Fri Jun 08 2018 10:43:11 GMT-0500 (Central Daylight Time),"Mozilla/5.0 (Windows NT 10.0; Win64; x64) AppleWebKit/537.36 (KHTML, like Gecko) Chrome/67.0.3396.79 Safari/537.36",10,"[0.9, 0.5, 0.1]","[0.9, 0.5, 0.1]","[u'black', u'red', u'blue']","[u'left', u'middle', u'right']","[0.9, 0.5, 0.1]","[u'high', u'low', u'medium']",black,49,left,high,True,False,183,100,NA
A19TL7AJ0FB1JG,Fri Jun 08 2018 10:36:44 GMT-0500 (Central Daylight Time),Fri Jun 08 2018 10:43:11 GMT-0500 (Central Daylight Time),"Mozilla/5.0 (Windows NT 10.0; Win64; x64) AppleWebKit/537.36 (KHTML, like Gecko) Chrome/67.0.3396.79 Safari/537.36",11,"[0.9, 0.5, 0.1]","[0.9, 0.5, 0.1]","[u'black', u'red', u'blue']","[u'left', u'middle', u'right']","[0.9, 0.5, 0.1]","[u'high', u'low', u'medium']",black,49,left,high,True,False,218,200,NA
A19TL7AJ0FB1JG,Fri Jun 08 2018 10:36:44 GMT-0500 (Central Daylight Time),Fri Jun 08 2018 10:43:11 GMT-0500 (Central Daylight Time),"Mozilla/5.0 (Windows NT 10.0; Win64; x64) AppleWebKit/537.36 (KHTML, like Gecko) Chrome/67.0.3396.79 Safari/537.36",12,"[0.9, 0.5, 0.1]","[0.9, 0.5, 0.1]","[u'black', u'red', u'blue']","[u'left', u'middle', u'right']","[0.9, 0.5, 0.1]","[u'high', u'low', u'medium']",black,49,left,high,True,False,123,300,NA
A19TL7AJ0FB1JG,Fri Jun 08 2018 10:36:44 GMT-0500 (Central Daylight Time),Fri Jun 08 2018 10:43:11 GMT-0500 (Central Daylight Time),"Mozilla/5.0 (Windows NT 10.0; Win64; x64) AppleWebKit/537.36 (KHTML, like Gecko) Chrome/67.0.3396.79 Safari/537.36",13,"[0.9, 0.5, 0.1]","[0.9, 0.5, 0.1]","[u'black', u'red', u'blue']","[u'left', u'middle', u'right']","[0.9, 0.5, 0.1]","[u'high', u'low', u'medium']",black,49,left,high,True,False,187,400,NA
A19TL7AJ0FB1JG,Fri Jun 08 2018 10:36:44 GMT-0500 (Central Daylight Time),Fri Jun 08 2018 10:43:11 GMT-0500 (Central Daylight Time),"Mozilla/5.0 (Windows NT 10.0; Win64; x64) AppleWebKit/537.36 (KHTML, like Gecko) Chrome/67.0.3396.79 Safari/537.36",14,"[0.9, 0.5, 0.1]","[0.9, 0.5, 0.1]","[u'black', u'red', u'blue']","[u'left', u'middle', u'right']","[0.9, 0.5, 0.1]","[u'high', u'low', u'medium']",black,49,left,high,True,False,202,500,NA
A19TL7AJ0FB1JG,Fri Jun 08 2018 10:36:44 GMT-0500 (Central Daylight Time),Fri Jun 08 2018 10:43:11 GMT-0500 (Central Daylight Time),"Mozilla/5.0 (Windows NT 10.0; Win64; x64) AppleWebKit/537.36 (KHTML, like Gecko) Chrome/67.0.3396.79 Safari/537.36",15,"[0.9, 0.5, 0.1]","[0.9, 0.5, 0.1]","[u'black', u'red', u'blue']","[u'left', u'middle', u'right']","[0.9, 0.5, 0.1]","[u'high', u'low', u'medium']",black,49,left,high,True,False,181,600,NA
A19TL7AJ0FB1JG,Fri Jun 08 2018 10:36:44 GMT-0500 (Central Daylight Time),Fri Jun 08 2018 10:43:11 GMT-0500 (Central Daylight Time),"Mozilla/5.0 (Windows NT 10.0; Win64; x64) AppleWebKit/537.36 (KHTML, like Gecko) Chrome/67.0.3396.79 Safari/537.36",16,"[0.9, 0.5, 0.1]","[0.9, 0.5, 0.1]","[u'black', u'red', u'blue']","[u'left', u'middle', u'right']","[0.9, 0.5, 0.1]","[u'high', u'low', u'medium']",black,49,left,high,True,False,214,700,NA
A19TL7AJ0FB1JG,Fri Jun 08 2018 10:36:44 GMT-0500 (Central Daylight Time),Fri Jun 08 2018 10:43:11 GMT-0500 (Central Daylight Time),"Mozilla/5.0 (Windows NT 10.0; Win64; x64) AppleWebKit/537.36 (KHTML, like Gecko) Chrome/67.0.3396.79 Safari/537.36",17,"[0.9, 0.5, 0.1]","[0.9, 0.5, 0.1]","[u'black', u'red', u'blue']","[u'left', u'middle', u'right']","[0.9, 0.5, 0.1]","[u'high', u'low', u'medium']",black,49,left,high,True,True,440,800,NA
A19TL7AJ0FB1JG,Fri Jun 08 2018 10:36:44 GMT-0500 (Central Daylight Time),Fri Jun 08 2018 10:43:11 GMT-0500 (Central Daylight Time),"Mozilla/5.0 (Windows NT 10.0; Win64; x64) AppleWebKit/537.36 (KHTML, like Gecko) Chrome/67.0.3396.79 Safari/537.36",18,"[0.9, 0.5, 0.1]","[0.9, 0.5, 0.1]","[u'black', u'red', u'blue']","[u'left', u'middle', u'right']","[0.9, 0.5, 0.1]","[u'medium', u'low', u'high']",blue,51,right,high,True,False,483,900,NA
A19TL7AJ0FB1JG,Fri Jun 08 2018 10:36:44 GMT-0500 (Central Daylight Time),Fri Jun 08 2018 10:43:11 GMT-0500 (Central Daylight Time),"Mozilla/5.0 (Windows NT 10.0; Win64; x64) AppleWebKit/537.36 (KHTML, like Gecko) Chrome/67.0.3396.79 Safari/537.36",19,"[0.9, 0.5, 0.1]","[0.9, 0.5, 0.1]","[u'black', u'red', u'blue']","[u'left', u'middle', u'right']","[0.9, 0.5, 0.1]","[u'medium', u'low', u'high']",black,49,left,medium,True,False,234,1000,NA
A19TL7AJ0FB1JG,Fri Jun 08 2018 10:36:44 GMT-0500 (Central Daylight Time),Fri Jun 08 2018 10:43:11 GMT-0500 (Central Daylight Time),"Mozilla/5.0 (Windows NT 10.0; Win64; x64) AppleWebKit/537.36 (KHTML, like Gecko) Chrome/67.0.3396.79 Safari/537.36",20,"[0.9, 0.5, 0.1]","[0.9, 0.5, 0.1]","[u'black', u'red', u'blue']","[u'left', u'middle', u'right']","[0.9, 0.5, 0.1]","[u'medium', u'low', u'high']",black,49,left,medium,True,False,212,1100,NA
A19TL7AJ0FB1JG,Fri Jun 08 2018 10:36:44 GMT-0500 (Central Daylight Time),Fri Jun 08 2018 10:43:11 GMT-0500 (Central Daylight Time),"Mozilla/5.0 (Windows NT 10.0; Win64; x64) AppleWebKit/537.36 (KHTML, like Gecko) Chrome/67.0.3396.79 Safari/537.36",21,"[0.9, 0.5, 0.1]","[0.9, 0.5, 0.1]","[u'black', u'red', u'blue']","[u'left', u'middle', u'right']","[0.9, 0.5, 0.1]","[u'medium', u'low', u'high']",black,49,left,medium,True,False,131,1200,NA
A19TL7AJ0FB1JG,Fri Jun 08 2018 10:36:44 GMT-0500 (Central Daylight Time),Fri Jun 08 2018 10:43:11 GMT-0500 (Central Daylight Time),"Mozilla/5.0 (Windows NT 10.0; Win64; x64) AppleWebKit/537.36 (KHTML, like Gecko) Chrome/67.0.3396.79 Safari/537.36",22,"[0.9, 0.5, 0.1]","[0.9, 0.5, 0.1]","[u'black', u'red', u'blue']","[u'left', u'middle', u'right']","[0.9, 0.5, 0.1]","[u'medium', u'low', u'high']",blue,51,right,high,True,False,143,1300,NA
A19TL7AJ0FB1JG,Fri Jun 08 2018 10:36:44 GMT-0500 (Central Daylight Time),Fri Jun 08 2018 10:43:11 GMT-0500 (Central Daylight Time),"Mozilla/5.0 (Windows NT 10.0; Win64; x64) AppleWebKit/537.36 (KHTML, like Gecko) Chrome/67.0.3396.79 Safari/537.36",23,"[0.9, 0.5, 0.1]","[0.9, 0.5, 0.1]","[u'black', u'red', u'blue']","[u'left', u'middle', u'right']","[0.9, 0.5, 0.1]","[u'medium', u'low', u'high']",black,49,left,medium,False,False,537,1250,NA
A19TL7AJ0FB1JG,Fri Jun 08 2018 10:36:44 GMT-0500 (Central Daylight Time),Fri Jun 08 2018 10:43:11 GMT-0500 (Central Daylight Time),"Mozilla/5.0 (Windows NT 10.0; Win64; x64) AppleWebKit/537.36 (KHTML, like Gecko) Chrome/67.0.3396.79 Safari/537.36",24,"[0.9, 0.5, 0.1]","[0.9, 0.5, 0.1]","[u'black', u'red', u'blue']","[u'left', u'middle', u'right']","[0.9, 0.5, 0.1]","[u'medium', u'low', u'high']",red,50,middle,low,False,False,218,1200,NA
A19TL7AJ0FB1JG,Fri Jun 08 2018 10:36:44 GMT-0500 (Central Daylight Time),Fri Jun 08 2018 10:43:11 GMT-0500 (Central Daylight Time),"Mozilla/5.0 (Windows NT 10.0; Win64; x64) AppleWebKit/537.36 (KHTML, like Gecko) Chrome/67.0.3396.79 Safari/537.36",25,"[0.9, 0.5, 0.1]","[0.9, 0.5, 0.1]","[u'black', u'red', u'blue']","[u'left', u'middle', u'right']","[0.9, 0.5, 0.1]","[u'medium', u'low', u'high']",blue,51,right,high,False,False,163,1150,NA
A19TL7AJ0FB1JG,Fri Jun 08 2018 10:36:44 GMT-0500 (Central Daylight Time),Fri Jun 08 2018 10:43:11 GMT-0500 (Central Daylight Time),"Mozilla/5.0 (Windows NT 10.0; Win64; x64) AppleWebKit/537.36 (KHTML, like Gecko) Chrome/67.0.3396.79 Safari/537.36",26,"[0.9, 0.5, 0.1]","[0.9, 0.5, 0.1]","[u'black', u'red', u'blue']","[u'left', u'middle', u'right']","[0.9, 0.5, 0.1]","[u'medium', u'low', u'high']",blue,51,right,high,True,False,107,1250,NA
A19TL7AJ0FB1JG,Fri Jun 08 2018 10:36:44 GMT-0500 (Central Daylight Time),Fri Jun 08 2018 10:43:11 GMT-0500 (Central Daylight Time),"Mozilla/5.0 (Windows NT 10.0; Win64; x64) AppleWebKit/537.36 (KHTML, like Gecko) Chrome/67.0.3396.79 Safari/537.36",27,"[0.9, 0.5, 0.1]","[0.9, 0.5, 0.1]","[u'black', u'red', u'blue']","[u'left', u'middle', u'right']","[0.9, 0.5, 0.1]","[u'medium', u'low', u'high']",black,49,left,medium,False,False,162,1200,NA
A19TL7AJ0FB1JG,Fri Jun 08 2018 10:36:44 GMT-0500 (Central Daylight Time),Fri Jun 08 2018 10:43:11 GMT-0500 (Central Daylight Time),"Mozilla/5.0 (Windows NT 10.0; Win64; x64) AppleWebKit/537.36 (KHTML, like Gecko) Chrome/67.0.3396.79 Safari/537.36",28,"[0.9, 0.5, 0.1]","[0.9, 0.5, 0.1]","[u'black', u'red', u'blue']","[u'left', u'middle', u'right']","[0.9, 0.5, 0.1]","[u'medium', u'low', u'high']",blue,51,right,high,True,False,87,1300,NA
A19TL7AJ0FB1JG,Fri Jun 08 2018 10:36:44 GMT-0500 (Central Daylight Time),Fri Jun 08 2018 10:43:11 GMT-0500 (Central Daylight Time),"Mozilla/5.0 (Windows NT 10.0; Win64; x64) AppleWebKit/537.36 (KHTML, like Gecko) Chrome/67.0.3396.79 Safari/537.36",29,"[0.9, 0.5, 0.1]","[0.9, 0.5, 0.1]","[u'black', u'red', u'blue']","[u'left', u'middle', u'right']","[0.9, 0.5, 0.1]","[u'medium', u'low', u'high']",blue,51,right,high,True,False,96,1400,NA
A19TL7AJ0FB1JG,Fri Jun 08 2018 10:36:44 GMT-0500 (Central Daylight Time),Fri Jun 08 2018 10:43:11 GMT-0500 (Central Daylight Time),"Mozilla/5.0 (Windows NT 10.0; Win64; x64) AppleWebKit/537.36 (KHTML, like Gecko) Chrome/67.0.3396.79 Safari/537.36",30,"[0.9, 0.5, 0.1]","[0.9, 0.5, 0.1]","[u'black', u'red', u'blue']","[u'left', u'middle', u'right']","[0.9, 0.5, 0.1]","[u'medium', u'low', u'high']",blue,51,right,high,True,False,155,1500,NA
A19TL7AJ0FB1JG,Fri Jun 08 2018 10:36:44 GMT-0500 (Central Daylight Time),Fri Jun 08 2018 10:43:11 GMT-0500 (Central Daylight Time),"Mozilla/5.0 (Windows NT 10.0; Win64; x64) AppleWebKit/537.36 (KHTML, like Gecko) Chrome/67.0.3396.79 Safari/537.36",31,"[0.9, 0.5, 0.1]","[0.9, 0.5, 0.1]","[u'black', u'red', u'blue']","[u'left', u'middle', u'right']","[0.9, 0.5, 0.1]","[u'medium', u'low', u'high']",blue,51,right,high,True,False,202,1600,NA
A19TL7AJ0FB1JG,Fri Jun 08 2018 10:36:44 GMT-0500 (Central Daylight Time),Fri Jun 08 2018 10:43:11 GMT-0500 (Central Daylight Time),"Mozilla/5.0 (Windows NT 10.0; Win64; x64) AppleWebKit/537.36 (KHTML, like Gecko) Chrome/67.0.3396.79 Safari/537.36",32,"[0.9, 0.5, 0.1]","[0.9, 0.5, 0.1]","[u'black', u'red', u'blue']","[u'left', u'middle', u'right']","[0.9, 0.5, 0.1]","[u'medium', u'low', u'high']",blue,51,right,high,True,False,171,1700,NA
A19TL7AJ0FB1JG,Fri Jun 08 2018 10:36:44 GMT-0500 (Central Daylight Time),Fri Jun 08 2018 10:43:11 GMT-0500 (Central Daylight Time),"Mozilla/5.0 (Windows NT 10.0; Win64; x64) AppleWebKit/537.36 (KHTML, like Gecko) Chrome/67.0.3396.79 Safari/537.36",33,"[0.9, 0.5, 0.1]","[0.9, 0.5, 0.1]","[u'black', u'red', u'blue']","[u'left', u'middle', u'right']","[0.9, 0.5, 0.1]","[u'medium', u'low', u'high']",blue,51,right,high,True,False,138,1800,NA
A19TL7AJ0FB1JG,Fri Jun 08 2018 10:36:44 GMT-0500 (Central Daylight Time),Fri Jun 08 2018 10:43:11 GMT-0500 (Central Daylight Time),"Mozilla/5.0 (Windows NT 10.0; Win64; x64) AppleWebKit/537.36 (KHTML, like Gecko) Chrome/67.0.3396.79 Safari/537.36",34,"[0.9, 0.5, 0.1]","[0.9, 0.5, 0.1]","[u'black', u'red', u'blue']","[u'left', u'middle', u'right']","[0.9, 0.5, 0.1]","[u'medium', u'low', u'high']",blue,51,right,high,True,True,84,1900,NA
A19TL7AJ0FB1JG,Fri Jun 08 2018 10:36:44 GMT-0500 (Central Daylight Time),Fri Jun 08 2018 10:43:11 GMT-0500 (Central Daylight Time),"Mozilla/5.0 (Windows NT 10.0; Win64; x64) AppleWebKit/537.36 (KHTML, like Gecko) Chrome/67.0.3396.79 Safari/537.36",35,"[0.9, 0.5, 0.1]","[0.9, 0.5, 0.1]","[u'black', u'red', u'blue']","[u'left', u'middle', u'right']","[0.9, 0.5, 0.1]","[u'high', u'medium', u'low']",blue,51,right,low,False,False,206,1850,NA
A19TL7AJ0FB1JG,Fri Jun 08 2018 10:36:44 GMT-0500 (Central Daylight Time),Fri Jun 08 2018 10:43:11 GMT-0500 (Central Daylight Time),"Mozilla/5.0 (Windows NT 10.0; Win64; x64) AppleWebKit/537.36 (KHTML, like Gecko) Chrome/67.0.3396.79 Safari/537.36",36,"[0.9, 0.5, 0.1]","[0.9, 0.5, 0.1]","[u'black', u'red', u'blue']","[u'left', u'middle', u'right']","[0.9, 0.5, 0.1]","[u'high', u'medium', u'low']",black,49,left,high,False,False,104,1800,NA
A19TL7AJ0FB1JG,Fri Jun 08 2018 10:36:44 GMT-0500 (Central Daylight Time),Fri Jun 08 2018 10:43:11 GMT-0500 (Central Daylight Time),"Mozilla/5.0 (Windows NT 10.0; Win64; x64) AppleWebKit/537.36 (KHTML, like Gecko) Chrome/67.0.3396.79 Safari/537.36",37,"[0.9, 0.5, 0.1]","[0.9, 0.5, 0.1]","[u'black', u'red', u'blue']","[u'left', u'middle', u'right']","[0.9, 0.5, 0.1]","[u'high', u'medium', u'low']",red,50,middle,medium,False,False,138,1750,NA
A19TL7AJ0FB1JG,Fri Jun 08 2018 10:36:44 GMT-0500 (Central Daylight Time),Fri Jun 08 2018 10:43:11 GMT-0500 (Central Daylight Time),"Mozilla/5.0 (Windows NT 10.0; Win64; x64) AppleWebKit/537.36 (KHTML, like Gecko) Chrome/67.0.3396.79 Safari/537.36",38,"[0.9, 0.5, 0.1]","[0.9, 0.5, 0.1]","[u'black', u'red', u'blue']","[u'left', u'middle', u'right']","[0.9, 0.5, 0.1]","[u'high', u'medium', u'low']",blue,51,right,low,False,False,60,1700,NA
A19TL7AJ0FB1JG,Fri Jun 08 2018 10:36:44 GMT-0500 (Central Daylight Time),Fri Jun 08 2018 10:43:11 GMT-0500 (Central Daylight Time),"Mozilla/5.0 (Windows NT 10.0; Win64; x64) AppleWebKit/537.36 (KHTML, like Gecko) Chrome/67.0.3396.79 Safari/537.36",39,"[0.9, 0.5, 0.1]","[0.9, 0.5, 0.1]","[u'black', u'red', u'blue']","[u'left', u'middle', u'right']","[0.9, 0.5, 0.1]","[u'high', u'medium', u'low']",blue,51,right,low,False,False,83,1650,NA
A19TL7AJ0FB1JG,Fri Jun 08 2018 10:36:44 GMT-0500 (Central Daylight Time),Fri Jun 08 2018 10:43:11 GMT-0500 (Central Daylight Time),"Mozilla/5.0 (Windows NT 10.0; Win64; x64) AppleWebKit/537.36 (KHTML, like Gecko) Chrome/67.0.3396.79 Safari/537.36",40,"[0.9, 0.5, 0.1]","[0.9, 0.5, 0.1]","[u'black', u'red', u'blue']","[u'left', u'middle', u'right']","[0.9, 0.5, 0.1]","[u'high', u'medium', u'low']",red,50,middle,medium,True,False,355,1750,NA
A19TL7AJ0FB1JG,Fri Jun 08 2018 10:36:44 GMT-0500 (Central Daylight Time),Fri Jun 08 2018 10:43:11 GMT-0500 (Central Daylight Time),"Mozilla/5.0 (Windows NT 10.0; Win64; x64) AppleWebKit/537.36 (KHTML, like Gecko) Chrome/67.0.3396.79 Safari/537.36",41,"[0.9, 0.5, 0.1]","[0.9, 0.5, 0.1]","[u'black', u'red', u'blue']","[u'left', u'middle', u'right']","[0.9, 0.5, 0.1]","[u'medium', u'low', u'high']",red,50,middle,low,False,False,222,1700,NA
A19TL7AJ0FB1JG,Fri Jun 08 2018 10:36:44 GMT-0500 (Central Daylight Time),Fri Jun 08 2018 10:43:11 GMT-0500 (Central Daylight Time),"Mozilla/5.0 (Windows NT 10.0; Win64; x64) AppleWebKit/537.36 (KHTML, like Gecko) Chrome/67.0.3396.79 Safari/537.36",42,"[0.9, 0.5, 0.1]","[0.9, 0.5, 0.1]","[u'black', u'red', u'blue']","[u'left', u'middle', u'right']","[0.9, 0.5, 0.1]","[u'medium', u'low', u'high']",black,49,left,medium,False,False,196,1650,NA
A19TL7AJ0FB1JG,Fri Jun 08 2018 10:36:44 GMT-0500 (Central Daylight Time),Fri Jun 08 2018 10:43:11 GMT-0500 (Central Daylight Time),"Mozilla/5.0 (Windows NT 10.0; Win64; x64) AppleWebKit/537.36 (KHTML, like Gecko) Chrome/67.0.3396.79 Safari/537.36",43,"[0.9, 0.5, 0.1]","[0.9, 0.5, 0.1]","[u'black', u'red', u'blue']","[u'left', u'middle', u'right']","[0.9, 0.5, 0.1]","[u'medium', u'low', u'high']",blue,51,right,high,True,False,195,1750,NA
A19TL7AJ0FB1JG,Fri Jun 08 2018 10:36:44 GMT-0500 (Central Daylight Time),Fri Jun 08 2018 10:43:11 GMT-0500 (Central Daylight Time),"Mozilla/5.0 (Windows NT 10.0; Win64; x64) AppleWebKit/537.36 (KHTML, like Gecko) Chrome/67.0.3396.79 Safari/537.36",44,"[0.9, 0.5, 0.1]","[0.9, 0.5, 0.1]","[u'black', u'red', u'blue']","[u'left', u'middle', u'right']","[0.9, 0.5, 0.1]","[u'medium', u'low', u'high']",blue,51,right,high,True,False,171,1850,NA
A19TL7AJ0FB1JG,Fri Jun 08 2018 10:36:44 GMT-0500 (Central Daylight Time),Fri Jun 08 2018 10:43:11 GMT-0500 (Central Daylight Time),"Mozilla/5.0 (Windows NT 10.0; Win64; x64) AppleWebKit/537.36 (KHTML, like Gecko) Chrome/67.0.3396.79 Safari/537.36",45,"[0.9, 0.5, 0.1]","[0.9, 0.5, 0.1]","[u'black', u'red', u'blue']","[u'left', u'middle', u'right']","[0.9, 0.5, 0.1]","[u'medium', u'low', u'high']",blue,51,right,high,False,False,155,1800,NA
A19TL7AJ0FB1JG,Fri Jun 08 2018 10:36:44 GMT-0500 (Central Daylight Time),Fri Jun 08 2018 10:43:11 GMT-0500 (Central Daylight Time),"Mozilla/5.0 (Windows NT 10.0; Win64; x64) AppleWebKit/537.36 (KHTML, like Gecko) Chrome/67.0.3396.79 Safari/537.36",46,"[0.9, 0.5, 0.1]","[0.9, 0.5, 0.1]","[u'black', u'red', u'blue']","[u'left', u'middle', u'right']","[0.9, 0.5, 0.1]","[u'medium', u'low', u'high']",blue,51,right,high,True,False,203,1900,NA
A19TL7AJ0FB1JG,Fri Jun 08 2018 10:36:44 GMT-0500 (Central Daylight Time),Fri Jun 08 2018 10:43:11 GMT-0500 (Central Daylight Time),"Mozilla/5.0 (Windows NT 10.0; Win64; x64) AppleWebKit/537.36 (KHTML, like Gecko) Chrome/67.0.3396.79 Safari/537.36",47,"[0.9, 0.5, 0.1]","[0.9, 0.5, 0.1]","[u'black', u'red', u'blue']","[u'left', u'middle', u'right']","[0.9, 0.5, 0.1]","[u'medium', u'low', u'high']",blue,51,right,high,True,False,94,2000,NA
A19TL7AJ0FB1JG,Fri Jun 08 2018 10:36:44 GMT-0500 (Central Daylight Time),Fri Jun 08 2018 10:43:11 GMT-0500 (Central Daylight Time),"Mozilla/5.0 (Windows NT 10.0; Win64; x64) AppleWebKit/537.36 (KHTML, like Gecko) Chrome/67.0.3396.79 Safari/537.36",48,"[0.9, 0.5, 0.1]","[0.9, 0.5, 0.1]","[u'black', u'red', u'blue']","[u'left', u'middle', u'right']","[0.9, 0.5, 0.1]","[u'medium', u'low', u'high']",blue,51,right,high,True,False,128,2100,NA
A19TL7AJ0FB1JG,Fri Jun 08 2018 10:36:44 GMT-0500 (Central Daylight Time),Fri Jun 08 2018 10:43:11 GMT-0500 (Central Daylight Time),"Mozilla/5.0 (Windows NT 10.0; Win64; x64) AppleWebKit/537.36 (KHTML, like Gecko) Chrome/67.0.3396.79 Safari/537.36",49,"[0.9, 0.5, 0.1]","[0.9, 0.5, 0.1]","[u'black', u'red', u'blue']","[u'left', u'middle', u'right']","[0.9, 0.5, 0.1]","[u'medium', u'low', u'high']",blue,51,right,high,True,False,131,2200,NA
A19TL7AJ0FB1JG,Fri Jun 08 2018 10:36:44 GMT-0500 (Central Daylight Time),Fri Jun 08 2018 10:43:11 GMT-0500 (Central Daylight Time),"Mozilla/5.0 (Windows NT 10.0; Win64; x64) AppleWebKit/537.36 (KHTML, like Gecko) Chrome/67.0.3396.79 Safari/537.36",50,"[0.9, 0.5, 0.1]","[0.9, 0.5, 0.1]","[u'black', u'red', u'blue']","[u'left', u'middle', u'right']","[0.9, 0.5, 0.1]","[u'medium', u'low', u'high']",blue,51,right,high,True,False,140,2300,NA
A19TL7AJ0FB1JG,Fri Jun 08 2018 10:36:44 GMT-0500 (Central Daylight Time),Fri Jun 08 2018 10:43:11 GMT-0500 (Central Daylight Time),"Mozilla/5.0 (Windows NT 10.0; Win64; x64) AppleWebKit/537.36 (KHTML, like Gecko) Chrome/67.0.3396.79 Safari/537.36",51,"[0.9, 0.5, 0.1]","[0.9, 0.5, 0.1]","[u'black', u'red', u'blue']","[u'left', u'middle', u'right']","[0.9, 0.5, 0.1]","[u'medium', u'low', u'high']",blue,51,right,high,True,True,59,2400,NA
A19TL7AJ0FB1JG,Fri Jun 08 2018 10:36:44 GMT-0500 (Central Daylight Time),Fri Jun 08 2018 10:43:11 GMT-0500 (Central Daylight Time),"Mozilla/5.0 (Windows NT 10.0; Win64; x64) AppleWebKit/537.36 (KHTML, like Gecko) Chrome/67.0.3396.79 Safari/537.36",52,"[0.9, 0.5, 0.1]","[0.9, 0.5, 0.1]","[u'black', u'red', u'blue']","[u'left', u'middle', u'right']","[0.9, 0.5, 0.1]","[u'high', u'low', u'medium']",blue,51,right,medium,True,False,284,2500,NA
A19TL7AJ0FB1JG,Fri Jun 08 2018 10:36:44 GMT-0500 (Central Daylight Time),Fri Jun 08 2018 10:43:11 GMT-0500 (Central Daylight Time),"Mozilla/5.0 (Windows NT 10.0; Win64; x64) AppleWebKit/537.36 (KHTML, like Gecko) Chrome/67.0.3396.79 Safari/537.36",53,"[0.9, 0.5, 0.1]","[0.9, 0.5, 0.1]","[u'black', u'red', u'blue']","[u'left', u'middle', u'right']","[0.9, 0.5, 0.1]","[u'high', u'low', u'medium']",blue,51,right,medium,False,False,242,2450,NA
A19TL7AJ0FB1JG,Fri Jun 08 2018 10:36:44 GMT-0500 (Central Daylight Time),Fri Jun 08 2018 10:43:11 GMT-0500 (Central Daylight Time),"Mozilla/5.0 (Windows NT 10.0; Win64; x64) AppleWebKit/537.36 (KHTML, like Gecko) Chrome/67.0.3396.79 Safari/537.36",54,"[0.9, 0.5, 0.1]","[0.9, 0.5, 0.1]","[u'black', u'red', u'blue']","[u'left', u'middle', u'right']","[0.9, 0.5, 0.1]","[u'high', u'low', u'medium']",blue,51,right,medium,False,False,149,2400,NA
A19TL7AJ0FB1JG,Fri Jun 08 2018 10:36:44 GMT-0500 (Central Daylight Time),Fri Jun 08 2018 10:43:11 GMT-0500 (Central Daylight Time),"Mozilla/5.0 (Windows NT 10.0; Win64; x64) AppleWebKit/537.36 (KHTML, like Gecko) Chrome/67.0.3396.79 Safari/537.36",55,"[0.9, 0.5, 0.1]","[0.9, 0.5, 0.1]","[u'black', u'red', u'blue']","[u'left', u'middle', u'right']","[0.9, 0.5, 0.1]","[u'high', u'low', u'medium']",black,49,left,high,True,False,31,2500,NA
A19TL7AJ0FB1JG,Fri Jun 08 2018 10:36:44 GMT-0500 (Central Daylight Time),Fri Jun 08 2018 10:43:11 GMT-0500 (Central Daylight Time),"Mozilla/5.0 (Windows NT 10.0; Win64; x64) AppleWebKit/537.36 (KHTML, like Gecko) Chrome/67.0.3396.79 Safari/537.36",56,"[0.9, 0.5, 0.1]","[0.9, 0.5, 0.1]","[u'black', u'red', u'blue']","[u'left', u'middle', u'right']","[0.9, 0.5, 0.1]","[u'high', u'low', u'medium']",black,49,left,high,True,False,236,2600,NA
A19TL7AJ0FB1JG,Fri Jun 08 2018 10:36:44 GMT-0500 (Central Daylight Time),Fri Jun 08 2018 10:43:11 GMT-0500 (Central Daylight Time),"Mozilla/5.0 (Windows NT 10.0; Win64; x64) AppleWebKit/537.36 (KHTML, like Gecko) Chrome/67.0.3396.79 Safari/537.36",57,"[0.9, 0.5, 0.1]","[0.9, 0.5, 0.1]","[u'black', u'red', u'blue']","[u'left', u'middle', u'right']","[0.9, 0.5, 0.1]","[u'high', u'low', u'medium']",black,49,left,high,True,False,218,2700,NA
A19TL7AJ0FB1JG,Fri Jun 08 2018 10:36:44 GMT-0500 (Central Daylight Time),Fri Jun 08 2018 10:43:11 GMT-0500 (Central Daylight Time),"Mozilla/5.0 (Windows NT 10.0; Win64; x64) AppleWebKit/537.36 (KHTML, like Gecko) Chrome/67.0.3396.79 Safari/537.36",58,"[0.9, 0.5, 0.1]","[0.9, 0.5, 0.1]","[u'black', u'red', u'blue']","[u'left', u'middle', u'right']","[0.9, 0.5, 0.1]","[u'high', u'low', u'medium']",black,49,left,high,False,False,275,2650,NA
A19TL7AJ0FB1JG,Fri Jun 08 2018 10:36:44 GMT-0500 (Central Daylight Time),Fri Jun 08 2018 10:43:11 GMT-0500 (Central Daylight Time),"Mozilla/5.0 (Windows NT 10.0; Win64; x64) AppleWebKit/537.36 (KHTML, like Gecko) Chrome/67.0.3396.79 Safari/537.36",59,"[0.9, 0.5, 0.1]","[0.9, 0.5, 0.1]","[u'black', u'red', u'blue']","[u'left', u'middle', u'right']","[0.9, 0.5, 0.1]","[u'high', u'low', u'medium']",black,49,left,high,True,False,196,2750,NA
A19TL7AJ0FB1JG,Fri Jun 08 2018 10:36:44 GMT-0500 (Central Daylight Time),Fri Jun 08 2018 10:43:11 GMT-0500 (Central Daylight Time),"Mozilla/5.0 (Windows NT 10.0; Win64; x64) AppleWebKit/537.36 (KHTML, like Gecko) Chrome/67.0.3396.79 Safari/537.36",60,"[0.9, 0.5, 0.1]","[0.9, 0.5, 0.1]","[u'black', u'red', u'blue']","[u'left', u'middle', u'right']","[0.9, 0.5, 0.1]","[u'high', u'low', u'medium']",black,49,left,high,True,False,190,2850,NA
A19TL7AJ0FB1JG,Fri Jun 08 2018 10:36:44 GMT-0500 (Central Daylight Time),Fri Jun 08 2018 10:43:11 GMT-0500 (Central Daylight Time),"Mozilla/5.0 (Windows NT 10.0; Win64; x64) AppleWebKit/537.36 (KHTML, like Gecko) Chrome/67.0.3396.79 Safari/537.36",61,"[0.9, 0.5, 0.1]","[0.9, 0.5, 0.1]","[u'black', u'red', u'blue']","[u'left', u'middle', u'right']","[0.9, 0.5, 0.1]","[u'high', u'low', u'medium']",black,49,left,high,True,False,144,2950,NA
A19TL7AJ0FB1JG,Fri Jun 08 2018 10:36:44 GMT-0500 (Central Daylight Time),Fri Jun 08 2018 10:43:11 GMT-0500 (Central Daylight Time),"Mozilla/5.0 (Windows NT 10.0; Win64; x64) AppleWebKit/537.36 (KHTML, like Gecko) Chrome/67.0.3396.79 Safari/537.36",62,"[0.9, 0.5, 0.1]","[0.9, 0.5, 0.1]","[u'black', u'red', u'blue']","[u'left', u'middle', u'right']","[0.9, 0.5, 0.1]","[u'high', u'low', u'medium']",black,49,left,high,True,False,282,3050,NA
A19TL7AJ0FB1JG,Fri Jun 08 2018 10:36:44 GMT-0500 (Central Daylight Time),Fri Jun 08 2018 10:43:11 GMT-0500 (Central Daylight Time),"Mozilla/5.0 (Windows NT 10.0; Win64; x64) AppleWebKit/537.36 (KHTML, like Gecko) Chrome/67.0.3396.79 Safari/537.36",63,"[0.9, 0.5, 0.1]","[0.9, 0.5, 0.1]","[u'black', u'red', u'blue']","[u'left', u'middle', u'right']","[0.9, 0.5, 0.1]","[u'high', u'low', u'medium']",black,49,left,high,True,True,130,3150,NA
A19TL7AJ0FB1JG,Fri Jun 08 2018 10:36:44 GMT-0500 (Central Daylight Time),Fri Jun 08 2018 10:43:11 GMT-0500 (Central Daylight Time),"Mozilla/5.0 (Windows NT 10.0; Win64; x64) AppleWebKit/537.36 (KHTML, like Gecko) Chrome/67.0.3396.79 Safari/537.36",64,"[0.9, 0.5, 0.1]","[0.9, 0.5, 0.1]","[u'black', u'red', u'blue']","[u'left', u'middle', u'right']","[0.9, 0.5, 0.1]","[u'medium', u'high', u'low']",black,49,left,medium,False,False,237,3100,NA
A19TL7AJ0FB1JG,Fri Jun 08 2018 10:36:44 GMT-0500 (Central Daylight Time),Fri Jun 08 2018 10:43:11 GMT-0500 (Central Daylight Time),"Mozilla/5.0 (Windows NT 10.0; Win64; x64) AppleWebKit/537.36 (KHTML, like Gecko) Chrome/67.0.3396.79 Safari/537.36",65,"[0.9, 0.5, 0.1]","[0.9, 0.5, 0.1]","[u'black', u'red', u'blue']","[u'left', u'middle', u'right']","[0.9, 0.5, 0.1]","[u'medium', u'high', u'low']",black,49,left,medium,True,False,149,3200,NA
A19TL7AJ0FB1JG,Fri Jun 08 2018 10:36:44 GMT-0500 (Central Daylight Time),Fri Jun 08 2018 10:43:11 GMT-0500 (Central Daylight Time),"Mozilla/5.0 (Windows NT 10.0; Win64; x64) AppleWebKit/537.36 (KHTML, like Gecko) Chrome/67.0.3396.79 Safari/537.36",66,"[0.9, 0.5, 0.1]","[0.9, 0.5, 0.1]","[u'black', u'red', u'blue']","[u'left', u'middle', u'right']","[0.9, 0.5, 0.1]","[u'medium', u'high', u'low']",black,49,left,medium,True,False,238,3300,NA
A19TL7AJ0FB1JG,Fri Jun 08 2018 10:36:44 GMT-0500 (Central Daylight Time),Fri Jun 08 2018 10:43:11 GMT-0500 (Central Daylight Time),"Mozilla/5.0 (Windows NT 10.0; Win64; x64) AppleWebKit/537.36 (KHTML, like Gecko) Chrome/67.0.3396.79 Safari/537.36",67,"[0.9, 0.5, 0.1]","[0.9, 0.5, 0.1]","[u'black', u'red', u'blue']","[u'left', u'middle', u'right']","[0.9, 0.5, 0.1]","[u'medium', u'high', u'low']",black,49,left,medium,False,False,304,3250,NA
A19TL7AJ0FB1JG,Fri Jun 08 2018 10:36:44 GMT-0500 (Central Daylight Time),Fri Jun 08 2018 10:43:11 GMT-0500 (Central Daylight Time),"Mozilla/5.0 (Windows NT 10.0; Win64; x64) AppleWebKit/537.36 (KHTML, like Gecko) Chrome/67.0.3396.79 Safari/537.36",68,"[0.9, 0.5, 0.1]","[0.9, 0.5, 0.1]","[u'black', u'red', u'blue']","[u'left', u'middle', u'right']","[0.9, 0.5, 0.1]","[u'medium', u'high', u'low']",blue,51,right,low,False,False,148,3200,NA
A19TL7AJ0FB1JG,Fri Jun 08 2018 10:36:44 GMT-0500 (Central Daylight Time),Fri Jun 08 2018 10:43:11 GMT-0500 (Central Daylight Time),"Mozilla/5.0 (Windows NT 10.0; Win64; x64) AppleWebKit/537.36 (KHTML, like Gecko) Chrome/67.0.3396.79 Safari/537.36",69,"[0.9, 0.5, 0.1]","[0.9, 0.5, 0.1]","[u'black', u'red', u'blue']","[u'left', u'middle', u'right']","[0.9, 0.5, 0.1]","[u'medium', u'high', u'low']",red,50,middle,high,True,False,146,3300,NA
A19TL7AJ0FB1JG,Fri Jun 08 2018 10:36:44 GMT-0500 (Central Daylight Time),Fri Jun 08 2018 10:43:11 GMT-0500 (Central Daylight Time),"Mozilla/5.0 (Windows NT 10.0; Win64; x64) AppleWebKit/537.36 (KHTML, like Gecko) Chrome/67.0.3396.79 Safari/537.36",70,"[0.9, 0.5, 0.1]","[0.9, 0.5, 0.1]","[u'black', u'red', u'blue']","[u'left', u'middle', u'right']","[0.9, 0.5, 0.1]","[u'medium', u'high', u'low']",red,50,middle,high,True,False,84,3400,NA
A19TL7AJ0FB1JG,Fri Jun 08 2018 10:36:44 GMT-0500 (Central Daylight Time),Fri Jun 08 2018 10:43:11 GMT-0500 (Central Daylight Time),"Mozilla/5.0 (Windows NT 10.0; Win64; x64) AppleWebKit/537.36 (KHTML, like Gecko) Chrome/67.0.3396.79 Safari/537.36",71,"[0.9, 0.5, 0.1]","[0.9, 0.5, 0.1]","[u'black', u'red', u'blue']","[u'left', u'middle', u'right']","[0.9, 0.5, 0.1]","[u'medium', u'high', u'low']",red,50,middle,high,True,False,156,3500,NA
A19TL7AJ0FB1JG,Fri Jun 08 2018 10:36:44 GMT-0500 (Central Daylight Time),Fri Jun 08 2018 10:43:11 GMT-0500 (Central Daylight Time),"Mozilla/5.0 (Windows NT 10.0; Win64; x64) AppleWebKit/537.36 (KHTML, like Gecko) Chrome/67.0.3396.79 Safari/537.36",72,"[0.9, 0.5, 0.1]","[0.9, 0.5, 0.1]","[u'black', u'red', u'blue']","[u'left', u'middle', u'right']","[0.9, 0.5, 0.1]","[u'medium', u'high', u'low']",red,50,middle,high,True,False,90,3600,NA
A19TL7AJ0FB1JG,Fri Jun 08 2018 10:36:44 GMT-0500 (Central Daylight Time),Fri Jun 08 2018 10:43:11 GMT-0500 (Central Daylight Time),"Mozilla/5.0 (Windows NT 10.0; Win64; x64) AppleWebKit/537.36 (KHTML, like Gecko) Chrome/67.0.3396.79 Safari/537.36",73,"[0.9, 0.5, 0.1]","[0.9, 0.5, 0.1]","[u'black', u'red', u'blue']","[u'left', u'middle', u'right']","[0.9, 0.5, 0.1]","[u'medium', u'high', u'low']",red,50,middle,high,True,False,38,3700,NA
A19TL7AJ0FB1JG,Fri Jun 08 2018 10:36:44 GMT-0500 (Central Daylight Time),Fri Jun 08 2018 10:43:11 GMT-0500 (Central Daylight Time),"Mozilla/5.0 (Windows NT 10.0; Win64; x64) AppleWebKit/537.36 (KHTML, like Gecko) Chrome/67.0.3396.79 Safari/537.36",74,"[0.9, 0.5, 0.1]","[0.9, 0.5, 0.1]","[u'black', u'red', u'blue']","[u'left', u'middle', u'right']","[0.9, 0.5, 0.1]","[u'medium', u'high', u'low']",red,50,middle,high,True,False,168,3800,NA
A19TL7AJ0FB1JG,Fri Jun 08 2018 10:36:44 GMT-0500 (Central Daylight Time),Fri Jun 08 2018 10:43:11 GMT-0500 (Central Daylight Time),"Mozilla/5.0 (Windows NT 10.0; Win64; x64) AppleWebKit/537.36 (KHTML, like Gecko) Chrome/67.0.3396.79 Safari/537.36",75,"[0.9, 0.5, 0.1]","[0.9, 0.5, 0.1]","[u'black', u'red', u'blue']","[u'left', u'middle', u'right']","[0.9, 0.5, 0.1]","[u'medium', u'high', u'low']",red,50,middle,high,True,False,285,3900,NA
A19TL7AJ0FB1JG,Fri Jun 08 2018 10:36:44 GMT-0500 (Central Daylight Time),Fri Jun 08 2018 10:43:11 GMT-0500 (Central Daylight Time),"Mozilla/5.0 (Windows NT 10.0; Win64; x64) AppleWebKit/537.36 (KHTML, like Gecko) Chrome/67.0.3396.79 Safari/537.36",76,"[0.9, 0.5, 0.1]","[0.9, 0.5, 0.1]","[u'black', u'red', u'blue']","[u'left', u'middle', u'right']","[0.9, 0.5, 0.1]","[u'medium', u'high', u'low']",red,50,middle,high,False,False,260,3850,NA
A19TL7AJ0FB1JG,Fri Jun 08 2018 10:36:44 GMT-0500 (Central Daylight Time),Fri Jun 08 2018 10:43:11 GMT-0500 (Central Daylight Time),"Mozilla/5.0 (Windows NT 10.0; Win64; x64) AppleWebKit/537.36 (KHTML, like Gecko) Chrome/67.0.3396.79 Safari/537.36",77,"[0.9, 0.5, 0.1]","[0.9, 0.5, 0.1]","[u'black', u'red', u'blue']","[u'left', u'middle', u'right']","[0.9, 0.5, 0.1]","[u'medium', u'high', u'low']",black,49,left,medium,False,False,114,3800,NA
A19TL7AJ0FB1JG,Fri Jun 08 2018 10:36:44 GMT-0500 (Central Daylight Time),Fri Jun 08 2018 10:43:11 GMT-0500 (Central Daylight Time),"Mozilla/5.0 (Windows NT 10.0; Win64; x64) AppleWebKit/537.36 (KHTML, like Gecko) Chrome/67.0.3396.79 Safari/537.36",78,"[0.9, 0.5, 0.1]","[0.9, 0.5, 0.1]","[u'black', u'red', u'blue']","[u'left', u'middle', u'right']","[0.9, 0.5, 0.1]","[u'medium', u'high', u'low']",blue,51,right,low,False,False,412,3750,NA
A19TL7AJ0FB1JG,Fri Jun 08 2018 10:36:44 GMT-0500 (Central Daylight Time),Fri Jun 08 2018 10:43:11 GMT-0500 (Central Daylight Time),"Mozilla/5.0 (Windows NT 10.0; Win64; x64) AppleWebKit/537.36 (KHTML, like Gecko) Chrome/67.0.3396.79 Safari/537.36",79,"[0.9, 0.5, 0.1]","[0.9, 0.5, 0.1]","[u'black', u'red', u'blue']","[u'left', u'middle', u'right']","[0.9, 0.5, 0.1]","[u'medium', u'high', u'low']",blue,51,right,low,False,False,141,3700,NA
A19TL7AJ0FB1JG,Fri Jun 08 2018 10:36:44 GMT-0500 (Central Daylight Time),Fri Jun 08 2018 10:43:11 GMT-0500 (Central Daylight Time),"Mozilla/5.0 (Windows NT 10.0; Win64; x64) AppleWebKit/537.36 (KHTML, like Gecko) Chrome/67.0.3396.79 Safari/537.36",80,"[0.9, 0.5, 0.1]","[0.9, 0.5, 0.1]","[u'black', u'red', u'blue']","[u'left', u'middle', u'right']","[0.9, 0.5, 0.1]","[u'medium', u'high', u'low']",red,50,middle,high,True,False,200,3800,NA
A19TL7AJ0FB1JG,Fri Jun 08 2018 10:36:44 GMT-0500 (Central Daylight Time),Fri Jun 08 2018 10:43:11 GMT-0500 (Central Daylight Time),"Mozilla/5.0 (Windows NT 10.0; Win64; x64) AppleWebKit/537.36 (KHTML, like Gecko) Chrome/67.0.3396.79 Safari/537.36",81,"[0.9, 0.5, 0.1]","[0.9, 0.5, 0.1]","[u'black', u'red', u'blue']","[u'left', u'middle', u'right']","[0.9, 0.5, 0.1]","[u'low', u'medium', u'high']",red,50,middle,medium,False,False,235,3750,NA
A19TL7AJ0FB1JG,Fri Jun 08 2018 10:36:44 GMT-0500 (Central Daylight Time),Fri Jun 08 2018 10:43:11 GMT-0500 (Central Daylight Time),"Mozilla/5.0 (Windows NT 10.0; Win64; x64) AppleWebKit/537.36 (KHTML, like Gecko) Chrome/67.0.3396.79 Safari/537.36",82,"[0.9, 0.5, 0.1]","[0.9, 0.5, 0.1]","[u'black', u'red', u'blue']","[u'left', u'middle', u'right']","[0.9, 0.5, 0.1]","[u'low', u'medium', u'high']",black,49,left,low,False,False,227,3700,NA
A19TL7AJ0FB1JG,Fri Jun 08 2018 10:36:44 GMT-0500 (Central Daylight Time),Fri Jun 08 2018 10:43:11 GMT-0500 (Central Daylight Time),"Mozilla/5.0 (Windows NT 10.0; Win64; x64) AppleWebKit/537.36 (KHTML, like Gecko) Chrome/67.0.3396.79 Safari/537.36",83,"[0.9, 0.5, 0.1]","[0.9, 0.5, 0.1]","[u'black', u'red', u'blue']","[u'left', u'middle', u'right']","[0.9, 0.5, 0.1]","[u'low', u'medium', u'high']",blue,51,right,high,True,False,125,3800,NA
A19TL7AJ0FB1JG,Fri Jun 08 2018 10:36:44 GMT-0500 (Central Daylight Time),Fri Jun 08 2018 10:43:11 GMT-0500 (Central Daylight Time),"Mozilla/5.0 (Windows NT 10.0; Win64; x64) AppleWebKit/537.36 (KHTML, like Gecko) Chrome/67.0.3396.79 Safari/537.36",84,"[0.9, 0.5, 0.1]","[0.9, 0.5, 0.1]","[u'black', u'red', u'blue']","[u'left', u'middle', u'right']","[0.9, 0.5, 0.1]","[u'low', u'medium', u'high']",blue,51,right,high,True,False,206,3900,NA
A19TL7AJ0FB1JG,Fri Jun 08 2018 10:36:44 GMT-0500 (Central Daylight Time),Fri Jun 08 2018 10:43:11 GMT-0500 (Central Daylight Time),"Mozilla/5.0 (Windows NT 10.0; Win64; x64) AppleWebKit/537.36 (KHTML, like Gecko) Chrome/67.0.3396.79 Safari/537.36",85,"[0.9, 0.5, 0.1]","[0.9, 0.5, 0.1]","[u'black', u'red', u'blue']","[u'left', u'middle', u'right']","[0.9, 0.5, 0.1]","[u'low', u'medium', u'high']",blue,51,right,high,True,False,171,4000,NA
A19TL7AJ0FB1JG,Fri Jun 08 2018 10:36:44 GMT-0500 (Central Daylight Time),Fri Jun 08 2018 10:43:11 GMT-0500 (Central Daylight Time),"Mozilla/5.0 (Windows NT 10.0; Win64; x64) AppleWebKit/537.36 (KHTML, like Gecko) Chrome/67.0.3396.79 Safari/537.36",86,"[0.9, 0.5, 0.1]","[0.9, 0.5, 0.1]","[u'black', u'red', u'blue']","[u'left', u'middle', u'right']","[0.9, 0.5, 0.1]","[u'low', u'medium', u'high']",blue,51,right,high,True,False,163,4100,NA
A19TL7AJ0FB1JG,Fri Jun 08 2018 10:36:44 GMT-0500 (Central Daylight Time),Fri Jun 08 2018 10:43:11 GMT-0500 (Central Daylight Time),"Mozilla/5.0 (Windows NT 10.0; Win64; x64) AppleWebKit/537.36 (KHTML, like Gecko) Chrome/67.0.3396.79 Safari/537.36",87,"[0.9, 0.5, 0.1]","[0.9, 0.5, 0.1]","[u'black', u'red', u'blue']","[u'left', u'middle', u'right']","[0.9, 0.5, 0.1]","[u'low', u'medium', u'high']",blue,51,right,high,True,False,243,4200,NA
A19TL7AJ0FB1JG,Fri Jun 08 2018 10:36:44 GMT-0500 (Central Daylight Time),Fri Jun 08 2018 10:43:11 GMT-0500 (Central Daylight Time),"Mozilla/5.0 (Windows NT 10.0; Win64; x64) AppleWebKit/537.36 (KHTML, like Gecko) Chrome/67.0.3396.79 Safari/537.36",88,"[0.9, 0.5, 0.1]","[0.9, 0.5, 0.1]","[u'black', u'red', u'blue']","[u'left', u'middle', u'right']","[0.9, 0.5, 0.1]","[u'low', u'medium', u'high']",blue,51,right,high,True,False,267,4300,NA
A19TL7AJ0FB1JG,Fri Jun 08 2018 10:36:44 GMT-0500 (Central Daylight Time),Fri Jun 08 2018 10:43:11 GMT-0500 (Central Daylight Time),"Mozilla/5.0 (Windows NT 10.0; Win64; x64) AppleWebKit/537.36 (KHTML, like Gecko) Chrome/67.0.3396.79 Safari/537.36",89,"[0.9, 0.5, 0.1]","[0.9, 0.5, 0.1]","[u'black', u'red', u'blue']","[u'left', u'middle', u'right']","[0.9, 0.5, 0.1]","[u'low', u'medium', u'high']",blue,51,right,high,True,False,372,4400,NA
A19TL7AJ0FB1JG,Fri Jun 08 2018 10:36:44 GMT-0500 (Central Daylight Time),Fri Jun 08 2018 10:43:11 GMT-0500 (Central Daylight Time),"Mozilla/5.0 (Windows NT 10.0; Win64; x64) AppleWebKit/537.36 (KHTML, like Gecko) Chrome/67.0.3396.79 Safari/537.36",90,"[0.9, 0.5, 0.1]","[0.9, 0.5, 0.1]","[u'black', u'red', u'blue']","[u'left', u'middle', u'right']","[0.9, 0.5, 0.1]","[u'low', u'medium', u'high']",blue,51,right,high,True,False,207,4500,NA
A19TL7AJ0FB1JG,Fri Jun 08 2018 10:36:44 GMT-0500 (Central Daylight Time),Fri Jun 08 2018 10:43:11 GMT-0500 (Central Daylight Time),"Mozilla/5.0 (Windows NT 10.0; Win64; x64) AppleWebKit/537.36 (KHTML, like Gecko) Chrome/67.0.3396.79 Safari/537.36",91,"[0.9, 0.5, 0.1]","[0.9, 0.5, 0.1]","[u'black', u'red', u'blue']","[u'left', u'middle', u'right']","[0.9, 0.5, 0.1]","[u'low', u'medium', u'high']",blue,51,right,high,True,True,353,4600,NA
A19TL7AJ0FB1JG,Fri Jun 08 2018 10:36:44 GMT-0500 (Central Daylight Time),Fri Jun 08 2018 10:43:11 GMT-0500 (Central Daylight Time),"Mozilla/5.0 (Windows NT 10.0; Win64; x64) AppleWebKit/537.36 (KHTML, like Gecko) Chrome/67.0.3396.79 Safari/537.36",92,"[0.9, 0.5, 0.1]","[0.9, 0.5, 0.1]","[u'black', u'red', u'blue']","[u'left', u'middle', u'right']","[0.9, 0.5, 0.1]","[u'high', u'low', u'medium']",red,50,middle,low,False,False,371,4550,NA
A19TL7AJ0FB1JG,Fri Jun 08 2018 10:36:44 GMT-0500 (Central Daylight Time),Fri Jun 08 2018 10:43:11 GMT-0500 (Central Daylight Time),"Mozilla/5.0 (Windows NT 10.0; Win64; x64) AppleWebKit/537.36 (KHTML, like Gecko) Chrome/67.0.3396.79 Safari/537.36",93,"[0.9, 0.5, 0.1]","[0.9, 0.5, 0.1]","[u'black', u'red', u'blue']","[u'left', u'middle', u'right']","[0.9, 0.5, 0.1]","[u'high', u'low', u'medium']",blue,51,right,medium,False,False,130,4500,NA
A19TL7AJ0FB1JG,Fri Jun 08 2018 10:36:44 GMT-0500 (Central Daylight Time),Fri Jun 08 2018 10:43:11 GMT-0500 (Central Daylight Time),"Mozilla/5.0 (Windows NT 10.0; Win64; x64) AppleWebKit/537.36 (KHTML, like Gecko) Chrome/67.0.3396.79 Safari/537.36",94,"[0.9, 0.5, 0.1]","[0.9, 0.5, 0.1]","[u'black', u'red', u'blue']","[u'left', u'middle', u'right']","[0.9, 0.5, 0.1]","[u'high', u'low', u'medium']",black,49,left,high,True,False,188,4600,NA
A19TL7AJ0FB1JG,Fri Jun 08 2018 10:36:44 GMT-0500 (Central Daylight Time),Fri Jun 08 2018 10:43:11 GMT-0500 (Central Daylight Time),"Mozilla/5.0 (Windows NT 10.0; Win64; x64) AppleWebKit/537.36 (KHTML, like Gecko) Chrome/67.0.3396.79 Safari/537.36",95,"[0.9, 0.5, 0.1]","[0.9, 0.5, 0.1]","[u'black', u'red', u'blue']","[u'left', u'middle', u'right']","[0.9, 0.5, 0.1]","[u'high', u'low', u'medium']",black,49,left,high,True,False,218,4700,NA
A19TL7AJ0FB1JG,Fri Jun 08 2018 10:36:44 GMT-0500 (Central Daylight Time),Fri Jun 08 2018 10:43:11 GMT-0500 (Central Daylight Time),"Mozilla/5.0 (Windows NT 10.0; Win64; x64) AppleWebKit/537.36 (KHTML, like Gecko) Chrome/67.0.3396.79 Safari/537.36",96,"[0.9, 0.5, 0.1]","[0.9, 0.5, 0.1]","[u'black', u'red', u'blue']","[u'left', u'middle', u'right']","[0.9, 0.5, 0.1]","[u'high', u'low', u'medium']",black,49,left,high,True,False,142,4800,NA
A19TL7AJ0FB1JG,Fri Jun 08 2018 10:36:44 GMT-0500 (Central Daylight Time),Fri Jun 08 2018 10:43:11 GMT-0500 (Central Daylight Time),"Mozilla/5.0 (Windows NT 10.0; Win64; x64) AppleWebKit/537.36 (KHTML, like Gecko) Chrome/67.0.3396.79 Safari/537.36",97,"[0.9, 0.5, 0.1]","[0.9, 0.5, 0.1]","[u'black', u'red', u'blue']","[u'left', u'middle', u'right']","[0.9, 0.5, 0.1]","[u'high', u'low', u'medium']",black,49,left,high,True,False,136,4900,NA
A19TL7AJ0FB1JG,Fri Jun 08 2018 10:36:44 GMT-0500 (Central Daylight Time),Fri Jun 08 2018 10:43:11 GMT-0500 (Central Daylight Time),"Mozilla/5.0 (Windows NT 10.0; Win64; x64) AppleWebKit/537.36 (KHTML, like Gecko) Chrome/67.0.3396.79 Safari/537.36",98,"[0.9, 0.5, 0.1]","[0.9, 0.5, 0.1]","[u'black', u'red', u'blue']","[u'left', u'middle', u'right']","[0.9, 0.5, 0.1]","[u'high', u'low', u'medium']",black,49,left,high,True,False,43,5000,NA
A19TL7AJ0FB1JG,Fri Jun 08 2018 10:36:44 GMT-0500 (Central Daylight Time),Fri Jun 08 2018 10:43:11 GMT-0500 (Central Daylight Time),"Mozilla/5.0 (Windows NT 10.0; Win64; x64) AppleWebKit/537.36 (KHTML, like Gecko) Chrome/67.0.3396.79 Safari/537.36",99,"[0.9, 0.5, 0.1]","[0.9, 0.5, 0.1]","[u'black', u'red', u'blue']","[u'left', u'middle', u'right']","[0.9, 0.5, 0.1]","[u'high', u'low', u'medium']",black,49,left,high,True,False,154,5100,NA
A19TL7AJ0FB1JG,Fri Jun 08 2018 10:36:44 GMT-0500 (Central Daylight Time),Fri Jun 08 2018 10:43:11 GMT-0500 (Central Daylight Time),"Mozilla/5.0 (Windows NT 10.0; Win64; x64) AppleWebKit/537.36 (KHTML, like Gecko) Chrome/67.0.3396.79 Safari/537.36",100,"[0.9, 0.5, 0.1]","[0.9, 0.5, 0.1]","[u'black', u'red', u'blue']","[u'left', u'middle', u'right']","[0.9, 0.5, 0.1]","[u'high', u'low', u'medium']",black,49,left,high,True,False,26,5200,NA
A19TL7AJ0FB1JG,Fri Jun 08 2018 10:36:44 GMT-0500 (Central Daylight Time),Fri Jun 08 2018 10:43:11 GMT-0500 (Central Daylight Time),"Mozilla/5.0 (Windows NT 10.0; Win64; x64) AppleWebKit/537.36 (KHTML, like Gecko) Chrome/67.0.3396.79 Safari/537.36",101,"[0.9, 0.5, 0.1]","[0.9, 0.5, 0.1]","[u'black', u'red', u'blue']","[u'left', u'middle', u'right']","[0.9, 0.5, 0.1]","[u'high', u'low', u'medium']",black,49,left,high,True,False,643,5300,NA
A19TL7AJ0FB1JG,Fri Jun 08 2018 10:36:44 GMT-0500 (Central Daylight Time),Fri Jun 08 2018 10:43:11 GMT-0500 (Central Daylight Time),"Mozilla/5.0 (Windows NT 10.0; Win64; x64) AppleWebKit/537.36 (KHTML, like Gecko) Chrome/67.0.3396.79 Safari/537.36",102,"[0.9, 0.5, 0.1]","[0.9, 0.5, 0.1]","[u'black', u'red', u'blue']","[u'left', u'middle', u'right']","[0.9, 0.5, 0.1]","[u'high', u'low', u'medium']",black,49,left,high,True,True,309,5400,NA
A19TL7AJ0FB1JG,Fri Jun 08 2018 10:36:44 GMT-0500 (Central Daylight Time),Fri Jun 08 2018 10:43:11 GMT-0500 (Central Daylight Time),"Mozilla/5.0 (Windows NT 10.0; Win64; x64) AppleWebKit/537.36 (KHTML, like Gecko) Chrome/67.0.3396.79 Safari/537.36",103,"[0.9, 0.5, 0.1]","[0.9, 0.5, 0.1]","[u'black', u'red', u'blue']","[u'left', u'middle', u'right']","[0.9, 0.5, 0.1]","[u'low', u'medium', u'high']",black,49,left,low,False,False,305,5350,NA
A19TL7AJ0FB1JG,Fri Jun 08 2018 10:36:44 GMT-0500 (Central Daylight Time),Fri Jun 08 2018 10:43:11 GMT-0500 (Central Daylight Time),"Mozilla/5.0 (Windows NT 10.0; Win64; x64) AppleWebKit/537.36 (KHTML, like Gecko) Chrome/67.0.3396.79 Safari/537.36",104,"[0.9, 0.5, 0.1]","[0.9, 0.5, 0.1]","[u'black', u'red', u'blue']","[u'left', u'middle', u'right']","[0.9, 0.5, 0.1]","[u'low', u'medium', u'high']",black,49,left,low,False,False,251,5300,NA
A19TL7AJ0FB1JG,Fri Jun 08 2018 10:36:44 GMT-0500 (Central Daylight Time),Fri Jun 08 2018 10:43:11 GMT-0500 (Central Daylight Time),"Mozilla/5.0 (Windows NT 10.0; Win64; x64) AppleWebKit/537.36 (KHTML, like Gecko) Chrome/67.0.3396.79 Safari/537.36",105,"[0.9, 0.5, 0.1]","[0.9, 0.5, 0.1]","[u'black', u'red', u'blue']","[u'left', u'middle', u'right']","[0.9, 0.5, 0.1]","[u'low', u'medium', u'high']",red,50,middle,medium,True,False,154,5400,NA
A19TL7AJ0FB1JG,Fri Jun 08 2018 10:36:44 GMT-0500 (Central Daylight Time),Fri Jun 08 2018 10:43:11 GMT-0500 (Central Daylight Time),"Mozilla/5.0 (Windows NT 10.0; Win64; x64) AppleWebKit/537.36 (KHTML, like Gecko) Chrome/67.0.3396.79 Safari/537.36",106,"[0.9, 0.5, 0.1]","[0.9, 0.5, 0.1]","[u'black', u'red', u'blue']","[u'left', u'middle', u'right']","[0.9, 0.5, 0.1]","[u'low', u'medium', u'high']",red,50,middle,medium,True,False,114,5500,NA
A19TL7AJ0FB1JG,Fri Jun 08 2018 10:36:44 GMT-0500 (Central Daylight Time),Fri Jun 08 2018 10:43:11 GMT-0500 (Central Daylight Time),"Mozilla/5.0 (Windows NT 10.0; Win64; x64) AppleWebKit/537.36 (KHTML, like Gecko) Chrome/67.0.3396.79 Safari/537.36",107,"[0.9, 0.5, 0.1]","[0.9, 0.5, 0.1]","[u'black', u'red', u'blue']","[u'left', u'middle', u'right']","[0.9, 0.5, 0.1]","[u'low', u'medium', u'high']",red,50,middle,medium,True,False,218,5600,NA
A19TL7AJ0FB1JG,Fri Jun 08 2018 10:36:44 GMT-0500 (Central Daylight Time),Fri Jun 08 2018 10:43:11 GMT-0500 (Central Daylight Time),"Mozilla/5.0 (Windows NT 10.0; Win64; x64) AppleWebKit/537.36 (KHTML, like Gecko) Chrome/67.0.3396.79 Safari/537.36",108,"[0.9, 0.5, 0.1]","[0.9, 0.5, 0.1]","[u'black', u'red', u'blue']","[u'left', u'middle', u'right']","[0.9, 0.5, 0.1]","[u'low', u'medium', u'high']",red,50,middle,medium,False,False,110,5550,NA
A19TL7AJ0FB1JG,Fri Jun 08 2018 10:36:44 GMT-0500 (Central Daylight Time),Fri Jun 08 2018 10:43:11 GMT-0500 (Central Daylight Time),"Mozilla/5.0 (Windows NT 10.0; Win64; x64) AppleWebKit/537.36 (KHTML, like Gecko) Chrome/67.0.3396.79 Safari/537.36",109,"[0.9, 0.5, 0.1]","[0.9, 0.5, 0.1]","[u'black', u'red', u'blue']","[u'left', u'middle', u'right']","[0.9, 0.5, 0.1]","[u'low', u'medium', u'high']",blue,51,right,high,True,False,96,5650,NA
A19TL7AJ0FB1JG,Fri Jun 08 2018 10:36:44 GMT-0500 (Central Daylight Time),Fri Jun 08 2018 10:43:11 GMT-0500 (Central Daylight Time),"Mozilla/5.0 (Windows NT 10.0; Win64; x64) AppleWebKit/537.36 (KHTML, like Gecko) Chrome/67.0.3396.79 Safari/537.36",110,"[0.9, 0.5, 0.1]","[0.9, 0.5, 0.1]","[u'black', u'red', u'blue']","[u'left', u'middle', u'right']","[0.9, 0.5, 0.1]","[u'low', u'medium', u'high']",blue,51,right,high,True,False,233,5750,NA
A19TL7AJ0FB1JG,Fri Jun 08 2018 10:36:44 GMT-0500 (Central Daylight Time),Fri Jun 08 2018 10:43:11 GMT-0500 (Central Daylight Time),"Mozilla/5.0 (Windows NT 10.0; Win64; x64) AppleWebKit/537.36 (KHTML, like Gecko) Chrome/67.0.3396.79 Safari/537.36",111,"[0.9, 0.5, 0.1]","[0.9, 0.5, 0.1]","[u'black', u'red', u'blue']","[u'left', u'middle', u'right']","[0.9, 0.5, 0.1]","[u'low', u'medium', u'high']",blue,51,right,high,False,False,155,5700,NA
A19TL7AJ0FB1JG,Fri Jun 08 2018 10:36:44 GMT-0500 (Central Daylight Time),Fri Jun 08 2018 10:43:11 GMT-0500 (Central Daylight Time),"Mozilla/5.0 (Windows NT 10.0; Win64; x64) AppleWebKit/537.36 (KHTML, like Gecko) Chrome/67.0.3396.79 Safari/537.36",112,"[0.9, 0.5, 0.1]","[0.9, 0.5, 0.1]","[u'black', u'red', u'blue']","[u'left', u'middle', u'right']","[0.9, 0.5, 0.1]","[u'low', u'medium', u'high']",blue,51,right,high,True,False,58,5800,NA
A19TL7AJ0FB1JG,Fri Jun 08 2018 10:36:44 GMT-0500 (Central Daylight Time),Fri Jun 08 2018 10:43:11 GMT-0500 (Central Daylight Time),"Mozilla/5.0 (Windows NT 10.0; Win64; x64) AppleWebKit/537.36 (KHTML, like Gecko) Chrome/67.0.3396.79 Safari/537.36",113,"[0.9, 0.5, 0.1]","[0.9, 0.5, 0.1]","[u'black', u'red', u'blue']","[u'left', u'middle', u'right']","[0.9, 0.5, 0.1]","[u'low', u'medium', u'high']",blue,51,right,high,True,False,115,5900,NA
A19TL7AJ0FB1JG,Fri Jun 08 2018 10:36:44 GMT-0500 (Central Daylight Time),Fri Jun 08 2018 10:43:11 GMT-0500 (Central Daylight Time),"Mozilla/5.0 (Windows NT 10.0; Win64; x64) AppleWebKit/537.36 (KHTML, like Gecko) Chrome/67.0.3396.79 Safari/537.36",114,"[0.9, 0.5, 0.1]","[0.9, 0.5, 0.1]","[u'black', u'red', u'blue']","[u'left', u'middle', u'right']","[0.9, 0.5, 0.1]","[u'low', u'medium', u'high']",blue,51,right,high,True,False,276,6000,NA
A19TL7AJ0FB1JG,Fri Jun 08 2018 10:36:44 GMT-0500 (Central Daylight Time),Fri Jun 08 2018 10:43:11 GMT-0500 (Central Daylight Time),"Mozilla/5.0 (Windows NT 10.0; Win64; x64) AppleWebKit/537.36 (KHTML, like Gecko) Chrome/67.0.3396.79 Safari/537.36",115,"[0.9, 0.5, 0.1]","[0.9, 0.5, 0.1]","[u'black', u'red', u'blue']","[u'left', u'middle', u'right']","[0.9, 0.5, 0.1]","[u'low', u'medium', u'high']",blue,51,right,high,True,False,141,6100,NA
A19TL7AJ0FB1JG,Fri Jun 08 2018 10:36:44 GMT-0500 (Central Daylight Time),Fri Jun 08 2018 10:43:11 GMT-0500 (Central Daylight Time),"Mozilla/5.0 (Windows NT 10.0; Win64; x64) AppleWebKit/537.36 (KHTML, like Gecko) Chrome/67.0.3396.79 Safari/537.36",116,"[0.9, 0.5, 0.1]","[0.9, 0.5, 0.1]","[u'black', u'red', u'blue']","[u'left', u'middle', u'right']","[0.9, 0.5, 0.1]","[u'low', u'medium', u'high']",blue,51,right,high,True,False,314,6200,NA
A19TL7AJ0FB1JG,Fri Jun 08 2018 10:36:44 GMT-0500 (Central Daylight Time),Fri Jun 08 2018 10:43:11 GMT-0500 (Central Daylight Time),"Mozilla/5.0 (Windows NT 10.0; Win64; x64) AppleWebKit/537.36 (KHTML, like Gecko) Chrome/67.0.3396.79 Safari/537.36",117,"[0.9, 0.5, 0.1]","[0.9, 0.5, 0.1]","[u'black', u'red', u'blue']","[u'left', u'middle', u'right']","[0.9, 0.5, 0.1]","[u'low', u'medium', u'high']",blue,51,right,high,False,True,341,6150,NA
A19TL7AJ0FB1JG,Fri Jun 08 2018 10:36:44 GMT-0500 (Central Daylight Time),Fri Jun 08 2018 10:43:11 GMT-0500 (Central Daylight Time),"Mozilla/5.0 (Windows NT 10.0; Win64; x64) AppleWebKit/537.36 (KHTML, like Gecko) Chrome/67.0.3396.79 Safari/537.36",118,"[0.9, 0.5, 0.1]","[0.9, 0.5, 0.1]","[u'black', u'red', u'blue']","[u'left', u'middle', u'right']","[0.9, 0.5, 0.1]","[u'medium', u'high', u'low']",black,49,left,medium,False,False,219,6100,NA
A19TL7AJ0FB1JG,Fri Jun 08 2018 10:36:44 GMT-0500 (Central Daylight Time),Fri Jun 08 2018 10:43:11 GMT-0500 (Central Daylight Time),"Mozilla/5.0 (Windows NT 10.0; Win64; x64) AppleWebKit/537.36 (KHTML, like Gecko) Chrome/67.0.3396.79 Safari/537.36",119,"[0.9, 0.5, 0.1]","[0.9, 0.5, 0.1]","[u'black', u'red', u'blue']","[u'left', u'middle', u'right']","[0.9, 0.5, 0.1]","[u'medium', u'high', u'low']",blue,51,right,low,False,False,139,6050,NA
A19TL7AJ0FB1JG,Fri Jun 08 2018 10:36:44 GMT-0500 (Central Daylight Time),Fri Jun 08 2018 10:43:11 GMT-0500 (Central Daylight Time),"Mozilla/5.0 (Windows NT 10.0; Win64; x64) AppleWebKit/537.36 (KHTML, like Gecko) Chrome/67.0.3396.79 Safari/537.36",120,"[0.9, 0.5, 0.1]","[0.9, 0.5, 0.1]","[u'black', u'red', u'blue']","[u'left', u'middle', u'right']","[0.9, 0.5, 0.1]","[u'medium', u'high', u'low']",red,50,middle,high,True,False,242,6150,NA
A19TL7AJ0FB1JG,Fri Jun 08 2018 10:36:44 GMT-0500 (Central Daylight Time),Fri Jun 08 2018 10:43:11 GMT-0500 (Central Daylight Time),"Mozilla/5.0 (Windows NT 10.0; Win64; x64) AppleWebKit/537.36 (KHTML, like Gecko) Chrome/67.0.3396.79 Safari/537.36",121,"[0.9, 0.5, 0.1]","[0.9, 0.5, 0.1]","[u'black', u'red', u'blue']","[u'left', u'middle', u'right']","[0.9, 0.5, 0.1]","[u'high', u'low', u'medium']",red,50,middle,low,False,False,227,6100,NA
A19TL7AJ0FB1JG,Fri Jun 08 2018 10:36:44 GMT-0500 (Central Daylight Time),Fri Jun 08 2018 10:43:11 GMT-0500 (Central Daylight Time),"Mozilla/5.0 (Windows NT 10.0; Win64; x64) AppleWebKit/537.36 (KHTML, like Gecko) Chrome/67.0.3396.79 Safari/537.36",122,"[0.9, 0.5, 0.1]","[0.9, 0.5, 0.1]","[u'black', u'red', u'blue']","[u'left', u'middle', u'right']","[0.9, 0.5, 0.1]","[u'high', u'low', u'medium']",blue,51,right,medium,True,False,162,6200,NA
A19TL7AJ0FB1JG,Fri Jun 08 2018 10:36:44 GMT-0500 (Central Daylight Time),Fri Jun 08 2018 10:43:11 GMT-0500 (Central Daylight Time),"Mozilla/5.0 (Windows NT 10.0; Win64; x64) AppleWebKit/537.36 (KHTML, like Gecko) Chrome/67.0.3396.79 Safari/537.36",123,"[0.9, 0.5, 0.1]","[0.9, 0.5, 0.1]","[u'black', u'red', u'blue']","[u'left', u'middle', u'right']","[0.9, 0.5, 0.1]","[u'high', u'low', u'medium']",blue,51,right,medium,False,False,195,6150,NA
A19TL7AJ0FB1JG,Fri Jun 08 2018 10:36:44 GMT-0500 (Central Daylight Time),Fri Jun 08 2018 10:43:11 GMT-0500 (Central Daylight Time),"Mozilla/5.0 (Windows NT 10.0; Win64; x64) AppleWebKit/537.36 (KHTML, like Gecko) Chrome/67.0.3396.79 Safari/537.36",124,"[0.9, 0.5, 0.1]","[0.9, 0.5, 0.1]","[u'black', u'red', u'blue']","[u'left', u'middle', u'right']","[0.9, 0.5, 0.1]","[u'high', u'low', u'medium']",black,49,left,high,True,False,236,6250,NA
A19TL7AJ0FB1JG,Fri Jun 08 2018 10:36:44 GMT-0500 (Central Daylight Time),Fri Jun 08 2018 10:43:11 GMT-0500 (Central Daylight Time),"Mozilla/5.0 (Windows NT 10.0; Win64; x64) AppleWebKit/537.36 (KHTML, like Gecko) Chrome/67.0.3396.79 Safari/537.36",125,"[0.9, 0.5, 0.1]","[0.9, 0.5, 0.1]","[u'black', u'red', u'blue']","[u'left', u'middle', u'right']","[0.9, 0.5, 0.1]","[u'high', u'low', u'medium']",black,49,left,high,False,False,307,6200,NA
A19TL7AJ0FB1JG,Fri Jun 08 2018 10:36:44 GMT-0500 (Central Daylight Time),Fri Jun 08 2018 10:43:11 GMT-0500 (Central Daylight Time),"Mozilla/5.0 (Windows NT 10.0; Win64; x64) AppleWebKit/537.36 (KHTML, like Gecko) Chrome/67.0.3396.79 Safari/537.36",126,"[0.9, 0.5, 0.1]","[0.9, 0.5, 0.1]","[u'black', u'red', u'blue']","[u'left', u'middle', u'right']","[0.9, 0.5, 0.1]","[u'high', u'low', u'medium']",red,50,middle,low,False,False,101,6150,NA
A19TL7AJ0FB1JG,Fri Jun 08 2018 10:36:44 GMT-0500 (Central Daylight Time),Fri Jun 08 2018 10:43:11 GMT-0500 (Central Daylight Time),"Mozilla/5.0 (Windows NT 10.0; Win64; x64) AppleWebKit/537.36 (KHTML, like Gecko) Chrome/67.0.3396.79 Safari/537.36",127,"[0.9, 0.5, 0.1]","[0.9, 0.5, 0.1]","[u'black', u'red', u'blue']","[u'left', u'middle', u'right']","[0.9, 0.5, 0.1]","[u'high', u'low', u'medium']",black,49,left,high,True,False,222,6250,NA
A19TL7AJ0FB1JG,Fri Jun 08 2018 10:36:44 GMT-0500 (Central Daylight Time),Fri Jun 08 2018 10:43:11 GMT-0500 (Central Daylight Time),"Mozilla/5.0 (Windows NT 10.0; Win64; x64) AppleWebKit/537.36 (KHTML, like Gecko) Chrome/67.0.3396.79 Safari/537.36",128,"[0.9, 0.5, 0.1]","[0.9, 0.5, 0.1]","[u'black', u'red', u'blue']","[u'left', u'middle', u'right']","[0.9, 0.5, 0.1]","[u'high', u'low', u'medium']",black,49,left,high,True,False,128,6350,NA
A19TL7AJ0FB1JG,Fri Jun 08 2018 10:36:44 GMT-0500 (Central Daylight Time),Fri Jun 08 2018 10:43:11 GMT-0500 (Central Daylight Time),"Mozilla/5.0 (Windows NT 10.0; Win64; x64) AppleWebKit/537.36 (KHTML, like Gecko) Chrome/67.0.3396.79 Safari/537.36",129,"[0.9, 0.5, 0.1]","[0.9, 0.5, 0.1]","[u'black', u'red', u'blue']","[u'left', u'middle', u'right']","[0.9, 0.5, 0.1]","[u'high', u'low', u'medium']",black,49,left,high,True,False,235,6450,NA
A19TL7AJ0FB1JG,Fri Jun 08 2018 10:36:44 GMT-0500 (Central Daylight Time),Fri Jun 08 2018 10:43:11 GMT-0500 (Central Daylight Time),"Mozilla/5.0 (Windows NT 10.0; Win64; x64) AppleWebKit/537.36 (KHTML, like Gecko) Chrome/67.0.3396.79 Safari/537.36",130,"[0.9, 0.5, 0.1]","[0.9, 0.5, 0.1]","[u'black', u'red', u'blue']","[u'left', u'middle', u'right']","[0.9, 0.5, 0.1]","[u'high', u'low', u'medium']",black,49,left,high,True,False,235,6550,NA
A19TL7AJ0FB1JG,Fri Jun 08 2018 10:36:44 GMT-0500 (Central Daylight Time),Fri Jun 08 2018 10:43:11 GMT-0500 (Central Daylight Time),"Mozilla/5.0 (Windows NT 10.0; Win64; x64) AppleWebKit/537.36 (KHTML, like Gecko) Chrome/67.0.3396.79 Safari/537.36",131,"[0.9, 0.5, 0.1]","[0.9, 0.5, 0.1]","[u'black', u'red', u'blue']","[u'left', u'middle', u'right']","[0.9, 0.5, 0.1]","[u'high', u'low', u'medium']",black,49,left,high,True,False,242,6650,NA
A19TL7AJ0FB1JG,Fri Jun 08 2018 10:36:44 GMT-0500 (Central Daylight Time),Fri Jun 08 2018 10:43:11 GMT-0500 (Central Daylight Time),"Mozilla/5.0 (Windows NT 10.0; Win64; x64) AppleWebKit/537.36 (KHTML, like Gecko) Chrome/67.0.3396.79 Safari/537.36",132,"[0.9, 0.5, 0.1]","[0.9, 0.5, 0.1]","[u'black', u'red', u'blue']","[u'left', u'middle', u'right']","[0.9, 0.5, 0.1]","[u'high', u'low', u'medium']",black,49,left,high,True,False,155,6750,NA
A19TL7AJ0FB1JG,Fri Jun 08 2018 10:36:44 GMT-0500 (Central Daylight Time),Fri Jun 08 2018 10:43:11 GMT-0500 (Central Daylight Time),"Mozilla/5.0 (Windows NT 10.0; Win64; x64) AppleWebKit/537.36 (KHTML, like Gecko) Chrome/67.0.3396.79 Safari/537.36",133,"[0.9, 0.5, 0.1]","[0.9, 0.5, 0.1]","[u'black', u'red', u'blue']","[u'left', u'middle', u'right']","[0.9, 0.5, 0.1]","[u'high', u'low', u'medium']",black,49,left,high,True,True,183,6850,NA
A19TL7AJ0FB1JG,Fri Jun 08 2018 10:36:44 GMT-0500 (Central Daylight Time),Fri Jun 08 2018 10:43:11 GMT-0500 (Central Daylight Time),"Mozilla/5.0 (Windows NT 10.0; Win64; x64) AppleWebKit/537.36 (KHTML, like Gecko) Chrome/67.0.3396.79 Safari/537.36",134,"[0.9, 0.5, 0.1]","[0.9, 0.5, 0.1]","[u'black', u'red', u'blue']","[u'left', u'middle', u'right']","[0.9, 0.5, 0.1]","[u'low', u'high', u'medium']",black,49,left,low,False,False,271,6800,NA
A19TL7AJ0FB1JG,Fri Jun 08 2018 10:36:44 GMT-0500 (Central Daylight Time),Fri Jun 08 2018 10:43:11 GMT-0500 (Central Daylight Time),"Mozilla/5.0 (Windows NT 10.0; Win64; x64) AppleWebKit/537.36 (KHTML, like Gecko) Chrome/67.0.3396.79 Safari/537.36",135,"[0.9, 0.5, 0.1]","[0.9, 0.5, 0.1]","[u'black', u'red', u'blue']","[u'left', u'middle', u'right']","[0.9, 0.5, 0.1]","[u'low', u'high', u'medium']",blue,51,right,medium,False,False,236,6750,NA
A19TL7AJ0FB1JG,Fri Jun 08 2018 10:36:44 GMT-0500 (Central Daylight Time),Fri Jun 08 2018 10:43:11 GMT-0500 (Central Daylight Time),"Mozilla/5.0 (Windows NT 10.0; Win64; x64) AppleWebKit/537.36 (KHTML, like Gecko) Chrome/67.0.3396.79 Safari/537.36",136,"[0.9, 0.5, 0.1]","[0.9, 0.5, 0.1]","[u'black', u'red', u'blue']","[u'left', u'middle', u'right']","[0.9, 0.5, 0.1]","[u'low', u'high', u'medium']",red,50,middle,high,True,False,116,6850,NA
A19TL7AJ0FB1JG,Fri Jun 08 2018 10:36:44 GMT-0500 (Central Daylight Time),Fri Jun 08 2018 10:43:11 GMT-0500 (Central Daylight Time),"Mozilla/5.0 (Windows NT 10.0; Win64; x64) AppleWebKit/537.36 (KHTML, like Gecko) Chrome/67.0.3396.79 Safari/537.36",137,"[0.9, 0.5, 0.1]","[0.9, 0.5, 0.1]","[u'black', u'red', u'blue']","[u'left', u'middle', u'right']","[0.9, 0.5, 0.1]","[u'low', u'high', u'medium']",red,50,middle,high,True,False,317,6950,NA
A19TL7AJ0FB1JG,Fri Jun 08 2018 10:36:44 GMT-0500 (Central Daylight Time),Fri Jun 08 2018 10:43:11 GMT-0500 (Central Daylight Time),"Mozilla/5.0 (Windows NT 10.0; Win64; x64) AppleWebKit/537.36 (KHTML, like Gecko) Chrome/67.0.3396.79 Safari/537.36",138,"[0.9, 0.5, 0.1]","[0.9, 0.5, 0.1]","[u'black', u'red', u'blue']","[u'left', u'middle', u'right']","[0.9, 0.5, 0.1]","[u'low', u'high', u'medium']",red,50,middle,high,True,False,219,7050,NA
A19TL7AJ0FB1JG,Fri Jun 08 2018 10:36:44 GMT-0500 (Central Daylight Time),Fri Jun 08 2018 10:43:11 GMT-0500 (Central Daylight Time),"Mozilla/5.0 (Windows NT 10.0; Win64; x64) AppleWebKit/537.36 (KHTML, like Gecko) Chrome/67.0.3396.79 Safari/537.36",139,"[0.9, 0.5, 0.1]","[0.9, 0.5, 0.1]","[u'black', u'red', u'blue']","[u'left', u'middle', u'right']","[0.9, 0.5, 0.1]","[u'low', u'high', u'medium']",red,50,middle,high,True,False,308,7150,NA
A19TL7AJ0FB1JG,Fri Jun 08 2018 10:36:44 GMT-0500 (Central Daylight Time),Fri Jun 08 2018 10:43:11 GMT-0500 (Central Daylight Time),"Mozilla/5.0 (Windows NT 10.0; Win64; x64) AppleWebKit/537.36 (KHTML, like Gecko) Chrome/67.0.3396.79 Safari/537.36",140,"[0.9, 0.5, 0.1]","[0.9, 0.5, 0.1]","[u'black', u'red', u'blue']","[u'left', u'middle', u'right']","[0.9, 0.5, 0.1]","[u'low', u'high', u'medium']",blue,51,right,medium,False,False,298,7100,NA
A19TL7AJ0FB1JG,Fri Jun 08 2018 10:36:44 GMT-0500 (Central Daylight Time),Fri Jun 08 2018 10:43:11 GMT-0500 (Central Daylight Time),"Mozilla/5.0 (Windows NT 10.0; Win64; x64) AppleWebKit/537.36 (KHTML, like Gecko) Chrome/67.0.3396.79 Safari/537.36",141,"[0.9, 0.5, 0.1]","[0.9, 0.5, 0.1]","[u'black', u'red', u'blue']","[u'left', u'middle', u'right']","[0.9, 0.5, 0.1]","[u'low', u'high', u'medium']",red,50,middle,high,True,False,274,7200,NA
A19TL7AJ0FB1JG,Fri Jun 08 2018 10:36:44 GMT-0500 (Central Daylight Time),Fri Jun 08 2018 10:43:11 GMT-0500 (Central Daylight Time),"Mozilla/5.0 (Windows NT 10.0; Win64; x64) AppleWebKit/537.36 (KHTML, like Gecko) Chrome/67.0.3396.79 Safari/537.36",142,"[0.9, 0.5, 0.1]","[0.9, 0.5, 0.1]","[u'black', u'red', u'blue']","[u'left', u'middle', u'right']","[0.9, 0.5, 0.1]","[u'low', u'high', u'medium']",red,50,middle,high,True,False,339,7300,NA
A19TL7AJ0FB1JG,Fri Jun 08 2018 10:36:44 GMT-0500 (Central Daylight Time),Fri Jun 08 2018 10:43:11 GMT-0500 (Central Daylight Time),"Mozilla/5.0 (Windows NT 10.0; Win64; x64) AppleWebKit/537.36 (KHTML, like Gecko) Chrome/67.0.3396.79 Safari/537.36",143,"[0.9, 0.5, 0.1]","[0.9, 0.5, 0.1]","[u'black', u'red', u'blue']","[u'left', u'middle', u'right']","[0.9, 0.5, 0.1]","[u'low', u'high', u'medium']",black,49,left,low,False,False,155,7250,NA
A19TL7AJ0FB1JG,Fri Jun 08 2018 10:36:44 GMT-0500 (Central Daylight Time),Fri Jun 08 2018 10:43:11 GMT-0500 (Central Daylight Time),"Mozilla/5.0 (Windows NT 10.0; Win64; x64) AppleWebKit/537.36 (KHTML, like Gecko) Chrome/67.0.3396.79 Safari/537.36",144,"[0.9, 0.5, 0.1]","[0.9, 0.5, 0.1]","[u'black', u'red', u'blue']","[u'left', u'middle', u'right']","[0.9, 0.5, 0.1]","[u'low', u'high', u'medium']",red,50,middle,high,False,False,220,7200,NA
A19TL7AJ0FB1JG,Fri Jun 08 2018 10:36:44 GMT-0500 (Central Daylight Time),Fri Jun 08 2018 10:43:11 GMT-0500 (Central Daylight Time),"Mozilla/5.0 (Windows NT 10.0; Win64; x64) AppleWebKit/537.36 (KHTML, like Gecko) Chrome/67.0.3396.79 Safari/537.36",145,"[0.9, 0.5, 0.1]","[0.9, 0.5, 0.1]","[u'black', u'red', u'blue']","[u'left', u'middle', u'right']","[0.9, 0.5, 0.1]","[u'low', u'high', u'medium']",blue,51,right,medium,False,False,383,7150,NA
A19TL7AJ0FB1JG,Fri Jun 08 2018 10:36:44 GMT-0500 (Central Daylight Time),Fri Jun 08 2018 10:43:11 GMT-0500 (Central Daylight Time),"Mozilla/5.0 (Windows NT 10.0; Win64; x64) AppleWebKit/537.36 (KHTML, like Gecko) Chrome/67.0.3396.79 Safari/537.36",146,"[0.9, 0.5, 0.1]","[0.9, 0.5, 0.1]","[u'black', u'red', u'blue']","[u'left', u'middle', u'right']","[0.9, 0.5, 0.1]","[u'low', u'high', u'medium']",black,49,left,low,False,False,129,7100,NA
A19TL7AJ0FB1JG,Fri Jun 08 2018 10:36:44 GMT-0500 (Central Daylight Time),Fri Jun 08 2018 10:43:11 GMT-0500 (Central Daylight Time),"Mozilla/5.0 (Windows NT 10.0; Win64; x64) AppleWebKit/537.36 (KHTML, like Gecko) Chrome/67.0.3396.79 Safari/537.36",147,"[0.9, 0.5, 0.1]","[0.9, 0.5, 0.1]","[u'black', u'red', u'blue']","[u'left', u'middle', u'right']","[0.9, 0.5, 0.1]","[u'low', u'high', u'medium']",black,49,left,low,False,False,148,7050,NA
A19TL7AJ0FB1JG,Fri Jun 08 2018 10:36:44 GMT-0500 (Central Daylight Time),Fri Jun 08 2018 10:43:11 GMT-0500 (Central Daylight Time),"Mozilla/5.0 (Windows NT 10.0; Win64; x64) AppleWebKit/537.36 (KHTML, like Gecko) Chrome/67.0.3396.79 Safari/537.36",148,"[0.9, 0.5, 0.1]","[0.9, 0.5, 0.1]","[u'black', u'red', u'blue']","[u'left', u'middle', u'right']","[0.9, 0.5, 0.1]","[u'low', u'high', u'medium']",red,50,middle,high,True,False,92,7150,NA
A19TL7AJ0FB1JG,Fri Jun 08 2018 10:36:44 GMT-0500 (Central Daylight Time),Fri Jun 08 2018 10:43:11 GMT-0500 (Central Daylight Time),"Mozilla/5.0 (Windows NT 10.0; Win64; x64) AppleWebKit/537.36 (KHTML, like Gecko) Chrome/67.0.3396.79 Safari/537.36",149,"[0.9, 0.5, 0.1]","[0.9, 0.5, 0.1]","[u'black', u'red', u'blue']","[u'left', u'middle', u'right']","[0.9, 0.5, 0.1]","[u'low', u'high', u'medium']",red,50,middle,high,True,False,258,7250,NA
A19TL7AJ0FB1JG,Fri Jun 08 2018 10:36:44 GMT-0500 (Central Daylight Time),Fri Jun 08 2018 10:43:11 GMT-0500 (Central Daylight Time),"Mozilla/5.0 (Windows NT 10.0; Win64; x64) AppleWebKit/537.36 (KHTML, like Gecko) Chrome/67.0.3396.79 Safari/537.36",150,"[0.9, 0.5, 0.1]","[0.9, 0.5, 0.1]","[u'black', u'red', u'blue']","[u'left', u'middle', u'right']","[0.9, 0.5, 0.1]","[u'low', u'high', u'medium']",red,50,middle,high,True,False,235,7350,NA
A19TL7AJ0FB1JG,Fri Jun 08 2018 10:36:44 GMT-0500 (Central Daylight Time),Fri Jun 08 2018 10:43:11 GMT-0500 (Central Daylight Time),"Mozilla/5.0 (Windows NT 10.0; Win64; x64) AppleWebKit/537.36 (KHTML, like Gecko) Chrome/67.0.3396.79 Safari/537.36",151,"[0.9, 0.5, 0.1]","[0.9, 0.5, 0.1]","[u'black', u'red', u'blue']","[u'left', u'middle', u'right']","[0.9, 0.5, 0.1]","[u'low', u'high', u'medium']",red,50,middle,high,True,False,252,7450,NA
A19TL7AJ0FB1JG,Fri Jun 08 2018 10:36:44 GMT-0500 (Central Daylight Time),Fri Jun 08 2018 10:43:11 GMT-0500 (Central Daylight Time),"Mozilla/5.0 (Windows NT 10.0; Win64; x64) AppleWebKit/537.36 (KHTML, like Gecko) Chrome/67.0.3396.79 Safari/537.36",152,"[0.9, 0.5, 0.1]","[0.9, 0.5, 0.1]","[u'black', u'red', u'blue']","[u'left', u'middle', u'right']","[0.9, 0.5, 0.1]","[u'low', u'high', u'medium']",red,50,middle,high,True,False,239,7550,NA
A19TL7AJ0FB1JG,Fri Jun 08 2018 10:36:44 GMT-0500 (Central Daylight Time),Fri Jun 08 2018 10:43:11 GMT-0500 (Central Daylight Time),"Mozilla/5.0 (Windows NT 10.0; Win64; x64) AppleWebKit/537.36 (KHTML, like Gecko) Chrome/67.0.3396.79 Safari/537.36",153,"[0.9, 0.5, 0.1]","[0.9, 0.5, 0.1]","[u'black', u'red', u'blue']","[u'left', u'middle', u'right']","[0.9, 0.5, 0.1]","[u'low', u'high', u'medium']",red,50,middle,high,True,False,252,7650,NA
A19TL7AJ0FB1JG,Fri Jun 08 2018 10:36:44 GMT-0500 (Central Daylight Time),Fri Jun 08 2018 10:43:11 GMT-0500 (Central Daylight Time),"Mozilla/5.0 (Windows NT 10.0; Win64; x64) AppleWebKit/537.36 (KHTML, like Gecko) Chrome/67.0.3396.79 Safari/537.36",154,"[0.9, 0.5, 0.1]","[0.9, 0.5, 0.1]","[u'black', u'red', u'blue']","[u'left', u'middle', u'right']","[0.9, 0.5, 0.1]","[u'low', u'high', u'medium']",red,50,middle,high,True,False,211,7750,NA
A19TL7AJ0FB1JG,Fri Jun 08 2018 10:36:44 GMT-0500 (Central Daylight Time),Fri Jun 08 2018 10:43:11 GMT-0500 (Central Daylight Time),"Mozilla/5.0 (Windows NT 10.0; Win64; x64) AppleWebKit/537.36 (KHTML, like Gecko) Chrome/67.0.3396.79 Safari/537.36",155,"[0.9, 0.5, 0.1]","[0.9, 0.5, 0.1]","[u'black', u'red', u'blue']","[u'left', u'middle', u'right']","[0.9, 0.5, 0.1]","[u'low', u'high', u'medium']",red,50,middle,high,True,False,147,7850,NA
A19TL7AJ0FB1JG,Fri Jun 08 2018 10:36:44 GMT-0500 (Central Daylight Time),Fri Jun 08 2018 10:43:11 GMT-0500 (Central Daylight Time),"Mozilla/5.0 (Windows NT 10.0; Win64; x64) AppleWebKit/537.36 (KHTML, like Gecko) Chrome/67.0.3396.79 Safari/537.36",156,"[0.9, 0.5, 0.1]","[0.9, 0.5, 0.1]","[u'black', u'red', u'blue']","[u'left', u'middle', u'right']","[0.9, 0.5, 0.1]","[u'low', u'high', u'medium']",black,49,left,low,False,False,442,7800,NA
A19TL7AJ0FB1JG,Fri Jun 08 2018 10:36:44 GMT-0500 (Central Daylight Time),Fri Jun 08 2018 10:43:11 GMT-0500 (Central Daylight Time),"Mozilla/5.0 (Windows NT 10.0; Win64; x64) AppleWebKit/537.36 (KHTML, like Gecko) Chrome/67.0.3396.79 Safari/537.36",157,"[0.9, 0.5, 0.1]","[0.9, 0.5, 0.1]","[u'black', u'red', u'blue']","[u'left', u'middle', u'right']","[0.9, 0.5, 0.1]","[u'low', u'high', u'medium']",blue,51,right,medium,True,False,167,7900,NA
A19TL7AJ0FB1JG,Fri Jun 08 2018 10:36:44 GMT-0500 (Central Daylight Time),Fri Jun 08 2018 10:43:11 GMT-0500 (Central Daylight Time),"Mozilla/5.0 (Windows NT 10.0; Win64; x64) AppleWebKit/537.36 (KHTML, like Gecko) Chrome/67.0.3396.79 Safari/537.36",158,"[0.9, 0.5, 0.1]","[0.9, 0.5, 0.1]","[u'black', u'red', u'blue']","[u'left', u'middle', u'right']","[0.9, 0.5, 0.1]","[u'low', u'high', u'medium']",blue,51,right,medium,False,False,289,7850,NA
A19TL7AJ0FB1JG,Fri Jun 08 2018 10:36:44 GMT-0500 (Central Daylight Time),Fri Jun 08 2018 10:43:11 GMT-0500 (Central Daylight Time),"Mozilla/5.0 (Windows NT 10.0; Win64; x64) AppleWebKit/537.36 (KHTML, like Gecko) Chrome/67.0.3396.79 Safari/537.36",159,"[0.9, 0.5, 0.1]","[0.9, 0.5, 0.1]","[u'black', u'red', u'blue']","[u'left', u'middle', u'right']","[0.9, 0.5, 0.1]","[u'low', u'high', u'medium']",red,50,middle,high,True,False,124,7950,NA
A19TL7AJ0FB1JG,Fri Jun 08 2018 10:36:44 GMT-0500 (Central Daylight Time),Fri Jun 08 2018 10:43:11 GMT-0500 (Central Daylight Time),"Mozilla/5.0 (Windows NT 10.0; Win64; x64) AppleWebKit/537.36 (KHTML, like Gecko) Chrome/67.0.3396.79 Safari/537.36",160,"[0.9, 0.5, 0.1]","[0.9, 0.5, 0.1]","[u'black', u'red', u'blue']","[u'left', u'middle', u'right']","[0.9, 0.5, 0.1]","[u'low', u'high', u'medium']",red,50,middle,high,False,False,310,7900,NA
