A1CH3TODZNQCES,Mon Jun 11 2018 22:38:14 GMT-0700 (Pacific Daylight Time),Mon Jun 11 2018 22:58:09 GMT-0700 (Pacific Daylight Time),"Mozilla/5.0 (Windows NT 6.1; Win64; x64) AppleWebKit/537.36 (KHTML, like Gecko) Chrome/66.0.3359.181 Safari/537.36",1,"[0.9, 0.5, 0.1]","[0.9, 0.5, 0.1]","[u'blue', u'black', u'red']","[u'left', u'middle', u'right']","[0.9, 0.5, 0.1]","[u'low', u'medium', u'high']",blue,49,left,low,False,False,404,-50,NA
A1CH3TODZNQCES,Mon Jun 11 2018 22:38:14 GMT-0700 (Pacific Daylight Time),Mon Jun 11 2018 22:58:09 GMT-0700 (Pacific Daylight Time),"Mozilla/5.0 (Windows NT 6.1; Win64; x64) AppleWebKit/537.36 (KHTML, like Gecko) Chrome/66.0.3359.181 Safari/537.36",2,"[0.9, 0.5, 0.1]","[0.9, 0.5, 0.1]","[u'blue', u'black', u'red']","[u'left', u'middle', u'right']","[0.9, 0.5, 0.1]","[u'low', u'medium', u'high']",black,50,middle,medium,False,False,363,-100,NA
A1CH3TODZNQCES,Mon Jun 11 2018 22:38:14 GMT-0700 (Pacific Daylight Time),Mon Jun 11 2018 22:58:09 GMT-0700 (Pacific Daylight Time),"Mozilla/5.0 (Windows NT 6.1; Win64; x64) AppleWebKit/537.36 (KHTML, like Gecko) Chrome/66.0.3359.181 Safari/537.36",3,"[0.9, 0.5, 0.1]","[0.9, 0.5, 0.1]","[u'blue', u'black', u'red']","[u'left', u'middle', u'right']","[0.9, 0.5, 0.1]","[u'low', u'medium', u'high']",red,51,right,high,True,False,295,0,NA
A1CH3TODZNQCES,Mon Jun 11 2018 22:38:14 GMT-0700 (Pacific Daylight Time),Mon Jun 11 2018 22:58:09 GMT-0700 (Pacific Daylight Time),"Mozilla/5.0 (Windows NT 6.1; Win64; x64) AppleWebKit/537.36 (KHTML, like Gecko) Chrome/66.0.3359.181 Safari/537.36",4,"[0.9, 0.5, 0.1]","[0.9, 0.5, 0.1]","[u'blue', u'black', u'red']","[u'left', u'middle', u'right']","[0.9, 0.5, 0.1]","[u'low', u'medium', u'high']",blue,49,left,low,False,False,279,-50,NA
A1CH3TODZNQCES,Mon Jun 11 2018 22:38:14 GMT-0700 (Pacific Daylight Time),Mon Jun 11 2018 22:58:09 GMT-0700 (Pacific Daylight Time),"Mozilla/5.0 (Windows NT 6.1; Win64; x64) AppleWebKit/537.36 (KHTML, like Gecko) Chrome/66.0.3359.181 Safari/537.36",5,"[0.9, 0.5, 0.1]","[0.9, 0.5, 0.1]","[u'blue', u'black', u'red']","[u'left', u'middle', u'right']","[0.9, 0.5, 0.1]","[u'low', u'medium', u'high']",red,51,right,high,True,False,227,50,NA
A1CH3TODZNQCES,Mon Jun 11 2018 22:38:14 GMT-0700 (Pacific Daylight Time),Mon Jun 11 2018 22:58:09 GMT-0700 (Pacific Daylight Time),"Mozilla/5.0 (Windows NT 6.1; Win64; x64) AppleWebKit/537.36 (KHTML, like Gecko) Chrome/66.0.3359.181 Safari/537.36",6,"[0.9, 0.5, 0.1]","[0.9, 0.5, 0.1]","[u'blue', u'black', u'red']","[u'left', u'middle', u'right']","[0.9, 0.5, 0.1]","[u'low', u'medium', u'high']",black,50,middle,medium,False,False,254,0,NA
A1CH3TODZNQCES,Mon Jun 11 2018 22:38:14 GMT-0700 (Pacific Daylight Time),Mon Jun 11 2018 22:58:09 GMT-0700 (Pacific Daylight Time),"Mozilla/5.0 (Windows NT 6.1; Win64; x64) AppleWebKit/537.36 (KHTML, like Gecko) Chrome/66.0.3359.181 Safari/537.36",7,"[0.9, 0.5, 0.1]","[0.9, 0.5, 0.1]","[u'blue', u'black', u'red']","[u'left', u'middle', u'right']","[0.9, 0.5, 0.1]","[u'low', u'medium', u'high']",red,51,right,high,True,False,414,100,NA
A1CH3TODZNQCES,Mon Jun 11 2018 22:38:14 GMT-0700 (Pacific Daylight Time),Mon Jun 11 2018 22:58:09 GMT-0700 (Pacific Daylight Time),"Mozilla/5.0 (Windows NT 6.1; Win64; x64) AppleWebKit/537.36 (KHTML, like Gecko) Chrome/66.0.3359.181 Safari/537.36",8,"[0.9, 0.5, 0.1]","[0.9, 0.5, 0.1]","[u'blue', u'black', u'red']","[u'left', u'middle', u'right']","[0.9, 0.5, 0.1]","[u'low', u'medium', u'high']",blue,49,left,low,False,False,317,50,NA
A1CH3TODZNQCES,Mon Jun 11 2018 22:38:14 GMT-0700 (Pacific Daylight Time),Mon Jun 11 2018 22:58:09 GMT-0700 (Pacific Daylight Time),"Mozilla/5.0 (Windows NT 6.1; Win64; x64) AppleWebKit/537.36 (KHTML, like Gecko) Chrome/66.0.3359.181 Safari/537.36",9,"[0.9, 0.5, 0.1]","[0.9, 0.5, 0.1]","[u'blue', u'black', u'red']","[u'left', u'middle', u'right']","[0.9, 0.5, 0.1]","[u'low', u'medium', u'high']",black,50,middle,medium,False,False,529,0,NA
A1CH3TODZNQCES,Mon Jun 11 2018 22:38:14 GMT-0700 (Pacific Daylight Time),Mon Jun 11 2018 22:58:09 GMT-0700 (Pacific Daylight Time),"Mozilla/5.0 (Windows NT 6.1; Win64; x64) AppleWebKit/537.36 (KHTML, like Gecko) Chrome/66.0.3359.181 Safari/537.36",10,"[0.9, 0.5, 0.1]","[0.9, 0.5, 0.1]","[u'blue', u'black', u'red']","[u'left', u'middle', u'right']","[0.9, 0.5, 0.1]","[u'low', u'medium', u'high']",red,51,right,high,True,False,668,100,NA
A1CH3TODZNQCES,Mon Jun 11 2018 22:38:14 GMT-0700 (Pacific Daylight Time),Mon Jun 11 2018 22:58:09 GMT-0700 (Pacific Daylight Time),"Mozilla/5.0 (Windows NT 6.1; Win64; x64) AppleWebKit/537.36 (KHTML, like Gecko) Chrome/66.0.3359.181 Safari/537.36",11,"[0.9, 0.5, 0.1]","[0.9, 0.5, 0.1]","[u'blue', u'black', u'red']","[u'left', u'middle', u'right']","[0.9, 0.5, 0.1]","[u'low', u'medium', u'high']",blue,49,left,low,False,False,458,50,NA
A1CH3TODZNQCES,Mon Jun 11 2018 22:38:14 GMT-0700 (Pacific Daylight Time),Mon Jun 11 2018 22:58:09 GMT-0700 (Pacific Daylight Time),"Mozilla/5.0 (Windows NT 6.1; Win64; x64) AppleWebKit/537.36 (KHTML, like Gecko) Chrome/66.0.3359.181 Safari/537.36",12,"[0.9, 0.5, 0.1]","[0.9, 0.5, 0.1]","[u'blue', u'black', u'red']","[u'left', u'middle', u'right']","[0.9, 0.5, 0.1]","[u'low', u'medium', u'high']",red,51,right,high,True,False,396,150,NA
A1CH3TODZNQCES,Mon Jun 11 2018 22:38:14 GMT-0700 (Pacific Daylight Time),Mon Jun 11 2018 22:58:09 GMT-0700 (Pacific Daylight Time),"Mozilla/5.0 (Windows NT 6.1; Win64; x64) AppleWebKit/537.36 (KHTML, like Gecko) Chrome/66.0.3359.181 Safari/537.36",13,"[0.9, 0.5, 0.1]","[0.9, 0.5, 0.1]","[u'blue', u'black', u'red']","[u'left', u'middle', u'right']","[0.9, 0.5, 0.1]","[u'low', u'medium', u'high']",black,50,middle,medium,True,False,902,250,NA
A1CH3TODZNQCES,Mon Jun 11 2018 22:38:14 GMT-0700 (Pacific Daylight Time),Mon Jun 11 2018 22:58:09 GMT-0700 (Pacific Daylight Time),"Mozilla/5.0 (Windows NT 6.1; Win64; x64) AppleWebKit/537.36 (KHTML, like Gecko) Chrome/66.0.3359.181 Safari/537.36",14,"[0.9, 0.5, 0.1]","[0.9, 0.5, 0.1]","[u'blue', u'black', u'red']","[u'left', u'middle', u'right']","[0.9, 0.5, 0.1]","[u'low', u'medium', u'high']",red,51,right,high,True,False,331,350,NA
A1CH3TODZNQCES,Mon Jun 11 2018 22:38:14 GMT-0700 (Pacific Daylight Time),Mon Jun 11 2018 22:58:09 GMT-0700 (Pacific Daylight Time),"Mozilla/5.0 (Windows NT 6.1; Win64; x64) AppleWebKit/537.36 (KHTML, like Gecko) Chrome/66.0.3359.181 Safari/537.36",15,"[0.9, 0.5, 0.1]","[0.9, 0.5, 0.1]","[u'blue', u'black', u'red']","[u'left', u'middle', u'right']","[0.9, 0.5, 0.1]","[u'low', u'medium', u'high']",blue,49,left,low,False,False,669,300,NA
A1CH3TODZNQCES,Mon Jun 11 2018 22:38:14 GMT-0700 (Pacific Daylight Time),Mon Jun 11 2018 22:58:09 GMT-0700 (Pacific Daylight Time),"Mozilla/5.0 (Windows NT 6.1; Win64; x64) AppleWebKit/537.36 (KHTML, like Gecko) Chrome/66.0.3359.181 Safari/537.36",16,"[0.9, 0.5, 0.1]","[0.9, 0.5, 0.1]","[u'blue', u'black', u'red']","[u'left', u'middle', u'right']","[0.9, 0.5, 0.1]","[u'low', u'medium', u'high']",black,50,middle,medium,False,False,571,250,NA
A1CH3TODZNQCES,Mon Jun 11 2018 22:38:14 GMT-0700 (Pacific Daylight Time),Mon Jun 11 2018 22:58:09 GMT-0700 (Pacific Daylight Time),"Mozilla/5.0 (Windows NT 6.1; Win64; x64) AppleWebKit/537.36 (KHTML, like Gecko) Chrome/66.0.3359.181 Safari/537.36",17,"[0.9, 0.5, 0.1]","[0.9, 0.5, 0.1]","[u'blue', u'black', u'red']","[u'left', u'middle', u'right']","[0.9, 0.5, 0.1]","[u'low', u'medium', u'high']",black,50,middle,medium,False,False,908,200,NA
A1CH3TODZNQCES,Mon Jun 11 2018 22:38:14 GMT-0700 (Pacific Daylight Time),Mon Jun 11 2018 22:58:09 GMT-0700 (Pacific Daylight Time),"Mozilla/5.0 (Windows NT 6.1; Win64; x64) AppleWebKit/537.36 (KHTML, like Gecko) Chrome/66.0.3359.181 Safari/537.36",18,"[0.9, 0.5, 0.1]","[0.9, 0.5, 0.1]","[u'blue', u'black', u'red']","[u'left', u'middle', u'right']","[0.9, 0.5, 0.1]","[u'low', u'medium', u'high']",red,51,right,high,False,False,1173,150,NA
A1CH3TODZNQCES,Mon Jun 11 2018 22:38:14 GMT-0700 (Pacific Daylight Time),Mon Jun 11 2018 22:58:09 GMT-0700 (Pacific Daylight Time),"Mozilla/5.0 (Windows NT 6.1; Win64; x64) AppleWebKit/537.36 (KHTML, like Gecko) Chrome/66.0.3359.181 Safari/537.36",19,"[0.9, 0.5, 0.1]","[0.9, 0.5, 0.1]","[u'blue', u'black', u'red']","[u'left', u'middle', u'right']","[0.9, 0.5, 0.1]","[u'low', u'medium', u'high']",blue,49,left,low,False,False,657,100,NA
A1CH3TODZNQCES,Mon Jun 11 2018 22:38:14 GMT-0700 (Pacific Daylight Time),Mon Jun 11 2018 22:58:09 GMT-0700 (Pacific Daylight Time),"Mozilla/5.0 (Windows NT 6.1; Win64; x64) AppleWebKit/537.36 (KHTML, like Gecko) Chrome/66.0.3359.181 Safari/537.36",20,"[0.9, 0.5, 0.1]","[0.9, 0.5, 0.1]","[u'blue', u'black', u'red']","[u'left', u'middle', u'right']","[0.9, 0.5, 0.1]","[u'low', u'medium', u'high']",black,50,middle,medium,False,False,651,50,NA
A1CH3TODZNQCES,Mon Jun 11 2018 22:38:14 GMT-0700 (Pacific Daylight Time),Mon Jun 11 2018 22:58:09 GMT-0700 (Pacific Daylight Time),"Mozilla/5.0 (Windows NT 6.1; Win64; x64) AppleWebKit/537.36 (KHTML, like Gecko) Chrome/66.0.3359.181 Safari/537.36",21,"[0.9, 0.5, 0.1]","[0.9, 0.5, 0.1]","[u'blue', u'black', u'red']","[u'left', u'middle', u'right']","[0.9, 0.5, 0.1]","[u'low', u'medium', u'high']",blue,49,left,low,False,False,9,0,NA
A1CH3TODZNQCES,Mon Jun 11 2018 22:38:14 GMT-0700 (Pacific Daylight Time),Mon Jun 11 2018 22:58:09 GMT-0700 (Pacific Daylight Time),"Mozilla/5.0 (Windows NT 6.1; Win64; x64) AppleWebKit/537.36 (KHTML, like Gecko) Chrome/66.0.3359.181 Safari/537.36",22,"[0.9, 0.5, 0.1]","[0.9, 0.5, 0.1]","[u'blue', u'black', u'red']","[u'left', u'middle', u'right']","[0.9, 0.5, 0.1]","[u'low', u'medium', u'high']",red,51,right,high,False,False,956,-50,NA
A1CH3TODZNQCES,Mon Jun 11 2018 22:38:14 GMT-0700 (Pacific Daylight Time),Mon Jun 11 2018 22:58:09 GMT-0700 (Pacific Daylight Time),"Mozilla/5.0 (Windows NT 6.1; Win64; x64) AppleWebKit/537.36 (KHTML, like Gecko) Chrome/66.0.3359.181 Safari/537.36",23,"[0.9, 0.5, 0.1]","[0.9, 0.5, 0.1]","[u'blue', u'black', u'red']","[u'left', u'middle', u'right']","[0.9, 0.5, 0.1]","[u'low', u'medium', u'high']",red,51,right,high,True,False,523,50,NA
A1CH3TODZNQCES,Mon Jun 11 2018 22:38:14 GMT-0700 (Pacific Daylight Time),Mon Jun 11 2018 22:58:09 GMT-0700 (Pacific Daylight Time),"Mozilla/5.0 (Windows NT 6.1; Win64; x64) AppleWebKit/537.36 (KHTML, like Gecko) Chrome/66.0.3359.181 Safari/537.36",24,"[0.9, 0.5, 0.1]","[0.9, 0.5, 0.1]","[u'blue', u'black', u'red']","[u'left', u'middle', u'right']","[0.9, 0.5, 0.1]","[u'low', u'medium', u'high']",red,51,right,high,True,False,602,150,NA
A1CH3TODZNQCES,Mon Jun 11 2018 22:38:14 GMT-0700 (Pacific Daylight Time),Mon Jun 11 2018 22:58:09 GMT-0700 (Pacific Daylight Time),"Mozilla/5.0 (Windows NT 6.1; Win64; x64) AppleWebKit/537.36 (KHTML, like Gecko) Chrome/66.0.3359.181 Safari/537.36",25,"[0.9, 0.5, 0.1]","[0.9, 0.5, 0.1]","[u'blue', u'black', u'red']","[u'left', u'middle', u'right']","[0.9, 0.5, 0.1]","[u'low', u'medium', u'high']",blue,49,left,low,False,False,789,100,NA
A1CH3TODZNQCES,Mon Jun 11 2018 22:38:14 GMT-0700 (Pacific Daylight Time),Mon Jun 11 2018 22:58:09 GMT-0700 (Pacific Daylight Time),"Mozilla/5.0 (Windows NT 6.1; Win64; x64) AppleWebKit/537.36 (KHTML, like Gecko) Chrome/66.0.3359.181 Safari/537.36",26,"[0.9, 0.5, 0.1]","[0.9, 0.5, 0.1]","[u'blue', u'black', u'red']","[u'left', u'middle', u'right']","[0.9, 0.5, 0.1]","[u'low', u'medium', u'high']",red,51,right,high,True,False,1260,200,NA
A1CH3TODZNQCES,Mon Jun 11 2018 22:38:14 GMT-0700 (Pacific Daylight Time),Mon Jun 11 2018 22:58:09 GMT-0700 (Pacific Daylight Time),"Mozilla/5.0 (Windows NT 6.1; Win64; x64) AppleWebKit/537.36 (KHTML, like Gecko) Chrome/66.0.3359.181 Safari/537.36",27,"[0.9, 0.5, 0.1]","[0.9, 0.5, 0.1]","[u'blue', u'black', u'red']","[u'left', u'middle', u'right']","[0.9, 0.5, 0.1]","[u'low', u'medium', u'high']",red,51,right,high,True,False,1824,300,NA
A1CH3TODZNQCES,Mon Jun 11 2018 22:38:14 GMT-0700 (Pacific Daylight Time),Mon Jun 11 2018 22:58:09 GMT-0700 (Pacific Daylight Time),"Mozilla/5.0 (Windows NT 6.1; Win64; x64) AppleWebKit/537.36 (KHTML, like Gecko) Chrome/66.0.3359.181 Safari/537.36",28,"[0.9, 0.5, 0.1]","[0.9, 0.5, 0.1]","[u'blue', u'black', u'red']","[u'left', u'middle', u'right']","[0.9, 0.5, 0.1]","[u'low', u'medium', u'high']",red,51,right,high,True,False,1204,400,NA
A1CH3TODZNQCES,Mon Jun 11 2018 22:38:14 GMT-0700 (Pacific Daylight Time),Mon Jun 11 2018 22:58:09 GMT-0700 (Pacific Daylight Time),"Mozilla/5.0 (Windows NT 6.1; Win64; x64) AppleWebKit/537.36 (KHTML, like Gecko) Chrome/66.0.3359.181 Safari/537.36",29,"[0.9, 0.5, 0.1]","[0.9, 0.5, 0.1]","[u'blue', u'black', u'red']","[u'left', u'middle', u'right']","[0.9, 0.5, 0.1]","[u'low', u'medium', u'high']",black,50,middle,medium,False,False,1941,350,NA
A1CH3TODZNQCES,Mon Jun 11 2018 22:38:14 GMT-0700 (Pacific Daylight Time),Mon Jun 11 2018 22:58:09 GMT-0700 (Pacific Daylight Time),"Mozilla/5.0 (Windows NT 6.1; Win64; x64) AppleWebKit/537.36 (KHTML, like Gecko) Chrome/66.0.3359.181 Safari/537.36",30,"[0.9, 0.5, 0.1]","[0.9, 0.5, 0.1]","[u'blue', u'black', u'red']","[u'left', u'middle', u'right']","[0.9, 0.5, 0.1]","[u'low', u'medium', u'high']",blue,49,left,low,False,False,652,300,NA
A1CH3TODZNQCES,Mon Jun 11 2018 22:38:14 GMT-0700 (Pacific Daylight Time),Mon Jun 11 2018 22:58:09 GMT-0700 (Pacific Daylight Time),"Mozilla/5.0 (Windows NT 6.1; Win64; x64) AppleWebKit/537.36 (KHTML, like Gecko) Chrome/66.0.3359.181 Safari/537.36",31,"[0.9, 0.5, 0.1]","[0.9, 0.5, 0.1]","[u'blue', u'black', u'red']","[u'left', u'middle', u'right']","[0.9, 0.5, 0.1]","[u'low', u'medium', u'high']",red,51,right,high,True,False,818,400,NA
A1CH3TODZNQCES,Mon Jun 11 2018 22:38:14 GMT-0700 (Pacific Daylight Time),Mon Jun 11 2018 22:58:09 GMT-0700 (Pacific Daylight Time),"Mozilla/5.0 (Windows NT 6.1; Win64; x64) AppleWebKit/537.36 (KHTML, like Gecko) Chrome/66.0.3359.181 Safari/537.36",32,"[0.9, 0.5, 0.1]","[0.9, 0.5, 0.1]","[u'blue', u'black', u'red']","[u'left', u'middle', u'right']","[0.9, 0.5, 0.1]","[u'low', u'medium', u'high']",red,51,right,high,True,False,835,500,NA
A1CH3TODZNQCES,Mon Jun 11 2018 22:38:14 GMT-0700 (Pacific Daylight Time),Mon Jun 11 2018 22:58:09 GMT-0700 (Pacific Daylight Time),"Mozilla/5.0 (Windows NT 6.1; Win64; x64) AppleWebKit/537.36 (KHTML, like Gecko) Chrome/66.0.3359.181 Safari/537.36",33,"[0.9, 0.5, 0.1]","[0.9, 0.5, 0.1]","[u'blue', u'black', u'red']","[u'left', u'middle', u'right']","[0.9, 0.5, 0.1]","[u'low', u'medium', u'high']",red,51,right,high,False,False,640,450,NA
A1CH3TODZNQCES,Mon Jun 11 2018 22:38:14 GMT-0700 (Pacific Daylight Time),Mon Jun 11 2018 22:58:09 GMT-0700 (Pacific Daylight Time),"Mozilla/5.0 (Windows NT 6.1; Win64; x64) AppleWebKit/537.36 (KHTML, like Gecko) Chrome/66.0.3359.181 Safari/537.36",34,"[0.9, 0.5, 0.1]","[0.9, 0.5, 0.1]","[u'blue', u'black', u'red']","[u'left', u'middle', u'right']","[0.9, 0.5, 0.1]","[u'low', u'medium', u'high']",black,50,middle,medium,True,False,352,550,NA
A1CH3TODZNQCES,Mon Jun 11 2018 22:38:14 GMT-0700 (Pacific Daylight Time),Mon Jun 11 2018 22:58:09 GMT-0700 (Pacific Daylight Time),"Mozilla/5.0 (Windows NT 6.1; Win64; x64) AppleWebKit/537.36 (KHTML, like Gecko) Chrome/66.0.3359.181 Safari/537.36",35,"[0.9, 0.5, 0.1]","[0.9, 0.5, 0.1]","[u'blue', u'black', u'red']","[u'left', u'middle', u'right']","[0.9, 0.5, 0.1]","[u'low', u'medium', u'high']",blue,49,left,low,False,False,826,500,NA
A1CH3TODZNQCES,Mon Jun 11 2018 22:38:14 GMT-0700 (Pacific Daylight Time),Mon Jun 11 2018 22:58:09 GMT-0700 (Pacific Daylight Time),"Mozilla/5.0 (Windows NT 6.1; Win64; x64) AppleWebKit/537.36 (KHTML, like Gecko) Chrome/66.0.3359.181 Safari/537.36",36,"[0.9, 0.5, 0.1]","[0.9, 0.5, 0.1]","[u'blue', u'black', u'red']","[u'left', u'middle', u'right']","[0.9, 0.5, 0.1]","[u'low', u'medium', u'high']",red,51,right,high,True,False,534,600,NA
A1CH3TODZNQCES,Mon Jun 11 2018 22:38:14 GMT-0700 (Pacific Daylight Time),Mon Jun 11 2018 22:58:09 GMT-0700 (Pacific Daylight Time),"Mozilla/5.0 (Windows NT 6.1; Win64; x64) AppleWebKit/537.36 (KHTML, like Gecko) Chrome/66.0.3359.181 Safari/537.36",37,"[0.9, 0.5, 0.1]","[0.9, 0.5, 0.1]","[u'blue', u'black', u'red']","[u'left', u'middle', u'right']","[0.9, 0.5, 0.1]","[u'low', u'medium', u'high']",black,50,middle,medium,False,False,499,550,NA
A1CH3TODZNQCES,Mon Jun 11 2018 22:38:14 GMT-0700 (Pacific Daylight Time),Mon Jun 11 2018 22:58:09 GMT-0700 (Pacific Daylight Time),"Mozilla/5.0 (Windows NT 6.1; Win64; x64) AppleWebKit/537.36 (KHTML, like Gecko) Chrome/66.0.3359.181 Safari/537.36",38,"[0.9, 0.5, 0.1]","[0.9, 0.5, 0.1]","[u'blue', u'black', u'red']","[u'left', u'middle', u'right']","[0.9, 0.5, 0.1]","[u'low', u'medium', u'high']",red,51,right,high,True,False,418,650,NA
A1CH3TODZNQCES,Mon Jun 11 2018 22:38:14 GMT-0700 (Pacific Daylight Time),Mon Jun 11 2018 22:58:09 GMT-0700 (Pacific Daylight Time),"Mozilla/5.0 (Windows NT 6.1; Win64; x64) AppleWebKit/537.36 (KHTML, like Gecko) Chrome/66.0.3359.181 Safari/537.36",39,"[0.9, 0.5, 0.1]","[0.9, 0.5, 0.1]","[u'blue', u'black', u'red']","[u'left', u'middle', u'right']","[0.9, 0.5, 0.1]","[u'low', u'medium', u'high']",blue,49,left,low,False,False,353,600,NA
A1CH3TODZNQCES,Mon Jun 11 2018 22:38:14 GMT-0700 (Pacific Daylight Time),Mon Jun 11 2018 22:58:09 GMT-0700 (Pacific Daylight Time),"Mozilla/5.0 (Windows NT 6.1; Win64; x64) AppleWebKit/537.36 (KHTML, like Gecko) Chrome/66.0.3359.181 Safari/537.36",40,"[0.9, 0.5, 0.1]","[0.9, 0.5, 0.1]","[u'blue', u'black', u'red']","[u'left', u'middle', u'right']","[0.9, 0.5, 0.1]","[u'low', u'medium', u'high']",blue,49,left,low,False,False,37,550,NA
A1CH3TODZNQCES,Mon Jun 11 2018 22:38:14 GMT-0700 (Pacific Daylight Time),Mon Jun 11 2018 22:58:09 GMT-0700 (Pacific Daylight Time),"Mozilla/5.0 (Windows NT 6.1; Win64; x64) AppleWebKit/537.36 (KHTML, like Gecko) Chrome/66.0.3359.181 Safari/537.36",41,"[0.9, 0.5, 0.1]","[0.9, 0.5, 0.1]","[u'blue', u'black', u'red']","[u'left', u'middle', u'right']","[0.9, 0.5, 0.1]","[u'high', u'medium', u'low']",red,51,right,low,False,False,913,500,NA
A1CH3TODZNQCES,Mon Jun 11 2018 22:38:14 GMT-0700 (Pacific Daylight Time),Mon Jun 11 2018 22:58:09 GMT-0700 (Pacific Daylight Time),"Mozilla/5.0 (Windows NT 6.1; Win64; x64) AppleWebKit/537.36 (KHTML, like Gecko) Chrome/66.0.3359.181 Safari/537.36",42,"[0.9, 0.5, 0.1]","[0.9, 0.5, 0.1]","[u'blue', u'black', u'red']","[u'left', u'middle', u'right']","[0.9, 0.5, 0.1]","[u'high', u'medium', u'low']",blue,49,left,high,True,False,436,600,NA
A1CH3TODZNQCES,Mon Jun 11 2018 22:38:14 GMT-0700 (Pacific Daylight Time),Mon Jun 11 2018 22:58:09 GMT-0700 (Pacific Daylight Time),"Mozilla/5.0 (Windows NT 6.1; Win64; x64) AppleWebKit/537.36 (KHTML, like Gecko) Chrome/66.0.3359.181 Safari/537.36",43,"[0.9, 0.5, 0.1]","[0.9, 0.5, 0.1]","[u'blue', u'black', u'red']","[u'left', u'middle', u'right']","[0.9, 0.5, 0.1]","[u'high', u'medium', u'low']",black,50,middle,medium,False,False,330,550,NA
A1CH3TODZNQCES,Mon Jun 11 2018 22:38:14 GMT-0700 (Pacific Daylight Time),Mon Jun 11 2018 22:58:09 GMT-0700 (Pacific Daylight Time),"Mozilla/5.0 (Windows NT 6.1; Win64; x64) AppleWebKit/537.36 (KHTML, like Gecko) Chrome/66.0.3359.181 Safari/537.36",44,"[0.9, 0.5, 0.1]","[0.9, 0.5, 0.1]","[u'blue', u'black', u'red']","[u'left', u'middle', u'right']","[0.9, 0.5, 0.1]","[u'high', u'medium', u'low']",red,51,right,low,True,False,331,650,NA
A1CH3TODZNQCES,Mon Jun 11 2018 22:38:14 GMT-0700 (Pacific Daylight Time),Mon Jun 11 2018 22:58:09 GMT-0700 (Pacific Daylight Time),"Mozilla/5.0 (Windows NT 6.1; Win64; x64) AppleWebKit/537.36 (KHTML, like Gecko) Chrome/66.0.3359.181 Safari/537.36",45,"[0.9, 0.5, 0.1]","[0.9, 0.5, 0.1]","[u'blue', u'black', u'red']","[u'left', u'middle', u'right']","[0.9, 0.5, 0.1]","[u'high', u'medium', u'low']",red,51,right,low,False,False,750,600,NA
A1CH3TODZNQCES,Mon Jun 11 2018 22:38:14 GMT-0700 (Pacific Daylight Time),Mon Jun 11 2018 22:58:09 GMT-0700 (Pacific Daylight Time),"Mozilla/5.0 (Windows NT 6.1; Win64; x64) AppleWebKit/537.36 (KHTML, like Gecko) Chrome/66.0.3359.181 Safari/537.36",46,"[0.9, 0.5, 0.1]","[0.9, 0.5, 0.1]","[u'blue', u'black', u'red']","[u'left', u'middle', u'right']","[0.9, 0.5, 0.1]","[u'high', u'medium', u'low']",red,51,right,low,False,False,560,550,NA
A1CH3TODZNQCES,Mon Jun 11 2018 22:38:14 GMT-0700 (Pacific Daylight Time),Mon Jun 11 2018 22:58:09 GMT-0700 (Pacific Daylight Time),"Mozilla/5.0 (Windows NT 6.1; Win64; x64) AppleWebKit/537.36 (KHTML, like Gecko) Chrome/66.0.3359.181 Safari/537.36",47,"[0.9, 0.5, 0.1]","[0.9, 0.5, 0.1]","[u'blue', u'black', u'red']","[u'left', u'middle', u'right']","[0.9, 0.5, 0.1]","[u'high', u'medium', u'low']",red,51,right,low,False,False,202,500,NA
A1CH3TODZNQCES,Mon Jun 11 2018 22:38:14 GMT-0700 (Pacific Daylight Time),Mon Jun 11 2018 22:58:09 GMT-0700 (Pacific Daylight Time),"Mozilla/5.0 (Windows NT 6.1; Win64; x64) AppleWebKit/537.36 (KHTML, like Gecko) Chrome/66.0.3359.181 Safari/537.36",48,"[0.9, 0.5, 0.1]","[0.9, 0.5, 0.1]","[u'blue', u'black', u'red']","[u'left', u'middle', u'right']","[0.9, 0.5, 0.1]","[u'high', u'medium', u'low']",black,50,middle,medium,True,False,418,600,NA
A1CH3TODZNQCES,Mon Jun 11 2018 22:38:14 GMT-0700 (Pacific Daylight Time),Mon Jun 11 2018 22:58:09 GMT-0700 (Pacific Daylight Time),"Mozilla/5.0 (Windows NT 6.1; Win64; x64) AppleWebKit/537.36 (KHTML, like Gecko) Chrome/66.0.3359.181 Safari/537.36",49,"[0.9, 0.5, 0.1]","[0.9, 0.5, 0.1]","[u'blue', u'black', u'red']","[u'left', u'middle', u'right']","[0.9, 0.5, 0.1]","[u'high', u'medium', u'low']",black,50,middle,medium,True,False,848,700,NA
A1CH3TODZNQCES,Mon Jun 11 2018 22:38:14 GMT-0700 (Pacific Daylight Time),Mon Jun 11 2018 22:58:09 GMT-0700 (Pacific Daylight Time),"Mozilla/5.0 (Windows NT 6.1; Win64; x64) AppleWebKit/537.36 (KHTML, like Gecko) Chrome/66.0.3359.181 Safari/537.36",50,"[0.9, 0.5, 0.1]","[0.9, 0.5, 0.1]","[u'blue', u'black', u'red']","[u'left', u'middle', u'right']","[0.9, 0.5, 0.1]","[u'high', u'medium', u'low']",red,51,right,low,False,False,472,650,NA
A1CH3TODZNQCES,Mon Jun 11 2018 22:38:14 GMT-0700 (Pacific Daylight Time),Mon Jun 11 2018 22:58:09 GMT-0700 (Pacific Daylight Time),"Mozilla/5.0 (Windows NT 6.1; Win64; x64) AppleWebKit/537.36 (KHTML, like Gecko) Chrome/66.0.3359.181 Safari/537.36",51,"[0.9, 0.5, 0.1]","[0.9, 0.5, 0.1]","[u'blue', u'black', u'red']","[u'left', u'middle', u'right']","[0.9, 0.5, 0.1]","[u'high', u'medium', u'low']",blue,49,left,high,True,False,367,750,NA
A1CH3TODZNQCES,Mon Jun 11 2018 22:38:14 GMT-0700 (Pacific Daylight Time),Mon Jun 11 2018 22:58:09 GMT-0700 (Pacific Daylight Time),"Mozilla/5.0 (Windows NT 6.1; Win64; x64) AppleWebKit/537.36 (KHTML, like Gecko) Chrome/66.0.3359.181 Safari/537.36",52,"[0.9, 0.5, 0.1]","[0.9, 0.5, 0.1]","[u'blue', u'black', u'red']","[u'left', u'middle', u'right']","[0.9, 0.5, 0.1]","[u'high', u'medium', u'low']",black,50,middle,medium,True,False,307,850,NA
A1CH3TODZNQCES,Mon Jun 11 2018 22:38:14 GMT-0700 (Pacific Daylight Time),Mon Jun 11 2018 22:58:09 GMT-0700 (Pacific Daylight Time),"Mozilla/5.0 (Windows NT 6.1; Win64; x64) AppleWebKit/537.36 (KHTML, like Gecko) Chrome/66.0.3359.181 Safari/537.36",53,"[0.9, 0.5, 0.1]","[0.9, 0.5, 0.1]","[u'blue', u'black', u'red']","[u'left', u'middle', u'right']","[0.9, 0.5, 0.1]","[u'high', u'medium', u'low']",red,51,right,low,False,False,419,800,NA
A1CH3TODZNQCES,Mon Jun 11 2018 22:38:14 GMT-0700 (Pacific Daylight Time),Mon Jun 11 2018 22:58:09 GMT-0700 (Pacific Daylight Time),"Mozilla/5.0 (Windows NT 6.1; Win64; x64) AppleWebKit/537.36 (KHTML, like Gecko) Chrome/66.0.3359.181 Safari/537.36",54,"[0.9, 0.5, 0.1]","[0.9, 0.5, 0.1]","[u'blue', u'black', u'red']","[u'left', u'middle', u'right']","[0.9, 0.5, 0.1]","[u'high', u'medium', u'low']",blue,49,left,high,True,False,298,900,NA
A1CH3TODZNQCES,Mon Jun 11 2018 22:38:14 GMT-0700 (Pacific Daylight Time),Mon Jun 11 2018 22:58:09 GMT-0700 (Pacific Daylight Time),"Mozilla/5.0 (Windows NT 6.1; Win64; x64) AppleWebKit/537.36 (KHTML, like Gecko) Chrome/66.0.3359.181 Safari/537.36",55,"[0.9, 0.5, 0.1]","[0.9, 0.5, 0.1]","[u'blue', u'black', u'red']","[u'left', u'middle', u'right']","[0.9, 0.5, 0.1]","[u'high', u'medium', u'low']",black,50,middle,medium,True,False,355,1000,NA
A1CH3TODZNQCES,Mon Jun 11 2018 22:38:14 GMT-0700 (Pacific Daylight Time),Mon Jun 11 2018 22:58:09 GMT-0700 (Pacific Daylight Time),"Mozilla/5.0 (Windows NT 6.1; Win64; x64) AppleWebKit/537.36 (KHTML, like Gecko) Chrome/66.0.3359.181 Safari/537.36",56,"[0.9, 0.5, 0.1]","[0.9, 0.5, 0.1]","[u'blue', u'black', u'red']","[u'left', u'middle', u'right']","[0.9, 0.5, 0.1]","[u'high', u'medium', u'low']",red,51,right,low,False,False,305,950,NA
A1CH3TODZNQCES,Mon Jun 11 2018 22:38:14 GMT-0700 (Pacific Daylight Time),Mon Jun 11 2018 22:58:09 GMT-0700 (Pacific Daylight Time),"Mozilla/5.0 (Windows NT 6.1; Win64; x64) AppleWebKit/537.36 (KHTML, like Gecko) Chrome/66.0.3359.181 Safari/537.36",57,"[0.9, 0.5, 0.1]","[0.9, 0.5, 0.1]","[u'blue', u'black', u'red']","[u'left', u'middle', u'right']","[0.9, 0.5, 0.1]","[u'high', u'medium', u'low']",blue,49,left,high,True,False,230,1050,NA
A1CH3TODZNQCES,Mon Jun 11 2018 22:38:14 GMT-0700 (Pacific Daylight Time),Mon Jun 11 2018 22:58:09 GMT-0700 (Pacific Daylight Time),"Mozilla/5.0 (Windows NT 6.1; Win64; x64) AppleWebKit/537.36 (KHTML, like Gecko) Chrome/66.0.3359.181 Safari/537.36",58,"[0.9, 0.5, 0.1]","[0.9, 0.5, 0.1]","[u'blue', u'black', u'red']","[u'left', u'middle', u'right']","[0.9, 0.5, 0.1]","[u'high', u'medium', u'low']",blue,49,left,high,True,False,246,1150,NA
A1CH3TODZNQCES,Mon Jun 11 2018 22:38:14 GMT-0700 (Pacific Daylight Time),Mon Jun 11 2018 22:58:09 GMT-0700 (Pacific Daylight Time),"Mozilla/5.0 (Windows NT 6.1; Win64; x64) AppleWebKit/537.36 (KHTML, like Gecko) Chrome/66.0.3359.181 Safari/537.36",59,"[0.9, 0.5, 0.1]","[0.9, 0.5, 0.1]","[u'blue', u'black', u'red']","[u'left', u'middle', u'right']","[0.9, 0.5, 0.1]","[u'high', u'medium', u'low']",black,50,middle,medium,True,False,228,1250,NA
A1CH3TODZNQCES,Mon Jun 11 2018 22:38:14 GMT-0700 (Pacific Daylight Time),Mon Jun 11 2018 22:58:09 GMT-0700 (Pacific Daylight Time),"Mozilla/5.0 (Windows NT 6.1; Win64; x64) AppleWebKit/537.36 (KHTML, like Gecko) Chrome/66.0.3359.181 Safari/537.36",60,"[0.9, 0.5, 0.1]","[0.9, 0.5, 0.1]","[u'blue', u'black', u'red']","[u'left', u'middle', u'right']","[0.9, 0.5, 0.1]","[u'high', u'medium', u'low']",red,51,right,low,False,False,365,1200,NA
A1CH3TODZNQCES,Mon Jun 11 2018 22:38:14 GMT-0700 (Pacific Daylight Time),Mon Jun 11 2018 22:58:09 GMT-0700 (Pacific Daylight Time),"Mozilla/5.0 (Windows NT 6.1; Win64; x64) AppleWebKit/537.36 (KHTML, like Gecko) Chrome/66.0.3359.181 Safari/537.36",61,"[0.9, 0.5, 0.1]","[0.9, 0.5, 0.1]","[u'blue', u'black', u'red']","[u'left', u'middle', u'right']","[0.9, 0.5, 0.1]","[u'high', u'medium', u'low']",black,50,middle,medium,True,False,344,1300,NA
A1CH3TODZNQCES,Mon Jun 11 2018 22:38:14 GMT-0700 (Pacific Daylight Time),Mon Jun 11 2018 22:58:09 GMT-0700 (Pacific Daylight Time),"Mozilla/5.0 (Windows NT 6.1; Win64; x64) AppleWebKit/537.36 (KHTML, like Gecko) Chrome/66.0.3359.181 Safari/537.36",62,"[0.9, 0.5, 0.1]","[0.9, 0.5, 0.1]","[u'blue', u'black', u'red']","[u'left', u'middle', u'right']","[0.9, 0.5, 0.1]","[u'high', u'medium', u'low']",blue,49,left,high,True,False,263,1400,NA
A1CH3TODZNQCES,Mon Jun 11 2018 22:38:14 GMT-0700 (Pacific Daylight Time),Mon Jun 11 2018 22:58:09 GMT-0700 (Pacific Daylight Time),"Mozilla/5.0 (Windows NT 6.1; Win64; x64) AppleWebKit/537.36 (KHTML, like Gecko) Chrome/66.0.3359.181 Safari/537.36",63,"[0.9, 0.5, 0.1]","[0.9, 0.5, 0.1]","[u'blue', u'black', u'red']","[u'left', u'middle', u'right']","[0.9, 0.5, 0.1]","[u'high', u'medium', u'low']",red,51,right,low,False,False,578,1350,NA
A1CH3TODZNQCES,Mon Jun 11 2018 22:38:14 GMT-0700 (Pacific Daylight Time),Mon Jun 11 2018 22:58:09 GMT-0700 (Pacific Daylight Time),"Mozilla/5.0 (Windows NT 6.1; Win64; x64) AppleWebKit/537.36 (KHTML, like Gecko) Chrome/66.0.3359.181 Safari/537.36",64,"[0.9, 0.5, 0.1]","[0.9, 0.5, 0.1]","[u'blue', u'black', u'red']","[u'left', u'middle', u'right']","[0.9, 0.5, 0.1]","[u'high', u'medium', u'low']",blue,49,left,high,True,False,758,1450,NA
A1CH3TODZNQCES,Mon Jun 11 2018 22:38:14 GMT-0700 (Pacific Daylight Time),Mon Jun 11 2018 22:58:09 GMT-0700 (Pacific Daylight Time),"Mozilla/5.0 (Windows NT 6.1; Win64; x64) AppleWebKit/537.36 (KHTML, like Gecko) Chrome/66.0.3359.181 Safari/537.36",65,"[0.9, 0.5, 0.1]","[0.9, 0.5, 0.1]","[u'blue', u'black', u'red']","[u'left', u'middle', u'right']","[0.9, 0.5, 0.1]","[u'high', u'medium', u'low']",black,50,middle,medium,False,False,350,1400,NA
A1CH3TODZNQCES,Mon Jun 11 2018 22:38:14 GMT-0700 (Pacific Daylight Time),Mon Jun 11 2018 22:58:09 GMT-0700 (Pacific Daylight Time),"Mozilla/5.0 (Windows NT 6.1; Win64; x64) AppleWebKit/537.36 (KHTML, like Gecko) Chrome/66.0.3359.181 Safari/537.36",66,"[0.9, 0.5, 0.1]","[0.9, 0.5, 0.1]","[u'blue', u'black', u'red']","[u'left', u'middle', u'right']","[0.9, 0.5, 0.1]","[u'high', u'medium', u'low']",red,51,right,low,False,False,237,1350,NA
A1CH3TODZNQCES,Mon Jun 11 2018 22:38:14 GMT-0700 (Pacific Daylight Time),Mon Jun 11 2018 22:58:09 GMT-0700 (Pacific Daylight Time),"Mozilla/5.0 (Windows NT 6.1; Win64; x64) AppleWebKit/537.36 (KHTML, like Gecko) Chrome/66.0.3359.181 Safari/537.36",67,"[0.9, 0.5, 0.1]","[0.9, 0.5, 0.1]","[u'blue', u'black', u'red']","[u'left', u'middle', u'right']","[0.9, 0.5, 0.1]","[u'high', u'medium', u'low']",blue,49,left,high,True,False,365,1450,NA
A1CH3TODZNQCES,Mon Jun 11 2018 22:38:14 GMT-0700 (Pacific Daylight Time),Mon Jun 11 2018 22:58:09 GMT-0700 (Pacific Daylight Time),"Mozilla/5.0 (Windows NT 6.1; Win64; x64) AppleWebKit/537.36 (KHTML, like Gecko) Chrome/66.0.3359.181 Safari/537.36",68,"[0.9, 0.5, 0.1]","[0.9, 0.5, 0.1]","[u'blue', u'black', u'red']","[u'left', u'middle', u'right']","[0.9, 0.5, 0.1]","[u'high', u'medium', u'low']",red,51,right,low,False,False,348,1400,NA
A1CH3TODZNQCES,Mon Jun 11 2018 22:38:14 GMT-0700 (Pacific Daylight Time),Mon Jun 11 2018 22:58:09 GMT-0700 (Pacific Daylight Time),"Mozilla/5.0 (Windows NT 6.1; Win64; x64) AppleWebKit/537.36 (KHTML, like Gecko) Chrome/66.0.3359.181 Safari/537.36",69,"[0.9, 0.5, 0.1]","[0.9, 0.5, 0.1]","[u'blue', u'black', u'red']","[u'left', u'middle', u'right']","[0.9, 0.5, 0.1]","[u'high', u'medium', u'low']",black,50,middle,medium,False,False,334,1350,NA
A1CH3TODZNQCES,Mon Jun 11 2018 22:38:14 GMT-0700 (Pacific Daylight Time),Mon Jun 11 2018 22:58:09 GMT-0700 (Pacific Daylight Time),"Mozilla/5.0 (Windows NT 6.1; Win64; x64) AppleWebKit/537.36 (KHTML, like Gecko) Chrome/66.0.3359.181 Safari/537.36",70,"[0.9, 0.5, 0.1]","[0.9, 0.5, 0.1]","[u'blue', u'black', u'red']","[u'left', u'middle', u'right']","[0.9, 0.5, 0.1]","[u'high', u'medium', u'low']",blue,49,left,high,True,False,237,1450,NA
A1CH3TODZNQCES,Mon Jun 11 2018 22:38:14 GMT-0700 (Pacific Daylight Time),Mon Jun 11 2018 22:58:09 GMT-0700 (Pacific Daylight Time),"Mozilla/5.0 (Windows NT 6.1; Win64; x64) AppleWebKit/537.36 (KHTML, like Gecko) Chrome/66.0.3359.181 Safari/537.36",71,"[0.9, 0.5, 0.1]","[0.9, 0.5, 0.1]","[u'blue', u'black', u'red']","[u'left', u'middle', u'right']","[0.9, 0.5, 0.1]","[u'high', u'medium', u'low']",red,51,right,low,False,False,615,1400,NA
A1CH3TODZNQCES,Mon Jun 11 2018 22:38:14 GMT-0700 (Pacific Daylight Time),Mon Jun 11 2018 22:58:09 GMT-0700 (Pacific Daylight Time),"Mozilla/5.0 (Windows NT 6.1; Win64; x64) AppleWebKit/537.36 (KHTML, like Gecko) Chrome/66.0.3359.181 Safari/537.36",72,"[0.9, 0.5, 0.1]","[0.9, 0.5, 0.1]","[u'blue', u'black', u'red']","[u'left', u'middle', u'right']","[0.9, 0.5, 0.1]","[u'high', u'medium', u'low']",red,51,right,low,False,False,406,1350,NA
A1CH3TODZNQCES,Mon Jun 11 2018 22:38:14 GMT-0700 (Pacific Daylight Time),Mon Jun 11 2018 22:58:09 GMT-0700 (Pacific Daylight Time),"Mozilla/5.0 (Windows NT 6.1; Win64; x64) AppleWebKit/537.36 (KHTML, like Gecko) Chrome/66.0.3359.181 Safari/537.36",73,"[0.9, 0.5, 0.1]","[0.9, 0.5, 0.1]","[u'blue', u'black', u'red']","[u'left', u'middle', u'right']","[0.9, 0.5, 0.1]","[u'high', u'medium', u'low']",blue,49,left,high,True,False,462,1450,NA
A1CH3TODZNQCES,Mon Jun 11 2018 22:38:14 GMT-0700 (Pacific Daylight Time),Mon Jun 11 2018 22:58:09 GMT-0700 (Pacific Daylight Time),"Mozilla/5.0 (Windows NT 6.1; Win64; x64) AppleWebKit/537.36 (KHTML, like Gecko) Chrome/66.0.3359.181 Safari/537.36",74,"[0.9, 0.5, 0.1]","[0.9, 0.5, 0.1]","[u'blue', u'black', u'red']","[u'left', u'middle', u'right']","[0.9, 0.5, 0.1]","[u'high', u'medium', u'low']",red,51,right,low,False,False,369,1400,NA
A1CH3TODZNQCES,Mon Jun 11 2018 22:38:14 GMT-0700 (Pacific Daylight Time),Mon Jun 11 2018 22:58:09 GMT-0700 (Pacific Daylight Time),"Mozilla/5.0 (Windows NT 6.1; Win64; x64) AppleWebKit/537.36 (KHTML, like Gecko) Chrome/66.0.3359.181 Safari/537.36",75,"[0.9, 0.5, 0.1]","[0.9, 0.5, 0.1]","[u'blue', u'black', u'red']","[u'left', u'middle', u'right']","[0.9, 0.5, 0.1]","[u'high', u'medium', u'low']",black,50,middle,medium,True,False,316,1500,NA
A1CH3TODZNQCES,Mon Jun 11 2018 22:38:14 GMT-0700 (Pacific Daylight Time),Mon Jun 11 2018 22:58:09 GMT-0700 (Pacific Daylight Time),"Mozilla/5.0 (Windows NT 6.1; Win64; x64) AppleWebKit/537.36 (KHTML, like Gecko) Chrome/66.0.3359.181 Safari/537.36",76,"[0.9, 0.5, 0.1]","[0.9, 0.5, 0.1]","[u'blue', u'black', u'red']","[u'left', u'middle', u'right']","[0.9, 0.5, 0.1]","[u'high', u'medium', u'low']",blue,49,left,high,True,False,212,1600,NA
A1CH3TODZNQCES,Mon Jun 11 2018 22:38:14 GMT-0700 (Pacific Daylight Time),Mon Jun 11 2018 22:58:09 GMT-0700 (Pacific Daylight Time),"Mozilla/5.0 (Windows NT 6.1; Win64; x64) AppleWebKit/537.36 (KHTML, like Gecko) Chrome/66.0.3359.181 Safari/537.36",77,"[0.9, 0.5, 0.1]","[0.9, 0.5, 0.1]","[u'blue', u'black', u'red']","[u'left', u'middle', u'right']","[0.9, 0.5, 0.1]","[u'high', u'medium', u'low']",black,50,middle,medium,False,False,328,1550,NA
A1CH3TODZNQCES,Mon Jun 11 2018 22:38:14 GMT-0700 (Pacific Daylight Time),Mon Jun 11 2018 22:58:09 GMT-0700 (Pacific Daylight Time),"Mozilla/5.0 (Windows NT 6.1; Win64; x64) AppleWebKit/537.36 (KHTML, like Gecko) Chrome/66.0.3359.181 Safari/537.36",78,"[0.9, 0.5, 0.1]","[0.9, 0.5, 0.1]","[u'blue', u'black', u'red']","[u'left', u'middle', u'right']","[0.9, 0.5, 0.1]","[u'high', u'medium', u'low']",blue,49,left,high,False,False,252,1500,NA
A1CH3TODZNQCES,Mon Jun 11 2018 22:38:14 GMT-0700 (Pacific Daylight Time),Mon Jun 11 2018 22:58:09 GMT-0700 (Pacific Daylight Time),"Mozilla/5.0 (Windows NT 6.1; Win64; x64) AppleWebKit/537.36 (KHTML, like Gecko) Chrome/66.0.3359.181 Safari/537.36",79,"[0.9, 0.5, 0.1]","[0.9, 0.5, 0.1]","[u'blue', u'black', u'red']","[u'left', u'middle', u'right']","[0.9, 0.5, 0.1]","[u'high', u'medium', u'low']",red,51,right,low,True,False,264,1600,NA
A1CH3TODZNQCES,Mon Jun 11 2018 22:38:14 GMT-0700 (Pacific Daylight Time),Mon Jun 11 2018 22:58:09 GMT-0700 (Pacific Daylight Time),"Mozilla/5.0 (Windows NT 6.1; Win64; x64) AppleWebKit/537.36 (KHTML, like Gecko) Chrome/66.0.3359.181 Safari/537.36",80,"[0.9, 0.5, 0.1]","[0.9, 0.5, 0.1]","[u'blue', u'black', u'red']","[u'left', u'middle', u'right']","[0.9, 0.5, 0.1]","[u'high', u'medium', u'low']",blue,49,left,high,True,False,507,1700,NA
A1CH3TODZNQCES,Mon Jun 11 2018 22:38:14 GMT-0700 (Pacific Daylight Time),Mon Jun 11 2018 22:58:09 GMT-0700 (Pacific Daylight Time),"Mozilla/5.0 (Windows NT 6.1; Win64; x64) AppleWebKit/537.36 (KHTML, like Gecko) Chrome/66.0.3359.181 Safari/537.36",81,"[0.9, 0.5, 0.1]","[0.9, 0.5, 0.1]","[u'blue', u'black', u'red']","[u'left', u'middle', u'right']","[0.9, 0.5, 0.1]","[u'low', u'medium', u'high']",red,51,right,high,False,False,339,1650,NA
A1CH3TODZNQCES,Mon Jun 11 2018 22:38:14 GMT-0700 (Pacific Daylight Time),Mon Jun 11 2018 22:58:09 GMT-0700 (Pacific Daylight Time),"Mozilla/5.0 (Windows NT 6.1; Win64; x64) AppleWebKit/537.36 (KHTML, like Gecko) Chrome/66.0.3359.181 Safari/537.36",82,"[0.9, 0.5, 0.1]","[0.9, 0.5, 0.1]","[u'blue', u'black', u'red']","[u'left', u'middle', u'right']","[0.9, 0.5, 0.1]","[u'low', u'medium', u'high']",red,51,right,high,True,False,205,1750,NA
A1CH3TODZNQCES,Mon Jun 11 2018 22:38:14 GMT-0700 (Pacific Daylight Time),Mon Jun 11 2018 22:58:09 GMT-0700 (Pacific Daylight Time),"Mozilla/5.0 (Windows NT 6.1; Win64; x64) AppleWebKit/537.36 (KHTML, like Gecko) Chrome/66.0.3359.181 Safari/537.36",83,"[0.9, 0.5, 0.1]","[0.9, 0.5, 0.1]","[u'blue', u'black', u'red']","[u'left', u'middle', u'right']","[0.9, 0.5, 0.1]","[u'low', u'medium', u'high']",black,50,middle,medium,True,False,190,1850,NA
A1CH3TODZNQCES,Mon Jun 11 2018 22:38:14 GMT-0700 (Pacific Daylight Time),Mon Jun 11 2018 22:58:09 GMT-0700 (Pacific Daylight Time),"Mozilla/5.0 (Windows NT 6.1; Win64; x64) AppleWebKit/537.36 (KHTML, like Gecko) Chrome/66.0.3359.181 Safari/537.36",84,"[0.9, 0.5, 0.1]","[0.9, 0.5, 0.1]","[u'blue', u'black', u'red']","[u'left', u'middle', u'right']","[0.9, 0.5, 0.1]","[u'low', u'medium', u'high']",black,50,middle,medium,True,False,281,1950,NA
A1CH3TODZNQCES,Mon Jun 11 2018 22:38:14 GMT-0700 (Pacific Daylight Time),Mon Jun 11 2018 22:58:09 GMT-0700 (Pacific Daylight Time),"Mozilla/5.0 (Windows NT 6.1; Win64; x64) AppleWebKit/537.36 (KHTML, like Gecko) Chrome/66.0.3359.181 Safari/537.36",85,"[0.9, 0.5, 0.1]","[0.9, 0.5, 0.1]","[u'blue', u'black', u'red']","[u'left', u'middle', u'right']","[0.9, 0.5, 0.1]","[u'low', u'medium', u'high']",blue,49,left,low,False,False,372,1900,NA
A1CH3TODZNQCES,Mon Jun 11 2018 22:38:14 GMT-0700 (Pacific Daylight Time),Mon Jun 11 2018 22:58:09 GMT-0700 (Pacific Daylight Time),"Mozilla/5.0 (Windows NT 6.1; Win64; x64) AppleWebKit/537.36 (KHTML, like Gecko) Chrome/66.0.3359.181 Safari/537.36",86,"[0.9, 0.5, 0.1]","[0.9, 0.5, 0.1]","[u'blue', u'black', u'red']","[u'left', u'middle', u'right']","[0.9, 0.5, 0.1]","[u'low', u'medium', u'high']",black,50,middle,medium,True,False,493,2000,NA
A1CH3TODZNQCES,Mon Jun 11 2018 22:38:14 GMT-0700 (Pacific Daylight Time),Mon Jun 11 2018 22:58:09 GMT-0700 (Pacific Daylight Time),"Mozilla/5.0 (Windows NT 6.1; Win64; x64) AppleWebKit/537.36 (KHTML, like Gecko) Chrome/66.0.3359.181 Safari/537.36",87,"[0.9, 0.5, 0.1]","[0.9, 0.5, 0.1]","[u'blue', u'black', u'red']","[u'left', u'middle', u'right']","[0.9, 0.5, 0.1]","[u'low', u'medium', u'high']",red,51,right,high,True,False,740,2100,NA
A1CH3TODZNQCES,Mon Jun 11 2018 22:38:14 GMT-0700 (Pacific Daylight Time),Mon Jun 11 2018 22:58:09 GMT-0700 (Pacific Daylight Time),"Mozilla/5.0 (Windows NT 6.1; Win64; x64) AppleWebKit/537.36 (KHTML, like Gecko) Chrome/66.0.3359.181 Safari/537.36",88,"[0.9, 0.5, 0.1]","[0.9, 0.5, 0.1]","[u'blue', u'black', u'red']","[u'left', u'middle', u'right']","[0.9, 0.5, 0.1]","[u'low', u'medium', u'high']",red,51,right,high,True,False,741,2200,NA
A1CH3TODZNQCES,Mon Jun 11 2018 22:38:14 GMT-0700 (Pacific Daylight Time),Mon Jun 11 2018 22:58:09 GMT-0700 (Pacific Daylight Time),"Mozilla/5.0 (Windows NT 6.1; Win64; x64) AppleWebKit/537.36 (KHTML, like Gecko) Chrome/66.0.3359.181 Safari/537.36",89,"[0.9, 0.5, 0.1]","[0.9, 0.5, 0.1]","[u'blue', u'black', u'red']","[u'left', u'middle', u'right']","[0.9, 0.5, 0.1]","[u'low', u'medium', u'high']",black,50,middle,medium,False,False,755,2150,NA
A1CH3TODZNQCES,Mon Jun 11 2018 22:38:14 GMT-0700 (Pacific Daylight Time),Mon Jun 11 2018 22:58:09 GMT-0700 (Pacific Daylight Time),"Mozilla/5.0 (Windows NT 6.1; Win64; x64) AppleWebKit/537.36 (KHTML, like Gecko) Chrome/66.0.3359.181 Safari/537.36",90,"[0.9, 0.5, 0.1]","[0.9, 0.5, 0.1]","[u'blue', u'black', u'red']","[u'left', u'middle', u'right']","[0.9, 0.5, 0.1]","[u'low', u'medium', u'high']",red,51,right,high,True,False,632,2250,NA
A1CH3TODZNQCES,Mon Jun 11 2018 22:38:14 GMT-0700 (Pacific Daylight Time),Mon Jun 11 2018 22:58:09 GMT-0700 (Pacific Daylight Time),"Mozilla/5.0 (Windows NT 6.1; Win64; x64) AppleWebKit/537.36 (KHTML, like Gecko) Chrome/66.0.3359.181 Safari/537.36",91,"[0.9, 0.5, 0.1]","[0.9, 0.5, 0.1]","[u'blue', u'black', u'red']","[u'left', u'middle', u'right']","[0.9, 0.5, 0.1]","[u'low', u'medium', u'high']",red,51,right,high,False,False,607,2200,NA
A1CH3TODZNQCES,Mon Jun 11 2018 22:38:14 GMT-0700 (Pacific Daylight Time),Mon Jun 11 2018 22:58:09 GMT-0700 (Pacific Daylight Time),"Mozilla/5.0 (Windows NT 6.1; Win64; x64) AppleWebKit/537.36 (KHTML, like Gecko) Chrome/66.0.3359.181 Safari/537.36",92,"[0.9, 0.5, 0.1]","[0.9, 0.5, 0.1]","[u'blue', u'black', u'red']","[u'left', u'middle', u'right']","[0.9, 0.5, 0.1]","[u'low', u'medium', u'high']",blue,49,left,low,False,False,134,2150,NA
A1CH3TODZNQCES,Mon Jun 11 2018 22:38:14 GMT-0700 (Pacific Daylight Time),Mon Jun 11 2018 22:58:09 GMT-0700 (Pacific Daylight Time),"Mozilla/5.0 (Windows NT 6.1; Win64; x64) AppleWebKit/537.36 (KHTML, like Gecko) Chrome/66.0.3359.181 Safari/537.36",93,"[0.9, 0.5, 0.1]","[0.9, 0.5, 0.1]","[u'blue', u'black', u'red']","[u'left', u'middle', u'right']","[0.9, 0.5, 0.1]","[u'low', u'medium', u'high']",black,50,middle,medium,False,False,464,2100,NA
A1CH3TODZNQCES,Mon Jun 11 2018 22:38:14 GMT-0700 (Pacific Daylight Time),Mon Jun 11 2018 22:58:09 GMT-0700 (Pacific Daylight Time),"Mozilla/5.0 (Windows NT 6.1; Win64; x64) AppleWebKit/537.36 (KHTML, like Gecko) Chrome/66.0.3359.181 Safari/537.36",94,"[0.9, 0.5, 0.1]","[0.9, 0.5, 0.1]","[u'blue', u'black', u'red']","[u'left', u'middle', u'right']","[0.9, 0.5, 0.1]","[u'low', u'medium', u'high']",red,51,right,high,True,False,468,2200,NA
A1CH3TODZNQCES,Mon Jun 11 2018 22:38:14 GMT-0700 (Pacific Daylight Time),Mon Jun 11 2018 22:58:09 GMT-0700 (Pacific Daylight Time),"Mozilla/5.0 (Windows NT 6.1; Win64; x64) AppleWebKit/537.36 (KHTML, like Gecko) Chrome/66.0.3359.181 Safari/537.36",95,"[0.9, 0.5, 0.1]","[0.9, 0.5, 0.1]","[u'blue', u'black', u'red']","[u'left', u'middle', u'right']","[0.9, 0.5, 0.1]","[u'low', u'medium', u'high']",blue,49,left,low,False,False,282,2150,NA
A1CH3TODZNQCES,Mon Jun 11 2018 22:38:14 GMT-0700 (Pacific Daylight Time),Mon Jun 11 2018 22:58:09 GMT-0700 (Pacific Daylight Time),"Mozilla/5.0 (Windows NT 6.1; Win64; x64) AppleWebKit/537.36 (KHTML, like Gecko) Chrome/66.0.3359.181 Safari/537.36",96,"[0.9, 0.5, 0.1]","[0.9, 0.5, 0.1]","[u'blue', u'black', u'red']","[u'left', u'middle', u'right']","[0.9, 0.5, 0.1]","[u'low', u'medium', u'high']",red,51,right,high,True,False,207,2250,NA
A1CH3TODZNQCES,Mon Jun 11 2018 22:38:14 GMT-0700 (Pacific Daylight Time),Mon Jun 11 2018 22:58:09 GMT-0700 (Pacific Daylight Time),"Mozilla/5.0 (Windows NT 6.1; Win64; x64) AppleWebKit/537.36 (KHTML, like Gecko) Chrome/66.0.3359.181 Safari/537.36",97,"[0.9, 0.5, 0.1]","[0.9, 0.5, 0.1]","[u'blue', u'black', u'red']","[u'left', u'middle', u'right']","[0.9, 0.5, 0.1]","[u'low', u'medium', u'high']",red,51,right,high,True,False,898,2350,NA
A1CH3TODZNQCES,Mon Jun 11 2018 22:38:14 GMT-0700 (Pacific Daylight Time),Mon Jun 11 2018 22:58:09 GMT-0700 (Pacific Daylight Time),"Mozilla/5.0 (Windows NT 6.1; Win64; x64) AppleWebKit/537.36 (KHTML, like Gecko) Chrome/66.0.3359.181 Safari/537.36",98,"[0.9, 0.5, 0.1]","[0.9, 0.5, 0.1]","[u'blue', u'black', u'red']","[u'left', u'middle', u'right']","[0.9, 0.5, 0.1]","[u'low', u'medium', u'high']",red,51,right,high,True,False,622,2450,NA
A1CH3TODZNQCES,Mon Jun 11 2018 22:38:14 GMT-0700 (Pacific Daylight Time),Mon Jun 11 2018 22:58:09 GMT-0700 (Pacific Daylight Time),"Mozilla/5.0 (Windows NT 6.1; Win64; x64) AppleWebKit/537.36 (KHTML, like Gecko) Chrome/66.0.3359.181 Safari/537.36",99,"[0.9, 0.5, 0.1]","[0.9, 0.5, 0.1]","[u'blue', u'black', u'red']","[u'left', u'middle', u'right']","[0.9, 0.5, 0.1]","[u'low', u'medium', u'high']",red,51,right,high,True,False,1365,2550,NA
A1CH3TODZNQCES,Mon Jun 11 2018 22:38:14 GMT-0700 (Pacific Daylight Time),Mon Jun 11 2018 22:58:09 GMT-0700 (Pacific Daylight Time),"Mozilla/5.0 (Windows NT 6.1; Win64; x64) AppleWebKit/537.36 (KHTML, like Gecko) Chrome/66.0.3359.181 Safari/537.36",100,"[0.9, 0.5, 0.1]","[0.9, 0.5, 0.1]","[u'blue', u'black', u'red']","[u'left', u'middle', u'right']","[0.9, 0.5, 0.1]","[u'low', u'medium', u'high']",black,50,middle,medium,True,False,678,2650,NA
A1CH3TODZNQCES,Mon Jun 11 2018 22:38:14 GMT-0700 (Pacific Daylight Time),Mon Jun 11 2018 22:58:09 GMT-0700 (Pacific Daylight Time),"Mozilla/5.0 (Windows NT 6.1; Win64; x64) AppleWebKit/537.36 (KHTML, like Gecko) Chrome/66.0.3359.181 Safari/537.36",101,"[0.9, 0.5, 0.1]","[0.9, 0.5, 0.1]","[u'blue', u'black', u'red']","[u'left', u'middle', u'right']","[0.9, 0.5, 0.1]","[u'low', u'medium', u'high']",blue,49,left,low,False,False,145,2600,NA
A1CH3TODZNQCES,Mon Jun 11 2018 22:38:14 GMT-0700 (Pacific Daylight Time),Mon Jun 11 2018 22:58:09 GMT-0700 (Pacific Daylight Time),"Mozilla/5.0 (Windows NT 6.1; Win64; x64) AppleWebKit/537.36 (KHTML, like Gecko) Chrome/66.0.3359.181 Safari/537.36",102,"[0.9, 0.5, 0.1]","[0.9, 0.5, 0.1]","[u'blue', u'black', u'red']","[u'left', u'middle', u'right']","[0.9, 0.5, 0.1]","[u'low', u'medium', u'high']",black,50,middle,medium,False,False,856,2550,NA
A1CH3TODZNQCES,Mon Jun 11 2018 22:38:14 GMT-0700 (Pacific Daylight Time),Mon Jun 11 2018 22:58:09 GMT-0700 (Pacific Daylight Time),"Mozilla/5.0 (Windows NT 6.1; Win64; x64) AppleWebKit/537.36 (KHTML, like Gecko) Chrome/66.0.3359.181 Safari/537.36",103,"[0.9, 0.5, 0.1]","[0.9, 0.5, 0.1]","[u'blue', u'black', u'red']","[u'left', u'middle', u'right']","[0.9, 0.5, 0.1]","[u'low', u'medium', u'high']",red,51,right,high,True,False,312,2650,NA
A1CH3TODZNQCES,Mon Jun 11 2018 22:38:14 GMT-0700 (Pacific Daylight Time),Mon Jun 11 2018 22:58:09 GMT-0700 (Pacific Daylight Time),"Mozilla/5.0 (Windows NT 6.1; Win64; x64) AppleWebKit/537.36 (KHTML, like Gecko) Chrome/66.0.3359.181 Safari/537.36",104,"[0.9, 0.5, 0.1]","[0.9, 0.5, 0.1]","[u'blue', u'black', u'red']","[u'left', u'middle', u'right']","[0.9, 0.5, 0.1]","[u'low', u'medium', u'high']",blue,49,left,low,False,False,339,2600,NA
A1CH3TODZNQCES,Mon Jun 11 2018 22:38:14 GMT-0700 (Pacific Daylight Time),Mon Jun 11 2018 22:58:09 GMT-0700 (Pacific Daylight Time),"Mozilla/5.0 (Windows NT 6.1; Win64; x64) AppleWebKit/537.36 (KHTML, like Gecko) Chrome/66.0.3359.181 Safari/537.36",105,"[0.9, 0.5, 0.1]","[0.9, 0.5, 0.1]","[u'blue', u'black', u'red']","[u'left', u'middle', u'right']","[0.9, 0.5, 0.1]","[u'low', u'medium', u'high']",blue,49,left,low,False,False,405,2550,NA
A1CH3TODZNQCES,Mon Jun 11 2018 22:38:14 GMT-0700 (Pacific Daylight Time),Mon Jun 11 2018 22:58:09 GMT-0700 (Pacific Daylight Time),"Mozilla/5.0 (Windows NT 6.1; Win64; x64) AppleWebKit/537.36 (KHTML, like Gecko) Chrome/66.0.3359.181 Safari/537.36",106,"[0.9, 0.5, 0.1]","[0.9, 0.5, 0.1]","[u'blue', u'black', u'red']","[u'left', u'middle', u'right']","[0.9, 0.5, 0.1]","[u'low', u'medium', u'high']",black,50,middle,medium,False,False,551,2500,NA
A1CH3TODZNQCES,Mon Jun 11 2018 22:38:14 GMT-0700 (Pacific Daylight Time),Mon Jun 11 2018 22:58:09 GMT-0700 (Pacific Daylight Time),"Mozilla/5.0 (Windows NT 6.1; Win64; x64) AppleWebKit/537.36 (KHTML, like Gecko) Chrome/66.0.3359.181 Safari/537.36",107,"[0.9, 0.5, 0.1]","[0.9, 0.5, 0.1]","[u'blue', u'black', u'red']","[u'left', u'middle', u'right']","[0.9, 0.5, 0.1]","[u'low', u'medium', u'high']",red,51,right,high,True,False,276,2600,NA
A1CH3TODZNQCES,Mon Jun 11 2018 22:38:14 GMT-0700 (Pacific Daylight Time),Mon Jun 11 2018 22:58:09 GMT-0700 (Pacific Daylight Time),"Mozilla/5.0 (Windows NT 6.1; Win64; x64) AppleWebKit/537.36 (KHTML, like Gecko) Chrome/66.0.3359.181 Safari/537.36",108,"[0.9, 0.5, 0.1]","[0.9, 0.5, 0.1]","[u'blue', u'black', u'red']","[u'left', u'middle', u'right']","[0.9, 0.5, 0.1]","[u'low', u'medium', u'high']",red,51,right,high,True,False,266,2700,NA
A1CH3TODZNQCES,Mon Jun 11 2018 22:38:14 GMT-0700 (Pacific Daylight Time),Mon Jun 11 2018 22:58:09 GMT-0700 (Pacific Daylight Time),"Mozilla/5.0 (Windows NT 6.1; Win64; x64) AppleWebKit/537.36 (KHTML, like Gecko) Chrome/66.0.3359.181 Safari/537.36",109,"[0.9, 0.5, 0.1]","[0.9, 0.5, 0.1]","[u'blue', u'black', u'red']","[u'left', u'middle', u'right']","[0.9, 0.5, 0.1]","[u'low', u'medium', u'high']",blue,49,left,low,False,False,326,2650,NA
A1CH3TODZNQCES,Mon Jun 11 2018 22:38:14 GMT-0700 (Pacific Daylight Time),Mon Jun 11 2018 22:58:09 GMT-0700 (Pacific Daylight Time),"Mozilla/5.0 (Windows NT 6.1; Win64; x64) AppleWebKit/537.36 (KHTML, like Gecko) Chrome/66.0.3359.181 Safari/537.36",110,"[0.9, 0.5, 0.1]","[0.9, 0.5, 0.1]","[u'blue', u'black', u'red']","[u'left', u'middle', u'right']","[0.9, 0.5, 0.1]","[u'low', u'medium', u'high']",red,51,right,high,True,False,331,2750,NA
A1CH3TODZNQCES,Mon Jun 11 2018 22:38:14 GMT-0700 (Pacific Daylight Time),Mon Jun 11 2018 22:58:09 GMT-0700 (Pacific Daylight Time),"Mozilla/5.0 (Windows NT 6.1; Win64; x64) AppleWebKit/537.36 (KHTML, like Gecko) Chrome/66.0.3359.181 Safari/537.36",111,"[0.9, 0.5, 0.1]","[0.9, 0.5, 0.1]","[u'blue', u'black', u'red']","[u'left', u'middle', u'right']","[0.9, 0.5, 0.1]","[u'low', u'medium', u'high']",black,50,middle,medium,True,False,199,2850,NA
A1CH3TODZNQCES,Mon Jun 11 2018 22:38:14 GMT-0700 (Pacific Daylight Time),Mon Jun 11 2018 22:58:09 GMT-0700 (Pacific Daylight Time),"Mozilla/5.0 (Windows NT 6.1; Win64; x64) AppleWebKit/537.36 (KHTML, like Gecko) Chrome/66.0.3359.181 Safari/537.36",112,"[0.9, 0.5, 0.1]","[0.9, 0.5, 0.1]","[u'blue', u'black', u'red']","[u'left', u'middle', u'right']","[0.9, 0.5, 0.1]","[u'low', u'medium', u'high']",red,51,right,high,False,False,293,2800,NA
A1CH3TODZNQCES,Mon Jun 11 2018 22:38:14 GMT-0700 (Pacific Daylight Time),Mon Jun 11 2018 22:58:09 GMT-0700 (Pacific Daylight Time),"Mozilla/5.0 (Windows NT 6.1; Win64; x64) AppleWebKit/537.36 (KHTML, like Gecko) Chrome/66.0.3359.181 Safari/537.36",113,"[0.9, 0.5, 0.1]","[0.9, 0.5, 0.1]","[u'blue', u'black', u'red']","[u'left', u'middle', u'right']","[0.9, 0.5, 0.1]","[u'low', u'medium', u'high']",red,51,right,high,True,False,266,2900,NA
A1CH3TODZNQCES,Mon Jun 11 2018 22:38:14 GMT-0700 (Pacific Daylight Time),Mon Jun 11 2018 22:58:09 GMT-0700 (Pacific Daylight Time),"Mozilla/5.0 (Windows NT 6.1; Win64; x64) AppleWebKit/537.36 (KHTML, like Gecko) Chrome/66.0.3359.181 Safari/537.36",114,"[0.9, 0.5, 0.1]","[0.9, 0.5, 0.1]","[u'blue', u'black', u'red']","[u'left', u'middle', u'right']","[0.9, 0.5, 0.1]","[u'low', u'medium', u'high']",red,51,right,high,False,False,401,2850,NA
A1CH3TODZNQCES,Mon Jun 11 2018 22:38:14 GMT-0700 (Pacific Daylight Time),Mon Jun 11 2018 22:58:09 GMT-0700 (Pacific Daylight Time),"Mozilla/5.0 (Windows NT 6.1; Win64; x64) AppleWebKit/537.36 (KHTML, like Gecko) Chrome/66.0.3359.181 Safari/537.36",115,"[0.9, 0.5, 0.1]","[0.9, 0.5, 0.1]","[u'blue', u'black', u'red']","[u'left', u'middle', u'right']","[0.9, 0.5, 0.1]","[u'low', u'medium', u'high']",red,51,right,high,True,False,350,2950,NA
A1CH3TODZNQCES,Mon Jun 11 2018 22:38:14 GMT-0700 (Pacific Daylight Time),Mon Jun 11 2018 22:58:09 GMT-0700 (Pacific Daylight Time),"Mozilla/5.0 (Windows NT 6.1; Win64; x64) AppleWebKit/537.36 (KHTML, like Gecko) Chrome/66.0.3359.181 Safari/537.36",116,"[0.9, 0.5, 0.1]","[0.9, 0.5, 0.1]","[u'blue', u'black', u'red']","[u'left', u'middle', u'right']","[0.9, 0.5, 0.1]","[u'low', u'medium', u'high']",red,51,right,high,True,False,302,3050,NA
A1CH3TODZNQCES,Mon Jun 11 2018 22:38:14 GMT-0700 (Pacific Daylight Time),Mon Jun 11 2018 22:58:09 GMT-0700 (Pacific Daylight Time),"Mozilla/5.0 (Windows NT 6.1; Win64; x64) AppleWebKit/537.36 (KHTML, like Gecko) Chrome/66.0.3359.181 Safari/537.36",117,"[0.9, 0.5, 0.1]","[0.9, 0.5, 0.1]","[u'blue', u'black', u'red']","[u'left', u'middle', u'right']","[0.9, 0.5, 0.1]","[u'low', u'medium', u'high']",red,51,right,high,True,False,932,3150,NA
A1CH3TODZNQCES,Mon Jun 11 2018 22:38:14 GMT-0700 (Pacific Daylight Time),Mon Jun 11 2018 22:58:09 GMT-0700 (Pacific Daylight Time),"Mozilla/5.0 (Windows NT 6.1; Win64; x64) AppleWebKit/537.36 (KHTML, like Gecko) Chrome/66.0.3359.181 Safari/537.36",118,"[0.9, 0.5, 0.1]","[0.9, 0.5, 0.1]","[u'blue', u'black', u'red']","[u'left', u'middle', u'right']","[0.9, 0.5, 0.1]","[u'low', u'medium', u'high']",red,51,right,high,True,False,538,3250,NA
A1CH3TODZNQCES,Mon Jun 11 2018 22:38:14 GMT-0700 (Pacific Daylight Time),Mon Jun 11 2018 22:58:09 GMT-0700 (Pacific Daylight Time),"Mozilla/5.0 (Windows NT 6.1; Win64; x64) AppleWebKit/537.36 (KHTML, like Gecko) Chrome/66.0.3359.181 Safari/537.36",119,"[0.9, 0.5, 0.1]","[0.9, 0.5, 0.1]","[u'blue', u'black', u'red']","[u'left', u'middle', u'right']","[0.9, 0.5, 0.1]","[u'low', u'medium', u'high']",red,51,right,high,True,False,1009,3350,NA
A1CH3TODZNQCES,Mon Jun 11 2018 22:38:14 GMT-0700 (Pacific Daylight Time),Mon Jun 11 2018 22:58:09 GMT-0700 (Pacific Daylight Time),"Mozilla/5.0 (Windows NT 6.1; Win64; x64) AppleWebKit/537.36 (KHTML, like Gecko) Chrome/66.0.3359.181 Safari/537.36",120,"[0.9, 0.5, 0.1]","[0.9, 0.5, 0.1]","[u'blue', u'black', u'red']","[u'left', u'middle', u'right']","[0.9, 0.5, 0.1]","[u'low', u'medium', u'high']",red,51,right,high,True,True,2585,3450,NA
A1CH3TODZNQCES,Mon Jun 11 2018 22:38:14 GMT-0700 (Pacific Daylight Time),Mon Jun 11 2018 22:58:09 GMT-0700 (Pacific Daylight Time),"Mozilla/5.0 (Windows NT 6.1; Win64; x64) AppleWebKit/537.36 (KHTML, like Gecko) Chrome/66.0.3359.181 Safari/537.36",121,"[0.9, 0.5, 0.1]","[0.9, 0.5, 0.1]","[u'blue', u'black', u'red']","[u'left', u'middle', u'right']","[0.9, 0.5, 0.1]","[u'medium', u'high', u'low']",blue,49,left,medium,False,False,543,3400,NA
A1CH3TODZNQCES,Mon Jun 11 2018 22:38:14 GMT-0700 (Pacific Daylight Time),Mon Jun 11 2018 22:58:09 GMT-0700 (Pacific Daylight Time),"Mozilla/5.0 (Windows NT 6.1; Win64; x64) AppleWebKit/537.36 (KHTML, like Gecko) Chrome/66.0.3359.181 Safari/537.36",122,"[0.9, 0.5, 0.1]","[0.9, 0.5, 0.1]","[u'blue', u'black', u'red']","[u'left', u'middle', u'right']","[0.9, 0.5, 0.1]","[u'medium', u'high', u'low']",black,50,middle,high,True,False,268,3500,NA
A1CH3TODZNQCES,Mon Jun 11 2018 22:38:14 GMT-0700 (Pacific Daylight Time),Mon Jun 11 2018 22:58:09 GMT-0700 (Pacific Daylight Time),"Mozilla/5.0 (Windows NT 6.1; Win64; x64) AppleWebKit/537.36 (KHTML, like Gecko) Chrome/66.0.3359.181 Safari/537.36",123,"[0.9, 0.5, 0.1]","[0.9, 0.5, 0.1]","[u'blue', u'black', u'red']","[u'left', u'middle', u'right']","[0.9, 0.5, 0.1]","[u'medium', u'high', u'low']",red,51,right,low,False,False,280,3450,NA
A1CH3TODZNQCES,Mon Jun 11 2018 22:38:14 GMT-0700 (Pacific Daylight Time),Mon Jun 11 2018 22:58:09 GMT-0700 (Pacific Daylight Time),"Mozilla/5.0 (Windows NT 6.1; Win64; x64) AppleWebKit/537.36 (KHTML, like Gecko) Chrome/66.0.3359.181 Safari/537.36",124,"[0.9, 0.5, 0.1]","[0.9, 0.5, 0.1]","[u'blue', u'black', u'red']","[u'left', u'middle', u'right']","[0.9, 0.5, 0.1]","[u'medium', u'high', u'low']",black,50,middle,high,True,False,588,3550,NA
A1CH3TODZNQCES,Mon Jun 11 2018 22:38:14 GMT-0700 (Pacific Daylight Time),Mon Jun 11 2018 22:58:09 GMT-0700 (Pacific Daylight Time),"Mozilla/5.0 (Windows NT 6.1; Win64; x64) AppleWebKit/537.36 (KHTML, like Gecko) Chrome/66.0.3359.181 Safari/537.36",125,"[0.9, 0.5, 0.1]","[0.9, 0.5, 0.1]","[u'blue', u'black', u'red']","[u'left', u'middle', u'right']","[0.9, 0.5, 0.1]","[u'medium', u'high', u'low']",blue,49,left,medium,True,False,218,3650,NA
A1CH3TODZNQCES,Mon Jun 11 2018 22:38:14 GMT-0700 (Pacific Daylight Time),Mon Jun 11 2018 22:58:09 GMT-0700 (Pacific Daylight Time),"Mozilla/5.0 (Windows NT 6.1; Win64; x64) AppleWebKit/537.36 (KHTML, like Gecko) Chrome/66.0.3359.181 Safari/537.36",126,"[0.9, 0.5, 0.1]","[0.9, 0.5, 0.1]","[u'blue', u'black', u'red']","[u'left', u'middle', u'right']","[0.9, 0.5, 0.1]","[u'medium', u'high', u'low']",black,50,middle,high,True,False,505,3750,NA
A1CH3TODZNQCES,Mon Jun 11 2018 22:38:14 GMT-0700 (Pacific Daylight Time),Mon Jun 11 2018 22:58:09 GMT-0700 (Pacific Daylight Time),"Mozilla/5.0 (Windows NT 6.1; Win64; x64) AppleWebKit/537.36 (KHTML, like Gecko) Chrome/66.0.3359.181 Safari/537.36",127,"[0.9, 0.5, 0.1]","[0.9, 0.5, 0.1]","[u'blue', u'black', u'red']","[u'left', u'middle', u'right']","[0.9, 0.5, 0.1]","[u'medium', u'high', u'low']",black,50,middle,high,True,False,556,3850,NA
A1CH3TODZNQCES,Mon Jun 11 2018 22:38:14 GMT-0700 (Pacific Daylight Time),Mon Jun 11 2018 22:58:09 GMT-0700 (Pacific Daylight Time),"Mozilla/5.0 (Windows NT 6.1; Win64; x64) AppleWebKit/537.36 (KHTML, like Gecko) Chrome/66.0.3359.181 Safari/537.36",128,"[0.9, 0.5, 0.1]","[0.9, 0.5, 0.1]","[u'blue', u'black', u'red']","[u'left', u'middle', u'right']","[0.9, 0.5, 0.1]","[u'medium', u'high', u'low']",red,51,right,low,True,False,853,3950,NA
A1CH3TODZNQCES,Mon Jun 11 2018 22:38:14 GMT-0700 (Pacific Daylight Time),Mon Jun 11 2018 22:58:09 GMT-0700 (Pacific Daylight Time),"Mozilla/5.0 (Windows NT 6.1; Win64; x64) AppleWebKit/537.36 (KHTML, like Gecko) Chrome/66.0.3359.181 Safari/537.36",129,"[0.9, 0.5, 0.1]","[0.9, 0.5, 0.1]","[u'blue', u'black', u'red']","[u'left', u'middle', u'right']","[0.9, 0.5, 0.1]","[u'medium', u'high', u'low']",red,51,right,low,False,False,685,3900,NA
A1CH3TODZNQCES,Mon Jun 11 2018 22:38:14 GMT-0700 (Pacific Daylight Time),Mon Jun 11 2018 22:58:09 GMT-0700 (Pacific Daylight Time),"Mozilla/5.0 (Windows NT 6.1; Win64; x64) AppleWebKit/537.36 (KHTML, like Gecko) Chrome/66.0.3359.181 Safari/537.36",130,"[0.9, 0.5, 0.1]","[0.9, 0.5, 0.1]","[u'blue', u'black', u'red']","[u'left', u'middle', u'right']","[0.9, 0.5, 0.1]","[u'medium', u'high', u'low']",blue,49,left,medium,False,False,302,3850,NA
A1CH3TODZNQCES,Mon Jun 11 2018 22:38:14 GMT-0700 (Pacific Daylight Time),Mon Jun 11 2018 22:58:09 GMT-0700 (Pacific Daylight Time),"Mozilla/5.0 (Windows NT 6.1; Win64; x64) AppleWebKit/537.36 (KHTML, like Gecko) Chrome/66.0.3359.181 Safari/537.36",131,"[0.9, 0.5, 0.1]","[0.9, 0.5, 0.1]","[u'blue', u'black', u'red']","[u'left', u'middle', u'right']","[0.9, 0.5, 0.1]","[u'medium', u'high', u'low']",black,50,middle,high,True,False,364,3950,NA
A1CH3TODZNQCES,Mon Jun 11 2018 22:38:14 GMT-0700 (Pacific Daylight Time),Mon Jun 11 2018 22:58:09 GMT-0700 (Pacific Daylight Time),"Mozilla/5.0 (Windows NT 6.1; Win64; x64) AppleWebKit/537.36 (KHTML, like Gecko) Chrome/66.0.3359.181 Safari/537.36",132,"[0.9, 0.5, 0.1]","[0.9, 0.5, 0.1]","[u'blue', u'black', u'red']","[u'left', u'middle', u'right']","[0.9, 0.5, 0.1]","[u'medium', u'high', u'low']",red,51,right,low,False,False,702,3900,NA
A1CH3TODZNQCES,Mon Jun 11 2018 22:38:14 GMT-0700 (Pacific Daylight Time),Mon Jun 11 2018 22:58:09 GMT-0700 (Pacific Daylight Time),"Mozilla/5.0 (Windows NT 6.1; Win64; x64) AppleWebKit/537.36 (KHTML, like Gecko) Chrome/66.0.3359.181 Safari/537.36",133,"[0.9, 0.5, 0.1]","[0.9, 0.5, 0.1]","[u'blue', u'black', u'red']","[u'left', u'middle', u'right']","[0.9, 0.5, 0.1]","[u'medium', u'high', u'low']",red,51,right,low,False,False,1768,3850,NA
A1CH3TODZNQCES,Mon Jun 11 2018 22:38:14 GMT-0700 (Pacific Daylight Time),Mon Jun 11 2018 22:58:09 GMT-0700 (Pacific Daylight Time),"Mozilla/5.0 (Windows NT 6.1; Win64; x64) AppleWebKit/537.36 (KHTML, like Gecko) Chrome/66.0.3359.181 Safari/537.36",134,"[0.9, 0.5, 0.1]","[0.9, 0.5, 0.1]","[u'blue', u'black', u'red']","[u'left', u'middle', u'right']","[0.9, 0.5, 0.1]","[u'medium', u'high', u'low']",black,50,middle,high,True,False,452,3950,NA
A1CH3TODZNQCES,Mon Jun 11 2018 22:38:14 GMT-0700 (Pacific Daylight Time),Mon Jun 11 2018 22:58:09 GMT-0700 (Pacific Daylight Time),"Mozilla/5.0 (Windows NT 6.1; Win64; x64) AppleWebKit/537.36 (KHTML, like Gecko) Chrome/66.0.3359.181 Safari/537.36",135,"[0.9, 0.5, 0.1]","[0.9, 0.5, 0.1]","[u'blue', u'black', u'red']","[u'left', u'middle', u'right']","[0.9, 0.5, 0.1]","[u'medium', u'high', u'low']",blue,49,left,medium,True,False,382,4050,NA
A1CH3TODZNQCES,Mon Jun 11 2018 22:38:14 GMT-0700 (Pacific Daylight Time),Mon Jun 11 2018 22:58:09 GMT-0700 (Pacific Daylight Time),"Mozilla/5.0 (Windows NT 6.1; Win64; x64) AppleWebKit/537.36 (KHTML, like Gecko) Chrome/66.0.3359.181 Safari/537.36",136,"[0.9, 0.5, 0.1]","[0.9, 0.5, 0.1]","[u'blue', u'black', u'red']","[u'left', u'middle', u'right']","[0.9, 0.5, 0.1]","[u'medium', u'high', u'low']",black,50,middle,high,True,False,747,4150,NA
A1CH3TODZNQCES,Mon Jun 11 2018 22:38:14 GMT-0700 (Pacific Daylight Time),Mon Jun 11 2018 22:58:09 GMT-0700 (Pacific Daylight Time),"Mozilla/5.0 (Windows NT 6.1; Win64; x64) AppleWebKit/537.36 (KHTML, like Gecko) Chrome/66.0.3359.181 Safari/537.36",137,"[0.9, 0.5, 0.1]","[0.9, 0.5, 0.1]","[u'blue', u'black', u'red']","[u'left', u'middle', u'right']","[0.9, 0.5, 0.1]","[u'medium', u'high', u'low']",red,51,right,low,False,False,2763,4100,NA
A1CH3TODZNQCES,Mon Jun 11 2018 22:38:14 GMT-0700 (Pacific Daylight Time),Mon Jun 11 2018 22:58:09 GMT-0700 (Pacific Daylight Time),"Mozilla/5.0 (Windows NT 6.1; Win64; x64) AppleWebKit/537.36 (KHTML, like Gecko) Chrome/66.0.3359.181 Safari/537.36",138,"[0.9, 0.5, 0.1]","[0.9, 0.5, 0.1]","[u'blue', u'black', u'red']","[u'left', u'middle', u'right']","[0.9, 0.5, 0.1]","[u'medium', u'high', u'low']",black,50,middle,high,True,False,453,4200,NA
A1CH3TODZNQCES,Mon Jun 11 2018 22:38:14 GMT-0700 (Pacific Daylight Time),Mon Jun 11 2018 22:58:09 GMT-0700 (Pacific Daylight Time),"Mozilla/5.0 (Windows NT 6.1; Win64; x64) AppleWebKit/537.36 (KHTML, like Gecko) Chrome/66.0.3359.181 Safari/537.36",139,"[0.9, 0.5, 0.1]","[0.9, 0.5, 0.1]","[u'blue', u'black', u'red']","[u'left', u'middle', u'right']","[0.9, 0.5, 0.1]","[u'medium', u'high', u'low']",red,51,right,low,False,False,723,4150,NA
A1CH3TODZNQCES,Mon Jun 11 2018 22:38:14 GMT-0700 (Pacific Daylight Time),Mon Jun 11 2018 22:58:09 GMT-0700 (Pacific Daylight Time),"Mozilla/5.0 (Windows NT 6.1; Win64; x64) AppleWebKit/537.36 (KHTML, like Gecko) Chrome/66.0.3359.181 Safari/537.36",140,"[0.9, 0.5, 0.1]","[0.9, 0.5, 0.1]","[u'blue', u'black', u'red']","[u'left', u'middle', u'right']","[0.9, 0.5, 0.1]","[u'medium', u'high', u'low']",red,51,right,low,False,False,693,4100,NA
A1CH3TODZNQCES,Mon Jun 11 2018 22:38:14 GMT-0700 (Pacific Daylight Time),Mon Jun 11 2018 22:58:09 GMT-0700 (Pacific Daylight Time),"Mozilla/5.0 (Windows NT 6.1; Win64; x64) AppleWebKit/537.36 (KHTML, like Gecko) Chrome/66.0.3359.181 Safari/537.36",141,"[0.9, 0.5, 0.1]","[0.9, 0.5, 0.1]","[u'blue', u'black', u'red']","[u'left', u'middle', u'right']","[0.9, 0.5, 0.1]","[u'medium', u'high', u'low']",red,51,right,low,False,False,565,4050,NA
A1CH3TODZNQCES,Mon Jun 11 2018 22:38:14 GMT-0700 (Pacific Daylight Time),Mon Jun 11 2018 22:58:09 GMT-0700 (Pacific Daylight Time),"Mozilla/5.0 (Windows NT 6.1; Win64; x64) AppleWebKit/537.36 (KHTML, like Gecko) Chrome/66.0.3359.181 Safari/537.36",142,"[0.9, 0.5, 0.1]","[0.9, 0.5, 0.1]","[u'blue', u'black', u'red']","[u'left', u'middle', u'right']","[0.9, 0.5, 0.1]","[u'medium', u'high', u'low']",red,51,right,low,False,False,148,4000,NA
A1CH3TODZNQCES,Mon Jun 11 2018 22:38:14 GMT-0700 (Pacific Daylight Time),Mon Jun 11 2018 22:58:09 GMT-0700 (Pacific Daylight Time),"Mozilla/5.0 (Windows NT 6.1; Win64; x64) AppleWebKit/537.36 (KHTML, like Gecko) Chrome/66.0.3359.181 Safari/537.36",143,"[0.9, 0.5, 0.1]","[0.9, 0.5, 0.1]","[u'blue', u'black', u'red']","[u'left', u'middle', u'right']","[0.9, 0.5, 0.1]","[u'medium', u'high', u'low']",blue,49,left,medium,False,False,77,3950,NA
A1CH3TODZNQCES,Mon Jun 11 2018 22:38:14 GMT-0700 (Pacific Daylight Time),Mon Jun 11 2018 22:58:09 GMT-0700 (Pacific Daylight Time),"Mozilla/5.0 (Windows NT 6.1; Win64; x64) AppleWebKit/537.36 (KHTML, like Gecko) Chrome/66.0.3359.181 Safari/537.36",144,"[0.9, 0.5, 0.1]","[0.9, 0.5, 0.1]","[u'blue', u'black', u'red']","[u'left', u'middle', u'right']","[0.9, 0.5, 0.1]","[u'medium', u'high', u'low']",black,50,middle,high,True,False,1065,4050,NA
A1CH3TODZNQCES,Mon Jun 11 2018 22:38:14 GMT-0700 (Pacific Daylight Time),Mon Jun 11 2018 22:58:09 GMT-0700 (Pacific Daylight Time),"Mozilla/5.0 (Windows NT 6.1; Win64; x64) AppleWebKit/537.36 (KHTML, like Gecko) Chrome/66.0.3359.181 Safari/537.36",145,"[0.9, 0.5, 0.1]","[0.9, 0.5, 0.1]","[u'blue', u'black', u'red']","[u'left', u'middle', u'right']","[0.9, 0.5, 0.1]","[u'medium', u'high', u'low']",black,50,middle,high,True,False,942,4150,NA
A1CH3TODZNQCES,Mon Jun 11 2018 22:38:14 GMT-0700 (Pacific Daylight Time),Mon Jun 11 2018 22:58:09 GMT-0700 (Pacific Daylight Time),"Mozilla/5.0 (Windows NT 6.1; Win64; x64) AppleWebKit/537.36 (KHTML, like Gecko) Chrome/66.0.3359.181 Safari/537.36",146,"[0.9, 0.5, 0.1]","[0.9, 0.5, 0.1]","[u'blue', u'black', u'red']","[u'left', u'middle', u'right']","[0.9, 0.5, 0.1]","[u'medium', u'high', u'low']",blue,49,left,medium,True,False,431,4250,NA
A1CH3TODZNQCES,Mon Jun 11 2018 22:38:14 GMT-0700 (Pacific Daylight Time),Mon Jun 11 2018 22:58:09 GMT-0700 (Pacific Daylight Time),"Mozilla/5.0 (Windows NT 6.1; Win64; x64) AppleWebKit/537.36 (KHTML, like Gecko) Chrome/66.0.3359.181 Safari/537.36",147,"[0.9, 0.5, 0.1]","[0.9, 0.5, 0.1]","[u'blue', u'black', u'red']","[u'left', u'middle', u'right']","[0.9, 0.5, 0.1]","[u'medium', u'high', u'low']",black,50,middle,high,True,False,889,4350,NA
A1CH3TODZNQCES,Mon Jun 11 2018 22:38:14 GMT-0700 (Pacific Daylight Time),Mon Jun 11 2018 22:58:09 GMT-0700 (Pacific Daylight Time),"Mozilla/5.0 (Windows NT 6.1; Win64; x64) AppleWebKit/537.36 (KHTML, like Gecko) Chrome/66.0.3359.181 Safari/537.36",148,"[0.9, 0.5, 0.1]","[0.9, 0.5, 0.1]","[u'blue', u'black', u'red']","[u'left', u'middle', u'right']","[0.9, 0.5, 0.1]","[u'medium', u'high', u'low']",black,50,middle,high,True,False,5006,4450,NA
A1CH3TODZNQCES,Mon Jun 11 2018 22:38:14 GMT-0700 (Pacific Daylight Time),Mon Jun 11 2018 22:58:09 GMT-0700 (Pacific Daylight Time),"Mozilla/5.0 (Windows NT 6.1; Win64; x64) AppleWebKit/537.36 (KHTML, like Gecko) Chrome/66.0.3359.181 Safari/537.36",149,"[0.9, 0.5, 0.1]","[0.9, 0.5, 0.1]","[u'blue', u'black', u'red']","[u'left', u'middle', u'right']","[0.9, 0.5, 0.1]","[u'medium', u'high', u'low']",blue,49,left,medium,True,False,649,4550,NA
A1CH3TODZNQCES,Mon Jun 11 2018 22:38:14 GMT-0700 (Pacific Daylight Time),Mon Jun 11 2018 22:58:09 GMT-0700 (Pacific Daylight Time),"Mozilla/5.0 (Windows NT 6.1; Win64; x64) AppleWebKit/537.36 (KHTML, like Gecko) Chrome/66.0.3359.181 Safari/537.36",150,"[0.9, 0.5, 0.1]","[0.9, 0.5, 0.1]","[u'blue', u'black', u'red']","[u'left', u'middle', u'right']","[0.9, 0.5, 0.1]","[u'medium', u'high', u'low']",red,51,right,low,False,False,2559,4500,NA
A1CH3TODZNQCES,Mon Jun 11 2018 22:38:14 GMT-0700 (Pacific Daylight Time),Mon Jun 11 2018 22:58:09 GMT-0700 (Pacific Daylight Time),"Mozilla/5.0 (Windows NT 6.1; Win64; x64) AppleWebKit/537.36 (KHTML, like Gecko) Chrome/66.0.3359.181 Safari/537.36",151,"[0.9, 0.5, 0.1]","[0.9, 0.5, 0.1]","[u'blue', u'black', u'red']","[u'left', u'middle', u'right']","[0.9, 0.5, 0.1]","[u'medium', u'high', u'low']",blue,49,left,medium,True,False,979,4600,NA
A1CH3TODZNQCES,Mon Jun 11 2018 22:38:14 GMT-0700 (Pacific Daylight Time),Mon Jun 11 2018 22:58:09 GMT-0700 (Pacific Daylight Time),"Mozilla/5.0 (Windows NT 6.1; Win64; x64) AppleWebKit/537.36 (KHTML, like Gecko) Chrome/66.0.3359.181 Safari/537.36",152,"[0.9, 0.5, 0.1]","[0.9, 0.5, 0.1]","[u'blue', u'black', u'red']","[u'left', u'middle', u'right']","[0.9, 0.5, 0.1]","[u'medium', u'high', u'low']",black,50,middle,high,True,False,472,4700,NA
A1CH3TODZNQCES,Mon Jun 11 2018 22:38:14 GMT-0700 (Pacific Daylight Time),Mon Jun 11 2018 22:58:09 GMT-0700 (Pacific Daylight Time),"Mozilla/5.0 (Windows NT 6.1; Win64; x64) AppleWebKit/537.36 (KHTML, like Gecko) Chrome/66.0.3359.181 Safari/537.36",153,"[0.9, 0.5, 0.1]","[0.9, 0.5, 0.1]","[u'blue', u'black', u'red']","[u'left', u'middle', u'right']","[0.9, 0.5, 0.1]","[u'medium', u'high', u'low']",red,51,right,low,False,False,786,4650,NA
A1CH3TODZNQCES,Mon Jun 11 2018 22:38:14 GMT-0700 (Pacific Daylight Time),Mon Jun 11 2018 22:58:09 GMT-0700 (Pacific Daylight Time),"Mozilla/5.0 (Windows NT 6.1; Win64; x64) AppleWebKit/537.36 (KHTML, like Gecko) Chrome/66.0.3359.181 Safari/537.36",154,"[0.9, 0.5, 0.1]","[0.9, 0.5, 0.1]","[u'blue', u'black', u'red']","[u'left', u'middle', u'right']","[0.9, 0.5, 0.1]","[u'medium', u'high', u'low']",blue,49,left,medium,False,False,202,4600,NA
A1CH3TODZNQCES,Mon Jun 11 2018 22:38:14 GMT-0700 (Pacific Daylight Time),Mon Jun 11 2018 22:58:09 GMT-0700 (Pacific Daylight Time),"Mozilla/5.0 (Windows NT 6.1; Win64; x64) AppleWebKit/537.36 (KHTML, like Gecko) Chrome/66.0.3359.181 Safari/537.36",155,"[0.9, 0.5, 0.1]","[0.9, 0.5, 0.1]","[u'blue', u'black', u'red']","[u'left', u'middle', u'right']","[0.9, 0.5, 0.1]","[u'medium', u'high', u'low']",red,51,right,low,False,False,502,4550,NA
A1CH3TODZNQCES,Mon Jun 11 2018 22:38:14 GMT-0700 (Pacific Daylight Time),Mon Jun 11 2018 22:58:09 GMT-0700 (Pacific Daylight Time),"Mozilla/5.0 (Windows NT 6.1; Win64; x64) AppleWebKit/537.36 (KHTML, like Gecko) Chrome/66.0.3359.181 Safari/537.36",156,"[0.9, 0.5, 0.1]","[0.9, 0.5, 0.1]","[u'blue', u'black', u'red']","[u'left', u'middle', u'right']","[0.9, 0.5, 0.1]","[u'medium', u'high', u'low']",black,50,middle,high,True,False,192,4650,NA
A1CH3TODZNQCES,Mon Jun 11 2018 22:38:14 GMT-0700 (Pacific Daylight Time),Mon Jun 11 2018 22:58:09 GMT-0700 (Pacific Daylight Time),"Mozilla/5.0 (Windows NT 6.1; Win64; x64) AppleWebKit/537.36 (KHTML, like Gecko) Chrome/66.0.3359.181 Safari/537.36",157,"[0.9, 0.5, 0.1]","[0.9, 0.5, 0.1]","[u'blue', u'black', u'red']","[u'left', u'middle', u'right']","[0.9, 0.5, 0.1]","[u'medium', u'high', u'low']",blue,49,left,medium,False,False,296,4600,NA
A1CH3TODZNQCES,Mon Jun 11 2018 22:38:14 GMT-0700 (Pacific Daylight Time),Mon Jun 11 2018 22:58:09 GMT-0700 (Pacific Daylight Time),"Mozilla/5.0 (Windows NT 6.1; Win64; x64) AppleWebKit/537.36 (KHTML, like Gecko) Chrome/66.0.3359.181 Safari/537.36",158,"[0.9, 0.5, 0.1]","[0.9, 0.5, 0.1]","[u'blue', u'black', u'red']","[u'left', u'middle', u'right']","[0.9, 0.5, 0.1]","[u'medium', u'high', u'low']",red,51,right,low,False,False,67,4550,NA
A1CH3TODZNQCES,Mon Jun 11 2018 22:38:14 GMT-0700 (Pacific Daylight Time),Mon Jun 11 2018 22:58:09 GMT-0700 (Pacific Daylight Time),"Mozilla/5.0 (Windows NT 6.1; Win64; x64) AppleWebKit/537.36 (KHTML, like Gecko) Chrome/66.0.3359.181 Safari/537.36",159,"[0.9, 0.5, 0.1]","[0.9, 0.5, 0.1]","[u'blue', u'black', u'red']","[u'left', u'middle', u'right']","[0.9, 0.5, 0.1]","[u'medium', u'high', u'low']",black,50,middle,high,True,False,448,4650,NA
A1CH3TODZNQCES,Mon Jun 11 2018 22:38:14 GMT-0700 (Pacific Daylight Time),Mon Jun 11 2018 22:58:09 GMT-0700 (Pacific Daylight Time),"Mozilla/5.0 (Windows NT 6.1; Win64; x64) AppleWebKit/537.36 (KHTML, like Gecko) Chrome/66.0.3359.181 Safari/537.36",160,"[0.9, 0.5, 0.1]","[0.9, 0.5, 0.1]","[u'blue', u'black', u'red']","[u'left', u'middle', u'right']","[0.9, 0.5, 0.1]","[u'medium', u'high', u'low']",blue,49,left,medium,True,False,301,4750,NA
