A2JPGLBWQ1X49G,Mon Dec 04 2017 09:46:08 GMT-0600 (Central Standard Time),Mon Dec 04 2017 09:59:03 GMT-0600 (Central Standard Time),"Mozilla/5.0 (Windows NT 6.3; Win64; x64) AppleWebKit/537.36 (KHTML, like Gecko) Chrome/62.0.3202.94 Safari/537.36",1,"[0.8, 0.4, 0.2]","[0.8, 0.4, 0.2]","[u'red', u'blue', u'black']","[u'left', u'middle', u'right']","[0.8, 0.4, 0.2]","[u'low', u'high', u'medium']",blue,50,middle,high,True,False,2250,100,NA
A2JPGLBWQ1X49G,Mon Dec 04 2017 09:46:08 GMT-0600 (Central Standard Time),Mon Dec 04 2017 09:59:03 GMT-0600 (Central Standard Time),"Mozilla/5.0 (Windows NT 6.3; Win64; x64) AppleWebKit/537.36 (KHTML, like Gecko) Chrome/62.0.3202.94 Safari/537.36",2,"[0.8, 0.4, 0.2]","[0.8, 0.4, 0.2]","[u'red', u'blue', u'black']","[u'left', u'middle', u'right']","[0.8, 0.4, 0.2]","[u'low', u'high', u'medium']",blue,50,middle,high,True,False,1388,200,NA
A2JPGLBWQ1X49G,Mon Dec 04 2017 09:46:08 GMT-0600 (Central Standard Time),Mon Dec 04 2017 09:59:03 GMT-0600 (Central Standard Time),"Mozilla/5.0 (Windows NT 6.3; Win64; x64) AppleWebKit/537.36 (KHTML, like Gecko) Chrome/62.0.3202.94 Safari/537.36",3,"[0.8, 0.4, 0.2]","[0.8, 0.4, 0.2]","[u'red', u'blue', u'black']","[u'left', u'middle', u'right']","[0.8, 0.4, 0.2]","[u'low', u'high', u'medium']",black,51,right,medium,False,False,1125,150,NA
A2JPGLBWQ1X49G,Mon Dec 04 2017 09:46:08 GMT-0600 (Central Standard Time),Mon Dec 04 2017 09:59:03 GMT-0600 (Central Standard Time),"Mozilla/5.0 (Windows NT 6.3; Win64; x64) AppleWebKit/537.36 (KHTML, like Gecko) Chrome/62.0.3202.94 Safari/537.36",4,"[0.8, 0.4, 0.2]","[0.8, 0.4, 0.2]","[u'red', u'blue', u'black']","[u'left', u'middle', u'right']","[0.8, 0.4, 0.2]","[u'low', u'high', u'medium']",black,51,right,medium,True,False,1334,250,NA
A2JPGLBWQ1X49G,Mon Dec 04 2017 09:46:08 GMT-0600 (Central Standard Time),Mon Dec 04 2017 09:59:03 GMT-0600 (Central Standard Time),"Mozilla/5.0 (Windows NT 6.3; Win64; x64) AppleWebKit/537.36 (KHTML, like Gecko) Chrome/62.0.3202.94 Safari/537.36",5,"[0.8, 0.4, 0.2]","[0.8, 0.4, 0.2]","[u'red', u'blue', u'black']","[u'left', u'middle', u'right']","[0.8, 0.4, 0.2]","[u'low', u'high', u'medium']",red,49,left,low,False,False,1084,200,NA
A2JPGLBWQ1X49G,Mon Dec 04 2017 09:46:08 GMT-0600 (Central Standard Time),Mon Dec 04 2017 09:59:03 GMT-0600 (Central Standard Time),"Mozilla/5.0 (Windows NT 6.3; Win64; x64) AppleWebKit/537.36 (KHTML, like Gecko) Chrome/62.0.3202.94 Safari/537.36",6,"[0.8, 0.4, 0.2]","[0.8, 0.4, 0.2]","[u'red', u'blue', u'black']","[u'left', u'middle', u'right']","[0.8, 0.4, 0.2]","[u'low', u'high', u'medium']",black,51,right,medium,False,False,1088,150,NA
A2JPGLBWQ1X49G,Mon Dec 04 2017 09:46:08 GMT-0600 (Central Standard Time),Mon Dec 04 2017 09:59:03 GMT-0600 (Central Standard Time),"Mozilla/5.0 (Windows NT 6.3; Win64; x64) AppleWebKit/537.36 (KHTML, like Gecko) Chrome/62.0.3202.94 Safari/537.36",7,"[0.8, 0.4, 0.2]","[0.8, 0.4, 0.2]","[u'red', u'blue', u'black']","[u'left', u'middle', u'right']","[0.8, 0.4, 0.2]","[u'low', u'high', u'medium']",black,51,right,medium,False,False,890,100,NA
A2JPGLBWQ1X49G,Mon Dec 04 2017 09:46:08 GMT-0600 (Central Standard Time),Mon Dec 04 2017 09:59:03 GMT-0600 (Central Standard Time),"Mozilla/5.0 (Windows NT 6.3; Win64; x64) AppleWebKit/537.36 (KHTML, like Gecko) Chrome/62.0.3202.94 Safari/537.36",8,"[0.8, 0.4, 0.2]","[0.8, 0.4, 0.2]","[u'red', u'blue', u'black']","[u'left', u'middle', u'right']","[0.8, 0.4, 0.2]","[u'low', u'high', u'medium']",black,51,right,medium,True,False,1182,200,NA
A2JPGLBWQ1X49G,Mon Dec 04 2017 09:46:08 GMT-0600 (Central Standard Time),Mon Dec 04 2017 09:59:03 GMT-0600 (Central Standard Time),"Mozilla/5.0 (Windows NT 6.3; Win64; x64) AppleWebKit/537.36 (KHTML, like Gecko) Chrome/62.0.3202.94 Safari/537.36",9,"[0.8, 0.4, 0.2]","[0.8, 0.4, 0.2]","[u'red', u'blue', u'black']","[u'left', u'middle', u'right']","[0.8, 0.4, 0.2]","[u'low', u'high', u'medium']",red,49,left,low,True,False,1126,300,NA
A2JPGLBWQ1X49G,Mon Dec 04 2017 09:46:08 GMT-0600 (Central Standard Time),Mon Dec 04 2017 09:59:03 GMT-0600 (Central Standard Time),"Mozilla/5.0 (Windows NT 6.3; Win64; x64) AppleWebKit/537.36 (KHTML, like Gecko) Chrome/62.0.3202.94 Safari/537.36",10,"[0.8, 0.4, 0.2]","[0.8, 0.4, 0.2]","[u'red', u'blue', u'black']","[u'left', u'middle', u'right']","[0.8, 0.4, 0.2]","[u'low', u'high', u'medium']",blue,50,middle,high,True,False,1393,400,NA
A2JPGLBWQ1X49G,Mon Dec 04 2017 09:46:08 GMT-0600 (Central Standard Time),Mon Dec 04 2017 09:59:03 GMT-0600 (Central Standard Time),"Mozilla/5.0 (Windows NT 6.3; Win64; x64) AppleWebKit/537.36 (KHTML, like Gecko) Chrome/62.0.3202.94 Safari/537.36",11,"[0.8, 0.4, 0.2]","[0.8, 0.4, 0.2]","[u'red', u'blue', u'black']","[u'left', u'middle', u'right']","[0.8, 0.4, 0.2]","[u'low', u'high', u'medium']",blue,50,middle,high,True,False,1205,500,NA
A2JPGLBWQ1X49G,Mon Dec 04 2017 09:46:08 GMT-0600 (Central Standard Time),Mon Dec 04 2017 09:59:03 GMT-0600 (Central Standard Time),"Mozilla/5.0 (Windows NT 6.3; Win64; x64) AppleWebKit/537.36 (KHTML, like Gecko) Chrome/62.0.3202.94 Safari/537.36",12,"[0.8, 0.4, 0.2]","[0.8, 0.4, 0.2]","[u'red', u'blue', u'black']","[u'left', u'middle', u'right']","[0.8, 0.4, 0.2]","[u'low', u'high', u'medium']",red,49,left,low,False,False,1078,450,NA
A2JPGLBWQ1X49G,Mon Dec 04 2017 09:46:08 GMT-0600 (Central Standard Time),Mon Dec 04 2017 09:59:03 GMT-0600 (Central Standard Time),"Mozilla/5.0 (Windows NT 6.3; Win64; x64) AppleWebKit/537.36 (KHTML, like Gecko) Chrome/62.0.3202.94 Safari/537.36",13,"[0.8, 0.4, 0.2]","[0.8, 0.4, 0.2]","[u'red', u'blue', u'black']","[u'left', u'middle', u'right']","[0.8, 0.4, 0.2]","[u'low', u'high', u'medium']",red,49,left,low,False,False,1186,400,NA
A2JPGLBWQ1X49G,Mon Dec 04 2017 09:46:08 GMT-0600 (Central Standard Time),Mon Dec 04 2017 09:59:03 GMT-0600 (Central Standard Time),"Mozilla/5.0 (Windows NT 6.3; Win64; x64) AppleWebKit/537.36 (KHTML, like Gecko) Chrome/62.0.3202.94 Safari/537.36",14,"[0.8, 0.4, 0.2]","[0.8, 0.4, 0.2]","[u'red', u'blue', u'black']","[u'left', u'middle', u'right']","[0.8, 0.4, 0.2]","[u'low', u'high', u'medium']",red,49,left,low,False,False,962,350,NA
A2JPGLBWQ1X49G,Mon Dec 04 2017 09:46:08 GMT-0600 (Central Standard Time),Mon Dec 04 2017 09:59:03 GMT-0600 (Central Standard Time),"Mozilla/5.0 (Windows NT 6.3; Win64; x64) AppleWebKit/537.36 (KHTML, like Gecko) Chrome/62.0.3202.94 Safari/537.36",15,"[0.8, 0.4, 0.2]","[0.8, 0.4, 0.2]","[u'red', u'blue', u'black']","[u'left', u'middle', u'right']","[0.8, 0.4, 0.2]","[u'low', u'high', u'medium']",black,51,right,medium,True,False,830,450,NA
A2JPGLBWQ1X49G,Mon Dec 04 2017 09:46:08 GMT-0600 (Central Standard Time),Mon Dec 04 2017 09:59:03 GMT-0600 (Central Standard Time),"Mozilla/5.0 (Windows NT 6.3; Win64; x64) AppleWebKit/537.36 (KHTML, like Gecko) Chrome/62.0.3202.94 Safari/537.36",16,"[0.8, 0.4, 0.2]","[0.8, 0.4, 0.2]","[u'red', u'blue', u'black']","[u'left', u'middle', u'right']","[0.8, 0.4, 0.2]","[u'low', u'high', u'medium']",blue,50,middle,high,True,False,928,550,NA
A2JPGLBWQ1X49G,Mon Dec 04 2017 09:46:08 GMT-0600 (Central Standard Time),Mon Dec 04 2017 09:59:03 GMT-0600 (Central Standard Time),"Mozilla/5.0 (Windows NT 6.3; Win64; x64) AppleWebKit/537.36 (KHTML, like Gecko) Chrome/62.0.3202.94 Safari/537.36",17,"[0.8, 0.4, 0.2]","[0.8, 0.4, 0.2]","[u'red', u'blue', u'black']","[u'left', u'middle', u'right']","[0.8, 0.4, 0.2]","[u'low', u'high', u'medium']",blue,50,middle,high,True,False,953,650,NA
A2JPGLBWQ1X49G,Mon Dec 04 2017 09:46:08 GMT-0600 (Central Standard Time),Mon Dec 04 2017 09:59:03 GMT-0600 (Central Standard Time),"Mozilla/5.0 (Windows NT 6.3; Win64; x64) AppleWebKit/537.36 (KHTML, like Gecko) Chrome/62.0.3202.94 Safari/537.36",18,"[0.8, 0.4, 0.2]","[0.8, 0.4, 0.2]","[u'red', u'blue', u'black']","[u'left', u'middle', u'right']","[0.8, 0.4, 0.2]","[u'low', u'high', u'medium']",black,51,right,medium,False,False,917,600,NA
A2JPGLBWQ1X49G,Mon Dec 04 2017 09:46:08 GMT-0600 (Central Standard Time),Mon Dec 04 2017 09:59:03 GMT-0600 (Central Standard Time),"Mozilla/5.0 (Windows NT 6.3; Win64; x64) AppleWebKit/537.36 (KHTML, like Gecko) Chrome/62.0.3202.94 Safari/537.36",19,"[0.8, 0.4, 0.2]","[0.8, 0.4, 0.2]","[u'red', u'blue', u'black']","[u'left', u'middle', u'right']","[0.8, 0.4, 0.2]","[u'low', u'high', u'medium']",black,51,right,medium,True,False,1195,700,NA
A2JPGLBWQ1X49G,Mon Dec 04 2017 09:46:08 GMT-0600 (Central Standard Time),Mon Dec 04 2017 09:59:03 GMT-0600 (Central Standard Time),"Mozilla/5.0 (Windows NT 6.3; Win64; x64) AppleWebKit/537.36 (KHTML, like Gecko) Chrome/62.0.3202.94 Safari/537.36",20,"[0.8, 0.4, 0.2]","[0.8, 0.4, 0.2]","[u'red', u'blue', u'black']","[u'left', u'middle', u'right']","[0.8, 0.4, 0.2]","[u'low', u'high', u'medium']",blue,50,middle,high,True,False,1017,800,NA
A2JPGLBWQ1X49G,Mon Dec 04 2017 09:46:08 GMT-0600 (Central Standard Time),Mon Dec 04 2017 09:59:03 GMT-0600 (Central Standard Time),"Mozilla/5.0 (Windows NT 6.3; Win64; x64) AppleWebKit/537.36 (KHTML, like Gecko) Chrome/62.0.3202.94 Safari/537.36",21,"[0.8, 0.4, 0.2]","[0.8, 0.4, 0.2]","[u'red', u'blue', u'black']","[u'left', u'middle', u'right']","[0.8, 0.4, 0.2]","[u'low', u'high', u'medium']",blue,50,middle,high,True,False,859,900,NA
A2JPGLBWQ1X49G,Mon Dec 04 2017 09:46:08 GMT-0600 (Central Standard Time),Mon Dec 04 2017 09:59:03 GMT-0600 (Central Standard Time),"Mozilla/5.0 (Windows NT 6.3; Win64; x64) AppleWebKit/537.36 (KHTML, like Gecko) Chrome/62.0.3202.94 Safari/537.36",22,"[0.8, 0.4, 0.2]","[0.8, 0.4, 0.2]","[u'red', u'blue', u'black']","[u'left', u'middle', u'right']","[0.8, 0.4, 0.2]","[u'low', u'high', u'medium']",blue,50,middle,high,True,False,758,1000,NA
A2JPGLBWQ1X49G,Mon Dec 04 2017 09:46:08 GMT-0600 (Central Standard Time),Mon Dec 04 2017 09:59:03 GMT-0600 (Central Standard Time),"Mozilla/5.0 (Windows NT 6.3; Win64; x64) AppleWebKit/537.36 (KHTML, like Gecko) Chrome/62.0.3202.94 Safari/537.36",23,"[0.8, 0.4, 0.2]","[0.8, 0.4, 0.2]","[u'red', u'blue', u'black']","[u'left', u'middle', u'right']","[0.8, 0.4, 0.2]","[u'low', u'high', u'medium']",black,51,right,medium,True,False,895,1100,NA
A2JPGLBWQ1X49G,Mon Dec 04 2017 09:46:08 GMT-0600 (Central Standard Time),Mon Dec 04 2017 09:59:03 GMT-0600 (Central Standard Time),"Mozilla/5.0 (Windows NT 6.3; Win64; x64) AppleWebKit/537.36 (KHTML, like Gecko) Chrome/62.0.3202.94 Safari/537.36",24,"[0.8, 0.4, 0.2]","[0.8, 0.4, 0.2]","[u'red', u'blue', u'black']","[u'left', u'middle', u'right']","[0.8, 0.4, 0.2]","[u'low', u'high', u'medium']",blue,50,middle,high,True,False,907,1200,NA
A2JPGLBWQ1X49G,Mon Dec 04 2017 09:46:08 GMT-0600 (Central Standard Time),Mon Dec 04 2017 09:59:03 GMT-0600 (Central Standard Time),"Mozilla/5.0 (Windows NT 6.3; Win64; x64) AppleWebKit/537.36 (KHTML, like Gecko) Chrome/62.0.3202.94 Safari/537.36",25,"[0.8, 0.4, 0.2]","[0.8, 0.4, 0.2]","[u'red', u'blue', u'black']","[u'left', u'middle', u'right']","[0.8, 0.4, 0.2]","[u'low', u'high', u'medium']",blue,50,middle,high,True,False,766,1300,NA
A2JPGLBWQ1X49G,Mon Dec 04 2017 09:46:08 GMT-0600 (Central Standard Time),Mon Dec 04 2017 09:59:03 GMT-0600 (Central Standard Time),"Mozilla/5.0 (Windows NT 6.3; Win64; x64) AppleWebKit/537.36 (KHTML, like Gecko) Chrome/62.0.3202.94 Safari/537.36",26,"[0.8, 0.4, 0.2]","[0.8, 0.4, 0.2]","[u'red', u'blue', u'black']","[u'left', u'middle', u'right']","[0.8, 0.4, 0.2]","[u'low', u'high', u'medium']",black,51,right,medium,False,False,1262,1250,NA
A2JPGLBWQ1X49G,Mon Dec 04 2017 09:46:08 GMT-0600 (Central Standard Time),Mon Dec 04 2017 09:59:03 GMT-0600 (Central Standard Time),"Mozilla/5.0 (Windows NT 6.3; Win64; x64) AppleWebKit/537.36 (KHTML, like Gecko) Chrome/62.0.3202.94 Safari/537.36",27,"[0.8, 0.4, 0.2]","[0.8, 0.4, 0.2]","[u'red', u'blue', u'black']","[u'left', u'middle', u'right']","[0.8, 0.4, 0.2]","[u'low', u'high', u'medium']",blue,50,middle,high,True,False,783,1350,NA
A2JPGLBWQ1X49G,Mon Dec 04 2017 09:46:08 GMT-0600 (Central Standard Time),Mon Dec 04 2017 09:59:03 GMT-0600 (Central Standard Time),"Mozilla/5.0 (Windows NT 6.3; Win64; x64) AppleWebKit/537.36 (KHTML, like Gecko) Chrome/62.0.3202.94 Safari/537.36",28,"[0.8, 0.4, 0.2]","[0.8, 0.4, 0.2]","[u'red', u'blue', u'black']","[u'left', u'middle', u'right']","[0.8, 0.4, 0.2]","[u'low', u'high', u'medium']",blue,50,middle,high,True,False,893,1450,NA
A2JPGLBWQ1X49G,Mon Dec 04 2017 09:46:08 GMT-0600 (Central Standard Time),Mon Dec 04 2017 09:59:03 GMT-0600 (Central Standard Time),"Mozilla/5.0 (Windows NT 6.3; Win64; x64) AppleWebKit/537.36 (KHTML, like Gecko) Chrome/62.0.3202.94 Safari/537.36",29,"[0.8, 0.4, 0.2]","[0.8, 0.4, 0.2]","[u'red', u'blue', u'black']","[u'left', u'middle', u'right']","[0.8, 0.4, 0.2]","[u'low', u'high', u'medium']",blue,50,middle,high,True,False,1095,1550,NA
A2JPGLBWQ1X49G,Mon Dec 04 2017 09:46:08 GMT-0600 (Central Standard Time),Mon Dec 04 2017 09:59:03 GMT-0600 (Central Standard Time),"Mozilla/5.0 (Windows NT 6.3; Win64; x64) AppleWebKit/537.36 (KHTML, like Gecko) Chrome/62.0.3202.94 Safari/537.36",30,"[0.8, 0.4, 0.2]","[0.8, 0.4, 0.2]","[u'red', u'blue', u'black']","[u'left', u'middle', u'right']","[0.8, 0.4, 0.2]","[u'low', u'high', u'medium']",blue,50,middle,high,True,False,1468,1650,NA
A2JPGLBWQ1X49G,Mon Dec 04 2017 09:46:08 GMT-0600 (Central Standard Time),Mon Dec 04 2017 09:59:03 GMT-0600 (Central Standard Time),"Mozilla/5.0 (Windows NT 6.3; Win64; x64) AppleWebKit/537.36 (KHTML, like Gecko) Chrome/62.0.3202.94 Safari/537.36",31,"[0.8, 0.4, 0.2]","[0.8, 0.4, 0.2]","[u'red', u'blue', u'black']","[u'left', u'middle', u'right']","[0.8, 0.4, 0.2]","[u'low', u'high', u'medium']",blue,50,middle,high,False,False,1008,1600,NA
A2JPGLBWQ1X49G,Mon Dec 04 2017 09:46:08 GMT-0600 (Central Standard Time),Mon Dec 04 2017 09:59:03 GMT-0600 (Central Standard Time),"Mozilla/5.0 (Windows NT 6.3; Win64; x64) AppleWebKit/537.36 (KHTML, like Gecko) Chrome/62.0.3202.94 Safari/537.36",32,"[0.8, 0.4, 0.2]","[0.8, 0.4, 0.2]","[u'red', u'blue', u'black']","[u'left', u'middle', u'right']","[0.8, 0.4, 0.2]","[u'low', u'high', u'medium']",blue,50,middle,high,True,False,1172,1700,NA
A2JPGLBWQ1X49G,Mon Dec 04 2017 09:46:08 GMT-0600 (Central Standard Time),Mon Dec 04 2017 09:59:03 GMT-0600 (Central Standard Time),"Mozilla/5.0 (Windows NT 6.3; Win64; x64) AppleWebKit/537.36 (KHTML, like Gecko) Chrome/62.0.3202.94 Safari/537.36",33,"[0.8, 0.4, 0.2]","[0.8, 0.4, 0.2]","[u'red', u'blue', u'black']","[u'left', u'middle', u'right']","[0.8, 0.4, 0.2]","[u'low', u'high', u'medium']",blue,50,middle,high,True,False,954,1800,NA
A2JPGLBWQ1X49G,Mon Dec 04 2017 09:46:08 GMT-0600 (Central Standard Time),Mon Dec 04 2017 09:59:03 GMT-0600 (Central Standard Time),"Mozilla/5.0 (Windows NT 6.3; Win64; x64) AppleWebKit/537.36 (KHTML, like Gecko) Chrome/62.0.3202.94 Safari/537.36",34,"[0.8, 0.4, 0.2]","[0.8, 0.4, 0.2]","[u'red', u'blue', u'black']","[u'left', u'middle', u'right']","[0.8, 0.4, 0.2]","[u'low', u'high', u'medium']",blue,50,middle,high,True,False,833,1900,NA
A2JPGLBWQ1X49G,Mon Dec 04 2017 09:46:08 GMT-0600 (Central Standard Time),Mon Dec 04 2017 09:59:03 GMT-0600 (Central Standard Time),"Mozilla/5.0 (Windows NT 6.3; Win64; x64) AppleWebKit/537.36 (KHTML, like Gecko) Chrome/62.0.3202.94 Safari/537.36",35,"[0.8, 0.4, 0.2]","[0.8, 0.4, 0.2]","[u'red', u'blue', u'black']","[u'left', u'middle', u'right']","[0.8, 0.4, 0.2]","[u'low', u'high', u'medium']",red,49,left,low,True,False,908,2000,NA
A2JPGLBWQ1X49G,Mon Dec 04 2017 09:46:08 GMT-0600 (Central Standard Time),Mon Dec 04 2017 09:59:03 GMT-0600 (Central Standard Time),"Mozilla/5.0 (Windows NT 6.3; Win64; x64) AppleWebKit/537.36 (KHTML, like Gecko) Chrome/62.0.3202.94 Safari/537.36",36,"[0.8, 0.4, 0.2]","[0.8, 0.4, 0.2]","[u'red', u'blue', u'black']","[u'left', u'middle', u'right']","[0.8, 0.4, 0.2]","[u'low', u'high', u'medium']",blue,50,middle,high,False,True,923,1950,NA
A2JPGLBWQ1X49G,Mon Dec 04 2017 09:46:08 GMT-0600 (Central Standard Time),Mon Dec 04 2017 09:59:03 GMT-0600 (Central Standard Time),"Mozilla/5.0 (Windows NT 6.3; Win64; x64) AppleWebKit/537.36 (KHTML, like Gecko) Chrome/62.0.3202.94 Safari/537.36",37,"[0.8, 0.4, 0.2]","[0.8, 0.4, 0.2]","[u'red', u'blue', u'black']","[u'left', u'middle', u'right']","[0.8, 0.4, 0.2]","[u'medium', u'low', u'high']",blue,50,middle,low,True,False,829,2050,NA
A2JPGLBWQ1X49G,Mon Dec 04 2017 09:46:08 GMT-0600 (Central Standard Time),Mon Dec 04 2017 09:59:03 GMT-0600 (Central Standard Time),"Mozilla/5.0 (Windows NT 6.3; Win64; x64) AppleWebKit/537.36 (KHTML, like Gecko) Chrome/62.0.3202.94 Safari/537.36",38,"[0.8, 0.4, 0.2]","[0.8, 0.4, 0.2]","[u'red', u'blue', u'black']","[u'left', u'middle', u'right']","[0.8, 0.4, 0.2]","[u'medium', u'low', u'high']",blue,50,middle,low,False,False,1456,2000,NA
A2JPGLBWQ1X49G,Mon Dec 04 2017 09:46:08 GMT-0600 (Central Standard Time),Mon Dec 04 2017 09:59:03 GMT-0600 (Central Standard Time),"Mozilla/5.0 (Windows NT 6.3; Win64; x64) AppleWebKit/537.36 (KHTML, like Gecko) Chrome/62.0.3202.94 Safari/537.36",39,"[0.8, 0.4, 0.2]","[0.8, 0.4, 0.2]","[u'red', u'blue', u'black']","[u'left', u'middle', u'right']","[0.8, 0.4, 0.2]","[u'medium', u'low', u'high']",black,51,right,high,True,False,1063,2100,NA
A2JPGLBWQ1X49G,Mon Dec 04 2017 09:46:08 GMT-0600 (Central Standard Time),Mon Dec 04 2017 09:59:03 GMT-0600 (Central Standard Time),"Mozilla/5.0 (Windows NT 6.3; Win64; x64) AppleWebKit/537.36 (KHTML, like Gecko) Chrome/62.0.3202.94 Safari/537.36",40,"[0.8, 0.4, 0.2]","[0.8, 0.4, 0.2]","[u'red', u'blue', u'black']","[u'left', u'middle', u'right']","[0.8, 0.4, 0.2]","[u'medium', u'low', u'high']",red,49,left,medium,True,False,3578,2200,NA
A2JPGLBWQ1X49G,Mon Dec 04 2017 09:46:08 GMT-0600 (Central Standard Time),Mon Dec 04 2017 09:59:03 GMT-0600 (Central Standard Time),"Mozilla/5.0 (Windows NT 6.3; Win64; x64) AppleWebKit/537.36 (KHTML, like Gecko) Chrome/62.0.3202.94 Safari/537.36",41,"[0.8, 0.4, 0.2]","[0.8, 0.4, 0.2]","[u'red', u'blue', u'black']","[u'left', u'middle', u'right']","[0.8, 0.4, 0.2]","[u'high', u'medium', u'low']",red,49,left,high,True,False,3421,2300,NA
A2JPGLBWQ1X49G,Mon Dec 04 2017 09:46:08 GMT-0600 (Central Standard Time),Mon Dec 04 2017 09:59:03 GMT-0600 (Central Standard Time),"Mozilla/5.0 (Windows NT 6.3; Win64; x64) AppleWebKit/537.36 (KHTML, like Gecko) Chrome/62.0.3202.94 Safari/537.36",42,"[0.8, 0.4, 0.2]","[0.8, 0.4, 0.2]","[u'red', u'blue', u'black']","[u'left', u'middle', u'right']","[0.8, 0.4, 0.2]","[u'high', u'medium', u'low']",blue,50,middle,medium,False,False,1110,2250,NA
A2JPGLBWQ1X49G,Mon Dec 04 2017 09:46:08 GMT-0600 (Central Standard Time),Mon Dec 04 2017 09:59:03 GMT-0600 (Central Standard Time),"Mozilla/5.0 (Windows NT 6.3; Win64; x64) AppleWebKit/537.36 (KHTML, like Gecko) Chrome/62.0.3202.94 Safari/537.36",43,"[0.8, 0.4, 0.2]","[0.8, 0.4, 0.2]","[u'red', u'blue', u'black']","[u'left', u'middle', u'right']","[0.8, 0.4, 0.2]","[u'high', u'medium', u'low']",blue,50,middle,medium,False,False,1093,2200,NA
A2JPGLBWQ1X49G,Mon Dec 04 2017 09:46:08 GMT-0600 (Central Standard Time),Mon Dec 04 2017 09:59:03 GMT-0600 (Central Standard Time),"Mozilla/5.0 (Windows NT 6.3; Win64; x64) AppleWebKit/537.36 (KHTML, like Gecko) Chrome/62.0.3202.94 Safari/537.36",44,"[0.8, 0.4, 0.2]","[0.8, 0.4, 0.2]","[u'red', u'blue', u'black']","[u'left', u'middle', u'right']","[0.8, 0.4, 0.2]","[u'high', u'medium', u'low']",blue,50,middle,medium,False,False,873,2150,NA
A2JPGLBWQ1X49G,Mon Dec 04 2017 09:46:08 GMT-0600 (Central Standard Time),Mon Dec 04 2017 09:59:03 GMT-0600 (Central Standard Time),"Mozilla/5.0 (Windows NT 6.3; Win64; x64) AppleWebKit/537.36 (KHTML, like Gecko) Chrome/62.0.3202.94 Safari/537.36",45,"[0.8, 0.4, 0.2]","[0.8, 0.4, 0.2]","[u'red', u'blue', u'black']","[u'left', u'middle', u'right']","[0.8, 0.4, 0.2]","[u'high', u'medium', u'low']",red,49,left,high,False,False,752,2100,NA
A2JPGLBWQ1X49G,Mon Dec 04 2017 09:46:08 GMT-0600 (Central Standard Time),Mon Dec 04 2017 09:59:03 GMT-0600 (Central Standard Time),"Mozilla/5.0 (Windows NT 6.3; Win64; x64) AppleWebKit/537.36 (KHTML, like Gecko) Chrome/62.0.3202.94 Safari/537.36",46,"[0.8, 0.4, 0.2]","[0.8, 0.4, 0.2]","[u'red', u'blue', u'black']","[u'left', u'middle', u'right']","[0.8, 0.4, 0.2]","[u'high', u'medium', u'low']",black,51,right,low,False,False,1133,2050,NA
A2JPGLBWQ1X49G,Mon Dec 04 2017 09:46:08 GMT-0600 (Central Standard Time),Mon Dec 04 2017 09:59:03 GMT-0600 (Central Standard Time),"Mozilla/5.0 (Windows NT 6.3; Win64; x64) AppleWebKit/537.36 (KHTML, like Gecko) Chrome/62.0.3202.94 Safari/537.36",47,"[0.8, 0.4, 0.2]","[0.8, 0.4, 0.2]","[u'red', u'blue', u'black']","[u'left', u'middle', u'right']","[0.8, 0.4, 0.2]","[u'high', u'medium', u'low']",blue,50,middle,medium,True,False,866,2150,NA
A2JPGLBWQ1X49G,Mon Dec 04 2017 09:46:08 GMT-0600 (Central Standard Time),Mon Dec 04 2017 09:59:03 GMT-0600 (Central Standard Time),"Mozilla/5.0 (Windows NT 6.3; Win64; x64) AppleWebKit/537.36 (KHTML, like Gecko) Chrome/62.0.3202.94 Safari/537.36",48,"[0.8, 0.4, 0.2]","[0.8, 0.4, 0.2]","[u'red', u'blue', u'black']","[u'left', u'middle', u'right']","[0.8, 0.4, 0.2]","[u'high', u'medium', u'low']",blue,50,middle,medium,False,False,902,2100,NA
A2JPGLBWQ1X49G,Mon Dec 04 2017 09:46:08 GMT-0600 (Central Standard Time),Mon Dec 04 2017 09:59:03 GMT-0600 (Central Standard Time),"Mozilla/5.0 (Windows NT 6.3; Win64; x64) AppleWebKit/537.36 (KHTML, like Gecko) Chrome/62.0.3202.94 Safari/537.36",49,"[0.8, 0.4, 0.2]","[0.8, 0.4, 0.2]","[u'red', u'blue', u'black']","[u'left', u'middle', u'right']","[0.8, 0.4, 0.2]","[u'high', u'medium', u'low']",blue,50,middle,medium,True,False,798,2200,NA
A2JPGLBWQ1X49G,Mon Dec 04 2017 09:46:08 GMT-0600 (Central Standard Time),Mon Dec 04 2017 09:59:03 GMT-0600 (Central Standard Time),"Mozilla/5.0 (Windows NT 6.3; Win64; x64) AppleWebKit/537.36 (KHTML, like Gecko) Chrome/62.0.3202.94 Safari/537.36",50,"[0.8, 0.4, 0.2]","[0.8, 0.4, 0.2]","[u'red', u'blue', u'black']","[u'left', u'middle', u'right']","[0.8, 0.4, 0.2]","[u'high', u'medium', u'low']",red,49,left,high,True,False,950,2300,NA
A2JPGLBWQ1X49G,Mon Dec 04 2017 09:46:08 GMT-0600 (Central Standard Time),Mon Dec 04 2017 09:59:03 GMT-0600 (Central Standard Time),"Mozilla/5.0 (Windows NT 6.3; Win64; x64) AppleWebKit/537.36 (KHTML, like Gecko) Chrome/62.0.3202.94 Safari/537.36",51,"[0.8, 0.4, 0.2]","[0.8, 0.4, 0.2]","[u'red', u'blue', u'black']","[u'left', u'middle', u'right']","[0.8, 0.4, 0.2]","[u'high', u'medium', u'low']",black,51,right,low,False,False,1407,2250,NA
A2JPGLBWQ1X49G,Mon Dec 04 2017 09:46:08 GMT-0600 (Central Standard Time),Mon Dec 04 2017 09:59:03 GMT-0600 (Central Standard Time),"Mozilla/5.0 (Windows NT 6.3; Win64; x64) AppleWebKit/537.36 (KHTML, like Gecko) Chrome/62.0.3202.94 Safari/537.36",52,"[0.8, 0.4, 0.2]","[0.8, 0.4, 0.2]","[u'red', u'blue', u'black']","[u'left', u'middle', u'right']","[0.8, 0.4, 0.2]","[u'high', u'medium', u'low']",blue,50,middle,medium,False,False,1647,2200,NA
A2JPGLBWQ1X49G,Mon Dec 04 2017 09:46:08 GMT-0600 (Central Standard Time),Mon Dec 04 2017 09:59:03 GMT-0600 (Central Standard Time),"Mozilla/5.0 (Windows NT 6.3; Win64; x64) AppleWebKit/537.36 (KHTML, like Gecko) Chrome/62.0.3202.94 Safari/537.36",53,"[0.8, 0.4, 0.2]","[0.8, 0.4, 0.2]","[u'red', u'blue', u'black']","[u'left', u'middle', u'right']","[0.8, 0.4, 0.2]","[u'high', u'medium', u'low']",black,51,right,low,False,False,955,2150,NA
A2JPGLBWQ1X49G,Mon Dec 04 2017 09:46:08 GMT-0600 (Central Standard Time),Mon Dec 04 2017 09:59:03 GMT-0600 (Central Standard Time),"Mozilla/5.0 (Windows NT 6.3; Win64; x64) AppleWebKit/537.36 (KHTML, like Gecko) Chrome/62.0.3202.94 Safari/537.36",54,"[0.8, 0.4, 0.2]","[0.8, 0.4, 0.2]","[u'red', u'blue', u'black']","[u'left', u'middle', u'right']","[0.8, 0.4, 0.2]","[u'high', u'medium', u'low']",blue,50,middle,medium,False,False,757,2100,NA
A2JPGLBWQ1X49G,Mon Dec 04 2017 09:46:08 GMT-0600 (Central Standard Time),Mon Dec 04 2017 09:59:03 GMT-0600 (Central Standard Time),"Mozilla/5.0 (Windows NT 6.3; Win64; x64) AppleWebKit/537.36 (KHTML, like Gecko) Chrome/62.0.3202.94 Safari/537.36",55,"[0.8, 0.4, 0.2]","[0.8, 0.4, 0.2]","[u'red', u'blue', u'black']","[u'left', u'middle', u'right']","[0.8, 0.4, 0.2]","[u'high', u'medium', u'low']",blue,50,middle,medium,False,False,1016,2050,NA
A2JPGLBWQ1X49G,Mon Dec 04 2017 09:46:08 GMT-0600 (Central Standard Time),Mon Dec 04 2017 09:59:03 GMT-0600 (Central Standard Time),"Mozilla/5.0 (Windows NT 6.3; Win64; x64) AppleWebKit/537.36 (KHTML, like Gecko) Chrome/62.0.3202.94 Safari/537.36",56,"[0.8, 0.4, 0.2]","[0.8, 0.4, 0.2]","[u'red', u'blue', u'black']","[u'left', u'middle', u'right']","[0.8, 0.4, 0.2]","[u'high', u'medium', u'low']",blue,50,middle,medium,True,False,1032,2150,NA
A2JPGLBWQ1X49G,Mon Dec 04 2017 09:46:08 GMT-0600 (Central Standard Time),Mon Dec 04 2017 09:59:03 GMT-0600 (Central Standard Time),"Mozilla/5.0 (Windows NT 6.3; Win64; x64) AppleWebKit/537.36 (KHTML, like Gecko) Chrome/62.0.3202.94 Safari/537.36",57,"[0.8, 0.4, 0.2]","[0.8, 0.4, 0.2]","[u'red', u'blue', u'black']","[u'left', u'middle', u'right']","[0.8, 0.4, 0.2]","[u'high', u'medium', u'low']",red,49,left,high,True,False,906,2250,NA
A2JPGLBWQ1X49G,Mon Dec 04 2017 09:46:08 GMT-0600 (Central Standard Time),Mon Dec 04 2017 09:59:03 GMT-0600 (Central Standard Time),"Mozilla/5.0 (Windows NT 6.3; Win64; x64) AppleWebKit/537.36 (KHTML, like Gecko) Chrome/62.0.3202.94 Safari/537.36",58,"[0.8, 0.4, 0.2]","[0.8, 0.4, 0.2]","[u'red', u'blue', u'black']","[u'left', u'middle', u'right']","[0.8, 0.4, 0.2]","[u'high', u'medium', u'low']",black,51,right,low,True,False,1067,2350,NA
A2JPGLBWQ1X49G,Mon Dec 04 2017 09:46:08 GMT-0600 (Central Standard Time),Mon Dec 04 2017 09:59:03 GMT-0600 (Central Standard Time),"Mozilla/5.0 (Windows NT 6.3; Win64; x64) AppleWebKit/537.36 (KHTML, like Gecko) Chrome/62.0.3202.94 Safari/537.36",59,"[0.8, 0.4, 0.2]","[0.8, 0.4, 0.2]","[u'red', u'blue', u'black']","[u'left', u'middle', u'right']","[0.8, 0.4, 0.2]","[u'high', u'medium', u'low']",red,49,left,high,True,False,749,2450,NA
A2JPGLBWQ1X49G,Mon Dec 04 2017 09:46:08 GMT-0600 (Central Standard Time),Mon Dec 04 2017 09:59:03 GMT-0600 (Central Standard Time),"Mozilla/5.0 (Windows NT 6.3; Win64; x64) AppleWebKit/537.36 (KHTML, like Gecko) Chrome/62.0.3202.94 Safari/537.36",60,"[0.8, 0.4, 0.2]","[0.8, 0.4, 0.2]","[u'red', u'blue', u'black']","[u'left', u'middle', u'right']","[0.8, 0.4, 0.2]","[u'high', u'medium', u'low']",black,51,right,low,False,False,1663,2400,NA
A2JPGLBWQ1X49G,Mon Dec 04 2017 09:46:08 GMT-0600 (Central Standard Time),Mon Dec 04 2017 09:59:03 GMT-0600 (Central Standard Time),"Mozilla/5.0 (Windows NT 6.3; Win64; x64) AppleWebKit/537.36 (KHTML, like Gecko) Chrome/62.0.3202.94 Safari/537.36",61,"[0.8, 0.4, 0.2]","[0.8, 0.4, 0.2]","[u'red', u'blue', u'black']","[u'left', u'middle', u'right']","[0.8, 0.4, 0.2]","[u'high', u'medium', u'low']",blue,50,middle,medium,False,False,621,2350,NA
A2JPGLBWQ1X49G,Mon Dec 04 2017 09:46:08 GMT-0600 (Central Standard Time),Mon Dec 04 2017 09:59:03 GMT-0600 (Central Standard Time),"Mozilla/5.0 (Windows NT 6.3; Win64; x64) AppleWebKit/537.36 (KHTML, like Gecko) Chrome/62.0.3202.94 Safari/537.36",62,"[0.8, 0.4, 0.2]","[0.8, 0.4, 0.2]","[u'red', u'blue', u'black']","[u'left', u'middle', u'right']","[0.8, 0.4, 0.2]","[u'high', u'medium', u'low']",black,51,right,low,False,False,895,2300,NA
A2JPGLBWQ1X49G,Mon Dec 04 2017 09:46:08 GMT-0600 (Central Standard Time),Mon Dec 04 2017 09:59:03 GMT-0600 (Central Standard Time),"Mozilla/5.0 (Windows NT 6.3; Win64; x64) AppleWebKit/537.36 (KHTML, like Gecko) Chrome/62.0.3202.94 Safari/537.36",63,"[0.8, 0.4, 0.2]","[0.8, 0.4, 0.2]","[u'red', u'blue', u'black']","[u'left', u'middle', u'right']","[0.8, 0.4, 0.2]","[u'high', u'medium', u'low']",red,49,left,high,False,False,767,2250,NA
A2JPGLBWQ1X49G,Mon Dec 04 2017 09:46:08 GMT-0600 (Central Standard Time),Mon Dec 04 2017 09:59:03 GMT-0600 (Central Standard Time),"Mozilla/5.0 (Windows NT 6.3; Win64; x64) AppleWebKit/537.36 (KHTML, like Gecko) Chrome/62.0.3202.94 Safari/537.36",64,"[0.8, 0.4, 0.2]","[0.8, 0.4, 0.2]","[u'red', u'blue', u'black']","[u'left', u'middle', u'right']","[0.8, 0.4, 0.2]","[u'high', u'medium', u'low']",blue,50,middle,medium,True,False,736,2350,NA
A2JPGLBWQ1X49G,Mon Dec 04 2017 09:46:08 GMT-0600 (Central Standard Time),Mon Dec 04 2017 09:59:03 GMT-0600 (Central Standard Time),"Mozilla/5.0 (Windows NT 6.3; Win64; x64) AppleWebKit/537.36 (KHTML, like Gecko) Chrome/62.0.3202.94 Safari/537.36",65,"[0.8, 0.4, 0.2]","[0.8, 0.4, 0.2]","[u'red', u'blue', u'black']","[u'left', u'middle', u'right']","[0.8, 0.4, 0.2]","[u'high', u'medium', u'low']",black,51,right,low,True,False,3635,2450,NA
A2JPGLBWQ1X49G,Mon Dec 04 2017 09:46:08 GMT-0600 (Central Standard Time),Mon Dec 04 2017 09:59:03 GMT-0600 (Central Standard Time),"Mozilla/5.0 (Windows NT 6.3; Win64; x64) AppleWebKit/537.36 (KHTML, like Gecko) Chrome/62.0.3202.94 Safari/537.36",66,"[0.8, 0.4, 0.2]","[0.8, 0.4, 0.2]","[u'red', u'blue', u'black']","[u'left', u'middle', u'right']","[0.8, 0.4, 0.2]","[u'high', u'medium', u'low']",red,49,left,high,True,False,7001,2550,NA
A2JPGLBWQ1X49G,Mon Dec 04 2017 09:46:08 GMT-0600 (Central Standard Time),Mon Dec 04 2017 09:59:03 GMT-0600 (Central Standard Time),"Mozilla/5.0 (Windows NT 6.3; Win64; x64) AppleWebKit/537.36 (KHTML, like Gecko) Chrome/62.0.3202.94 Safari/537.36",67,"[0.8, 0.4, 0.2]","[0.8, 0.4, 0.2]","[u'red', u'blue', u'black']","[u'left', u'middle', u'right']","[0.8, 0.4, 0.2]","[u'high', u'medium', u'low']",black,51,right,low,False,False,6202,2500,NA
A2JPGLBWQ1X49G,Mon Dec 04 2017 09:46:08 GMT-0600 (Central Standard Time),Mon Dec 04 2017 09:59:03 GMT-0600 (Central Standard Time),"Mozilla/5.0 (Windows NT 6.3; Win64; x64) AppleWebKit/537.36 (KHTML, like Gecko) Chrome/62.0.3202.94 Safari/537.36",68,"[0.8, 0.4, 0.2]","[0.8, 0.4, 0.2]","[u'red', u'blue', u'black']","[u'left', u'middle', u'right']","[0.8, 0.4, 0.2]","[u'high', u'medium', u'low']",blue,50,middle,medium,False,False,1372,2450,NA
A2JPGLBWQ1X49G,Mon Dec 04 2017 09:46:08 GMT-0600 (Central Standard Time),Mon Dec 04 2017 09:59:03 GMT-0600 (Central Standard Time),"Mozilla/5.0 (Windows NT 6.3; Win64; x64) AppleWebKit/537.36 (KHTML, like Gecko) Chrome/62.0.3202.94 Safari/537.36",69,"[0.8, 0.4, 0.2]","[0.8, 0.4, 0.2]","[u'red', u'blue', u'black']","[u'left', u'middle', u'right']","[0.8, 0.4, 0.2]","[u'high', u'medium', u'low']",red,49,left,high,True,False,799,2550,NA
A2JPGLBWQ1X49G,Mon Dec 04 2017 09:46:08 GMT-0600 (Central Standard Time),Mon Dec 04 2017 09:59:03 GMT-0600 (Central Standard Time),"Mozilla/5.0 (Windows NT 6.3; Win64; x64) AppleWebKit/537.36 (KHTML, like Gecko) Chrome/62.0.3202.94 Safari/537.36",70,"[0.8, 0.4, 0.2]","[0.8, 0.4, 0.2]","[u'red', u'blue', u'black']","[u'left', u'middle', u'right']","[0.8, 0.4, 0.2]","[u'high', u'medium', u'low']",red,49,left,high,True,False,1085,2650,NA
A2JPGLBWQ1X49G,Mon Dec 04 2017 09:46:08 GMT-0600 (Central Standard Time),Mon Dec 04 2017 09:59:03 GMT-0600 (Central Standard Time),"Mozilla/5.0 (Windows NT 6.3; Win64; x64) AppleWebKit/537.36 (KHTML, like Gecko) Chrome/62.0.3202.94 Safari/537.36",71,"[0.8, 0.4, 0.2]","[0.8, 0.4, 0.2]","[u'red', u'blue', u'black']","[u'left', u'middle', u'right']","[0.8, 0.4, 0.2]","[u'high', u'medium', u'low']",blue,50,middle,medium,False,False,1316,2600,NA
A2JPGLBWQ1X49G,Mon Dec 04 2017 09:46:08 GMT-0600 (Central Standard Time),Mon Dec 04 2017 09:59:03 GMT-0600 (Central Standard Time),"Mozilla/5.0 (Windows NT 6.3; Win64; x64) AppleWebKit/537.36 (KHTML, like Gecko) Chrome/62.0.3202.94 Safari/537.36",72,"[0.8, 0.4, 0.2]","[0.8, 0.4, 0.2]","[u'red', u'blue', u'black']","[u'left', u'middle', u'right']","[0.8, 0.4, 0.2]","[u'high', u'medium', u'low']",red,49,left,high,True,False,2883,2700,NA
A2JPGLBWQ1X49G,Mon Dec 04 2017 09:46:08 GMT-0600 (Central Standard Time),Mon Dec 04 2017 09:59:03 GMT-0600 (Central Standard Time),"Mozilla/5.0 (Windows NT 6.3; Win64; x64) AppleWebKit/537.36 (KHTML, like Gecko) Chrome/62.0.3202.94 Safari/537.36",73,"[0.8, 0.4, 0.2]","[0.8, 0.4, 0.2]","[u'red', u'blue', u'black']","[u'left', u'middle', u'right']","[0.8, 0.4, 0.2]","[u'high', u'medium', u'low']",red,49,left,high,True,False,768,2800,NA
A2JPGLBWQ1X49G,Mon Dec 04 2017 09:46:08 GMT-0600 (Central Standard Time),Mon Dec 04 2017 09:59:03 GMT-0600 (Central Standard Time),"Mozilla/5.0 (Windows NT 6.3; Win64; x64) AppleWebKit/537.36 (KHTML, like Gecko) Chrome/62.0.3202.94 Safari/537.36",74,"[0.8, 0.4, 0.2]","[0.8, 0.4, 0.2]","[u'red', u'blue', u'black']","[u'left', u'middle', u'right']","[0.8, 0.4, 0.2]","[u'high', u'medium', u'low']",red,49,left,high,True,False,1705,2900,NA
A2JPGLBWQ1X49G,Mon Dec 04 2017 09:46:08 GMT-0600 (Central Standard Time),Mon Dec 04 2017 09:59:03 GMT-0600 (Central Standard Time),"Mozilla/5.0 (Windows NT 6.3; Win64; x64) AppleWebKit/537.36 (KHTML, like Gecko) Chrome/62.0.3202.94 Safari/537.36",75,"[0.8, 0.4, 0.2]","[0.8, 0.4, 0.2]","[u'red', u'blue', u'black']","[u'left', u'middle', u'right']","[0.8, 0.4, 0.2]","[u'high', u'medium', u'low']",black,51,right,low,False,False,965,2850,NA
A2JPGLBWQ1X49G,Mon Dec 04 2017 09:46:08 GMT-0600 (Central Standard Time),Mon Dec 04 2017 09:59:03 GMT-0600 (Central Standard Time),"Mozilla/5.0 (Windows NT 6.3; Win64; x64) AppleWebKit/537.36 (KHTML, like Gecko) Chrome/62.0.3202.94 Safari/537.36",76,"[0.8, 0.4, 0.2]","[0.8, 0.4, 0.2]","[u'red', u'blue', u'black']","[u'left', u'middle', u'right']","[0.8, 0.4, 0.2]","[u'high', u'medium', u'low']",red,49,left,high,True,False,808,2950,NA
A2JPGLBWQ1X49G,Mon Dec 04 2017 09:46:08 GMT-0600 (Central Standard Time),Mon Dec 04 2017 09:59:03 GMT-0600 (Central Standard Time),"Mozilla/5.0 (Windows NT 6.3; Win64; x64) AppleWebKit/537.36 (KHTML, like Gecko) Chrome/62.0.3202.94 Safari/537.36",77,"[0.8, 0.4, 0.2]","[0.8, 0.4, 0.2]","[u'red', u'blue', u'black']","[u'left', u'middle', u'right']","[0.8, 0.4, 0.2]","[u'high', u'medium', u'low']",red,49,left,high,True,False,2133,3050,NA
A2JPGLBWQ1X49G,Mon Dec 04 2017 09:46:08 GMT-0600 (Central Standard Time),Mon Dec 04 2017 09:59:03 GMT-0600 (Central Standard Time),"Mozilla/5.0 (Windows NT 6.3; Win64; x64) AppleWebKit/537.36 (KHTML, like Gecko) Chrome/62.0.3202.94 Safari/537.36",78,"[0.8, 0.4, 0.2]","[0.8, 0.4, 0.2]","[u'red', u'blue', u'black']","[u'left', u'middle', u'right']","[0.8, 0.4, 0.2]","[u'high', u'medium', u'low']",red,49,left,high,True,False,909,3150,NA
A2JPGLBWQ1X49G,Mon Dec 04 2017 09:46:08 GMT-0600 (Central Standard Time),Mon Dec 04 2017 09:59:03 GMT-0600 (Central Standard Time),"Mozilla/5.0 (Windows NT 6.3; Win64; x64) AppleWebKit/537.36 (KHTML, like Gecko) Chrome/62.0.3202.94 Safari/537.36",79,"[0.8, 0.4, 0.2]","[0.8, 0.4, 0.2]","[u'red', u'blue', u'black']","[u'left', u'middle', u'right']","[0.8, 0.4, 0.2]","[u'high', u'medium', u'low']",red,49,left,high,True,False,760,3250,NA
A2JPGLBWQ1X49G,Mon Dec 04 2017 09:46:08 GMT-0600 (Central Standard Time),Mon Dec 04 2017 09:59:03 GMT-0600 (Central Standard Time),"Mozilla/5.0 (Windows NT 6.3; Win64; x64) AppleWebKit/537.36 (KHTML, like Gecko) Chrome/62.0.3202.94 Safari/537.36",80,"[0.8, 0.4, 0.2]","[0.8, 0.4, 0.2]","[u'red', u'blue', u'black']","[u'left', u'middle', u'right']","[0.8, 0.4, 0.2]","[u'high', u'medium', u'low']",blue,50,middle,medium,False,False,895,3200,NA
A2JPGLBWQ1X49G,Mon Dec 04 2017 09:46:08 GMT-0600 (Central Standard Time),Mon Dec 04 2017 09:59:03 GMT-0600 (Central Standard Time),"Mozilla/5.0 (Windows NT 6.3; Win64; x64) AppleWebKit/537.36 (KHTML, like Gecko) Chrome/62.0.3202.94 Safari/537.36",81,"[0.8, 0.4, 0.2]","[0.8, 0.4, 0.2]","[u'red', u'blue', u'black']","[u'left', u'middle', u'right']","[0.8, 0.4, 0.2]","[u'medium', u'high', u'low']",red,49,left,medium,True,False,3426,3300,NA
A2JPGLBWQ1X49G,Mon Dec 04 2017 09:46:08 GMT-0600 (Central Standard Time),Mon Dec 04 2017 09:59:03 GMT-0600 (Central Standard Time),"Mozilla/5.0 (Windows NT 6.3; Win64; x64) AppleWebKit/537.36 (KHTML, like Gecko) Chrome/62.0.3202.94 Safari/537.36",82,"[0.8, 0.4, 0.2]","[0.8, 0.4, 0.2]","[u'red', u'blue', u'black']","[u'left', u'middle', u'right']","[0.8, 0.4, 0.2]","[u'medium', u'high', u'low']",red,49,left,medium,True,False,1158,3400,NA
A2JPGLBWQ1X49G,Mon Dec 04 2017 09:46:08 GMT-0600 (Central Standard Time),Mon Dec 04 2017 09:59:03 GMT-0600 (Central Standard Time),"Mozilla/5.0 (Windows NT 6.3; Win64; x64) AppleWebKit/537.36 (KHTML, like Gecko) Chrome/62.0.3202.94 Safari/537.36",83,"[0.8, 0.4, 0.2]","[0.8, 0.4, 0.2]","[u'red', u'blue', u'black']","[u'left', u'middle', u'right']","[0.8, 0.4, 0.2]","[u'medium', u'high', u'low']",red,49,left,medium,False,False,1056,3350,NA
A2JPGLBWQ1X49G,Mon Dec 04 2017 09:46:08 GMT-0600 (Central Standard Time),Mon Dec 04 2017 09:59:03 GMT-0600 (Central Standard Time),"Mozilla/5.0 (Windows NT 6.3; Win64; x64) AppleWebKit/537.36 (KHTML, like Gecko) Chrome/62.0.3202.94 Safari/537.36",84,"[0.8, 0.4, 0.2]","[0.8, 0.4, 0.2]","[u'red', u'blue', u'black']","[u'left', u'middle', u'right']","[0.8, 0.4, 0.2]","[u'medium', u'high', u'low']",red,49,left,medium,False,False,1008,3300,NA
A2JPGLBWQ1X49G,Mon Dec 04 2017 09:46:08 GMT-0600 (Central Standard Time),Mon Dec 04 2017 09:59:03 GMT-0600 (Central Standard Time),"Mozilla/5.0 (Windows NT 6.3; Win64; x64) AppleWebKit/537.36 (KHTML, like Gecko) Chrome/62.0.3202.94 Safari/537.36",85,"[0.8, 0.4, 0.2]","[0.8, 0.4, 0.2]","[u'red', u'blue', u'black']","[u'left', u'middle', u'right']","[0.8, 0.4, 0.2]","[u'medium', u'high', u'low']",red,49,left,medium,True,False,964,3400,NA
A2JPGLBWQ1X49G,Mon Dec 04 2017 09:46:08 GMT-0600 (Central Standard Time),Mon Dec 04 2017 09:59:03 GMT-0600 (Central Standard Time),"Mozilla/5.0 (Windows NT 6.3; Win64; x64) AppleWebKit/537.36 (KHTML, like Gecko) Chrome/62.0.3202.94 Safari/537.36",86,"[0.8, 0.4, 0.2]","[0.8, 0.4, 0.2]","[u'red', u'blue', u'black']","[u'left', u'middle', u'right']","[0.8, 0.4, 0.2]","[u'medium', u'high', u'low']",black,51,right,low,False,False,800,3350,NA
A2JPGLBWQ1X49G,Mon Dec 04 2017 09:46:08 GMT-0600 (Central Standard Time),Mon Dec 04 2017 09:59:03 GMT-0600 (Central Standard Time),"Mozilla/5.0 (Windows NT 6.3; Win64; x64) AppleWebKit/537.36 (KHTML, like Gecko) Chrome/62.0.3202.94 Safari/537.36",87,"[0.8, 0.4, 0.2]","[0.8, 0.4, 0.2]","[u'red', u'blue', u'black']","[u'left', u'middle', u'right']","[0.8, 0.4, 0.2]","[u'medium', u'high', u'low']",red,49,left,medium,True,False,840,3450,NA
A2JPGLBWQ1X49G,Mon Dec 04 2017 09:46:08 GMT-0600 (Central Standard Time),Mon Dec 04 2017 09:59:03 GMT-0600 (Central Standard Time),"Mozilla/5.0 (Windows NT 6.3; Win64; x64) AppleWebKit/537.36 (KHTML, like Gecko) Chrome/62.0.3202.94 Safari/537.36",88,"[0.8, 0.4, 0.2]","[0.8, 0.4, 0.2]","[u'red', u'blue', u'black']","[u'left', u'middle', u'right']","[0.8, 0.4, 0.2]","[u'medium', u'high', u'low']",red,49,left,medium,False,False,95209,3400,NA
A2JPGLBWQ1X49G,Mon Dec 04 2017 09:46:08 GMT-0600 (Central Standard Time),Mon Dec 04 2017 09:59:03 GMT-0600 (Central Standard Time),"Mozilla/5.0 (Windows NT 6.3; Win64; x64) AppleWebKit/537.36 (KHTML, like Gecko) Chrome/62.0.3202.94 Safari/537.36",89,"[0.8, 0.4, 0.2]","[0.8, 0.4, 0.2]","[u'red', u'blue', u'black']","[u'left', u'middle', u'right']","[0.8, 0.4, 0.2]","[u'medium', u'high', u'low']",red,49,left,medium,False,False,1206,3350,NA
A2JPGLBWQ1X49G,Mon Dec 04 2017 09:46:08 GMT-0600 (Central Standard Time),Mon Dec 04 2017 09:59:03 GMT-0600 (Central Standard Time),"Mozilla/5.0 (Windows NT 6.3; Win64; x64) AppleWebKit/537.36 (KHTML, like Gecko) Chrome/62.0.3202.94 Safari/537.36",90,"[0.8, 0.4, 0.2]","[0.8, 0.4, 0.2]","[u'red', u'blue', u'black']","[u'left', u'middle', u'right']","[0.8, 0.4, 0.2]","[u'medium', u'high', u'low']",red,49,left,medium,True,False,636,3450,NA
A2JPGLBWQ1X49G,Mon Dec 04 2017 09:46:08 GMT-0600 (Central Standard Time),Mon Dec 04 2017 09:59:03 GMT-0600 (Central Standard Time),"Mozilla/5.0 (Windows NT 6.3; Win64; x64) AppleWebKit/537.36 (KHTML, like Gecko) Chrome/62.0.3202.94 Safari/537.36",91,"[0.8, 0.4, 0.2]","[0.8, 0.4, 0.2]","[u'red', u'blue', u'black']","[u'left', u'middle', u'right']","[0.8, 0.4, 0.2]","[u'medium', u'high', u'low']",red,49,left,medium,True,False,682,3550,NA
A2JPGLBWQ1X49G,Mon Dec 04 2017 09:46:08 GMT-0600 (Central Standard Time),Mon Dec 04 2017 09:59:03 GMT-0600 (Central Standard Time),"Mozilla/5.0 (Windows NT 6.3; Win64; x64) AppleWebKit/537.36 (KHTML, like Gecko) Chrome/62.0.3202.94 Safari/537.36",92,"[0.8, 0.4, 0.2]","[0.8, 0.4, 0.2]","[u'red', u'blue', u'black']","[u'left', u'middle', u'right']","[0.8, 0.4, 0.2]","[u'medium', u'high', u'low']",blue,50,middle,high,True,False,1165,3650,NA
A2JPGLBWQ1X49G,Mon Dec 04 2017 09:46:08 GMT-0600 (Central Standard Time),Mon Dec 04 2017 09:59:03 GMT-0600 (Central Standard Time),"Mozilla/5.0 (Windows NT 6.3; Win64; x64) AppleWebKit/537.36 (KHTML, like Gecko) Chrome/62.0.3202.94 Safari/537.36",93,"[0.8, 0.4, 0.2]","[0.8, 0.4, 0.2]","[u'red', u'blue', u'black']","[u'left', u'middle', u'right']","[0.8, 0.4, 0.2]","[u'medium', u'high', u'low']",black,51,right,low,True,False,172,3750,NA
A2JPGLBWQ1X49G,Mon Dec 04 2017 09:46:08 GMT-0600 (Central Standard Time),Mon Dec 04 2017 09:59:03 GMT-0600 (Central Standard Time),"Mozilla/5.0 (Windows NT 6.3; Win64; x64) AppleWebKit/537.36 (KHTML, like Gecko) Chrome/62.0.3202.94 Safari/537.36",94,"[0.8, 0.4, 0.2]","[0.8, 0.4, 0.2]","[u'red', u'blue', u'black']","[u'left', u'middle', u'right']","[0.8, 0.4, 0.2]","[u'medium', u'high', u'low']",black,51,right,low,False,False,671,3700,NA
A2JPGLBWQ1X49G,Mon Dec 04 2017 09:46:08 GMT-0600 (Central Standard Time),Mon Dec 04 2017 09:59:03 GMT-0600 (Central Standard Time),"Mozilla/5.0 (Windows NT 6.3; Win64; x64) AppleWebKit/537.36 (KHTML, like Gecko) Chrome/62.0.3202.94 Safari/537.36",95,"[0.8, 0.4, 0.2]","[0.8, 0.4, 0.2]","[u'red', u'blue', u'black']","[u'left', u'middle', u'right']","[0.8, 0.4, 0.2]","[u'medium', u'high', u'low']",red,49,left,medium,False,False,2259,3650,NA
A2JPGLBWQ1X49G,Mon Dec 04 2017 09:46:08 GMT-0600 (Central Standard Time),Mon Dec 04 2017 09:59:03 GMT-0600 (Central Standard Time),"Mozilla/5.0 (Windows NT 6.3; Win64; x64) AppleWebKit/537.36 (KHTML, like Gecko) Chrome/62.0.3202.94 Safari/537.36",96,"[0.8, 0.4, 0.2]","[0.8, 0.4, 0.2]","[u'red', u'blue', u'black']","[u'left', u'middle', u'right']","[0.8, 0.4, 0.2]","[u'medium', u'high', u'low']",red,49,left,medium,False,False,945,3600,NA
A2JPGLBWQ1X49G,Mon Dec 04 2017 09:46:08 GMT-0600 (Central Standard Time),Mon Dec 04 2017 09:59:03 GMT-0600 (Central Standard Time),"Mozilla/5.0 (Windows NT 6.3; Win64; x64) AppleWebKit/537.36 (KHTML, like Gecko) Chrome/62.0.3202.94 Safari/537.36",97,"[0.8, 0.4, 0.2]","[0.8, 0.4, 0.2]","[u'red', u'blue', u'black']","[u'left', u'middle', u'right']","[0.8, 0.4, 0.2]","[u'medium', u'high', u'low']",red,49,left,medium,True,False,3147,3700,NA
A2JPGLBWQ1X49G,Mon Dec 04 2017 09:46:08 GMT-0600 (Central Standard Time),Mon Dec 04 2017 09:59:03 GMT-0600 (Central Standard Time),"Mozilla/5.0 (Windows NT 6.3; Win64; x64) AppleWebKit/537.36 (KHTML, like Gecko) Chrome/62.0.3202.94 Safari/537.36",98,"[0.8, 0.4, 0.2]","[0.8, 0.4, 0.2]","[u'red', u'blue', u'black']","[u'left', u'middle', u'right']","[0.8, 0.4, 0.2]","[u'medium', u'high', u'low']",blue,50,middle,high,False,False,3374,3650,NA
A2JPGLBWQ1X49G,Mon Dec 04 2017 09:46:08 GMT-0600 (Central Standard Time),Mon Dec 04 2017 09:59:03 GMT-0600 (Central Standard Time),"Mozilla/5.0 (Windows NT 6.3; Win64; x64) AppleWebKit/537.36 (KHTML, like Gecko) Chrome/62.0.3202.94 Safari/537.36",99,"[0.8, 0.4, 0.2]","[0.8, 0.4, 0.2]","[u'red', u'blue', u'black']","[u'left', u'middle', u'right']","[0.8, 0.4, 0.2]","[u'medium', u'high', u'low']",blue,50,middle,high,True,False,1773,3750,NA
A2JPGLBWQ1X49G,Mon Dec 04 2017 09:46:08 GMT-0600 (Central Standard Time),Mon Dec 04 2017 09:59:03 GMT-0600 (Central Standard Time),"Mozilla/5.0 (Windows NT 6.3; Win64; x64) AppleWebKit/537.36 (KHTML, like Gecko) Chrome/62.0.3202.94 Safari/537.36",100,"[0.8, 0.4, 0.2]","[0.8, 0.4, 0.2]","[u'red', u'blue', u'black']","[u'left', u'middle', u'right']","[0.8, 0.4, 0.2]","[u'medium', u'high', u'low']",black,51,right,low,True,False,10331,3850,NA
A2JPGLBWQ1X49G,Mon Dec 04 2017 09:46:08 GMT-0600 (Central Standard Time),Mon Dec 04 2017 09:59:03 GMT-0600 (Central Standard Time),"Mozilla/5.0 (Windows NT 6.3; Win64; x64) AppleWebKit/537.36 (KHTML, like Gecko) Chrome/62.0.3202.94 Safari/537.36",101,"[0.8, 0.4, 0.2]","[0.8, 0.4, 0.2]","[u'red', u'blue', u'black']","[u'left', u'middle', u'right']","[0.8, 0.4, 0.2]","[u'medium', u'high', u'low']",red,49,left,medium,False,False,1011,3800,NA
A2JPGLBWQ1X49G,Mon Dec 04 2017 09:46:08 GMT-0600 (Central Standard Time),Mon Dec 04 2017 09:59:03 GMT-0600 (Central Standard Time),"Mozilla/5.0 (Windows NT 6.3; Win64; x64) AppleWebKit/537.36 (KHTML, like Gecko) Chrome/62.0.3202.94 Safari/537.36",102,"[0.8, 0.4, 0.2]","[0.8, 0.4, 0.2]","[u'red', u'blue', u'black']","[u'left', u'middle', u'right']","[0.8, 0.4, 0.2]","[u'medium', u'high', u'low']",blue,50,middle,high,True,False,1281,3900,NA
A2JPGLBWQ1X49G,Mon Dec 04 2017 09:46:08 GMT-0600 (Central Standard Time),Mon Dec 04 2017 09:59:03 GMT-0600 (Central Standard Time),"Mozilla/5.0 (Windows NT 6.3; Win64; x64) AppleWebKit/537.36 (KHTML, like Gecko) Chrome/62.0.3202.94 Safari/537.36",103,"[0.8, 0.4, 0.2]","[0.8, 0.4, 0.2]","[u'red', u'blue', u'black']","[u'left', u'middle', u'right']","[0.8, 0.4, 0.2]","[u'medium', u'high', u'low']",blue,50,middle,high,True,False,2908,4000,NA
A2JPGLBWQ1X49G,Mon Dec 04 2017 09:46:08 GMT-0600 (Central Standard Time),Mon Dec 04 2017 09:59:03 GMT-0600 (Central Standard Time),"Mozilla/5.0 (Windows NT 6.3; Win64; x64) AppleWebKit/537.36 (KHTML, like Gecko) Chrome/62.0.3202.94 Safari/537.36",104,"[0.8, 0.4, 0.2]","[0.8, 0.4, 0.2]","[u'red', u'blue', u'black']","[u'left', u'middle', u'right']","[0.8, 0.4, 0.2]","[u'medium', u'high', u'low']",black,51,right,low,False,False,924,3950,NA
A2JPGLBWQ1X49G,Mon Dec 04 2017 09:46:08 GMT-0600 (Central Standard Time),Mon Dec 04 2017 09:59:03 GMT-0600 (Central Standard Time),"Mozilla/5.0 (Windows NT 6.3; Win64; x64) AppleWebKit/537.36 (KHTML, like Gecko) Chrome/62.0.3202.94 Safari/537.36",105,"[0.8, 0.4, 0.2]","[0.8, 0.4, 0.2]","[u'red', u'blue', u'black']","[u'left', u'middle', u'right']","[0.8, 0.4, 0.2]","[u'medium', u'high', u'low']",blue,50,middle,high,True,False,720,4050,NA
A2JPGLBWQ1X49G,Mon Dec 04 2017 09:46:08 GMT-0600 (Central Standard Time),Mon Dec 04 2017 09:59:03 GMT-0600 (Central Standard Time),"Mozilla/5.0 (Windows NT 6.3; Win64; x64) AppleWebKit/537.36 (KHTML, like Gecko) Chrome/62.0.3202.94 Safari/537.36",106,"[0.8, 0.4, 0.2]","[0.8, 0.4, 0.2]","[u'red', u'blue', u'black']","[u'left', u'middle', u'right']","[0.8, 0.4, 0.2]","[u'medium', u'high', u'low']",blue,50,middle,high,True,False,2278,4150,NA
A2JPGLBWQ1X49G,Mon Dec 04 2017 09:46:08 GMT-0600 (Central Standard Time),Mon Dec 04 2017 09:59:03 GMT-0600 (Central Standard Time),"Mozilla/5.0 (Windows NT 6.3; Win64; x64) AppleWebKit/537.36 (KHTML, like Gecko) Chrome/62.0.3202.94 Safari/537.36",107,"[0.8, 0.4, 0.2]","[0.8, 0.4, 0.2]","[u'red', u'blue', u'black']","[u'left', u'middle', u'right']","[0.8, 0.4, 0.2]","[u'medium', u'high', u'low']",red,49,left,medium,False,False,4312,4100,NA
A2JPGLBWQ1X49G,Mon Dec 04 2017 09:46:08 GMT-0600 (Central Standard Time),Mon Dec 04 2017 09:59:03 GMT-0600 (Central Standard Time),"Mozilla/5.0 (Windows NT 6.3; Win64; x64) AppleWebKit/537.36 (KHTML, like Gecko) Chrome/62.0.3202.94 Safari/537.36",108,"[0.8, 0.4, 0.2]","[0.8, 0.4, 0.2]","[u'red', u'blue', u'black']","[u'left', u'middle', u'right']","[0.8, 0.4, 0.2]","[u'medium', u'high', u'low']",blue,50,middle,high,False,False,401,4050,NA
A2JPGLBWQ1X49G,Mon Dec 04 2017 09:46:08 GMT-0600 (Central Standard Time),Mon Dec 04 2017 09:59:03 GMT-0600 (Central Standard Time),"Mozilla/5.0 (Windows NT 6.3; Win64; x64) AppleWebKit/537.36 (KHTML, like Gecko) Chrome/62.0.3202.94 Safari/537.36",109,"[0.8, 0.4, 0.2]","[0.8, 0.4, 0.2]","[u'red', u'blue', u'black']","[u'left', u'middle', u'right']","[0.8, 0.4, 0.2]","[u'medium', u'high', u'low']",blue,50,middle,high,True,False,515,4150,NA
A2JPGLBWQ1X49G,Mon Dec 04 2017 09:46:08 GMT-0600 (Central Standard Time),Mon Dec 04 2017 09:59:03 GMT-0600 (Central Standard Time),"Mozilla/5.0 (Windows NT 6.3; Win64; x64) AppleWebKit/537.36 (KHTML, like Gecko) Chrome/62.0.3202.94 Safari/537.36",110,"[0.8, 0.4, 0.2]","[0.8, 0.4, 0.2]","[u'red', u'blue', u'black']","[u'left', u'middle', u'right']","[0.8, 0.4, 0.2]","[u'medium', u'high', u'low']",red,49,left,medium,False,False,955,4100,NA
A2JPGLBWQ1X49G,Mon Dec 04 2017 09:46:08 GMT-0600 (Central Standard Time),Mon Dec 04 2017 09:59:03 GMT-0600 (Central Standard Time),"Mozilla/5.0 (Windows NT 6.3; Win64; x64) AppleWebKit/537.36 (KHTML, like Gecko) Chrome/62.0.3202.94 Safari/537.36",111,"[0.8, 0.4, 0.2]","[0.8, 0.4, 0.2]","[u'red', u'blue', u'black']","[u'left', u'middle', u'right']","[0.8, 0.4, 0.2]","[u'medium', u'high', u'low']",blue,50,middle,high,False,False,703,4050,NA
A2JPGLBWQ1X49G,Mon Dec 04 2017 09:46:08 GMT-0600 (Central Standard Time),Mon Dec 04 2017 09:59:03 GMT-0600 (Central Standard Time),"Mozilla/5.0 (Windows NT 6.3; Win64; x64) AppleWebKit/537.36 (KHTML, like Gecko) Chrome/62.0.3202.94 Safari/537.36",112,"[0.8, 0.4, 0.2]","[0.8, 0.4, 0.2]","[u'red', u'blue', u'black']","[u'left', u'middle', u'right']","[0.8, 0.4, 0.2]","[u'medium', u'high', u'low']",red,49,left,medium,True,False,455,4150,NA
A2JPGLBWQ1X49G,Mon Dec 04 2017 09:46:08 GMT-0600 (Central Standard Time),Mon Dec 04 2017 09:59:03 GMT-0600 (Central Standard Time),"Mozilla/5.0 (Windows NT 6.3; Win64; x64) AppleWebKit/537.36 (KHTML, like Gecko) Chrome/62.0.3202.94 Safari/537.36",113,"[0.8, 0.4, 0.2]","[0.8, 0.4, 0.2]","[u'red', u'blue', u'black']","[u'left', u'middle', u'right']","[0.8, 0.4, 0.2]","[u'medium', u'high', u'low']",red,49,left,medium,False,False,878,4100,NA
A2JPGLBWQ1X49G,Mon Dec 04 2017 09:46:08 GMT-0600 (Central Standard Time),Mon Dec 04 2017 09:59:03 GMT-0600 (Central Standard Time),"Mozilla/5.0 (Windows NT 6.3; Win64; x64) AppleWebKit/537.36 (KHTML, like Gecko) Chrome/62.0.3202.94 Safari/537.36",114,"[0.8, 0.4, 0.2]","[0.8, 0.4, 0.2]","[u'red', u'blue', u'black']","[u'left', u'middle', u'right']","[0.8, 0.4, 0.2]","[u'medium', u'high', u'low']",red,49,left,medium,False,False,728,4050,NA
A2JPGLBWQ1X49G,Mon Dec 04 2017 09:46:08 GMT-0600 (Central Standard Time),Mon Dec 04 2017 09:59:03 GMT-0600 (Central Standard Time),"Mozilla/5.0 (Windows NT 6.3; Win64; x64) AppleWebKit/537.36 (KHTML, like Gecko) Chrome/62.0.3202.94 Safari/537.36",115,"[0.8, 0.4, 0.2]","[0.8, 0.4, 0.2]","[u'red', u'blue', u'black']","[u'left', u'middle', u'right']","[0.8, 0.4, 0.2]","[u'medium', u'high', u'low']",red,49,left,medium,False,False,1093,4000,NA
A2JPGLBWQ1X49G,Mon Dec 04 2017 09:46:08 GMT-0600 (Central Standard Time),Mon Dec 04 2017 09:59:03 GMT-0600 (Central Standard Time),"Mozilla/5.0 (Windows NT 6.3; Win64; x64) AppleWebKit/537.36 (KHTML, like Gecko) Chrome/62.0.3202.94 Safari/537.36",116,"[0.8, 0.4, 0.2]","[0.8, 0.4, 0.2]","[u'red', u'blue', u'black']","[u'left', u'middle', u'right']","[0.8, 0.4, 0.2]","[u'medium', u'high', u'low']",blue,50,middle,high,True,False,2043,4100,NA
A2JPGLBWQ1X49G,Mon Dec 04 2017 09:46:08 GMT-0600 (Central Standard Time),Mon Dec 04 2017 09:59:03 GMT-0600 (Central Standard Time),"Mozilla/5.0 (Windows NT 6.3; Win64; x64) AppleWebKit/537.36 (KHTML, like Gecko) Chrome/62.0.3202.94 Safari/537.36",117,"[0.8, 0.4, 0.2]","[0.8, 0.4, 0.2]","[u'red', u'blue', u'black']","[u'left', u'middle', u'right']","[0.8, 0.4, 0.2]","[u'medium', u'high', u'low']",black,51,right,low,False,False,5000,4050,NA
A2JPGLBWQ1X49G,Mon Dec 04 2017 09:46:08 GMT-0600 (Central Standard Time),Mon Dec 04 2017 09:59:03 GMT-0600 (Central Standard Time),"Mozilla/5.0 (Windows NT 6.3; Win64; x64) AppleWebKit/537.36 (KHTML, like Gecko) Chrome/62.0.3202.94 Safari/537.36",118,"[0.8, 0.4, 0.2]","[0.8, 0.4, 0.2]","[u'red', u'blue', u'black']","[u'left', u'middle', u'right']","[0.8, 0.4, 0.2]","[u'medium', u'high', u'low']",blue,50,middle,high,True,False,1073,4150,NA
A2JPGLBWQ1X49G,Mon Dec 04 2017 09:46:08 GMT-0600 (Central Standard Time),Mon Dec 04 2017 09:59:03 GMT-0600 (Central Standard Time),"Mozilla/5.0 (Windows NT 6.3; Win64; x64) AppleWebKit/537.36 (KHTML, like Gecko) Chrome/62.0.3202.94 Safari/537.36",119,"[0.8, 0.4, 0.2]","[0.8, 0.4, 0.2]","[u'red', u'blue', u'black']","[u'left', u'middle', u'right']","[0.8, 0.4, 0.2]","[u'medium', u'high', u'low']",red,49,left,medium,True,False,1033,4250,NA
A2JPGLBWQ1X49G,Mon Dec 04 2017 09:46:08 GMT-0600 (Central Standard Time),Mon Dec 04 2017 09:59:03 GMT-0600 (Central Standard Time),"Mozilla/5.0 (Windows NT 6.3; Win64; x64) AppleWebKit/537.36 (KHTML, like Gecko) Chrome/62.0.3202.94 Safari/537.36",120,"[0.8, 0.4, 0.2]","[0.8, 0.4, 0.2]","[u'red', u'blue', u'black']","[u'left', u'middle', u'right']","[0.8, 0.4, 0.2]","[u'medium', u'high', u'low']",red,49,left,medium,False,False,3588,4200,NA
A2JPGLBWQ1X49G,Mon Dec 04 2017 09:46:08 GMT-0600 (Central Standard Time),Mon Dec 04 2017 09:59:03 GMT-0600 (Central Standard Time),"Mozilla/5.0 (Windows NT 6.3; Win64; x64) AppleWebKit/537.36 (KHTML, like Gecko) Chrome/62.0.3202.94 Safari/537.36",121,"[0.8, 0.4, 0.2]","[0.8, 0.4, 0.2]","[u'red', u'blue', u'black']","[u'left', u'middle', u'right']","[0.8, 0.4, 0.2]","[u'high', u'medium', u'low']",red,49,left,high,True,False,1553,4300,NA
A2JPGLBWQ1X49G,Mon Dec 04 2017 09:46:08 GMT-0600 (Central Standard Time),Mon Dec 04 2017 09:59:03 GMT-0600 (Central Standard Time),"Mozilla/5.0 (Windows NT 6.3; Win64; x64) AppleWebKit/537.36 (KHTML, like Gecko) Chrome/62.0.3202.94 Safari/537.36",122,"[0.8, 0.4, 0.2]","[0.8, 0.4, 0.2]","[u'red', u'blue', u'black']","[u'left', u'middle', u'right']","[0.8, 0.4, 0.2]","[u'high', u'medium', u'low']",red,49,left,high,False,False,996,4250,NA
A2JPGLBWQ1X49G,Mon Dec 04 2017 09:46:08 GMT-0600 (Central Standard Time),Mon Dec 04 2017 09:59:03 GMT-0600 (Central Standard Time),"Mozilla/5.0 (Windows NT 6.3; Win64; x64) AppleWebKit/537.36 (KHTML, like Gecko) Chrome/62.0.3202.94 Safari/537.36",123,"[0.8, 0.4, 0.2]","[0.8, 0.4, 0.2]","[u'red', u'blue', u'black']","[u'left', u'middle', u'right']","[0.8, 0.4, 0.2]","[u'high', u'medium', u'low']",blue,50,middle,medium,False,False,751,4200,NA
A2JPGLBWQ1X49G,Mon Dec 04 2017 09:46:08 GMT-0600 (Central Standard Time),Mon Dec 04 2017 09:59:03 GMT-0600 (Central Standard Time),"Mozilla/5.0 (Windows NT 6.3; Win64; x64) AppleWebKit/537.36 (KHTML, like Gecko) Chrome/62.0.3202.94 Safari/537.36",124,"[0.8, 0.4, 0.2]","[0.8, 0.4, 0.2]","[u'red', u'blue', u'black']","[u'left', u'middle', u'right']","[0.8, 0.4, 0.2]","[u'high', u'medium', u'low']",black,51,right,low,False,False,755,4150,NA
A2JPGLBWQ1X49G,Mon Dec 04 2017 09:46:08 GMT-0600 (Central Standard Time),Mon Dec 04 2017 09:59:03 GMT-0600 (Central Standard Time),"Mozilla/5.0 (Windows NT 6.3; Win64; x64) AppleWebKit/537.36 (KHTML, like Gecko) Chrome/62.0.3202.94 Safari/537.36",125,"[0.8, 0.4, 0.2]","[0.8, 0.4, 0.2]","[u'red', u'blue', u'black']","[u'left', u'middle', u'right']","[0.8, 0.4, 0.2]","[u'high', u'medium', u'low']",red,49,left,high,True,False,1352,4250,NA
A2JPGLBWQ1X49G,Mon Dec 04 2017 09:46:08 GMT-0600 (Central Standard Time),Mon Dec 04 2017 09:59:03 GMT-0600 (Central Standard Time),"Mozilla/5.0 (Windows NT 6.3; Win64; x64) AppleWebKit/537.36 (KHTML, like Gecko) Chrome/62.0.3202.94 Safari/537.36",126,"[0.8, 0.4, 0.2]","[0.8, 0.4, 0.2]","[u'red', u'blue', u'black']","[u'left', u'middle', u'right']","[0.8, 0.4, 0.2]","[u'high', u'medium', u'low']",red,49,left,high,True,False,1506,4350,NA
A2JPGLBWQ1X49G,Mon Dec 04 2017 09:46:08 GMT-0600 (Central Standard Time),Mon Dec 04 2017 09:59:03 GMT-0600 (Central Standard Time),"Mozilla/5.0 (Windows NT 6.3; Win64; x64) AppleWebKit/537.36 (KHTML, like Gecko) Chrome/62.0.3202.94 Safari/537.36",127,"[0.8, 0.4, 0.2]","[0.8, 0.4, 0.2]","[u'red', u'blue', u'black']","[u'left', u'middle', u'right']","[0.8, 0.4, 0.2]","[u'high', u'medium', u'low']",blue,50,middle,medium,False,False,8682,4300,NA
A2JPGLBWQ1X49G,Mon Dec 04 2017 09:46:08 GMT-0600 (Central Standard Time),Mon Dec 04 2017 09:59:03 GMT-0600 (Central Standard Time),"Mozilla/5.0 (Windows NT 6.3; Win64; x64) AppleWebKit/537.36 (KHTML, like Gecko) Chrome/62.0.3202.94 Safari/537.36",128,"[0.8, 0.4, 0.2]","[0.8, 0.4, 0.2]","[u'red', u'blue', u'black']","[u'left', u'middle', u'right']","[0.8, 0.4, 0.2]","[u'high', u'medium', u'low']",red,49,left,high,True,False,1139,4400,NA
A2JPGLBWQ1X49G,Mon Dec 04 2017 09:46:08 GMT-0600 (Central Standard Time),Mon Dec 04 2017 09:59:03 GMT-0600 (Central Standard Time),"Mozilla/5.0 (Windows NT 6.3; Win64; x64) AppleWebKit/537.36 (KHTML, like Gecko) Chrome/62.0.3202.94 Safari/537.36",129,"[0.8, 0.4, 0.2]","[0.8, 0.4, 0.2]","[u'red', u'blue', u'black']","[u'left', u'middle', u'right']","[0.8, 0.4, 0.2]","[u'high', u'medium', u'low']",red,49,left,high,True,False,1096,4500,NA
A2JPGLBWQ1X49G,Mon Dec 04 2017 09:46:08 GMT-0600 (Central Standard Time),Mon Dec 04 2017 09:59:03 GMT-0600 (Central Standard Time),"Mozilla/5.0 (Windows NT 6.3; Win64; x64) AppleWebKit/537.36 (KHTML, like Gecko) Chrome/62.0.3202.94 Safari/537.36",130,"[0.8, 0.4, 0.2]","[0.8, 0.4, 0.2]","[u'red', u'blue', u'black']","[u'left', u'middle', u'right']","[0.8, 0.4, 0.2]","[u'high', u'medium', u'low']",black,51,right,low,False,False,222,4450,NA
A2JPGLBWQ1X49G,Mon Dec 04 2017 09:46:08 GMT-0600 (Central Standard Time),Mon Dec 04 2017 09:59:03 GMT-0600 (Central Standard Time),"Mozilla/5.0 (Windows NT 6.3; Win64; x64) AppleWebKit/537.36 (KHTML, like Gecko) Chrome/62.0.3202.94 Safari/537.36",131,"[0.8, 0.4, 0.2]","[0.8, 0.4, 0.2]","[u'red', u'blue', u'black']","[u'left', u'middle', u'right']","[0.8, 0.4, 0.2]","[u'high', u'medium', u'low']",red,49,left,high,True,False,1034,4550,NA
A2JPGLBWQ1X49G,Mon Dec 04 2017 09:46:08 GMT-0600 (Central Standard Time),Mon Dec 04 2017 09:59:03 GMT-0600 (Central Standard Time),"Mozilla/5.0 (Windows NT 6.3; Win64; x64) AppleWebKit/537.36 (KHTML, like Gecko) Chrome/62.0.3202.94 Safari/537.36",132,"[0.8, 0.4, 0.2]","[0.8, 0.4, 0.2]","[u'red', u'blue', u'black']","[u'left', u'middle', u'right']","[0.8, 0.4, 0.2]","[u'high', u'medium', u'low']",red,49,left,high,True,False,1054,4650,NA
A2JPGLBWQ1X49G,Mon Dec 04 2017 09:46:08 GMT-0600 (Central Standard Time),Mon Dec 04 2017 09:59:03 GMT-0600 (Central Standard Time),"Mozilla/5.0 (Windows NT 6.3; Win64; x64) AppleWebKit/537.36 (KHTML, like Gecko) Chrome/62.0.3202.94 Safari/537.36",133,"[0.8, 0.4, 0.2]","[0.8, 0.4, 0.2]","[u'red', u'blue', u'black']","[u'left', u'middle', u'right']","[0.8, 0.4, 0.2]","[u'high', u'medium', u'low']",blue,50,middle,medium,False,False,607,4600,NA
A2JPGLBWQ1X49G,Mon Dec 04 2017 09:46:08 GMT-0600 (Central Standard Time),Mon Dec 04 2017 09:59:03 GMT-0600 (Central Standard Time),"Mozilla/5.0 (Windows NT 6.3; Win64; x64) AppleWebKit/537.36 (KHTML, like Gecko) Chrome/62.0.3202.94 Safari/537.36",134,"[0.8, 0.4, 0.2]","[0.8, 0.4, 0.2]","[u'red', u'blue', u'black']","[u'left', u'middle', u'right']","[0.8, 0.4, 0.2]","[u'high', u'medium', u'low']",black,51,right,low,False,False,1579,4550,NA
A2JPGLBWQ1X49G,Mon Dec 04 2017 09:46:08 GMT-0600 (Central Standard Time),Mon Dec 04 2017 09:59:03 GMT-0600 (Central Standard Time),"Mozilla/5.0 (Windows NT 6.3; Win64; x64) AppleWebKit/537.36 (KHTML, like Gecko) Chrome/62.0.3202.94 Safari/537.36",135,"[0.8, 0.4, 0.2]","[0.8, 0.4, 0.2]","[u'red', u'blue', u'black']","[u'left', u'middle', u'right']","[0.8, 0.4, 0.2]","[u'high', u'medium', u'low']",red,49,left,high,True,False,500,4650,NA
A2JPGLBWQ1X49G,Mon Dec 04 2017 09:46:08 GMT-0600 (Central Standard Time),Mon Dec 04 2017 09:59:03 GMT-0600 (Central Standard Time),"Mozilla/5.0 (Windows NT 6.3; Win64; x64) AppleWebKit/537.36 (KHTML, like Gecko) Chrome/62.0.3202.94 Safari/537.36",136,"[0.8, 0.4, 0.2]","[0.8, 0.4, 0.2]","[u'red', u'blue', u'black']","[u'left', u'middle', u'right']","[0.8, 0.4, 0.2]","[u'high', u'medium', u'low']",red,49,left,high,True,False,755,4750,NA
A2JPGLBWQ1X49G,Mon Dec 04 2017 09:46:08 GMT-0600 (Central Standard Time),Mon Dec 04 2017 09:59:03 GMT-0600 (Central Standard Time),"Mozilla/5.0 (Windows NT 6.3; Win64; x64) AppleWebKit/537.36 (KHTML, like Gecko) Chrome/62.0.3202.94 Safari/537.36",137,"[0.8, 0.4, 0.2]","[0.8, 0.4, 0.2]","[u'red', u'blue', u'black']","[u'left', u'middle', u'right']","[0.8, 0.4, 0.2]","[u'high', u'medium', u'low']",blue,50,middle,medium,False,False,649,4700,NA
A2JPGLBWQ1X49G,Mon Dec 04 2017 09:46:08 GMT-0600 (Central Standard Time),Mon Dec 04 2017 09:59:03 GMT-0600 (Central Standard Time),"Mozilla/5.0 (Windows NT 6.3; Win64; x64) AppleWebKit/537.36 (KHTML, like Gecko) Chrome/62.0.3202.94 Safari/537.36",138,"[0.8, 0.4, 0.2]","[0.8, 0.4, 0.2]","[u'red', u'blue', u'black']","[u'left', u'middle', u'right']","[0.8, 0.4, 0.2]","[u'high', u'medium', u'low']",red,49,left,high,False,False,930,4650,NA
A2JPGLBWQ1X49G,Mon Dec 04 2017 09:46:08 GMT-0600 (Central Standard Time),Mon Dec 04 2017 09:59:03 GMT-0600 (Central Standard Time),"Mozilla/5.0 (Windows NT 6.3; Win64; x64) AppleWebKit/537.36 (KHTML, like Gecko) Chrome/62.0.3202.94 Safari/537.36",139,"[0.8, 0.4, 0.2]","[0.8, 0.4, 0.2]","[u'red', u'blue', u'black']","[u'left', u'middle', u'right']","[0.8, 0.4, 0.2]","[u'high', u'medium', u'low']",red,49,left,high,True,False,795,4750,NA
A2JPGLBWQ1X49G,Mon Dec 04 2017 09:46:08 GMT-0600 (Central Standard Time),Mon Dec 04 2017 09:59:03 GMT-0600 (Central Standard Time),"Mozilla/5.0 (Windows NT 6.3; Win64; x64) AppleWebKit/537.36 (KHTML, like Gecko) Chrome/62.0.3202.94 Safari/537.36",140,"[0.8, 0.4, 0.2]","[0.8, 0.4, 0.2]","[u'red', u'blue', u'black']","[u'left', u'middle', u'right']","[0.8, 0.4, 0.2]","[u'high', u'medium', u'low']",red,49,left,high,True,False,982,4850,NA
A2JPGLBWQ1X49G,Mon Dec 04 2017 09:46:08 GMT-0600 (Central Standard Time),Mon Dec 04 2017 09:59:03 GMT-0600 (Central Standard Time),"Mozilla/5.0 (Windows NT 6.3; Win64; x64) AppleWebKit/537.36 (KHTML, like Gecko) Chrome/62.0.3202.94 Safari/537.36",141,"[0.8, 0.4, 0.2]","[0.8, 0.4, 0.2]","[u'red', u'blue', u'black']","[u'left', u'middle', u'right']","[0.8, 0.4, 0.2]","[u'high', u'medium', u'low']",red,49,left,high,False,False,953,4800,NA
A2JPGLBWQ1X49G,Mon Dec 04 2017 09:46:08 GMT-0600 (Central Standard Time),Mon Dec 04 2017 09:59:03 GMT-0600 (Central Standard Time),"Mozilla/5.0 (Windows NT 6.3; Win64; x64) AppleWebKit/537.36 (KHTML, like Gecko) Chrome/62.0.3202.94 Safari/537.36",142,"[0.8, 0.4, 0.2]","[0.8, 0.4, 0.2]","[u'red', u'blue', u'black']","[u'left', u'middle', u'right']","[0.8, 0.4, 0.2]","[u'high', u'medium', u'low']",red,49,left,high,False,False,955,4750,NA
A2JPGLBWQ1X49G,Mon Dec 04 2017 09:46:08 GMT-0600 (Central Standard Time),Mon Dec 04 2017 09:59:03 GMT-0600 (Central Standard Time),"Mozilla/5.0 (Windows NT 6.3; Win64; x64) AppleWebKit/537.36 (KHTML, like Gecko) Chrome/62.0.3202.94 Safari/537.36",143,"[0.8, 0.4, 0.2]","[0.8, 0.4, 0.2]","[u'red', u'blue', u'black']","[u'left', u'middle', u'right']","[0.8, 0.4, 0.2]","[u'high', u'medium', u'low']",red,49,left,high,True,False,912,4850,NA
A2JPGLBWQ1X49G,Mon Dec 04 2017 09:46:08 GMT-0600 (Central Standard Time),Mon Dec 04 2017 09:59:03 GMT-0600 (Central Standard Time),"Mozilla/5.0 (Windows NT 6.3; Win64; x64) AppleWebKit/537.36 (KHTML, like Gecko) Chrome/62.0.3202.94 Safari/537.36",144,"[0.8, 0.4, 0.2]","[0.8, 0.4, 0.2]","[u'red', u'blue', u'black']","[u'left', u'middle', u'right']","[0.8, 0.4, 0.2]","[u'high', u'medium', u'low']",red,49,left,high,True,True,1002,4950,NA
A2JPGLBWQ1X49G,Mon Dec 04 2017 09:46:08 GMT-0600 (Central Standard Time),Mon Dec 04 2017 09:59:03 GMT-0600 (Central Standard Time),"Mozilla/5.0 (Windows NT 6.3; Win64; x64) AppleWebKit/537.36 (KHTML, like Gecko) Chrome/62.0.3202.94 Safari/537.36",145,"[0.8, 0.4, 0.2]","[0.8, 0.4, 0.2]","[u'red', u'blue', u'black']","[u'left', u'middle', u'right']","[0.8, 0.4, 0.2]","[u'low', u'high', u'medium']",red,49,left,low,False,False,1008,4900,NA
A2JPGLBWQ1X49G,Mon Dec 04 2017 09:46:08 GMT-0600 (Central Standard Time),Mon Dec 04 2017 09:59:03 GMT-0600 (Central Standard Time),"Mozilla/5.0 (Windows NT 6.3; Win64; x64) AppleWebKit/537.36 (KHTML, like Gecko) Chrome/62.0.3202.94 Safari/537.36",146,"[0.8, 0.4, 0.2]","[0.8, 0.4, 0.2]","[u'red', u'blue', u'black']","[u'left', u'middle', u'right']","[0.8, 0.4, 0.2]","[u'low', u'high', u'medium']",red,49,left,low,True,False,915,5000,NA
A2JPGLBWQ1X49G,Mon Dec 04 2017 09:46:08 GMT-0600 (Central Standard Time),Mon Dec 04 2017 09:59:03 GMT-0600 (Central Standard Time),"Mozilla/5.0 (Windows NT 6.3; Win64; x64) AppleWebKit/537.36 (KHTML, like Gecko) Chrome/62.0.3202.94 Safari/537.36",147,"[0.8, 0.4, 0.2]","[0.8, 0.4, 0.2]","[u'red', u'blue', u'black']","[u'left', u'middle', u'right']","[0.8, 0.4, 0.2]","[u'low', u'high', u'medium']",red,49,left,low,False,False,1049,4950,NA
A2JPGLBWQ1X49G,Mon Dec 04 2017 09:46:08 GMT-0600 (Central Standard Time),Mon Dec 04 2017 09:59:03 GMT-0600 (Central Standard Time),"Mozilla/5.0 (Windows NT 6.3; Win64; x64) AppleWebKit/537.36 (KHTML, like Gecko) Chrome/62.0.3202.94 Safari/537.36",148,"[0.8, 0.4, 0.2]","[0.8, 0.4, 0.2]","[u'red', u'blue', u'black']","[u'left', u'middle', u'right']","[0.8, 0.4, 0.2]","[u'low', u'high', u'medium']",red,49,left,low,False,False,750,4900,NA
A2JPGLBWQ1X49G,Mon Dec 04 2017 09:46:08 GMT-0600 (Central Standard Time),Mon Dec 04 2017 09:59:03 GMT-0600 (Central Standard Time),"Mozilla/5.0 (Windows NT 6.3; Win64; x64) AppleWebKit/537.36 (KHTML, like Gecko) Chrome/62.0.3202.94 Safari/537.36",149,"[0.8, 0.4, 0.2]","[0.8, 0.4, 0.2]","[u'red', u'blue', u'black']","[u'left', u'middle', u'right']","[0.8, 0.4, 0.2]","[u'low', u'high', u'medium']",black,51,right,medium,True,False,812,5000,NA
A2JPGLBWQ1X49G,Mon Dec 04 2017 09:46:08 GMT-0600 (Central Standard Time),Mon Dec 04 2017 09:59:03 GMT-0600 (Central Standard Time),"Mozilla/5.0 (Windows NT 6.3; Win64; x64) AppleWebKit/537.36 (KHTML, like Gecko) Chrome/62.0.3202.94 Safari/537.36",150,"[0.8, 0.4, 0.2]","[0.8, 0.4, 0.2]","[u'red', u'blue', u'black']","[u'left', u'middle', u'right']","[0.8, 0.4, 0.2]","[u'low', u'high', u'medium']",blue,50,middle,high,True,False,796,5100,NA
A2JPGLBWQ1X49G,Mon Dec 04 2017 09:46:08 GMT-0600 (Central Standard Time),Mon Dec 04 2017 09:59:03 GMT-0600 (Central Standard Time),"Mozilla/5.0 (Windows NT 6.3; Win64; x64) AppleWebKit/537.36 (KHTML, like Gecko) Chrome/62.0.3202.94 Safari/537.36",151,"[0.8, 0.4, 0.2]","[0.8, 0.4, 0.2]","[u'red', u'blue', u'black']","[u'left', u'middle', u'right']","[0.8, 0.4, 0.2]","[u'low', u'high', u'medium']",black,51,right,medium,True,False,979,5200,NA
A2JPGLBWQ1X49G,Mon Dec 04 2017 09:46:08 GMT-0600 (Central Standard Time),Mon Dec 04 2017 09:59:03 GMT-0600 (Central Standard Time),"Mozilla/5.0 (Windows NT 6.3; Win64; x64) AppleWebKit/537.36 (KHTML, like Gecko) Chrome/62.0.3202.94 Safari/537.36",152,"[0.8, 0.4, 0.2]","[0.8, 0.4, 0.2]","[u'red', u'blue', u'black']","[u'left', u'middle', u'right']","[0.8, 0.4, 0.2]","[u'low', u'high', u'medium']",blue,50,middle,high,False,False,836,5150,NA
A2JPGLBWQ1X49G,Mon Dec 04 2017 09:46:08 GMT-0600 (Central Standard Time),Mon Dec 04 2017 09:59:03 GMT-0600 (Central Standard Time),"Mozilla/5.0 (Windows NT 6.3; Win64; x64) AppleWebKit/537.36 (KHTML, like Gecko) Chrome/62.0.3202.94 Safari/537.36",153,"[0.8, 0.4, 0.2]","[0.8, 0.4, 0.2]","[u'red', u'blue', u'black']","[u'left', u'middle', u'right']","[0.8, 0.4, 0.2]","[u'low', u'high', u'medium']",black,51,right,medium,False,False,1066,5100,NA
A2JPGLBWQ1X49G,Mon Dec 04 2017 09:46:08 GMT-0600 (Central Standard Time),Mon Dec 04 2017 09:59:03 GMT-0600 (Central Standard Time),"Mozilla/5.0 (Windows NT 6.3; Win64; x64) AppleWebKit/537.36 (KHTML, like Gecko) Chrome/62.0.3202.94 Safari/537.36",154,"[0.8, 0.4, 0.2]","[0.8, 0.4, 0.2]","[u'red', u'blue', u'black']","[u'left', u'middle', u'right']","[0.8, 0.4, 0.2]","[u'low', u'high', u'medium']",blue,50,middle,high,True,False,1134,5200,NA
A2JPGLBWQ1X49G,Mon Dec 04 2017 09:46:08 GMT-0600 (Central Standard Time),Mon Dec 04 2017 09:59:03 GMT-0600 (Central Standard Time),"Mozilla/5.0 (Windows NT 6.3; Win64; x64) AppleWebKit/537.36 (KHTML, like Gecko) Chrome/62.0.3202.94 Safari/537.36",155,"[0.8, 0.4, 0.2]","[0.8, 0.4, 0.2]","[u'red', u'blue', u'black']","[u'left', u'middle', u'right']","[0.8, 0.4, 0.2]","[u'low', u'high', u'medium']",blue,50,middle,high,True,False,1065,5300,NA
A2JPGLBWQ1X49G,Mon Dec 04 2017 09:46:08 GMT-0600 (Central Standard Time),Mon Dec 04 2017 09:59:03 GMT-0600 (Central Standard Time),"Mozilla/5.0 (Windows NT 6.3; Win64; x64) AppleWebKit/537.36 (KHTML, like Gecko) Chrome/62.0.3202.94 Safari/537.36",156,"[0.8, 0.4, 0.2]","[0.8, 0.4, 0.2]","[u'red', u'blue', u'black']","[u'left', u'middle', u'right']","[0.8, 0.4, 0.2]","[u'low', u'high', u'medium']",blue,50,middle,high,False,False,1689,5250,NA
A2JPGLBWQ1X49G,Mon Dec 04 2017 09:46:08 GMT-0600 (Central Standard Time),Mon Dec 04 2017 09:59:03 GMT-0600 (Central Standard Time),"Mozilla/5.0 (Windows NT 6.3; Win64; x64) AppleWebKit/537.36 (KHTML, like Gecko) Chrome/62.0.3202.94 Safari/537.36",157,"[0.8, 0.4, 0.2]","[0.8, 0.4, 0.2]","[u'red', u'blue', u'black']","[u'left', u'middle', u'right']","[0.8, 0.4, 0.2]","[u'low', u'high', u'medium']",black,51,right,medium,False,False,866,5200,NA
A2JPGLBWQ1X49G,Mon Dec 04 2017 09:46:08 GMT-0600 (Central Standard Time),Mon Dec 04 2017 09:59:03 GMT-0600 (Central Standard Time),"Mozilla/5.0 (Windows NT 6.3; Win64; x64) AppleWebKit/537.36 (KHTML, like Gecko) Chrome/62.0.3202.94 Safari/537.36",158,"[0.8, 0.4, 0.2]","[0.8, 0.4, 0.2]","[u'red', u'blue', u'black']","[u'left', u'middle', u'right']","[0.8, 0.4, 0.2]","[u'low', u'high', u'medium']",blue,50,middle,high,False,False,971,5150,NA
A2JPGLBWQ1X49G,Mon Dec 04 2017 09:46:08 GMT-0600 (Central Standard Time),Mon Dec 04 2017 09:59:03 GMT-0600 (Central Standard Time),"Mozilla/5.0 (Windows NT 6.3; Win64; x64) AppleWebKit/537.36 (KHTML, like Gecko) Chrome/62.0.3202.94 Safari/537.36",159,"[0.8, 0.4, 0.2]","[0.8, 0.4, 0.2]","[u'red', u'blue', u'black']","[u'left', u'middle', u'right']","[0.8, 0.4, 0.2]","[u'low', u'high', u'medium']",blue,50,middle,high,True,False,802,5250,NA
A2JPGLBWQ1X49G,Mon Dec 04 2017 09:46:08 GMT-0600 (Central Standard Time),Mon Dec 04 2017 09:59:03 GMT-0600 (Central Standard Time),"Mozilla/5.0 (Windows NT 6.3; Win64; x64) AppleWebKit/537.36 (KHTML, like Gecko) Chrome/62.0.3202.94 Safari/537.36",160,"[0.8, 0.4, 0.2]","[0.8, 0.4, 0.2]","[u'red', u'blue', u'black']","[u'left', u'middle', u'right']","[0.8, 0.4, 0.2]","[u'low', u'high', u'medium']",red,49,left,low,False,False,986,5200,NA
