A2BNOEYZ3VRW2R,Fri Jun 08 2018 13:20:30 GMT-0400 (Eastern Daylight Time),Fri Jun 08 2018 13:28:15 GMT-0400 (Eastern Daylight Time),"Mozilla/5.0 (Windows NT 10.0; Win64; x64) AppleWebKit/537.36 (KHTML, like Gecko) Chrome/66.0.3359.181 Safari/537.36",1,"[0.9, 0.5, 0.1]","[0.9, 0.5, 0.1]","[u'red', u'black', u'blue']","[u'left', u'middle', u'right']","[0.9, 0.5, 0.1]","[u'medium', u'high', u'low']",blue,51,right,low,True,False,865,100,NA
A2BNOEYZ3VRW2R,Fri Jun 08 2018 13:20:30 GMT-0400 (Eastern Daylight Time),Fri Jun 08 2018 13:28:15 GMT-0400 (Eastern Daylight Time),"Mozilla/5.0 (Windows NT 10.0; Win64; x64) AppleWebKit/537.36 (KHTML, like Gecko) Chrome/66.0.3359.181 Safari/537.36",2,"[0.9, 0.5, 0.1]","[0.9, 0.5, 0.1]","[u'red', u'black', u'blue']","[u'left', u'middle', u'right']","[0.9, 0.5, 0.1]","[u'medium', u'high', u'low']",blue,51,right,low,False,False,591,50,NA
A2BNOEYZ3VRW2R,Fri Jun 08 2018 13:20:30 GMT-0400 (Eastern Daylight Time),Fri Jun 08 2018 13:28:15 GMT-0400 (Eastern Daylight Time),"Mozilla/5.0 (Windows NT 10.0; Win64; x64) AppleWebKit/537.36 (KHTML, like Gecko) Chrome/66.0.3359.181 Safari/537.36",3,"[0.9, 0.5, 0.1]","[0.9, 0.5, 0.1]","[u'red', u'black', u'blue']","[u'left', u'middle', u'right']","[0.9, 0.5, 0.1]","[u'medium', u'high', u'low']",blue,51,right,low,False,False,835,0,NA
A2BNOEYZ3VRW2R,Fri Jun 08 2018 13:20:30 GMT-0400 (Eastern Daylight Time),Fri Jun 08 2018 13:28:15 GMT-0400 (Eastern Daylight Time),"Mozilla/5.0 (Windows NT 10.0; Win64; x64) AppleWebKit/537.36 (KHTML, like Gecko) Chrome/66.0.3359.181 Safari/537.36",4,"[0.9, 0.5, 0.1]","[0.9, 0.5, 0.1]","[u'red', u'black', u'blue']","[u'left', u'middle', u'right']","[0.9, 0.5, 0.1]","[u'medium', u'high', u'low']",black,50,middle,high,True,False,1202,100,NA
A2BNOEYZ3VRW2R,Fri Jun 08 2018 13:20:30 GMT-0400 (Eastern Daylight Time),Fri Jun 08 2018 13:28:15 GMT-0400 (Eastern Daylight Time),"Mozilla/5.0 (Windows NT 10.0; Win64; x64) AppleWebKit/537.36 (KHTML, like Gecko) Chrome/66.0.3359.181 Safari/537.36",5,"[0.9, 0.5, 0.1]","[0.9, 0.5, 0.1]","[u'red', u'black', u'blue']","[u'left', u'middle', u'right']","[0.9, 0.5, 0.1]","[u'medium', u'high', u'low']",black,50,middle,high,False,False,528,50,NA
A2BNOEYZ3VRW2R,Fri Jun 08 2018 13:20:30 GMT-0400 (Eastern Daylight Time),Fri Jun 08 2018 13:28:15 GMT-0400 (Eastern Daylight Time),"Mozilla/5.0 (Windows NT 10.0; Win64; x64) AppleWebKit/537.36 (KHTML, like Gecko) Chrome/66.0.3359.181 Safari/537.36",6,"[0.9, 0.5, 0.1]","[0.9, 0.5, 0.1]","[u'red', u'black', u'blue']","[u'left', u'middle', u'right']","[0.9, 0.5, 0.1]","[u'medium', u'high', u'low']",black,50,middle,high,False,False,381,0,NA
A2BNOEYZ3VRW2R,Fri Jun 08 2018 13:20:30 GMT-0400 (Eastern Daylight Time),Fri Jun 08 2018 13:28:15 GMT-0400 (Eastern Daylight Time),"Mozilla/5.0 (Windows NT 10.0; Win64; x64) AppleWebKit/537.36 (KHTML, like Gecko) Chrome/66.0.3359.181 Safari/537.36",7,"[0.9, 0.5, 0.1]","[0.9, 0.5, 0.1]","[u'red', u'black', u'blue']","[u'left', u'middle', u'right']","[0.9, 0.5, 0.1]","[u'medium', u'high', u'low']",red,49,left,medium,True,False,425,100,NA
A2BNOEYZ3VRW2R,Fri Jun 08 2018 13:20:30 GMT-0400 (Eastern Daylight Time),Fri Jun 08 2018 13:28:15 GMT-0400 (Eastern Daylight Time),"Mozilla/5.0 (Windows NT 10.0; Win64; x64) AppleWebKit/537.36 (KHTML, like Gecko) Chrome/66.0.3359.181 Safari/537.36",8,"[0.9, 0.5, 0.1]","[0.9, 0.5, 0.1]","[u'red', u'black', u'blue']","[u'left', u'middle', u'right']","[0.9, 0.5, 0.1]","[u'medium', u'high', u'low']",red,49,left,medium,True,False,427,200,NA
A2BNOEYZ3VRW2R,Fri Jun 08 2018 13:20:30 GMT-0400 (Eastern Daylight Time),Fri Jun 08 2018 13:28:15 GMT-0400 (Eastern Daylight Time),"Mozilla/5.0 (Windows NT 10.0; Win64; x64) AppleWebKit/537.36 (KHTML, like Gecko) Chrome/66.0.3359.181 Safari/537.36",9,"[0.9, 0.5, 0.1]","[0.9, 0.5, 0.1]","[u'red', u'black', u'blue']","[u'left', u'middle', u'right']","[0.9, 0.5, 0.1]","[u'medium', u'high', u'low']",red,49,left,medium,True,False,379,300,NA
A2BNOEYZ3VRW2R,Fri Jun 08 2018 13:20:30 GMT-0400 (Eastern Daylight Time),Fri Jun 08 2018 13:28:15 GMT-0400 (Eastern Daylight Time),"Mozilla/5.0 (Windows NT 10.0; Win64; x64) AppleWebKit/537.36 (KHTML, like Gecko) Chrome/66.0.3359.181 Safari/537.36",10,"[0.9, 0.5, 0.1]","[0.9, 0.5, 0.1]","[u'red', u'black', u'blue']","[u'left', u'middle', u'right']","[0.9, 0.5, 0.1]","[u'medium', u'high', u'low']",red,49,left,medium,True,False,516,400,NA
A2BNOEYZ3VRW2R,Fri Jun 08 2018 13:20:30 GMT-0400 (Eastern Daylight Time),Fri Jun 08 2018 13:28:15 GMT-0400 (Eastern Daylight Time),"Mozilla/5.0 (Windows NT 10.0; Win64; x64) AppleWebKit/537.36 (KHTML, like Gecko) Chrome/66.0.3359.181 Safari/537.36",11,"[0.9, 0.5, 0.1]","[0.9, 0.5, 0.1]","[u'red', u'black', u'blue']","[u'left', u'middle', u'right']","[0.9, 0.5, 0.1]","[u'medium', u'high', u'low']",red,49,left,medium,True,False,704,500,NA
A2BNOEYZ3VRW2R,Fri Jun 08 2018 13:20:30 GMT-0400 (Eastern Daylight Time),Fri Jun 08 2018 13:28:15 GMT-0400 (Eastern Daylight Time),"Mozilla/5.0 (Windows NT 10.0; Win64; x64) AppleWebKit/537.36 (KHTML, like Gecko) Chrome/66.0.3359.181 Safari/537.36",12,"[0.9, 0.5, 0.1]","[0.9, 0.5, 0.1]","[u'red', u'black', u'blue']","[u'left', u'middle', u'right']","[0.9, 0.5, 0.1]","[u'medium', u'high', u'low']",red,49,left,medium,True,False,505,600,NA
A2BNOEYZ3VRW2R,Fri Jun 08 2018 13:20:30 GMT-0400 (Eastern Daylight Time),Fri Jun 08 2018 13:28:15 GMT-0400 (Eastern Daylight Time),"Mozilla/5.0 (Windows NT 10.0; Win64; x64) AppleWebKit/537.36 (KHTML, like Gecko) Chrome/66.0.3359.181 Safari/537.36",13,"[0.9, 0.5, 0.1]","[0.9, 0.5, 0.1]","[u'red', u'black', u'blue']","[u'left', u'middle', u'right']","[0.9, 0.5, 0.1]","[u'medium', u'high', u'low']",red,49,left,medium,True,False,509,700,NA
A2BNOEYZ3VRW2R,Fri Jun 08 2018 13:20:30 GMT-0400 (Eastern Daylight Time),Fri Jun 08 2018 13:28:15 GMT-0400 (Eastern Daylight Time),"Mozilla/5.0 (Windows NT 10.0; Win64; x64) AppleWebKit/537.36 (KHTML, like Gecko) Chrome/66.0.3359.181 Safari/537.36",14,"[0.9, 0.5, 0.1]","[0.9, 0.5, 0.1]","[u'red', u'black', u'blue']","[u'left', u'middle', u'right']","[0.9, 0.5, 0.1]","[u'medium', u'high', u'low']",red,49,left,medium,True,False,466,800,NA
A2BNOEYZ3VRW2R,Fri Jun 08 2018 13:20:30 GMT-0400 (Eastern Daylight Time),Fri Jun 08 2018 13:28:15 GMT-0400 (Eastern Daylight Time),"Mozilla/5.0 (Windows NT 10.0; Win64; x64) AppleWebKit/537.36 (KHTML, like Gecko) Chrome/66.0.3359.181 Safari/537.36",15,"[0.9, 0.5, 0.1]","[0.9, 0.5, 0.1]","[u'red', u'black', u'blue']","[u'left', u'middle', u'right']","[0.9, 0.5, 0.1]","[u'medium', u'high', u'low']",red,49,left,medium,False,False,359,750,NA
A2BNOEYZ3VRW2R,Fri Jun 08 2018 13:20:30 GMT-0400 (Eastern Daylight Time),Fri Jun 08 2018 13:28:15 GMT-0400 (Eastern Daylight Time),"Mozilla/5.0 (Windows NT 10.0; Win64; x64) AppleWebKit/537.36 (KHTML, like Gecko) Chrome/66.0.3359.181 Safari/537.36",16,"[0.9, 0.5, 0.1]","[0.9, 0.5, 0.1]","[u'red', u'black', u'blue']","[u'left', u'middle', u'right']","[0.9, 0.5, 0.1]","[u'medium', u'high', u'low']",red,49,left,medium,False,False,325,700,NA
A2BNOEYZ3VRW2R,Fri Jun 08 2018 13:20:30 GMT-0400 (Eastern Daylight Time),Fri Jun 08 2018 13:28:15 GMT-0400 (Eastern Daylight Time),"Mozilla/5.0 (Windows NT 10.0; Win64; x64) AppleWebKit/537.36 (KHTML, like Gecko) Chrome/66.0.3359.181 Safari/537.36",17,"[0.9, 0.5, 0.1]","[0.9, 0.5, 0.1]","[u'red', u'black', u'blue']","[u'left', u'middle', u'right']","[0.9, 0.5, 0.1]","[u'medium', u'high', u'low']",blue,51,right,low,False,False,197,650,NA
A2BNOEYZ3VRW2R,Fri Jun 08 2018 13:20:30 GMT-0400 (Eastern Daylight Time),Fri Jun 08 2018 13:28:15 GMT-0400 (Eastern Daylight Time),"Mozilla/5.0 (Windows NT 10.0; Win64; x64) AppleWebKit/537.36 (KHTML, like Gecko) Chrome/66.0.3359.181 Safari/537.36",18,"[0.9, 0.5, 0.1]","[0.9, 0.5, 0.1]","[u'red', u'black', u'blue']","[u'left', u'middle', u'right']","[0.9, 0.5, 0.1]","[u'medium', u'high', u'low']",black,50,middle,high,False,False,796,600,NA
A2BNOEYZ3VRW2R,Fri Jun 08 2018 13:20:30 GMT-0400 (Eastern Daylight Time),Fri Jun 08 2018 13:28:15 GMT-0400 (Eastern Daylight Time),"Mozilla/5.0 (Windows NT 10.0; Win64; x64) AppleWebKit/537.36 (KHTML, like Gecko) Chrome/66.0.3359.181 Safari/537.36",19,"[0.9, 0.5, 0.1]","[0.9, 0.5, 0.1]","[u'red', u'black', u'blue']","[u'left', u'middle', u'right']","[0.9, 0.5, 0.1]","[u'medium', u'high', u'low']",black,50,middle,high,True,False,368,700,NA
A2BNOEYZ3VRW2R,Fri Jun 08 2018 13:20:30 GMT-0400 (Eastern Daylight Time),Fri Jun 08 2018 13:28:15 GMT-0400 (Eastern Daylight Time),"Mozilla/5.0 (Windows NT 10.0; Win64; x64) AppleWebKit/537.36 (KHTML, like Gecko) Chrome/66.0.3359.181 Safari/537.36",20,"[0.9, 0.5, 0.1]","[0.9, 0.5, 0.1]","[u'red', u'black', u'blue']","[u'left', u'middle', u'right']","[0.9, 0.5, 0.1]","[u'medium', u'high', u'low']",black,50,middle,high,True,False,330,800,NA
A2BNOEYZ3VRW2R,Fri Jun 08 2018 13:20:30 GMT-0400 (Eastern Daylight Time),Fri Jun 08 2018 13:28:15 GMT-0400 (Eastern Daylight Time),"Mozilla/5.0 (Windows NT 10.0; Win64; x64) AppleWebKit/537.36 (KHTML, like Gecko) Chrome/66.0.3359.181 Safari/537.36",21,"[0.9, 0.5, 0.1]","[0.9, 0.5, 0.1]","[u'red', u'black', u'blue']","[u'left', u'middle', u'right']","[0.9, 0.5, 0.1]","[u'medium', u'high', u'low']",black,50,middle,high,True,False,368,900,NA
A2BNOEYZ3VRW2R,Fri Jun 08 2018 13:20:30 GMT-0400 (Eastern Daylight Time),Fri Jun 08 2018 13:28:15 GMT-0400 (Eastern Daylight Time),"Mozilla/5.0 (Windows NT 10.0; Win64; x64) AppleWebKit/537.36 (KHTML, like Gecko) Chrome/66.0.3359.181 Safari/537.36",22,"[0.9, 0.5, 0.1]","[0.9, 0.5, 0.1]","[u'red', u'black', u'blue']","[u'left', u'middle', u'right']","[0.9, 0.5, 0.1]","[u'medium', u'high', u'low']",black,50,middle,high,True,False,420,1000,NA
A2BNOEYZ3VRW2R,Fri Jun 08 2018 13:20:30 GMT-0400 (Eastern Daylight Time),Fri Jun 08 2018 13:28:15 GMT-0400 (Eastern Daylight Time),"Mozilla/5.0 (Windows NT 10.0; Win64; x64) AppleWebKit/537.36 (KHTML, like Gecko) Chrome/66.0.3359.181 Safari/537.36",23,"[0.9, 0.5, 0.1]","[0.9, 0.5, 0.1]","[u'red', u'black', u'blue']","[u'left', u'middle', u'right']","[0.9, 0.5, 0.1]","[u'medium', u'high', u'low']",black,50,middle,high,True,False,349,1100,NA
A2BNOEYZ3VRW2R,Fri Jun 08 2018 13:20:30 GMT-0400 (Eastern Daylight Time),Fri Jun 08 2018 13:28:15 GMT-0400 (Eastern Daylight Time),"Mozilla/5.0 (Windows NT 10.0; Win64; x64) AppleWebKit/537.36 (KHTML, like Gecko) Chrome/66.0.3359.181 Safari/537.36",24,"[0.9, 0.5, 0.1]","[0.9, 0.5, 0.1]","[u'red', u'black', u'blue']","[u'left', u'middle', u'right']","[0.9, 0.5, 0.1]","[u'medium', u'high', u'low']",black,50,middle,high,True,False,378,1200,NA
A2BNOEYZ3VRW2R,Fri Jun 08 2018 13:20:30 GMT-0400 (Eastern Daylight Time),Fri Jun 08 2018 13:28:15 GMT-0400 (Eastern Daylight Time),"Mozilla/5.0 (Windows NT 10.0; Win64; x64) AppleWebKit/537.36 (KHTML, like Gecko) Chrome/66.0.3359.181 Safari/537.36",25,"[0.9, 0.5, 0.1]","[0.9, 0.5, 0.1]","[u'red', u'black', u'blue']","[u'left', u'middle', u'right']","[0.9, 0.5, 0.1]","[u'medium', u'high', u'low']",black,50,middle,high,True,False,409,1300,NA
A2BNOEYZ3VRW2R,Fri Jun 08 2018 13:20:30 GMT-0400 (Eastern Daylight Time),Fri Jun 08 2018 13:28:15 GMT-0400 (Eastern Daylight Time),"Mozilla/5.0 (Windows NT 10.0; Win64; x64) AppleWebKit/537.36 (KHTML, like Gecko) Chrome/66.0.3359.181 Safari/537.36",26,"[0.9, 0.5, 0.1]","[0.9, 0.5, 0.1]","[u'red', u'black', u'blue']","[u'left', u'middle', u'right']","[0.9, 0.5, 0.1]","[u'medium', u'high', u'low']",black,50,middle,high,True,True,334,1400,NA
A2BNOEYZ3VRW2R,Fri Jun 08 2018 13:20:30 GMT-0400 (Eastern Daylight Time),Fri Jun 08 2018 13:28:15 GMT-0400 (Eastern Daylight Time),"Mozilla/5.0 (Windows NT 10.0; Win64; x64) AppleWebKit/537.36 (KHTML, like Gecko) Chrome/66.0.3359.181 Safari/537.36",27,"[0.9, 0.5, 0.1]","[0.9, 0.5, 0.1]","[u'red', u'black', u'blue']","[u'left', u'middle', u'right']","[0.9, 0.5, 0.1]","[u'high', u'low', u'medium']",black,50,middle,low,False,False,290,1350,NA
A2BNOEYZ3VRW2R,Fri Jun 08 2018 13:20:30 GMT-0400 (Eastern Daylight Time),Fri Jun 08 2018 13:28:15 GMT-0400 (Eastern Daylight Time),"Mozilla/5.0 (Windows NT 10.0; Win64; x64) AppleWebKit/537.36 (KHTML, like Gecko) Chrome/66.0.3359.181 Safari/537.36",28,"[0.9, 0.5, 0.1]","[0.9, 0.5, 0.1]","[u'red', u'black', u'blue']","[u'left', u'middle', u'right']","[0.9, 0.5, 0.1]","[u'high', u'low', u'medium']",blue,51,right,medium,False,False,361,1300,NA
A2BNOEYZ3VRW2R,Fri Jun 08 2018 13:20:30 GMT-0400 (Eastern Daylight Time),Fri Jun 08 2018 13:28:15 GMT-0400 (Eastern Daylight Time),"Mozilla/5.0 (Windows NT 10.0; Win64; x64) AppleWebKit/537.36 (KHTML, like Gecko) Chrome/66.0.3359.181 Safari/537.36",29,"[0.9, 0.5, 0.1]","[0.9, 0.5, 0.1]","[u'red', u'black', u'blue']","[u'left', u'middle', u'right']","[0.9, 0.5, 0.1]","[u'high', u'low', u'medium']",blue,51,right,medium,True,False,293,1400,NA
A2BNOEYZ3VRW2R,Fri Jun 08 2018 13:20:30 GMT-0400 (Eastern Daylight Time),Fri Jun 08 2018 13:28:15 GMT-0400 (Eastern Daylight Time),"Mozilla/5.0 (Windows NT 10.0; Win64; x64) AppleWebKit/537.36 (KHTML, like Gecko) Chrome/66.0.3359.181 Safari/537.36",30,"[0.9, 0.5, 0.1]","[0.9, 0.5, 0.1]","[u'red', u'black', u'blue']","[u'left', u'middle', u'right']","[0.9, 0.5, 0.1]","[u'high', u'low', u'medium']",blue,51,right,medium,True,False,365,1500,NA
A2BNOEYZ3VRW2R,Fri Jun 08 2018 13:20:30 GMT-0400 (Eastern Daylight Time),Fri Jun 08 2018 13:28:15 GMT-0400 (Eastern Daylight Time),"Mozilla/5.0 (Windows NT 10.0; Win64; x64) AppleWebKit/537.36 (KHTML, like Gecko) Chrome/66.0.3359.181 Safari/537.36",31,"[0.9, 0.5, 0.1]","[0.9, 0.5, 0.1]","[u'red', u'black', u'blue']","[u'left', u'middle', u'right']","[0.9, 0.5, 0.1]","[u'high', u'low', u'medium']",blue,51,right,medium,False,False,392,1450,NA
A2BNOEYZ3VRW2R,Fri Jun 08 2018 13:20:30 GMT-0400 (Eastern Daylight Time),Fri Jun 08 2018 13:28:15 GMT-0400 (Eastern Daylight Time),"Mozilla/5.0 (Windows NT 10.0; Win64; x64) AppleWebKit/537.36 (KHTML, like Gecko) Chrome/66.0.3359.181 Safari/537.36",32,"[0.9, 0.5, 0.1]","[0.9, 0.5, 0.1]","[u'red', u'black', u'blue']","[u'left', u'middle', u'right']","[0.9, 0.5, 0.1]","[u'high', u'low', u'medium']",blue,51,right,medium,True,False,212,1550,NA
A2BNOEYZ3VRW2R,Fri Jun 08 2018 13:20:30 GMT-0400 (Eastern Daylight Time),Fri Jun 08 2018 13:28:15 GMT-0400 (Eastern Daylight Time),"Mozilla/5.0 (Windows NT 10.0; Win64; x64) AppleWebKit/537.36 (KHTML, like Gecko) Chrome/66.0.3359.181 Safari/537.36",33,"[0.9, 0.5, 0.1]","[0.9, 0.5, 0.1]","[u'red', u'black', u'blue']","[u'left', u'middle', u'right']","[0.9, 0.5, 0.1]","[u'high', u'low', u'medium']",blue,51,right,medium,True,False,335,1650,NA
A2BNOEYZ3VRW2R,Fri Jun 08 2018 13:20:30 GMT-0400 (Eastern Daylight Time),Fri Jun 08 2018 13:28:15 GMT-0400 (Eastern Daylight Time),"Mozilla/5.0 (Windows NT 10.0; Win64; x64) AppleWebKit/537.36 (KHTML, like Gecko) Chrome/66.0.3359.181 Safari/537.36",34,"[0.9, 0.5, 0.1]","[0.9, 0.5, 0.1]","[u'red', u'black', u'blue']","[u'left', u'middle', u'right']","[0.9, 0.5, 0.1]","[u'high', u'low', u'medium']",blue,51,right,medium,True,False,304,1750,NA
A2BNOEYZ3VRW2R,Fri Jun 08 2018 13:20:30 GMT-0400 (Eastern Daylight Time),Fri Jun 08 2018 13:28:15 GMT-0400 (Eastern Daylight Time),"Mozilla/5.0 (Windows NT 10.0; Win64; x64) AppleWebKit/537.36 (KHTML, like Gecko) Chrome/66.0.3359.181 Safari/537.36",35,"[0.9, 0.5, 0.1]","[0.9, 0.5, 0.1]","[u'red', u'black', u'blue']","[u'left', u'middle', u'right']","[0.9, 0.5, 0.1]","[u'high', u'low', u'medium']",blue,51,right,medium,False,False,348,1700,NA
A2BNOEYZ3VRW2R,Fri Jun 08 2018 13:20:30 GMT-0400 (Eastern Daylight Time),Fri Jun 08 2018 13:28:15 GMT-0400 (Eastern Daylight Time),"Mozilla/5.0 (Windows NT 10.0; Win64; x64) AppleWebKit/537.36 (KHTML, like Gecko) Chrome/66.0.3359.181 Safari/537.36",36,"[0.9, 0.5, 0.1]","[0.9, 0.5, 0.1]","[u'red', u'black', u'blue']","[u'left', u'middle', u'right']","[0.9, 0.5, 0.1]","[u'high', u'low', u'medium']",blue,51,right,medium,False,False,343,1650,NA
A2BNOEYZ3VRW2R,Fri Jun 08 2018 13:20:30 GMT-0400 (Eastern Daylight Time),Fri Jun 08 2018 13:28:15 GMT-0400 (Eastern Daylight Time),"Mozilla/5.0 (Windows NT 10.0; Win64; x64) AppleWebKit/537.36 (KHTML, like Gecko) Chrome/66.0.3359.181 Safari/537.36",37,"[0.9, 0.5, 0.1]","[0.9, 0.5, 0.1]","[u'red', u'black', u'blue']","[u'left', u'middle', u'right']","[0.9, 0.5, 0.1]","[u'high', u'low', u'medium']",red,49,left,high,True,False,328,1750,NA
A2BNOEYZ3VRW2R,Fri Jun 08 2018 13:20:30 GMT-0400 (Eastern Daylight Time),Fri Jun 08 2018 13:28:15 GMT-0400 (Eastern Daylight Time),"Mozilla/5.0 (Windows NT 10.0; Win64; x64) AppleWebKit/537.36 (KHTML, like Gecko) Chrome/66.0.3359.181 Safari/537.36",38,"[0.9, 0.5, 0.1]","[0.9, 0.5, 0.1]","[u'red', u'black', u'blue']","[u'left', u'middle', u'right']","[0.9, 0.5, 0.1]","[u'high', u'low', u'medium']",red,49,left,high,True,False,321,1850,NA
A2BNOEYZ3VRW2R,Fri Jun 08 2018 13:20:30 GMT-0400 (Eastern Daylight Time),Fri Jun 08 2018 13:28:15 GMT-0400 (Eastern Daylight Time),"Mozilla/5.0 (Windows NT 10.0; Win64; x64) AppleWebKit/537.36 (KHTML, like Gecko) Chrome/66.0.3359.181 Safari/537.36",39,"[0.9, 0.5, 0.1]","[0.9, 0.5, 0.1]","[u'red', u'black', u'blue']","[u'left', u'middle', u'right']","[0.9, 0.5, 0.1]","[u'high', u'low', u'medium']",red,49,left,high,True,False,467,1950,NA
A2BNOEYZ3VRW2R,Fri Jun 08 2018 13:20:30 GMT-0400 (Eastern Daylight Time),Fri Jun 08 2018 13:28:15 GMT-0400 (Eastern Daylight Time),"Mozilla/5.0 (Windows NT 10.0; Win64; x64) AppleWebKit/537.36 (KHTML, like Gecko) Chrome/66.0.3359.181 Safari/537.36",40,"[0.9, 0.5, 0.1]","[0.9, 0.5, 0.1]","[u'red', u'black', u'blue']","[u'left', u'middle', u'right']","[0.9, 0.5, 0.1]","[u'high', u'low', u'medium']",red,49,left,high,True,False,369,2050,NA
A2BNOEYZ3VRW2R,Fri Jun 08 2018 13:20:30 GMT-0400 (Eastern Daylight Time),Fri Jun 08 2018 13:28:15 GMT-0400 (Eastern Daylight Time),"Mozilla/5.0 (Windows NT 10.0; Win64; x64) AppleWebKit/537.36 (KHTML, like Gecko) Chrome/66.0.3359.181 Safari/537.36",41,"[0.9, 0.5, 0.1]","[0.9, 0.5, 0.1]","[u'red', u'black', u'blue']","[u'left', u'middle', u'right']","[0.9, 0.5, 0.1]","[u'medium', u'low', u'high']",red,49,left,medium,False,False,481,2000,NA
A2BNOEYZ3VRW2R,Fri Jun 08 2018 13:20:30 GMT-0400 (Eastern Daylight Time),Fri Jun 08 2018 13:28:15 GMT-0400 (Eastern Daylight Time),"Mozilla/5.0 (Windows NT 10.0; Win64; x64) AppleWebKit/537.36 (KHTML, like Gecko) Chrome/66.0.3359.181 Safari/537.36",42,"[0.9, 0.5, 0.1]","[0.9, 0.5, 0.1]","[u'red', u'black', u'blue']","[u'left', u'middle', u'right']","[0.9, 0.5, 0.1]","[u'medium', u'low', u'high']",red,49,left,medium,False,False,827,1950,NA
A2BNOEYZ3VRW2R,Fri Jun 08 2018 13:20:30 GMT-0400 (Eastern Daylight Time),Fri Jun 08 2018 13:28:15 GMT-0400 (Eastern Daylight Time),"Mozilla/5.0 (Windows NT 10.0; Win64; x64) AppleWebKit/537.36 (KHTML, like Gecko) Chrome/66.0.3359.181 Safari/537.36",43,"[0.9, 0.5, 0.1]","[0.9, 0.5, 0.1]","[u'red', u'black', u'blue']","[u'left', u'middle', u'right']","[0.9, 0.5, 0.1]","[u'medium', u'low', u'high']",black,50,middle,low,False,False,611,1900,NA
A2BNOEYZ3VRW2R,Fri Jun 08 2018 13:20:30 GMT-0400 (Eastern Daylight Time),Fri Jun 08 2018 13:28:15 GMT-0400 (Eastern Daylight Time),"Mozilla/5.0 (Windows NT 10.0; Win64; x64) AppleWebKit/537.36 (KHTML, like Gecko) Chrome/66.0.3359.181 Safari/537.36",44,"[0.9, 0.5, 0.1]","[0.9, 0.5, 0.1]","[u'red', u'black', u'blue']","[u'left', u'middle', u'right']","[0.9, 0.5, 0.1]","[u'medium', u'low', u'high']",black,50,middle,low,False,False,495,1850,NA
A2BNOEYZ3VRW2R,Fri Jun 08 2018 13:20:30 GMT-0400 (Eastern Daylight Time),Fri Jun 08 2018 13:28:15 GMT-0400 (Eastern Daylight Time),"Mozilla/5.0 (Windows NT 10.0; Win64; x64) AppleWebKit/537.36 (KHTML, like Gecko) Chrome/66.0.3359.181 Safari/537.36",45,"[0.9, 0.5, 0.1]","[0.9, 0.5, 0.1]","[u'red', u'black', u'blue']","[u'left', u'middle', u'right']","[0.9, 0.5, 0.1]","[u'medium', u'low', u'high']",blue,51,right,high,True,False,512,1950,NA
A2BNOEYZ3VRW2R,Fri Jun 08 2018 13:20:30 GMT-0400 (Eastern Daylight Time),Fri Jun 08 2018 13:28:15 GMT-0400 (Eastern Daylight Time),"Mozilla/5.0 (Windows NT 10.0; Win64; x64) AppleWebKit/537.36 (KHTML, like Gecko) Chrome/66.0.3359.181 Safari/537.36",46,"[0.9, 0.5, 0.1]","[0.9, 0.5, 0.1]","[u'red', u'black', u'blue']","[u'left', u'middle', u'right']","[0.9, 0.5, 0.1]","[u'medium', u'low', u'high']",blue,51,right,high,True,False,363,2050,NA
A2BNOEYZ3VRW2R,Fri Jun 08 2018 13:20:30 GMT-0400 (Eastern Daylight Time),Fri Jun 08 2018 13:28:15 GMT-0400 (Eastern Daylight Time),"Mozilla/5.0 (Windows NT 10.0; Win64; x64) AppleWebKit/537.36 (KHTML, like Gecko) Chrome/66.0.3359.181 Safari/537.36",47,"[0.9, 0.5, 0.1]","[0.9, 0.5, 0.1]","[u'red', u'black', u'blue']","[u'left', u'middle', u'right']","[0.9, 0.5, 0.1]","[u'medium', u'low', u'high']",blue,51,right,high,True,False,343,2150,NA
A2BNOEYZ3VRW2R,Fri Jun 08 2018 13:20:30 GMT-0400 (Eastern Daylight Time),Fri Jun 08 2018 13:28:15 GMT-0400 (Eastern Daylight Time),"Mozilla/5.0 (Windows NT 10.0; Win64; x64) AppleWebKit/537.36 (KHTML, like Gecko) Chrome/66.0.3359.181 Safari/537.36",48,"[0.9, 0.5, 0.1]","[0.9, 0.5, 0.1]","[u'red', u'black', u'blue']","[u'left', u'middle', u'right']","[0.9, 0.5, 0.1]","[u'medium', u'low', u'high']",blue,51,right,high,True,False,476,2250,NA
A2BNOEYZ3VRW2R,Fri Jun 08 2018 13:20:30 GMT-0400 (Eastern Daylight Time),Fri Jun 08 2018 13:28:15 GMT-0400 (Eastern Daylight Time),"Mozilla/5.0 (Windows NT 10.0; Win64; x64) AppleWebKit/537.36 (KHTML, like Gecko) Chrome/66.0.3359.181 Safari/537.36",49,"[0.9, 0.5, 0.1]","[0.9, 0.5, 0.1]","[u'red', u'black', u'blue']","[u'left', u'middle', u'right']","[0.9, 0.5, 0.1]","[u'medium', u'low', u'high']",blue,51,right,high,True,False,352,2350,NA
A2BNOEYZ3VRW2R,Fri Jun 08 2018 13:20:30 GMT-0400 (Eastern Daylight Time),Fri Jun 08 2018 13:28:15 GMT-0400 (Eastern Daylight Time),"Mozilla/5.0 (Windows NT 10.0; Win64; x64) AppleWebKit/537.36 (KHTML, like Gecko) Chrome/66.0.3359.181 Safari/537.36",50,"[0.9, 0.5, 0.1]","[0.9, 0.5, 0.1]","[u'red', u'black', u'blue']","[u'left', u'middle', u'right']","[0.9, 0.5, 0.1]","[u'medium', u'low', u'high']",blue,51,right,high,True,False,447,2450,NA
A2BNOEYZ3VRW2R,Fri Jun 08 2018 13:20:30 GMT-0400 (Eastern Daylight Time),Fri Jun 08 2018 13:28:15 GMT-0400 (Eastern Daylight Time),"Mozilla/5.0 (Windows NT 10.0; Win64; x64) AppleWebKit/537.36 (KHTML, like Gecko) Chrome/66.0.3359.181 Safari/537.36",51,"[0.9, 0.5, 0.1]","[0.9, 0.5, 0.1]","[u'red', u'black', u'blue']","[u'left', u'middle', u'right']","[0.9, 0.5, 0.1]","[u'medium', u'low', u'high']",blue,51,right,high,True,False,466,2550,NA
A2BNOEYZ3VRW2R,Fri Jun 08 2018 13:20:30 GMT-0400 (Eastern Daylight Time),Fri Jun 08 2018 13:28:15 GMT-0400 (Eastern Daylight Time),"Mozilla/5.0 (Windows NT 10.0; Win64; x64) AppleWebKit/537.36 (KHTML, like Gecko) Chrome/66.0.3359.181 Safari/537.36",52,"[0.9, 0.5, 0.1]","[0.9, 0.5, 0.1]","[u'red', u'black', u'blue']","[u'left', u'middle', u'right']","[0.9, 0.5, 0.1]","[u'medium', u'low', u'high']",blue,51,right,high,True,False,388,2650,NA
A2BNOEYZ3VRW2R,Fri Jun 08 2018 13:20:30 GMT-0400 (Eastern Daylight Time),Fri Jun 08 2018 13:28:15 GMT-0400 (Eastern Daylight Time),"Mozilla/5.0 (Windows NT 10.0; Win64; x64) AppleWebKit/537.36 (KHTML, like Gecko) Chrome/66.0.3359.181 Safari/537.36",53,"[0.9, 0.5, 0.1]","[0.9, 0.5, 0.1]","[u'red', u'black', u'blue']","[u'left', u'middle', u'right']","[0.9, 0.5, 0.1]","[u'medium', u'low', u'high']",blue,51,right,high,True,True,317,2750,NA
A2BNOEYZ3VRW2R,Fri Jun 08 2018 13:20:30 GMT-0400 (Eastern Daylight Time),Fri Jun 08 2018 13:28:15 GMT-0400 (Eastern Daylight Time),"Mozilla/5.0 (Windows NT 10.0; Win64; x64) AppleWebKit/537.36 (KHTML, like Gecko) Chrome/66.0.3359.181 Safari/537.36",54,"[0.9, 0.5, 0.1]","[0.9, 0.5, 0.1]","[u'red', u'black', u'blue']","[u'left', u'middle', u'right']","[0.9, 0.5, 0.1]","[u'medium', u'high', u'low']",blue,51,right,low,False,False,379,2700,NA
A2BNOEYZ3VRW2R,Fri Jun 08 2018 13:20:30 GMT-0400 (Eastern Daylight Time),Fri Jun 08 2018 13:28:15 GMT-0400 (Eastern Daylight Time),"Mozilla/5.0 (Windows NT 10.0; Win64; x64) AppleWebKit/537.36 (KHTML, like Gecko) Chrome/66.0.3359.181 Safari/537.36",55,"[0.9, 0.5, 0.1]","[0.9, 0.5, 0.1]","[u'red', u'black', u'blue']","[u'left', u'middle', u'right']","[0.9, 0.5, 0.1]","[u'medium', u'high', u'low']",blue,51,right,low,False,False,245,2650,NA
A2BNOEYZ3VRW2R,Fri Jun 08 2018 13:20:30 GMT-0400 (Eastern Daylight Time),Fri Jun 08 2018 13:28:15 GMT-0400 (Eastern Daylight Time),"Mozilla/5.0 (Windows NT 10.0; Win64; x64) AppleWebKit/537.36 (KHTML, like Gecko) Chrome/66.0.3359.181 Safari/537.36",56,"[0.9, 0.5, 0.1]","[0.9, 0.5, 0.1]","[u'red', u'black', u'blue']","[u'left', u'middle', u'right']","[0.9, 0.5, 0.1]","[u'medium', u'high', u'low']",black,50,middle,high,True,False,312,2750,NA
A2BNOEYZ3VRW2R,Fri Jun 08 2018 13:20:30 GMT-0400 (Eastern Daylight Time),Fri Jun 08 2018 13:28:15 GMT-0400 (Eastern Daylight Time),"Mozilla/5.0 (Windows NT 10.0; Win64; x64) AppleWebKit/537.36 (KHTML, like Gecko) Chrome/66.0.3359.181 Safari/537.36",57,"[0.9, 0.5, 0.1]","[0.9, 0.5, 0.1]","[u'red', u'black', u'blue']","[u'left', u'middle', u'right']","[0.9, 0.5, 0.1]","[u'medium', u'high', u'low']",black,50,middle,high,True,False,340,2850,NA
A2BNOEYZ3VRW2R,Fri Jun 08 2018 13:20:30 GMT-0400 (Eastern Daylight Time),Fri Jun 08 2018 13:28:15 GMT-0400 (Eastern Daylight Time),"Mozilla/5.0 (Windows NT 10.0; Win64; x64) AppleWebKit/537.36 (KHTML, like Gecko) Chrome/66.0.3359.181 Safari/537.36",58,"[0.9, 0.5, 0.1]","[0.9, 0.5, 0.1]","[u'red', u'black', u'blue']","[u'left', u'middle', u'right']","[0.9, 0.5, 0.1]","[u'medium', u'high', u'low']",black,50,middle,high,True,False,297,2950,NA
A2BNOEYZ3VRW2R,Fri Jun 08 2018 13:20:30 GMT-0400 (Eastern Daylight Time),Fri Jun 08 2018 13:28:15 GMT-0400 (Eastern Daylight Time),"Mozilla/5.0 (Windows NT 10.0; Win64; x64) AppleWebKit/537.36 (KHTML, like Gecko) Chrome/66.0.3359.181 Safari/537.36",59,"[0.9, 0.5, 0.1]","[0.9, 0.5, 0.1]","[u'red', u'black', u'blue']","[u'left', u'middle', u'right']","[0.9, 0.5, 0.1]","[u'medium', u'high', u'low']",black,50,middle,high,True,False,340,3050,NA
A2BNOEYZ3VRW2R,Fri Jun 08 2018 13:20:30 GMT-0400 (Eastern Daylight Time),Fri Jun 08 2018 13:28:15 GMT-0400 (Eastern Daylight Time),"Mozilla/5.0 (Windows NT 10.0; Win64; x64) AppleWebKit/537.36 (KHTML, like Gecko) Chrome/66.0.3359.181 Safari/537.36",60,"[0.9, 0.5, 0.1]","[0.9, 0.5, 0.1]","[u'red', u'black', u'blue']","[u'left', u'middle', u'right']","[0.9, 0.5, 0.1]","[u'medium', u'high', u'low']",black,50,middle,high,True,False,335,3150,NA
A2BNOEYZ3VRW2R,Fri Jun 08 2018 13:20:30 GMT-0400 (Eastern Daylight Time),Fri Jun 08 2018 13:28:15 GMT-0400 (Eastern Daylight Time),"Mozilla/5.0 (Windows NT 10.0; Win64; x64) AppleWebKit/537.36 (KHTML, like Gecko) Chrome/66.0.3359.181 Safari/537.36",61,"[0.9, 0.5, 0.1]","[0.9, 0.5, 0.1]","[u'red', u'black', u'blue']","[u'left', u'middle', u'right']","[0.9, 0.5, 0.1]","[u'medium', u'high', u'low']",black,50,middle,high,True,False,53,3250,NA
A2BNOEYZ3VRW2R,Fri Jun 08 2018 13:20:30 GMT-0400 (Eastern Daylight Time),Fri Jun 08 2018 13:28:15 GMT-0400 (Eastern Daylight Time),"Mozilla/5.0 (Windows NT 10.0; Win64; x64) AppleWebKit/537.36 (KHTML, like Gecko) Chrome/66.0.3359.181 Safari/537.36",62,"[0.9, 0.5, 0.1]","[0.9, 0.5, 0.1]","[u'red', u'black', u'blue']","[u'left', u'middle', u'right']","[0.9, 0.5, 0.1]","[u'medium', u'high', u'low']",black,50,middle,high,True,False,228,3350,NA
A2BNOEYZ3VRW2R,Fri Jun 08 2018 13:20:30 GMT-0400 (Eastern Daylight Time),Fri Jun 08 2018 13:28:15 GMT-0400 (Eastern Daylight Time),"Mozilla/5.0 (Windows NT 10.0; Win64; x64) AppleWebKit/537.36 (KHTML, like Gecko) Chrome/66.0.3359.181 Safari/537.36",63,"[0.9, 0.5, 0.1]","[0.9, 0.5, 0.1]","[u'red', u'black', u'blue']","[u'left', u'middle', u'right']","[0.9, 0.5, 0.1]","[u'medium', u'high', u'low']",black,50,middle,high,True,False,216,3450,NA
A2BNOEYZ3VRW2R,Fri Jun 08 2018 13:20:30 GMT-0400 (Eastern Daylight Time),Fri Jun 08 2018 13:28:15 GMT-0400 (Eastern Daylight Time),"Mozilla/5.0 (Windows NT 10.0; Win64; x64) AppleWebKit/537.36 (KHTML, like Gecko) Chrome/66.0.3359.181 Safari/537.36",64,"[0.9, 0.5, 0.1]","[0.9, 0.5, 0.1]","[u'red', u'black', u'blue']","[u'left', u'middle', u'right']","[0.9, 0.5, 0.1]","[u'medium', u'high', u'low']",black,50,middle,high,True,True,323,3550,NA
A2BNOEYZ3VRW2R,Fri Jun 08 2018 13:20:30 GMT-0400 (Eastern Daylight Time),Fri Jun 08 2018 13:28:15 GMT-0400 (Eastern Daylight Time),"Mozilla/5.0 (Windows NT 10.0; Win64; x64) AppleWebKit/537.36 (KHTML, like Gecko) Chrome/66.0.3359.181 Safari/537.36",65,"[0.9, 0.5, 0.1]","[0.9, 0.5, 0.1]","[u'red', u'black', u'blue']","[u'left', u'middle', u'right']","[0.9, 0.5, 0.1]","[u'high', u'low', u'medium']",black,50,middle,low,False,False,345,3500,NA
A2BNOEYZ3VRW2R,Fri Jun 08 2018 13:20:30 GMT-0400 (Eastern Daylight Time),Fri Jun 08 2018 13:28:15 GMT-0400 (Eastern Daylight Time),"Mozilla/5.0 (Windows NT 10.0; Win64; x64) AppleWebKit/537.36 (KHTML, like Gecko) Chrome/66.0.3359.181 Safari/537.36",66,"[0.9, 0.5, 0.1]","[0.9, 0.5, 0.1]","[u'red', u'black', u'blue']","[u'left', u'middle', u'right']","[0.9, 0.5, 0.1]","[u'high', u'low', u'medium']",blue,51,right,medium,False,False,352,3450,NA
A2BNOEYZ3VRW2R,Fri Jun 08 2018 13:20:30 GMT-0400 (Eastern Daylight Time),Fri Jun 08 2018 13:28:15 GMT-0400 (Eastern Daylight Time),"Mozilla/5.0 (Windows NT 10.0; Win64; x64) AppleWebKit/537.36 (KHTML, like Gecko) Chrome/66.0.3359.181 Safari/537.36",67,"[0.9, 0.5, 0.1]","[0.9, 0.5, 0.1]","[u'red', u'black', u'blue']","[u'left', u'middle', u'right']","[0.9, 0.5, 0.1]","[u'high', u'low', u'medium']",red,49,left,high,True,False,310,3550,NA
A2BNOEYZ3VRW2R,Fri Jun 08 2018 13:20:30 GMT-0400 (Eastern Daylight Time),Fri Jun 08 2018 13:28:15 GMT-0400 (Eastern Daylight Time),"Mozilla/5.0 (Windows NT 10.0; Win64; x64) AppleWebKit/537.36 (KHTML, like Gecko) Chrome/66.0.3359.181 Safari/537.36",68,"[0.9, 0.5, 0.1]","[0.9, 0.5, 0.1]","[u'red', u'black', u'blue']","[u'left', u'middle', u'right']","[0.9, 0.5, 0.1]","[u'high', u'low', u'medium']",red,49,left,high,True,False,342,3650,NA
A2BNOEYZ3VRW2R,Fri Jun 08 2018 13:20:30 GMT-0400 (Eastern Daylight Time),Fri Jun 08 2018 13:28:15 GMT-0400 (Eastern Daylight Time),"Mozilla/5.0 (Windows NT 10.0; Win64; x64) AppleWebKit/537.36 (KHTML, like Gecko) Chrome/66.0.3359.181 Safari/537.36",69,"[0.9, 0.5, 0.1]","[0.9, 0.5, 0.1]","[u'red', u'black', u'blue']","[u'left', u'middle', u'right']","[0.9, 0.5, 0.1]","[u'high', u'low', u'medium']",red,49,left,high,False,False,359,3600,NA
A2BNOEYZ3VRW2R,Fri Jun 08 2018 13:20:30 GMT-0400 (Eastern Daylight Time),Fri Jun 08 2018 13:28:15 GMT-0400 (Eastern Daylight Time),"Mozilla/5.0 (Windows NT 10.0; Win64; x64) AppleWebKit/537.36 (KHTML, like Gecko) Chrome/66.0.3359.181 Safari/537.36",70,"[0.9, 0.5, 0.1]","[0.9, 0.5, 0.1]","[u'red', u'black', u'blue']","[u'left', u'middle', u'right']","[0.9, 0.5, 0.1]","[u'high', u'low', u'medium']",red,49,left,high,True,False,263,3700,NA
A2BNOEYZ3VRW2R,Fri Jun 08 2018 13:20:30 GMT-0400 (Eastern Daylight Time),Fri Jun 08 2018 13:28:15 GMT-0400 (Eastern Daylight Time),"Mozilla/5.0 (Windows NT 10.0; Win64; x64) AppleWebKit/537.36 (KHTML, like Gecko) Chrome/66.0.3359.181 Safari/537.36",71,"[0.9, 0.5, 0.1]","[0.9, 0.5, 0.1]","[u'red', u'black', u'blue']","[u'left', u'middle', u'right']","[0.9, 0.5, 0.1]","[u'high', u'low', u'medium']",red,49,left,high,False,False,331,3650,NA
A2BNOEYZ3VRW2R,Fri Jun 08 2018 13:20:30 GMT-0400 (Eastern Daylight Time),Fri Jun 08 2018 13:28:15 GMT-0400 (Eastern Daylight Time),"Mozilla/5.0 (Windows NT 10.0; Win64; x64) AppleWebKit/537.36 (KHTML, like Gecko) Chrome/66.0.3359.181 Safari/537.36",72,"[0.9, 0.5, 0.1]","[0.9, 0.5, 0.1]","[u'red', u'black', u'blue']","[u'left', u'middle', u'right']","[0.9, 0.5, 0.1]","[u'high', u'low', u'medium']",red,49,left,high,True,False,377,3750,NA
A2BNOEYZ3VRW2R,Fri Jun 08 2018 13:20:30 GMT-0400 (Eastern Daylight Time),Fri Jun 08 2018 13:28:15 GMT-0400 (Eastern Daylight Time),"Mozilla/5.0 (Windows NT 10.0; Win64; x64) AppleWebKit/537.36 (KHTML, like Gecko) Chrome/66.0.3359.181 Safari/537.36",73,"[0.9, 0.5, 0.1]","[0.9, 0.5, 0.1]","[u'red', u'black', u'blue']","[u'left', u'middle', u'right']","[0.9, 0.5, 0.1]","[u'high', u'low', u'medium']",red,49,left,high,True,False,380,3850,NA
A2BNOEYZ3VRW2R,Fri Jun 08 2018 13:20:30 GMT-0400 (Eastern Daylight Time),Fri Jun 08 2018 13:28:15 GMT-0400 (Eastern Daylight Time),"Mozilla/5.0 (Windows NT 10.0; Win64; x64) AppleWebKit/537.36 (KHTML, like Gecko) Chrome/66.0.3359.181 Safari/537.36",74,"[0.9, 0.5, 0.1]","[0.9, 0.5, 0.1]","[u'red', u'black', u'blue']","[u'left', u'middle', u'right']","[0.9, 0.5, 0.1]","[u'high', u'low', u'medium']",red,49,left,high,True,False,329,3950,NA
A2BNOEYZ3VRW2R,Fri Jun 08 2018 13:20:30 GMT-0400 (Eastern Daylight Time),Fri Jun 08 2018 13:28:15 GMT-0400 (Eastern Daylight Time),"Mozilla/5.0 (Windows NT 10.0; Win64; x64) AppleWebKit/537.36 (KHTML, like Gecko) Chrome/66.0.3359.181 Safari/537.36",75,"[0.9, 0.5, 0.1]","[0.9, 0.5, 0.1]","[u'red', u'black', u'blue']","[u'left', u'middle', u'right']","[0.9, 0.5, 0.1]","[u'high', u'low', u'medium']",red,49,left,high,True,True,397,4050,NA
A2BNOEYZ3VRW2R,Fri Jun 08 2018 13:20:30 GMT-0400 (Eastern Daylight Time),Fri Jun 08 2018 13:28:15 GMT-0400 (Eastern Daylight Time),"Mozilla/5.0 (Windows NT 10.0; Win64; x64) AppleWebKit/537.36 (KHTML, like Gecko) Chrome/66.0.3359.181 Safari/537.36",76,"[0.9, 0.5, 0.1]","[0.9, 0.5, 0.1]","[u'red', u'black', u'blue']","[u'left', u'middle', u'right']","[0.9, 0.5, 0.1]","[u'low', u'medium', u'high']",red,49,left,low,False,False,313,4000,NA
A2BNOEYZ3VRW2R,Fri Jun 08 2018 13:20:30 GMT-0400 (Eastern Daylight Time),Fri Jun 08 2018 13:28:15 GMT-0400 (Eastern Daylight Time),"Mozilla/5.0 (Windows NT 10.0; Win64; x64) AppleWebKit/537.36 (KHTML, like Gecko) Chrome/66.0.3359.181 Safari/537.36",77,"[0.9, 0.5, 0.1]","[0.9, 0.5, 0.1]","[u'red', u'black', u'blue']","[u'left', u'middle', u'right']","[0.9, 0.5, 0.1]","[u'low', u'medium', u'high']",red,49,left,low,False,False,316,3950,NA
A2BNOEYZ3VRW2R,Fri Jun 08 2018 13:20:30 GMT-0400 (Eastern Daylight Time),Fri Jun 08 2018 13:28:15 GMT-0400 (Eastern Daylight Time),"Mozilla/5.0 (Windows NT 10.0; Win64; x64) AppleWebKit/537.36 (KHTML, like Gecko) Chrome/66.0.3359.181 Safari/537.36",78,"[0.9, 0.5, 0.1]","[0.9, 0.5, 0.1]","[u'red', u'black', u'blue']","[u'left', u'middle', u'right']","[0.9, 0.5, 0.1]","[u'low', u'medium', u'high']",blue,51,right,high,True,False,759,4050,NA
A2BNOEYZ3VRW2R,Fri Jun 08 2018 13:20:30 GMT-0400 (Eastern Daylight Time),Fri Jun 08 2018 13:28:15 GMT-0400 (Eastern Daylight Time),"Mozilla/5.0 (Windows NT 10.0; Win64; x64) AppleWebKit/537.36 (KHTML, like Gecko) Chrome/66.0.3359.181 Safari/537.36",79,"[0.9, 0.5, 0.1]","[0.9, 0.5, 0.1]","[u'red', u'black', u'blue']","[u'left', u'middle', u'right']","[0.9, 0.5, 0.1]","[u'low', u'medium', u'high']",blue,51,right,high,True,False,16105,4150,NA
A2BNOEYZ3VRW2R,Fri Jun 08 2018 13:20:30 GMT-0400 (Eastern Daylight Time),Fri Jun 08 2018 13:28:15 GMT-0400 (Eastern Daylight Time),"Mozilla/5.0 (Windows NT 10.0; Win64; x64) AppleWebKit/537.36 (KHTML, like Gecko) Chrome/66.0.3359.181 Safari/537.36",80,"[0.9, 0.5, 0.1]","[0.9, 0.5, 0.1]","[u'red', u'black', u'blue']","[u'left', u'middle', u'right']","[0.9, 0.5, 0.1]","[u'low', u'medium', u'high']",blue,51,right,high,True,False,431,4250,NA
A2BNOEYZ3VRW2R,Fri Jun 08 2018 13:20:30 GMT-0400 (Eastern Daylight Time),Fri Jun 08 2018 13:28:15 GMT-0400 (Eastern Daylight Time),"Mozilla/5.0 (Windows NT 10.0; Win64; x64) AppleWebKit/537.36 (KHTML, like Gecko) Chrome/66.0.3359.181 Safari/537.36",81,"[0.9, 0.5, 0.1]","[0.9, 0.5, 0.1]","[u'red', u'black', u'blue']","[u'left', u'middle', u'right']","[0.9, 0.5, 0.1]","[u'high', u'low', u'medium']",blue,51,right,medium,False,False,643,4200,NA
A2BNOEYZ3VRW2R,Fri Jun 08 2018 13:20:30 GMT-0400 (Eastern Daylight Time),Fri Jun 08 2018 13:28:15 GMT-0400 (Eastern Daylight Time),"Mozilla/5.0 (Windows NT 10.0; Win64; x64) AppleWebKit/537.36 (KHTML, like Gecko) Chrome/66.0.3359.181 Safari/537.36",82,"[0.9, 0.5, 0.1]","[0.9, 0.5, 0.1]","[u'red', u'black', u'blue']","[u'left', u'middle', u'right']","[0.9, 0.5, 0.1]","[u'high', u'low', u'medium']",blue,51,right,medium,False,False,192,4150,NA
A2BNOEYZ3VRW2R,Fri Jun 08 2018 13:20:30 GMT-0400 (Eastern Daylight Time),Fri Jun 08 2018 13:28:15 GMT-0400 (Eastern Daylight Time),"Mozilla/5.0 (Windows NT 10.0; Win64; x64) AppleWebKit/537.36 (KHTML, like Gecko) Chrome/66.0.3359.181 Safari/537.36",83,"[0.9, 0.5, 0.1]","[0.9, 0.5, 0.1]","[u'red', u'black', u'blue']","[u'left', u'middle', u'right']","[0.9, 0.5, 0.1]","[u'high', u'low', u'medium']",black,50,middle,low,False,False,38,4100,NA
A2BNOEYZ3VRW2R,Fri Jun 08 2018 13:20:30 GMT-0400 (Eastern Daylight Time),Fri Jun 08 2018 13:28:15 GMT-0400 (Eastern Daylight Time),"Mozilla/5.0 (Windows NT 10.0; Win64; x64) AppleWebKit/537.36 (KHTML, like Gecko) Chrome/66.0.3359.181 Safari/537.36",84,"[0.9, 0.5, 0.1]","[0.9, 0.5, 0.1]","[u'red', u'black', u'blue']","[u'left', u'middle', u'right']","[0.9, 0.5, 0.1]","[u'high', u'low', u'medium']",black,50,middle,low,False,False,819,4050,NA
A2BNOEYZ3VRW2R,Fri Jun 08 2018 13:20:30 GMT-0400 (Eastern Daylight Time),Fri Jun 08 2018 13:28:15 GMT-0400 (Eastern Daylight Time),"Mozilla/5.0 (Windows NT 10.0; Win64; x64) AppleWebKit/537.36 (KHTML, like Gecko) Chrome/66.0.3359.181 Safari/537.36",85,"[0.9, 0.5, 0.1]","[0.9, 0.5, 0.1]","[u'red', u'black', u'blue']","[u'left', u'middle', u'right']","[0.9, 0.5, 0.1]","[u'high', u'low', u'medium']",red,49,left,high,True,False,579,4150,NA
A2BNOEYZ3VRW2R,Fri Jun 08 2018 13:20:30 GMT-0400 (Eastern Daylight Time),Fri Jun 08 2018 13:28:15 GMT-0400 (Eastern Daylight Time),"Mozilla/5.0 (Windows NT 10.0; Win64; x64) AppleWebKit/537.36 (KHTML, like Gecko) Chrome/66.0.3359.181 Safari/537.36",86,"[0.9, 0.5, 0.1]","[0.9, 0.5, 0.1]","[u'red', u'black', u'blue']","[u'left', u'middle', u'right']","[0.9, 0.5, 0.1]","[u'high', u'low', u'medium']",red,49,left,high,True,False,602,4250,NA
A2BNOEYZ3VRW2R,Fri Jun 08 2018 13:20:30 GMT-0400 (Eastern Daylight Time),Fri Jun 08 2018 13:28:15 GMT-0400 (Eastern Daylight Time),"Mozilla/5.0 (Windows NT 10.0; Win64; x64) AppleWebKit/537.36 (KHTML, like Gecko) Chrome/66.0.3359.181 Safari/537.36",87,"[0.9, 0.5, 0.1]","[0.9, 0.5, 0.1]","[u'red', u'black', u'blue']","[u'left', u'middle', u'right']","[0.9, 0.5, 0.1]","[u'high', u'low', u'medium']",red,49,left,high,True,False,348,4350,NA
A2BNOEYZ3VRW2R,Fri Jun 08 2018 13:20:30 GMT-0400 (Eastern Daylight Time),Fri Jun 08 2018 13:28:15 GMT-0400 (Eastern Daylight Time),"Mozilla/5.0 (Windows NT 10.0; Win64; x64) AppleWebKit/537.36 (KHTML, like Gecko) Chrome/66.0.3359.181 Safari/537.36",88,"[0.9, 0.5, 0.1]","[0.9, 0.5, 0.1]","[u'red', u'black', u'blue']","[u'left', u'middle', u'right']","[0.9, 0.5, 0.1]","[u'high', u'low', u'medium']",red,49,left,high,True,False,346,4450,NA
A2BNOEYZ3VRW2R,Fri Jun 08 2018 13:20:30 GMT-0400 (Eastern Daylight Time),Fri Jun 08 2018 13:28:15 GMT-0400 (Eastern Daylight Time),"Mozilla/5.0 (Windows NT 10.0; Win64; x64) AppleWebKit/537.36 (KHTML, like Gecko) Chrome/66.0.3359.181 Safari/537.36",89,"[0.9, 0.5, 0.1]","[0.9, 0.5, 0.1]","[u'red', u'black', u'blue']","[u'left', u'middle', u'right']","[0.9, 0.5, 0.1]","[u'high', u'low', u'medium']",red,49,left,high,True,False,355,4550,NA
A2BNOEYZ3VRW2R,Fri Jun 08 2018 13:20:30 GMT-0400 (Eastern Daylight Time),Fri Jun 08 2018 13:28:15 GMT-0400 (Eastern Daylight Time),"Mozilla/5.0 (Windows NT 10.0; Win64; x64) AppleWebKit/537.36 (KHTML, like Gecko) Chrome/66.0.3359.181 Safari/537.36",90,"[0.9, 0.5, 0.1]","[0.9, 0.5, 0.1]","[u'red', u'black', u'blue']","[u'left', u'middle', u'right']","[0.9, 0.5, 0.1]","[u'high', u'low', u'medium']",red,49,left,high,True,False,404,4650,NA
A2BNOEYZ3VRW2R,Fri Jun 08 2018 13:20:30 GMT-0400 (Eastern Daylight Time),Fri Jun 08 2018 13:28:15 GMT-0400 (Eastern Daylight Time),"Mozilla/5.0 (Windows NT 10.0; Win64; x64) AppleWebKit/537.36 (KHTML, like Gecko) Chrome/66.0.3359.181 Safari/537.36",91,"[0.9, 0.5, 0.1]","[0.9, 0.5, 0.1]","[u'red', u'black', u'blue']","[u'left', u'middle', u'right']","[0.9, 0.5, 0.1]","[u'high', u'low', u'medium']",red,49,left,high,True,False,402,4750,NA
A2BNOEYZ3VRW2R,Fri Jun 08 2018 13:20:30 GMT-0400 (Eastern Daylight Time),Fri Jun 08 2018 13:28:15 GMT-0400 (Eastern Daylight Time),"Mozilla/5.0 (Windows NT 10.0; Win64; x64) AppleWebKit/537.36 (KHTML, like Gecko) Chrome/66.0.3359.181 Safari/537.36",92,"[0.9, 0.5, 0.1]","[0.9, 0.5, 0.1]","[u'red', u'black', u'blue']","[u'left', u'middle', u'right']","[0.9, 0.5, 0.1]","[u'high', u'low', u'medium']",red,49,left,high,True,False,488,4850,NA
A2BNOEYZ3VRW2R,Fri Jun 08 2018 13:20:30 GMT-0400 (Eastern Daylight Time),Fri Jun 08 2018 13:28:15 GMT-0400 (Eastern Daylight Time),"Mozilla/5.0 (Windows NT 10.0; Win64; x64) AppleWebKit/537.36 (KHTML, like Gecko) Chrome/66.0.3359.181 Safari/537.36",93,"[0.9, 0.5, 0.1]","[0.9, 0.5, 0.1]","[u'red', u'black', u'blue']","[u'left', u'middle', u'right']","[0.9, 0.5, 0.1]","[u'high', u'low', u'medium']",red,49,left,high,True,True,402,4950,NA
A2BNOEYZ3VRW2R,Fri Jun 08 2018 13:20:30 GMT-0400 (Eastern Daylight Time),Fri Jun 08 2018 13:28:15 GMT-0400 (Eastern Daylight Time),"Mozilla/5.0 (Windows NT 10.0; Win64; x64) AppleWebKit/537.36 (KHTML, like Gecko) Chrome/66.0.3359.181 Safari/537.36",94,"[0.9, 0.5, 0.1]","[0.9, 0.5, 0.1]","[u'red', u'black', u'blue']","[u'left', u'middle', u'right']","[0.9, 0.5, 0.1]","[u'low', u'medium', u'high']",red,49,left,low,False,False,448,4900,NA
A2BNOEYZ3VRW2R,Fri Jun 08 2018 13:20:30 GMT-0400 (Eastern Daylight Time),Fri Jun 08 2018 13:28:15 GMT-0400 (Eastern Daylight Time),"Mozilla/5.0 (Windows NT 10.0; Win64; x64) AppleWebKit/537.36 (KHTML, like Gecko) Chrome/66.0.3359.181 Safari/537.36",95,"[0.9, 0.5, 0.1]","[0.9, 0.5, 0.1]","[u'red', u'black', u'blue']","[u'left', u'middle', u'right']","[0.9, 0.5, 0.1]","[u'low', u'medium', u'high']",black,50,middle,medium,True,False,429,5000,NA
A2BNOEYZ3VRW2R,Fri Jun 08 2018 13:20:30 GMT-0400 (Eastern Daylight Time),Fri Jun 08 2018 13:28:15 GMT-0400 (Eastern Daylight Time),"Mozilla/5.0 (Windows NT 10.0; Win64; x64) AppleWebKit/537.36 (KHTML, like Gecko) Chrome/66.0.3359.181 Safari/537.36",96,"[0.9, 0.5, 0.1]","[0.9, 0.5, 0.1]","[u'red', u'black', u'blue']","[u'left', u'middle', u'right']","[0.9, 0.5, 0.1]","[u'low', u'medium', u'high']",black,50,middle,medium,True,False,412,5100,NA
A2BNOEYZ3VRW2R,Fri Jun 08 2018 13:20:30 GMT-0400 (Eastern Daylight Time),Fri Jun 08 2018 13:28:15 GMT-0400 (Eastern Daylight Time),"Mozilla/5.0 (Windows NT 10.0; Win64; x64) AppleWebKit/537.36 (KHTML, like Gecko) Chrome/66.0.3359.181 Safari/537.36",97,"[0.9, 0.5, 0.1]","[0.9, 0.5, 0.1]","[u'red', u'black', u'blue']","[u'left', u'middle', u'right']","[0.9, 0.5, 0.1]","[u'low', u'medium', u'high']",black,50,middle,medium,True,False,374,5200,NA
A2BNOEYZ3VRW2R,Fri Jun 08 2018 13:20:30 GMT-0400 (Eastern Daylight Time),Fri Jun 08 2018 13:28:15 GMT-0400 (Eastern Daylight Time),"Mozilla/5.0 (Windows NT 10.0; Win64; x64) AppleWebKit/537.36 (KHTML, like Gecko) Chrome/66.0.3359.181 Safari/537.36",98,"[0.9, 0.5, 0.1]","[0.9, 0.5, 0.1]","[u'red', u'black', u'blue']","[u'left', u'middle', u'right']","[0.9, 0.5, 0.1]","[u'low', u'medium', u'high']",black,50,middle,medium,False,False,411,5150,NA
A2BNOEYZ3VRW2R,Fri Jun 08 2018 13:20:30 GMT-0400 (Eastern Daylight Time),Fri Jun 08 2018 13:28:15 GMT-0400 (Eastern Daylight Time),"Mozilla/5.0 (Windows NT 10.0; Win64; x64) AppleWebKit/537.36 (KHTML, like Gecko) Chrome/66.0.3359.181 Safari/537.36",99,"[0.9, 0.5, 0.1]","[0.9, 0.5, 0.1]","[u'red', u'black', u'blue']","[u'left', u'middle', u'right']","[0.9, 0.5, 0.1]","[u'low', u'medium', u'high']",black,50,middle,medium,False,False,204,5100,NA
A2BNOEYZ3VRW2R,Fri Jun 08 2018 13:20:30 GMT-0400 (Eastern Daylight Time),Fri Jun 08 2018 13:28:15 GMT-0400 (Eastern Daylight Time),"Mozilla/5.0 (Windows NT 10.0; Win64; x64) AppleWebKit/537.36 (KHTML, like Gecko) Chrome/66.0.3359.181 Safari/537.36",100,"[0.9, 0.5, 0.1]","[0.9, 0.5, 0.1]","[u'red', u'black', u'blue']","[u'left', u'middle', u'right']","[0.9, 0.5, 0.1]","[u'low', u'medium', u'high']",red,49,left,low,False,False,303,5050,NA
A2BNOEYZ3VRW2R,Fri Jun 08 2018 13:20:30 GMT-0400 (Eastern Daylight Time),Fri Jun 08 2018 13:28:15 GMT-0400 (Eastern Daylight Time),"Mozilla/5.0 (Windows NT 10.0; Win64; x64) AppleWebKit/537.36 (KHTML, like Gecko) Chrome/66.0.3359.181 Safari/537.36",101,"[0.9, 0.5, 0.1]","[0.9, 0.5, 0.1]","[u'red', u'black', u'blue']","[u'left', u'middle', u'right']","[0.9, 0.5, 0.1]","[u'low', u'medium', u'high']",blue,51,right,high,True,False,112,5150,NA
A2BNOEYZ3VRW2R,Fri Jun 08 2018 13:20:30 GMT-0400 (Eastern Daylight Time),Fri Jun 08 2018 13:28:15 GMT-0400 (Eastern Daylight Time),"Mozilla/5.0 (Windows NT 10.0; Win64; x64) AppleWebKit/537.36 (KHTML, like Gecko) Chrome/66.0.3359.181 Safari/537.36",102,"[0.9, 0.5, 0.1]","[0.9, 0.5, 0.1]","[u'red', u'black', u'blue']","[u'left', u'middle', u'right']","[0.9, 0.5, 0.1]","[u'low', u'medium', u'high']",blue,51,right,high,True,False,332,5250,NA
A2BNOEYZ3VRW2R,Fri Jun 08 2018 13:20:30 GMT-0400 (Eastern Daylight Time),Fri Jun 08 2018 13:28:15 GMT-0400 (Eastern Daylight Time),"Mozilla/5.0 (Windows NT 10.0; Win64; x64) AppleWebKit/537.36 (KHTML, like Gecko) Chrome/66.0.3359.181 Safari/537.36",103,"[0.9, 0.5, 0.1]","[0.9, 0.5, 0.1]","[u'red', u'black', u'blue']","[u'left', u'middle', u'right']","[0.9, 0.5, 0.1]","[u'low', u'medium', u'high']",blue,51,right,high,True,False,340,5350,NA
A2BNOEYZ3VRW2R,Fri Jun 08 2018 13:20:30 GMT-0400 (Eastern Daylight Time),Fri Jun 08 2018 13:28:15 GMT-0400 (Eastern Daylight Time),"Mozilla/5.0 (Windows NT 10.0; Win64; x64) AppleWebKit/537.36 (KHTML, like Gecko) Chrome/66.0.3359.181 Safari/537.36",104,"[0.9, 0.5, 0.1]","[0.9, 0.5, 0.1]","[u'red', u'black', u'blue']","[u'left', u'middle', u'right']","[0.9, 0.5, 0.1]","[u'low', u'medium', u'high']",blue,51,right,high,True,False,284,5450,NA
A2BNOEYZ3VRW2R,Fri Jun 08 2018 13:20:30 GMT-0400 (Eastern Daylight Time),Fri Jun 08 2018 13:28:15 GMT-0400 (Eastern Daylight Time),"Mozilla/5.0 (Windows NT 10.0; Win64; x64) AppleWebKit/537.36 (KHTML, like Gecko) Chrome/66.0.3359.181 Safari/537.36",105,"[0.9, 0.5, 0.1]","[0.9, 0.5, 0.1]","[u'red', u'black', u'blue']","[u'left', u'middle', u'right']","[0.9, 0.5, 0.1]","[u'low', u'medium', u'high']",blue,51,right,high,True,False,328,5550,NA
A2BNOEYZ3VRW2R,Fri Jun 08 2018 13:20:30 GMT-0400 (Eastern Daylight Time),Fri Jun 08 2018 13:28:15 GMT-0400 (Eastern Daylight Time),"Mozilla/5.0 (Windows NT 10.0; Win64; x64) AppleWebKit/537.36 (KHTML, like Gecko) Chrome/66.0.3359.181 Safari/537.36",106,"[0.9, 0.5, 0.1]","[0.9, 0.5, 0.1]","[u'red', u'black', u'blue']","[u'left', u'middle', u'right']","[0.9, 0.5, 0.1]","[u'low', u'medium', u'high']",blue,51,right,high,True,False,393,5650,NA
A2BNOEYZ3VRW2R,Fri Jun 08 2018 13:20:30 GMT-0400 (Eastern Daylight Time),Fri Jun 08 2018 13:28:15 GMT-0400 (Eastern Daylight Time),"Mozilla/5.0 (Windows NT 10.0; Win64; x64) AppleWebKit/537.36 (KHTML, like Gecko) Chrome/66.0.3359.181 Safari/537.36",107,"[0.9, 0.5, 0.1]","[0.9, 0.5, 0.1]","[u'red', u'black', u'blue']","[u'left', u'middle', u'right']","[0.9, 0.5, 0.1]","[u'low', u'medium', u'high']",blue,51,right,high,True,False,450,5750,NA
A2BNOEYZ3VRW2R,Fri Jun 08 2018 13:20:30 GMT-0400 (Eastern Daylight Time),Fri Jun 08 2018 13:28:15 GMT-0400 (Eastern Daylight Time),"Mozilla/5.0 (Windows NT 10.0; Win64; x64) AppleWebKit/537.36 (KHTML, like Gecko) Chrome/66.0.3359.181 Safari/537.36",108,"[0.9, 0.5, 0.1]","[0.9, 0.5, 0.1]","[u'red', u'black', u'blue']","[u'left', u'middle', u'right']","[0.9, 0.5, 0.1]","[u'low', u'medium', u'high']",blue,51,right,high,True,False,434,5850,NA
A2BNOEYZ3VRW2R,Fri Jun 08 2018 13:20:30 GMT-0400 (Eastern Daylight Time),Fri Jun 08 2018 13:28:15 GMT-0400 (Eastern Daylight Time),"Mozilla/5.0 (Windows NT 10.0; Win64; x64) AppleWebKit/537.36 (KHTML, like Gecko) Chrome/66.0.3359.181 Safari/537.36",109,"[0.9, 0.5, 0.1]","[0.9, 0.5, 0.1]","[u'red', u'black', u'blue']","[u'left', u'middle', u'right']","[0.9, 0.5, 0.1]","[u'low', u'medium', u'high']",blue,51,right,high,False,True,372,5800,NA
A2BNOEYZ3VRW2R,Fri Jun 08 2018 13:20:30 GMT-0400 (Eastern Daylight Time),Fri Jun 08 2018 13:28:15 GMT-0400 (Eastern Daylight Time),"Mozilla/5.0 (Windows NT 10.0; Win64; x64) AppleWebKit/537.36 (KHTML, like Gecko) Chrome/66.0.3359.181 Safari/537.36",110,"[0.9, 0.5, 0.1]","[0.9, 0.5, 0.1]","[u'red', u'black', u'blue']","[u'left', u'middle', u'right']","[0.9, 0.5, 0.1]","[u'medium', u'high', u'low']",black,50,middle,high,True,False,344,5900,NA
A2BNOEYZ3VRW2R,Fri Jun 08 2018 13:20:30 GMT-0400 (Eastern Daylight Time),Fri Jun 08 2018 13:28:15 GMT-0400 (Eastern Daylight Time),"Mozilla/5.0 (Windows NT 10.0; Win64; x64) AppleWebKit/537.36 (KHTML, like Gecko) Chrome/66.0.3359.181 Safari/537.36",111,"[0.9, 0.5, 0.1]","[0.9, 0.5, 0.1]","[u'red', u'black', u'blue']","[u'left', u'middle', u'right']","[0.9, 0.5, 0.1]","[u'medium', u'high', u'low']",black,50,middle,high,True,False,396,6000,NA
A2BNOEYZ3VRW2R,Fri Jun 08 2018 13:20:30 GMT-0400 (Eastern Daylight Time),Fri Jun 08 2018 13:28:15 GMT-0400 (Eastern Daylight Time),"Mozilla/5.0 (Windows NT 10.0; Win64; x64) AppleWebKit/537.36 (KHTML, like Gecko) Chrome/66.0.3359.181 Safari/537.36",112,"[0.9, 0.5, 0.1]","[0.9, 0.5, 0.1]","[u'red', u'black', u'blue']","[u'left', u'middle', u'right']","[0.9, 0.5, 0.1]","[u'medium', u'high', u'low']",black,50,middle,high,True,False,352,6100,NA
A2BNOEYZ3VRW2R,Fri Jun 08 2018 13:20:30 GMT-0400 (Eastern Daylight Time),Fri Jun 08 2018 13:28:15 GMT-0400 (Eastern Daylight Time),"Mozilla/5.0 (Windows NT 10.0; Win64; x64) AppleWebKit/537.36 (KHTML, like Gecko) Chrome/66.0.3359.181 Safari/537.36",113,"[0.9, 0.5, 0.1]","[0.9, 0.5, 0.1]","[u'red', u'black', u'blue']","[u'left', u'middle', u'right']","[0.9, 0.5, 0.1]","[u'medium', u'high', u'low']",black,50,middle,high,True,False,347,6200,NA
A2BNOEYZ3VRW2R,Fri Jun 08 2018 13:20:30 GMT-0400 (Eastern Daylight Time),Fri Jun 08 2018 13:28:15 GMT-0400 (Eastern Daylight Time),"Mozilla/5.0 (Windows NT 10.0; Win64; x64) AppleWebKit/537.36 (KHTML, like Gecko) Chrome/66.0.3359.181 Safari/537.36",114,"[0.9, 0.5, 0.1]","[0.9, 0.5, 0.1]","[u'red', u'black', u'blue']","[u'left', u'middle', u'right']","[0.9, 0.5, 0.1]","[u'medium', u'high', u'low']",black,50,middle,high,True,False,306,6300,NA
A2BNOEYZ3VRW2R,Fri Jun 08 2018 13:20:30 GMT-0400 (Eastern Daylight Time),Fri Jun 08 2018 13:28:15 GMT-0400 (Eastern Daylight Time),"Mozilla/5.0 (Windows NT 10.0; Win64; x64) AppleWebKit/537.36 (KHTML, like Gecko) Chrome/66.0.3359.181 Safari/537.36",115,"[0.9, 0.5, 0.1]","[0.9, 0.5, 0.1]","[u'red', u'black', u'blue']","[u'left', u'middle', u'right']","[0.9, 0.5, 0.1]","[u'medium', u'high', u'low']",black,50,middle,high,True,False,344,6400,NA
A2BNOEYZ3VRW2R,Fri Jun 08 2018 13:20:30 GMT-0400 (Eastern Daylight Time),Fri Jun 08 2018 13:28:15 GMT-0400 (Eastern Daylight Time),"Mozilla/5.0 (Windows NT 10.0; Win64; x64) AppleWebKit/537.36 (KHTML, like Gecko) Chrome/66.0.3359.181 Safari/537.36",116,"[0.9, 0.5, 0.1]","[0.9, 0.5, 0.1]","[u'red', u'black', u'blue']","[u'left', u'middle', u'right']","[0.9, 0.5, 0.1]","[u'medium', u'high', u'low']",black,50,middle,high,True,False,344,6500,NA
A2BNOEYZ3VRW2R,Fri Jun 08 2018 13:20:30 GMT-0400 (Eastern Daylight Time),Fri Jun 08 2018 13:28:15 GMT-0400 (Eastern Daylight Time),"Mozilla/5.0 (Windows NT 10.0; Win64; x64) AppleWebKit/537.36 (KHTML, like Gecko) Chrome/66.0.3359.181 Safari/537.36",117,"[0.9, 0.5, 0.1]","[0.9, 0.5, 0.1]","[u'red', u'black', u'blue']","[u'left', u'middle', u'right']","[0.9, 0.5, 0.1]","[u'medium', u'high', u'low']",black,50,middle,high,True,False,400,6600,NA
A2BNOEYZ3VRW2R,Fri Jun 08 2018 13:20:30 GMT-0400 (Eastern Daylight Time),Fri Jun 08 2018 13:28:15 GMT-0400 (Eastern Daylight Time),"Mozilla/5.0 (Windows NT 10.0; Win64; x64) AppleWebKit/537.36 (KHTML, like Gecko) Chrome/66.0.3359.181 Safari/537.36",118,"[0.9, 0.5, 0.1]","[0.9, 0.5, 0.1]","[u'red', u'black', u'blue']","[u'left', u'middle', u'right']","[0.9, 0.5, 0.1]","[u'medium', u'high', u'low']",black,50,middle,high,True,True,404,6700,NA
A2BNOEYZ3VRW2R,Fri Jun 08 2018 13:20:30 GMT-0400 (Eastern Daylight Time),Fri Jun 08 2018 13:28:15 GMT-0400 (Eastern Daylight Time),"Mozilla/5.0 (Windows NT 10.0; Win64; x64) AppleWebKit/537.36 (KHTML, like Gecko) Chrome/66.0.3359.181 Safari/537.36",119,"[0.9, 0.5, 0.1]","[0.9, 0.5, 0.1]","[u'red', u'black', u'blue']","[u'left', u'middle', u'right']","[0.9, 0.5, 0.1]","[u'high', u'low', u'medium']",black,50,middle,low,False,False,366,6650,NA
A2BNOEYZ3VRW2R,Fri Jun 08 2018 13:20:30 GMT-0400 (Eastern Daylight Time),Fri Jun 08 2018 13:28:15 GMT-0400 (Eastern Daylight Time),"Mozilla/5.0 (Windows NT 10.0; Win64; x64) AppleWebKit/537.36 (KHTML, like Gecko) Chrome/66.0.3359.181 Safari/537.36",120,"[0.9, 0.5, 0.1]","[0.9, 0.5, 0.1]","[u'red', u'black', u'blue']","[u'left', u'middle', u'right']","[0.9, 0.5, 0.1]","[u'high', u'low', u'medium']",blue,51,right,medium,False,False,437,6600,NA
A2BNOEYZ3VRW2R,Fri Jun 08 2018 13:20:30 GMT-0400 (Eastern Daylight Time),Fri Jun 08 2018 13:28:15 GMT-0400 (Eastern Daylight Time),"Mozilla/5.0 (Windows NT 10.0; Win64; x64) AppleWebKit/537.36 (KHTML, like Gecko) Chrome/66.0.3359.181 Safari/537.36",121,"[0.9, 0.5, 0.1]","[0.9, 0.5, 0.1]","[u'red', u'black', u'blue']","[u'left', u'middle', u'right']","[0.9, 0.5, 0.1]","[u'low', u'medium', u'high']",red,49,left,low,False,False,741,6550,NA
A2BNOEYZ3VRW2R,Fri Jun 08 2018 13:20:30 GMT-0400 (Eastern Daylight Time),Fri Jun 08 2018 13:28:15 GMT-0400 (Eastern Daylight Time),"Mozilla/5.0 (Windows NT 10.0; Win64; x64) AppleWebKit/537.36 (KHTML, like Gecko) Chrome/66.0.3359.181 Safari/537.36",122,"[0.9, 0.5, 0.1]","[0.9, 0.5, 0.1]","[u'red', u'black', u'blue']","[u'left', u'middle', u'right']","[0.9, 0.5, 0.1]","[u'low', u'medium', u'high']",red,49,left,low,False,False,625,6500,NA
A2BNOEYZ3VRW2R,Fri Jun 08 2018 13:20:30 GMT-0400 (Eastern Daylight Time),Fri Jun 08 2018 13:28:15 GMT-0400 (Eastern Daylight Time),"Mozilla/5.0 (Windows NT 10.0; Win64; x64) AppleWebKit/537.36 (KHTML, like Gecko) Chrome/66.0.3359.181 Safari/537.36",123,"[0.9, 0.5, 0.1]","[0.9, 0.5, 0.1]","[u'red', u'black', u'blue']","[u'left', u'middle', u'right']","[0.9, 0.5, 0.1]","[u'low', u'medium', u'high']",blue,51,right,high,True,False,434,6600,NA
A2BNOEYZ3VRW2R,Fri Jun 08 2018 13:20:30 GMT-0400 (Eastern Daylight Time),Fri Jun 08 2018 13:28:15 GMT-0400 (Eastern Daylight Time),"Mozilla/5.0 (Windows NT 10.0; Win64; x64) AppleWebKit/537.36 (KHTML, like Gecko) Chrome/66.0.3359.181 Safari/537.36",124,"[0.9, 0.5, 0.1]","[0.9, 0.5, 0.1]","[u'red', u'black', u'blue']","[u'left', u'middle', u'right']","[0.9, 0.5, 0.1]","[u'low', u'medium', u'high']",blue,51,right,high,True,False,467,6700,NA
A2BNOEYZ3VRW2R,Fri Jun 08 2018 13:20:30 GMT-0400 (Eastern Daylight Time),Fri Jun 08 2018 13:28:15 GMT-0400 (Eastern Daylight Time),"Mozilla/5.0 (Windows NT 10.0; Win64; x64) AppleWebKit/537.36 (KHTML, like Gecko) Chrome/66.0.3359.181 Safari/537.36",125,"[0.9, 0.5, 0.1]","[0.9, 0.5, 0.1]","[u'red', u'black', u'blue']","[u'left', u'middle', u'right']","[0.9, 0.5, 0.1]","[u'low', u'medium', u'high']",blue,51,right,high,True,False,565,6800,NA
A2BNOEYZ3VRW2R,Fri Jun 08 2018 13:20:30 GMT-0400 (Eastern Daylight Time),Fri Jun 08 2018 13:28:15 GMT-0400 (Eastern Daylight Time),"Mozilla/5.0 (Windows NT 10.0; Win64; x64) AppleWebKit/537.36 (KHTML, like Gecko) Chrome/66.0.3359.181 Safari/537.36",126,"[0.9, 0.5, 0.1]","[0.9, 0.5, 0.1]","[u'red', u'black', u'blue']","[u'left', u'middle', u'right']","[0.9, 0.5, 0.1]","[u'low', u'medium', u'high']",blue,51,right,high,True,False,316,6900,NA
A2BNOEYZ3VRW2R,Fri Jun 08 2018 13:20:30 GMT-0400 (Eastern Daylight Time),Fri Jun 08 2018 13:28:15 GMT-0400 (Eastern Daylight Time),"Mozilla/5.0 (Windows NT 10.0; Win64; x64) AppleWebKit/537.36 (KHTML, like Gecko) Chrome/66.0.3359.181 Safari/537.36",127,"[0.9, 0.5, 0.1]","[0.9, 0.5, 0.1]","[u'red', u'black', u'blue']","[u'left', u'middle', u'right']","[0.9, 0.5, 0.1]","[u'low', u'medium', u'high']",blue,51,right,high,True,False,360,7000,NA
A2BNOEYZ3VRW2R,Fri Jun 08 2018 13:20:30 GMT-0400 (Eastern Daylight Time),Fri Jun 08 2018 13:28:15 GMT-0400 (Eastern Daylight Time),"Mozilla/5.0 (Windows NT 10.0; Win64; x64) AppleWebKit/537.36 (KHTML, like Gecko) Chrome/66.0.3359.181 Safari/537.36",128,"[0.9, 0.5, 0.1]","[0.9, 0.5, 0.1]","[u'red', u'black', u'blue']","[u'left', u'middle', u'right']","[0.9, 0.5, 0.1]","[u'low', u'medium', u'high']",blue,51,right,high,True,False,436,7100,NA
A2BNOEYZ3VRW2R,Fri Jun 08 2018 13:20:30 GMT-0400 (Eastern Daylight Time),Fri Jun 08 2018 13:28:15 GMT-0400 (Eastern Daylight Time),"Mozilla/5.0 (Windows NT 10.0; Win64; x64) AppleWebKit/537.36 (KHTML, like Gecko) Chrome/66.0.3359.181 Safari/537.36",129,"[0.9, 0.5, 0.1]","[0.9, 0.5, 0.1]","[u'red', u'black', u'blue']","[u'left', u'middle', u'right']","[0.9, 0.5, 0.1]","[u'low', u'medium', u'high']",blue,51,right,high,True,False,387,7200,NA
A2BNOEYZ3VRW2R,Fri Jun 08 2018 13:20:30 GMT-0400 (Eastern Daylight Time),Fri Jun 08 2018 13:28:15 GMT-0400 (Eastern Daylight Time),"Mozilla/5.0 (Windows NT 10.0; Win64; x64) AppleWebKit/537.36 (KHTML, like Gecko) Chrome/66.0.3359.181 Safari/537.36",130,"[0.9, 0.5, 0.1]","[0.9, 0.5, 0.1]","[u'red', u'black', u'blue']","[u'left', u'middle', u'right']","[0.9, 0.5, 0.1]","[u'low', u'medium', u'high']",blue,51,right,high,False,False,355,7150,NA
A2BNOEYZ3VRW2R,Fri Jun 08 2018 13:20:30 GMT-0400 (Eastern Daylight Time),Fri Jun 08 2018 13:28:15 GMT-0400 (Eastern Daylight Time),"Mozilla/5.0 (Windows NT 10.0; Win64; x64) AppleWebKit/537.36 (KHTML, like Gecko) Chrome/66.0.3359.181 Safari/537.36",131,"[0.9, 0.5, 0.1]","[0.9, 0.5, 0.1]","[u'red', u'black', u'blue']","[u'left', u'middle', u'right']","[0.9, 0.5, 0.1]","[u'low', u'medium', u'high']",black,50,middle,medium,False,False,335,7100,NA
A2BNOEYZ3VRW2R,Fri Jun 08 2018 13:20:30 GMT-0400 (Eastern Daylight Time),Fri Jun 08 2018 13:28:15 GMT-0400 (Eastern Daylight Time),"Mozilla/5.0 (Windows NT 10.0; Win64; x64) AppleWebKit/537.36 (KHTML, like Gecko) Chrome/66.0.3359.181 Safari/537.36",132,"[0.9, 0.5, 0.1]","[0.9, 0.5, 0.1]","[u'red', u'black', u'blue']","[u'left', u'middle', u'right']","[0.9, 0.5, 0.1]","[u'low', u'medium', u'high']",red,49,left,low,False,False,596,7050,NA
A2BNOEYZ3VRW2R,Fri Jun 08 2018 13:20:30 GMT-0400 (Eastern Daylight Time),Fri Jun 08 2018 13:28:15 GMT-0400 (Eastern Daylight Time),"Mozilla/5.0 (Windows NT 10.0; Win64; x64) AppleWebKit/537.36 (KHTML, like Gecko) Chrome/66.0.3359.181 Safari/537.36",133,"[0.9, 0.5, 0.1]","[0.9, 0.5, 0.1]","[u'red', u'black', u'blue']","[u'left', u'middle', u'right']","[0.9, 0.5, 0.1]","[u'low', u'medium', u'high']",red,49,left,low,False,False,349,7000,NA
A2BNOEYZ3VRW2R,Fri Jun 08 2018 13:20:30 GMT-0400 (Eastern Daylight Time),Fri Jun 08 2018 13:28:15 GMT-0400 (Eastern Daylight Time),"Mozilla/5.0 (Windows NT 10.0; Win64; x64) AppleWebKit/537.36 (KHTML, like Gecko) Chrome/66.0.3359.181 Safari/537.36",134,"[0.9, 0.5, 0.1]","[0.9, 0.5, 0.1]","[u'red', u'black', u'blue']","[u'left', u'middle', u'right']","[0.9, 0.5, 0.1]","[u'low', u'medium', u'high']",black,50,middle,medium,True,False,365,7100,NA
A2BNOEYZ3VRW2R,Fri Jun 08 2018 13:20:30 GMT-0400 (Eastern Daylight Time),Fri Jun 08 2018 13:28:15 GMT-0400 (Eastern Daylight Time),"Mozilla/5.0 (Windows NT 10.0; Win64; x64) AppleWebKit/537.36 (KHTML, like Gecko) Chrome/66.0.3359.181 Safari/537.36",135,"[0.9, 0.5, 0.1]","[0.9, 0.5, 0.1]","[u'red', u'black', u'blue']","[u'left', u'middle', u'right']","[0.9, 0.5, 0.1]","[u'low', u'medium', u'high']",black,50,middle,medium,False,False,402,7050,NA
A2BNOEYZ3VRW2R,Fri Jun 08 2018 13:20:30 GMT-0400 (Eastern Daylight Time),Fri Jun 08 2018 13:28:15 GMT-0400 (Eastern Daylight Time),"Mozilla/5.0 (Windows NT 10.0; Win64; x64) AppleWebKit/537.36 (KHTML, like Gecko) Chrome/66.0.3359.181 Safari/537.36",136,"[0.9, 0.5, 0.1]","[0.9, 0.5, 0.1]","[u'red', u'black', u'blue']","[u'left', u'middle', u'right']","[0.9, 0.5, 0.1]","[u'low', u'medium', u'high']",black,50,middle,medium,True,False,377,7150,NA
A2BNOEYZ3VRW2R,Fri Jun 08 2018 13:20:30 GMT-0400 (Eastern Daylight Time),Fri Jun 08 2018 13:28:15 GMT-0400 (Eastern Daylight Time),"Mozilla/5.0 (Windows NT 10.0; Win64; x64) AppleWebKit/537.36 (KHTML, like Gecko) Chrome/66.0.3359.181 Safari/537.36",137,"[0.9, 0.5, 0.1]","[0.9, 0.5, 0.1]","[u'red', u'black', u'blue']","[u'left', u'middle', u'right']","[0.9, 0.5, 0.1]","[u'low', u'medium', u'high']",black,50,middle,medium,True,False,362,7250,NA
A2BNOEYZ3VRW2R,Fri Jun 08 2018 13:20:30 GMT-0400 (Eastern Daylight Time),Fri Jun 08 2018 13:28:15 GMT-0400 (Eastern Daylight Time),"Mozilla/5.0 (Windows NT 10.0; Win64; x64) AppleWebKit/537.36 (KHTML, like Gecko) Chrome/66.0.3359.181 Safari/537.36",138,"[0.9, 0.5, 0.1]","[0.9, 0.5, 0.1]","[u'red', u'black', u'blue']","[u'left', u'middle', u'right']","[0.9, 0.5, 0.1]","[u'low', u'medium', u'high']",black,50,middle,medium,True,False,299,7350,NA
A2BNOEYZ3VRW2R,Fri Jun 08 2018 13:20:30 GMT-0400 (Eastern Daylight Time),Fri Jun 08 2018 13:28:15 GMT-0400 (Eastern Daylight Time),"Mozilla/5.0 (Windows NT 10.0; Win64; x64) AppleWebKit/537.36 (KHTML, like Gecko) Chrome/66.0.3359.181 Safari/537.36",139,"[0.9, 0.5, 0.1]","[0.9, 0.5, 0.1]","[u'red', u'black', u'blue']","[u'left', u'middle', u'right']","[0.9, 0.5, 0.1]","[u'low', u'medium', u'high']",black,50,middle,medium,False,False,512,7300,NA
A2BNOEYZ3VRW2R,Fri Jun 08 2018 13:20:30 GMT-0400 (Eastern Daylight Time),Fri Jun 08 2018 13:28:15 GMT-0400 (Eastern Daylight Time),"Mozilla/5.0 (Windows NT 10.0; Win64; x64) AppleWebKit/537.36 (KHTML, like Gecko) Chrome/66.0.3359.181 Safari/537.36",140,"[0.9, 0.5, 0.1]","[0.9, 0.5, 0.1]","[u'red', u'black', u'blue']","[u'left', u'middle', u'right']","[0.9, 0.5, 0.1]","[u'low', u'medium', u'high']",black,50,middle,medium,True,False,377,7400,NA
A2BNOEYZ3VRW2R,Fri Jun 08 2018 13:20:30 GMT-0400 (Eastern Daylight Time),Fri Jun 08 2018 13:28:15 GMT-0400 (Eastern Daylight Time),"Mozilla/5.0 (Windows NT 10.0; Win64; x64) AppleWebKit/537.36 (KHTML, like Gecko) Chrome/66.0.3359.181 Safari/537.36",141,"[0.9, 0.5, 0.1]","[0.9, 0.5, 0.1]","[u'red', u'black', u'blue']","[u'left', u'middle', u'right']","[0.9, 0.5, 0.1]","[u'low', u'medium', u'high']",black,50,middle,medium,False,False,340,7350,NA
A2BNOEYZ3VRW2R,Fri Jun 08 2018 13:20:30 GMT-0400 (Eastern Daylight Time),Fri Jun 08 2018 13:28:15 GMT-0400 (Eastern Daylight Time),"Mozilla/5.0 (Windows NT 10.0; Win64; x64) AppleWebKit/537.36 (KHTML, like Gecko) Chrome/66.0.3359.181 Safari/537.36",142,"[0.9, 0.5, 0.1]","[0.9, 0.5, 0.1]","[u'red', u'black', u'blue']","[u'left', u'middle', u'right']","[0.9, 0.5, 0.1]","[u'low', u'medium', u'high']",black,50,middle,medium,True,False,372,7450,NA
A2BNOEYZ3VRW2R,Fri Jun 08 2018 13:20:30 GMT-0400 (Eastern Daylight Time),Fri Jun 08 2018 13:28:15 GMT-0400 (Eastern Daylight Time),"Mozilla/5.0 (Windows NT 10.0; Win64; x64) AppleWebKit/537.36 (KHTML, like Gecko) Chrome/66.0.3359.181 Safari/537.36",143,"[0.9, 0.5, 0.1]","[0.9, 0.5, 0.1]","[u'red', u'black', u'blue']","[u'left', u'middle', u'right']","[0.9, 0.5, 0.1]","[u'low', u'medium', u'high']",black,50,middle,medium,False,False,413,7400,NA
A2BNOEYZ3VRW2R,Fri Jun 08 2018 13:20:30 GMT-0400 (Eastern Daylight Time),Fri Jun 08 2018 13:28:15 GMT-0400 (Eastern Daylight Time),"Mozilla/5.0 (Windows NT 10.0; Win64; x64) AppleWebKit/537.36 (KHTML, like Gecko) Chrome/66.0.3359.181 Safari/537.36",144,"[0.9, 0.5, 0.1]","[0.9, 0.5, 0.1]","[u'red', u'black', u'blue']","[u'left', u'middle', u'right']","[0.9, 0.5, 0.1]","[u'low', u'medium', u'high']",black,50,middle,medium,False,False,357,7350,NA
A2BNOEYZ3VRW2R,Fri Jun 08 2018 13:20:30 GMT-0400 (Eastern Daylight Time),Fri Jun 08 2018 13:28:15 GMT-0400 (Eastern Daylight Time),"Mozilla/5.0 (Windows NT 10.0; Win64; x64) AppleWebKit/537.36 (KHTML, like Gecko) Chrome/66.0.3359.181 Safari/537.36",145,"[0.9, 0.5, 0.1]","[0.9, 0.5, 0.1]","[u'red', u'black', u'blue']","[u'left', u'middle', u'right']","[0.9, 0.5, 0.1]","[u'low', u'medium', u'high']",blue,51,right,high,True,False,359,7450,NA
A2BNOEYZ3VRW2R,Fri Jun 08 2018 13:20:30 GMT-0400 (Eastern Daylight Time),Fri Jun 08 2018 13:28:15 GMT-0400 (Eastern Daylight Time),"Mozilla/5.0 (Windows NT 10.0; Win64; x64) AppleWebKit/537.36 (KHTML, like Gecko) Chrome/66.0.3359.181 Safari/537.36",146,"[0.9, 0.5, 0.1]","[0.9, 0.5, 0.1]","[u'red', u'black', u'blue']","[u'left', u'middle', u'right']","[0.9, 0.5, 0.1]","[u'low', u'medium', u'high']",blue,51,right,high,True,False,454,7550,NA
A2BNOEYZ3VRW2R,Fri Jun 08 2018 13:20:30 GMT-0400 (Eastern Daylight Time),Fri Jun 08 2018 13:28:15 GMT-0400 (Eastern Daylight Time),"Mozilla/5.0 (Windows NT 10.0; Win64; x64) AppleWebKit/537.36 (KHTML, like Gecko) Chrome/66.0.3359.181 Safari/537.36",147,"[0.9, 0.5, 0.1]","[0.9, 0.5, 0.1]","[u'red', u'black', u'blue']","[u'left', u'middle', u'right']","[0.9, 0.5, 0.1]","[u'low', u'medium', u'high']",blue,51,right,high,True,False,10446,7650,NA
A2BNOEYZ3VRW2R,Fri Jun 08 2018 13:20:30 GMT-0400 (Eastern Daylight Time),Fri Jun 08 2018 13:28:15 GMT-0400 (Eastern Daylight Time),"Mozilla/5.0 (Windows NT 10.0; Win64; x64) AppleWebKit/537.36 (KHTML, like Gecko) Chrome/66.0.3359.181 Safari/537.36",148,"[0.9, 0.5, 0.1]","[0.9, 0.5, 0.1]","[u'red', u'black', u'blue']","[u'left', u'middle', u'right']","[0.9, 0.5, 0.1]","[u'low', u'medium', u'high']",blue,51,right,high,True,False,428,7750,NA
A2BNOEYZ3VRW2R,Fri Jun 08 2018 13:20:30 GMT-0400 (Eastern Daylight Time),Fri Jun 08 2018 13:28:15 GMT-0400 (Eastern Daylight Time),"Mozilla/5.0 (Windows NT 10.0; Win64; x64) AppleWebKit/537.36 (KHTML, like Gecko) Chrome/66.0.3359.181 Safari/537.36",149,"[0.9, 0.5, 0.1]","[0.9, 0.5, 0.1]","[u'red', u'black', u'blue']","[u'left', u'middle', u'right']","[0.9, 0.5, 0.1]","[u'low', u'medium', u'high']",blue,51,right,high,True,False,414,7850,NA
A2BNOEYZ3VRW2R,Fri Jun 08 2018 13:20:30 GMT-0400 (Eastern Daylight Time),Fri Jun 08 2018 13:28:15 GMT-0400 (Eastern Daylight Time),"Mozilla/5.0 (Windows NT 10.0; Win64; x64) AppleWebKit/537.36 (KHTML, like Gecko) Chrome/66.0.3359.181 Safari/537.36",150,"[0.9, 0.5, 0.1]","[0.9, 0.5, 0.1]","[u'red', u'black', u'blue']","[u'left', u'middle', u'right']","[0.9, 0.5, 0.1]","[u'low', u'medium', u'high']",blue,51,right,high,True,False,349,7950,NA
A2BNOEYZ3VRW2R,Fri Jun 08 2018 13:20:30 GMT-0400 (Eastern Daylight Time),Fri Jun 08 2018 13:28:15 GMT-0400 (Eastern Daylight Time),"Mozilla/5.0 (Windows NT 10.0; Win64; x64) AppleWebKit/537.36 (KHTML, like Gecko) Chrome/66.0.3359.181 Safari/537.36",151,"[0.9, 0.5, 0.1]","[0.9, 0.5, 0.1]","[u'red', u'black', u'blue']","[u'left', u'middle', u'right']","[0.9, 0.5, 0.1]","[u'low', u'medium', u'high']",blue,51,right,high,True,False,361,8050,NA
A2BNOEYZ3VRW2R,Fri Jun 08 2018 13:20:30 GMT-0400 (Eastern Daylight Time),Fri Jun 08 2018 13:28:15 GMT-0400 (Eastern Daylight Time),"Mozilla/5.0 (Windows NT 10.0; Win64; x64) AppleWebKit/537.36 (KHTML, like Gecko) Chrome/66.0.3359.181 Safari/537.36",152,"[0.9, 0.5, 0.1]","[0.9, 0.5, 0.1]","[u'red', u'black', u'blue']","[u'left', u'middle', u'right']","[0.9, 0.5, 0.1]","[u'low', u'medium', u'high']",blue,51,right,high,True,False,350,8150,NA
A2BNOEYZ3VRW2R,Fri Jun 08 2018 13:20:30 GMT-0400 (Eastern Daylight Time),Fri Jun 08 2018 13:28:15 GMT-0400 (Eastern Daylight Time),"Mozilla/5.0 (Windows NT 10.0; Win64; x64) AppleWebKit/537.36 (KHTML, like Gecko) Chrome/66.0.3359.181 Safari/537.36",153,"[0.9, 0.5, 0.1]","[0.9, 0.5, 0.1]","[u'red', u'black', u'blue']","[u'left', u'middle', u'right']","[0.9, 0.5, 0.1]","[u'low', u'medium', u'high']",blue,51,right,high,True,True,412,8250,NA
A2BNOEYZ3VRW2R,Fri Jun 08 2018 13:20:30 GMT-0400 (Eastern Daylight Time),Fri Jun 08 2018 13:28:15 GMT-0400 (Eastern Daylight Time),"Mozilla/5.0 (Windows NT 10.0; Win64; x64) AppleWebKit/537.36 (KHTML, like Gecko) Chrome/66.0.3359.181 Safari/537.36",154,"[0.9, 0.5, 0.1]","[0.9, 0.5, 0.1]","[u'red', u'black', u'blue']","[u'left', u'middle', u'right']","[0.9, 0.5, 0.1]","[u'high', u'low', u'medium']",blue,51,right,medium,False,False,390,8200,NA
A2BNOEYZ3VRW2R,Fri Jun 08 2018 13:20:30 GMT-0400 (Eastern Daylight Time),Fri Jun 08 2018 13:28:15 GMT-0400 (Eastern Daylight Time),"Mozilla/5.0 (Windows NT 10.0; Win64; x64) AppleWebKit/537.36 (KHTML, like Gecko) Chrome/66.0.3359.181 Safari/537.36",155,"[0.9, 0.5, 0.1]","[0.9, 0.5, 0.1]","[u'red', u'black', u'blue']","[u'left', u'middle', u'right']","[0.9, 0.5, 0.1]","[u'high', u'low', u'medium']",red,49,left,high,True,False,438,8300,NA
A2BNOEYZ3VRW2R,Fri Jun 08 2018 13:20:30 GMT-0400 (Eastern Daylight Time),Fri Jun 08 2018 13:28:15 GMT-0400 (Eastern Daylight Time),"Mozilla/5.0 (Windows NT 10.0; Win64; x64) AppleWebKit/537.36 (KHTML, like Gecko) Chrome/66.0.3359.181 Safari/537.36",156,"[0.9, 0.5, 0.1]","[0.9, 0.5, 0.1]","[u'red', u'black', u'blue']","[u'left', u'middle', u'right']","[0.9, 0.5, 0.1]","[u'high', u'low', u'medium']",red,49,left,high,True,False,285,8400,NA
A2BNOEYZ3VRW2R,Fri Jun 08 2018 13:20:30 GMT-0400 (Eastern Daylight Time),Fri Jun 08 2018 13:28:15 GMT-0400 (Eastern Daylight Time),"Mozilla/5.0 (Windows NT 10.0; Win64; x64) AppleWebKit/537.36 (KHTML, like Gecko) Chrome/66.0.3359.181 Safari/537.36",157,"[0.9, 0.5, 0.1]","[0.9, 0.5, 0.1]","[u'red', u'black', u'blue']","[u'left', u'middle', u'right']","[0.9, 0.5, 0.1]","[u'high', u'low', u'medium']",red,49,left,high,True,False,364,8500,NA
A2BNOEYZ3VRW2R,Fri Jun 08 2018 13:20:30 GMT-0400 (Eastern Daylight Time),Fri Jun 08 2018 13:28:15 GMT-0400 (Eastern Daylight Time),"Mozilla/5.0 (Windows NT 10.0; Win64; x64) AppleWebKit/537.36 (KHTML, like Gecko) Chrome/66.0.3359.181 Safari/537.36",158,"[0.9, 0.5, 0.1]","[0.9, 0.5, 0.1]","[u'red', u'black', u'blue']","[u'left', u'middle', u'right']","[0.9, 0.5, 0.1]","[u'high', u'low', u'medium']",red,49,left,high,True,False,307,8600,NA
A2BNOEYZ3VRW2R,Fri Jun 08 2018 13:20:30 GMT-0400 (Eastern Daylight Time),Fri Jun 08 2018 13:28:15 GMT-0400 (Eastern Daylight Time),"Mozilla/5.0 (Windows NT 10.0; Win64; x64) AppleWebKit/537.36 (KHTML, like Gecko) Chrome/66.0.3359.181 Safari/537.36",159,"[0.9, 0.5, 0.1]","[0.9, 0.5, 0.1]","[u'red', u'black', u'blue']","[u'left', u'middle', u'right']","[0.9, 0.5, 0.1]","[u'high', u'low', u'medium']",red,49,left,high,True,False,356,8700,NA
A2BNOEYZ3VRW2R,Fri Jun 08 2018 13:20:30 GMT-0400 (Eastern Daylight Time),Fri Jun 08 2018 13:28:15 GMT-0400 (Eastern Daylight Time),"Mozilla/5.0 (Windows NT 10.0; Win64; x64) AppleWebKit/537.36 (KHTML, like Gecko) Chrome/66.0.3359.181 Safari/537.36",160,"[0.9, 0.5, 0.1]","[0.9, 0.5, 0.1]","[u'red', u'black', u'blue']","[u'left', u'middle', u'right']","[0.9, 0.5, 0.1]","[u'high', u'low', u'medium']",red,49,left,high,True,False,179,8800,NA
