A22ABLVEI5EGPL,Fri Jun 08 2018 11:27:52 GMT-0400 (Eastern Daylight Time),Fri Jun 08 2018 11:35:24 GMT-0400 (Eastern Daylight Time),Mozilla/5.0 (Windows NT 10.0; Win64; x64; rv:60.0) Gecko/20100101 Firefox/60.0,1,"[0.9, 0.5, 0.1]","[0.9, 0.5, 0.1]","[u'red', u'black', u'blue']","[u'left', u'middle', u'right']","[0.9, 0.5, 0.1]","[u'low', u'high', u'medium']",red,49,left,low,False,False,697,-50,NA
A22ABLVEI5EGPL,Fri Jun 08 2018 11:27:52 GMT-0400 (Eastern Daylight Time),Fri Jun 08 2018 11:35:24 GMT-0400 (Eastern Daylight Time),Mozilla/5.0 (Windows NT 10.0; Win64; x64; rv:60.0) Gecko/20100101 Firefox/60.0,2,"[0.9, 0.5, 0.1]","[0.9, 0.5, 0.1]","[u'red', u'black', u'blue']","[u'left', u'middle', u'right']","[0.9, 0.5, 0.1]","[u'low', u'high', u'medium']",black,50,middle,high,True,False,362,50,NA
A22ABLVEI5EGPL,Fri Jun 08 2018 11:27:52 GMT-0400 (Eastern Daylight Time),Fri Jun 08 2018 11:35:24 GMT-0400 (Eastern Daylight Time),Mozilla/5.0 (Windows NT 10.0; Win64; x64; rv:60.0) Gecko/20100101 Firefox/60.0,3,"[0.9, 0.5, 0.1]","[0.9, 0.5, 0.1]","[u'red', u'black', u'blue']","[u'left', u'middle', u'right']","[0.9, 0.5, 0.1]","[u'low', u'high', u'medium']",black,50,middle,high,True,False,346,150,NA
A22ABLVEI5EGPL,Fri Jun 08 2018 11:27:52 GMT-0400 (Eastern Daylight Time),Fri Jun 08 2018 11:35:24 GMT-0400 (Eastern Daylight Time),Mozilla/5.0 (Windows NT 10.0; Win64; x64; rv:60.0) Gecko/20100101 Firefox/60.0,4,"[0.9, 0.5, 0.1]","[0.9, 0.5, 0.1]","[u'red', u'black', u'blue']","[u'left', u'middle', u'right']","[0.9, 0.5, 0.1]","[u'low', u'high', u'medium']",black,50,middle,high,True,False,385,250,NA
A22ABLVEI5EGPL,Fri Jun 08 2018 11:27:52 GMT-0400 (Eastern Daylight Time),Fri Jun 08 2018 11:35:24 GMT-0400 (Eastern Daylight Time),Mozilla/5.0 (Windows NT 10.0; Win64; x64; rv:60.0) Gecko/20100101 Firefox/60.0,5,"[0.9, 0.5, 0.1]","[0.9, 0.5, 0.1]","[u'red', u'black', u'blue']","[u'left', u'middle', u'right']","[0.9, 0.5, 0.1]","[u'low', u'high', u'medium']",black,50,middle,high,True,False,268,350,NA
A22ABLVEI5EGPL,Fri Jun 08 2018 11:27:52 GMT-0400 (Eastern Daylight Time),Fri Jun 08 2018 11:35:24 GMT-0400 (Eastern Daylight Time),Mozilla/5.0 (Windows NT 10.0; Win64; x64; rv:60.0) Gecko/20100101 Firefox/60.0,6,"[0.9, 0.5, 0.1]","[0.9, 0.5, 0.1]","[u'red', u'black', u'blue']","[u'left', u'middle', u'right']","[0.9, 0.5, 0.1]","[u'low', u'high', u'medium']",black,50,middle,high,True,False,411,450,NA
A22ABLVEI5EGPL,Fri Jun 08 2018 11:27:52 GMT-0400 (Eastern Daylight Time),Fri Jun 08 2018 11:35:24 GMT-0400 (Eastern Daylight Time),Mozilla/5.0 (Windows NT 10.0; Win64; x64; rv:60.0) Gecko/20100101 Firefox/60.0,7,"[0.9, 0.5, 0.1]","[0.9, 0.5, 0.1]","[u'red', u'black', u'blue']","[u'left', u'middle', u'right']","[0.9, 0.5, 0.1]","[u'low', u'high', u'medium']",black,50,middle,high,True,False,465,550,NA
A22ABLVEI5EGPL,Fri Jun 08 2018 11:27:52 GMT-0400 (Eastern Daylight Time),Fri Jun 08 2018 11:35:24 GMT-0400 (Eastern Daylight Time),Mozilla/5.0 (Windows NT 10.0; Win64; x64; rv:60.0) Gecko/20100101 Firefox/60.0,8,"[0.9, 0.5, 0.1]","[0.9, 0.5, 0.1]","[u'red', u'black', u'blue']","[u'left', u'middle', u'right']","[0.9, 0.5, 0.1]","[u'low', u'high', u'medium']",black,50,middle,high,True,False,436,650,NA
A22ABLVEI5EGPL,Fri Jun 08 2018 11:27:52 GMT-0400 (Eastern Daylight Time),Fri Jun 08 2018 11:35:24 GMT-0400 (Eastern Daylight Time),Mozilla/5.0 (Windows NT 10.0; Win64; x64; rv:60.0) Gecko/20100101 Firefox/60.0,9,"[0.9, 0.5, 0.1]","[0.9, 0.5, 0.1]","[u'red', u'black', u'blue']","[u'left', u'middle', u'right']","[0.9, 0.5, 0.1]","[u'low', u'high', u'medium']",black,50,middle,high,True,False,260,750,NA
A22ABLVEI5EGPL,Fri Jun 08 2018 11:27:52 GMT-0400 (Eastern Daylight Time),Fri Jun 08 2018 11:35:24 GMT-0400 (Eastern Daylight Time),Mozilla/5.0 (Windows NT 10.0; Win64; x64; rv:60.0) Gecko/20100101 Firefox/60.0,10,"[0.9, 0.5, 0.1]","[0.9, 0.5, 0.1]","[u'red', u'black', u'blue']","[u'left', u'middle', u'right']","[0.9, 0.5, 0.1]","[u'low', u'high', u'medium']",black,50,middle,high,True,True,267,850,NA
A22ABLVEI5EGPL,Fri Jun 08 2018 11:27:52 GMT-0400 (Eastern Daylight Time),Fri Jun 08 2018 11:35:24 GMT-0400 (Eastern Daylight Time),Mozilla/5.0 (Windows NT 10.0; Win64; x64; rv:60.0) Gecko/20100101 Firefox/60.0,11,"[0.9, 0.5, 0.1]","[0.9, 0.5, 0.1]","[u'red', u'black', u'blue']","[u'left', u'middle', u'right']","[0.9, 0.5, 0.1]","[u'low', u'medium', u'high']",black,50,middle,medium,True,False,297,950,NA
A22ABLVEI5EGPL,Fri Jun 08 2018 11:27:52 GMT-0400 (Eastern Daylight Time),Fri Jun 08 2018 11:35:24 GMT-0400 (Eastern Daylight Time),Mozilla/5.0 (Windows NT 10.0; Win64; x64; rv:60.0) Gecko/20100101 Firefox/60.0,12,"[0.9, 0.5, 0.1]","[0.9, 0.5, 0.1]","[u'red', u'black', u'blue']","[u'left', u'middle', u'right']","[0.9, 0.5, 0.1]","[u'low', u'medium', u'high']",black,50,middle,medium,False,False,274,900,NA
A22ABLVEI5EGPL,Fri Jun 08 2018 11:27:52 GMT-0400 (Eastern Daylight Time),Fri Jun 08 2018 11:35:24 GMT-0400 (Eastern Daylight Time),Mozilla/5.0 (Windows NT 10.0; Win64; x64; rv:60.0) Gecko/20100101 Firefox/60.0,13,"[0.9, 0.5, 0.1]","[0.9, 0.5, 0.1]","[u'red', u'black', u'blue']","[u'left', u'middle', u'right']","[0.9, 0.5, 0.1]","[u'low', u'medium', u'high']",blue,51,right,high,True,False,267,1000,NA
A22ABLVEI5EGPL,Fri Jun 08 2018 11:27:52 GMT-0400 (Eastern Daylight Time),Fri Jun 08 2018 11:35:24 GMT-0400 (Eastern Daylight Time),Mozilla/5.0 (Windows NT 10.0; Win64; x64; rv:60.0) Gecko/20100101 Firefox/60.0,14,"[0.9, 0.5, 0.1]","[0.9, 0.5, 0.1]","[u'red', u'black', u'blue']","[u'left', u'middle', u'right']","[0.9, 0.5, 0.1]","[u'low', u'medium', u'high']",blue,51,right,high,True,False,266,1100,NA
A22ABLVEI5EGPL,Fri Jun 08 2018 11:27:52 GMT-0400 (Eastern Daylight Time),Fri Jun 08 2018 11:35:24 GMT-0400 (Eastern Daylight Time),Mozilla/5.0 (Windows NT 10.0; Win64; x64; rv:60.0) Gecko/20100101 Firefox/60.0,15,"[0.9, 0.5, 0.1]","[0.9, 0.5, 0.1]","[u'red', u'black', u'blue']","[u'left', u'middle', u'right']","[0.9, 0.5, 0.1]","[u'low', u'medium', u'high']",blue,51,right,high,True,False,267,1200,NA
A22ABLVEI5EGPL,Fri Jun 08 2018 11:27:52 GMT-0400 (Eastern Daylight Time),Fri Jun 08 2018 11:35:24 GMT-0400 (Eastern Daylight Time),Mozilla/5.0 (Windows NT 10.0; Win64; x64; rv:60.0) Gecko/20100101 Firefox/60.0,16,"[0.9, 0.5, 0.1]","[0.9, 0.5, 0.1]","[u'red', u'black', u'blue']","[u'left', u'middle', u'right']","[0.9, 0.5, 0.1]","[u'low', u'medium', u'high']",blue,51,right,high,True,False,260,1300,NA
A22ABLVEI5EGPL,Fri Jun 08 2018 11:27:52 GMT-0400 (Eastern Daylight Time),Fri Jun 08 2018 11:35:24 GMT-0400 (Eastern Daylight Time),Mozilla/5.0 (Windows NT 10.0; Win64; x64; rv:60.0) Gecko/20100101 Firefox/60.0,17,"[0.9, 0.5, 0.1]","[0.9, 0.5, 0.1]","[u'red', u'black', u'blue']","[u'left', u'middle', u'right']","[0.9, 0.5, 0.1]","[u'low', u'medium', u'high']",blue,51,right,high,True,False,257,1400,NA
A22ABLVEI5EGPL,Fri Jun 08 2018 11:27:52 GMT-0400 (Eastern Daylight Time),Fri Jun 08 2018 11:35:24 GMT-0400 (Eastern Daylight Time),Mozilla/5.0 (Windows NT 10.0; Win64; x64; rv:60.0) Gecko/20100101 Firefox/60.0,18,"[0.9, 0.5, 0.1]","[0.9, 0.5, 0.1]","[u'red', u'black', u'blue']","[u'left', u'middle', u'right']","[0.9, 0.5, 0.1]","[u'low', u'medium', u'high']",blue,51,right,high,False,False,268,1350,NA
A22ABLVEI5EGPL,Fri Jun 08 2018 11:27:52 GMT-0400 (Eastern Daylight Time),Fri Jun 08 2018 11:35:24 GMT-0400 (Eastern Daylight Time),Mozilla/5.0 (Windows NT 10.0; Win64; x64; rv:60.0) Gecko/20100101 Firefox/60.0,19,"[0.9, 0.5, 0.1]","[0.9, 0.5, 0.1]","[u'red', u'black', u'blue']","[u'left', u'middle', u'right']","[0.9, 0.5, 0.1]","[u'low', u'medium', u'high']",red,49,left,low,False,False,243,1300,NA
A22ABLVEI5EGPL,Fri Jun 08 2018 11:27:52 GMT-0400 (Eastern Daylight Time),Fri Jun 08 2018 11:35:24 GMT-0400 (Eastern Daylight Time),Mozilla/5.0 (Windows NT 10.0; Win64; x64; rv:60.0) Gecko/20100101 Firefox/60.0,20,"[0.9, 0.5, 0.1]","[0.9, 0.5, 0.1]","[u'red', u'black', u'blue']","[u'left', u'middle', u'right']","[0.9, 0.5, 0.1]","[u'low', u'medium', u'high']",black,50,middle,medium,True,False,171,1400,NA
A22ABLVEI5EGPL,Fri Jun 08 2018 11:27:52 GMT-0400 (Eastern Daylight Time),Fri Jun 08 2018 11:35:24 GMT-0400 (Eastern Daylight Time),Mozilla/5.0 (Windows NT 10.0; Win64; x64; rv:60.0) Gecko/20100101 Firefox/60.0,21,"[0.9, 0.5, 0.1]","[0.9, 0.5, 0.1]","[u'red', u'black', u'blue']","[u'left', u'middle', u'right']","[0.9, 0.5, 0.1]","[u'low', u'medium', u'high']",black,50,middle,medium,True,False,188,1500,NA
A22ABLVEI5EGPL,Fri Jun 08 2018 11:27:52 GMT-0400 (Eastern Daylight Time),Fri Jun 08 2018 11:35:24 GMT-0400 (Eastern Daylight Time),Mozilla/5.0 (Windows NT 10.0; Win64; x64; rv:60.0) Gecko/20100101 Firefox/60.0,22,"[0.9, 0.5, 0.1]","[0.9, 0.5, 0.1]","[u'red', u'black', u'blue']","[u'left', u'middle', u'right']","[0.9, 0.5, 0.1]","[u'low', u'medium', u'high']",black,50,middle,medium,False,False,171,1450,NA
A22ABLVEI5EGPL,Fri Jun 08 2018 11:27:52 GMT-0400 (Eastern Daylight Time),Fri Jun 08 2018 11:35:24 GMT-0400 (Eastern Daylight Time),Mozilla/5.0 (Windows NT 10.0; Win64; x64; rv:60.0) Gecko/20100101 Firefox/60.0,23,"[0.9, 0.5, 0.1]","[0.9, 0.5, 0.1]","[u'red', u'black', u'blue']","[u'left', u'middle', u'right']","[0.9, 0.5, 0.1]","[u'low', u'medium', u'high']",black,50,middle,medium,False,False,236,1400,NA
A22ABLVEI5EGPL,Fri Jun 08 2018 11:27:52 GMT-0400 (Eastern Daylight Time),Fri Jun 08 2018 11:35:24 GMT-0400 (Eastern Daylight Time),Mozilla/5.0 (Windows NT 10.0; Win64; x64; rv:60.0) Gecko/20100101 Firefox/60.0,24,"[0.9, 0.5, 0.1]","[0.9, 0.5, 0.1]","[u'red', u'black', u'blue']","[u'left', u'middle', u'right']","[0.9, 0.5, 0.1]","[u'low', u'medium', u'high']",blue,51,right,high,True,False,117,1500,NA
A22ABLVEI5EGPL,Fri Jun 08 2018 11:27:52 GMT-0400 (Eastern Daylight Time),Fri Jun 08 2018 11:35:24 GMT-0400 (Eastern Daylight Time),Mozilla/5.0 (Windows NT 10.0; Win64; x64; rv:60.0) Gecko/20100101 Firefox/60.0,25,"[0.9, 0.5, 0.1]","[0.9, 0.5, 0.1]","[u'red', u'black', u'blue']","[u'left', u'middle', u'right']","[0.9, 0.5, 0.1]","[u'low', u'medium', u'high']",blue,51,right,high,True,False,123,1600,NA
A22ABLVEI5EGPL,Fri Jun 08 2018 11:27:52 GMT-0400 (Eastern Daylight Time),Fri Jun 08 2018 11:35:24 GMT-0400 (Eastern Daylight Time),Mozilla/5.0 (Windows NT 10.0; Win64; x64; rv:60.0) Gecko/20100101 Firefox/60.0,26,"[0.9, 0.5, 0.1]","[0.9, 0.5, 0.1]","[u'red', u'black', u'blue']","[u'left', u'middle', u'right']","[0.9, 0.5, 0.1]","[u'low', u'medium', u'high']",blue,51,right,high,True,False,91,1700,NA
A22ABLVEI5EGPL,Fri Jun 08 2018 11:27:52 GMT-0400 (Eastern Daylight Time),Fri Jun 08 2018 11:35:24 GMT-0400 (Eastern Daylight Time),Mozilla/5.0 (Windows NT 10.0; Win64; x64; rv:60.0) Gecko/20100101 Firefox/60.0,27,"[0.9, 0.5, 0.1]","[0.9, 0.5, 0.1]","[u'red', u'black', u'blue']","[u'left', u'middle', u'right']","[0.9, 0.5, 0.1]","[u'low', u'medium', u'high']",blue,51,right,high,True,False,259,1800,NA
A22ABLVEI5EGPL,Fri Jun 08 2018 11:27:52 GMT-0400 (Eastern Daylight Time),Fri Jun 08 2018 11:35:24 GMT-0400 (Eastern Daylight Time),Mozilla/5.0 (Windows NT 10.0; Win64; x64; rv:60.0) Gecko/20100101 Firefox/60.0,28,"[0.9, 0.5, 0.1]","[0.9, 0.5, 0.1]","[u'red', u'black', u'blue']","[u'left', u'middle', u'right']","[0.9, 0.5, 0.1]","[u'low', u'medium', u'high']",blue,51,right,high,True,False,243,1900,NA
A22ABLVEI5EGPL,Fri Jun 08 2018 11:27:52 GMT-0400 (Eastern Daylight Time),Fri Jun 08 2018 11:35:24 GMT-0400 (Eastern Daylight Time),Mozilla/5.0 (Windows NT 10.0; Win64; x64; rv:60.0) Gecko/20100101 Firefox/60.0,29,"[0.9, 0.5, 0.1]","[0.9, 0.5, 0.1]","[u'red', u'black', u'blue']","[u'left', u'middle', u'right']","[0.9, 0.5, 0.1]","[u'low', u'medium', u'high']",blue,51,right,high,True,False,146,2000,NA
A22ABLVEI5EGPL,Fri Jun 08 2018 11:27:52 GMT-0400 (Eastern Daylight Time),Fri Jun 08 2018 11:35:24 GMT-0400 (Eastern Daylight Time),Mozilla/5.0 (Windows NT 10.0; Win64; x64; rv:60.0) Gecko/20100101 Firefox/60.0,30,"[0.9, 0.5, 0.1]","[0.9, 0.5, 0.1]","[u'red', u'black', u'blue']","[u'left', u'middle', u'right']","[0.9, 0.5, 0.1]","[u'low', u'medium', u'high']",blue,51,right,high,False,False,163,1950,NA
A22ABLVEI5EGPL,Fri Jun 08 2018 11:27:52 GMT-0400 (Eastern Daylight Time),Fri Jun 08 2018 11:35:24 GMT-0400 (Eastern Daylight Time),Mozilla/5.0 (Windows NT 10.0; Win64; x64; rv:60.0) Gecko/20100101 Firefox/60.0,31,"[0.9, 0.5, 0.1]","[0.9, 0.5, 0.1]","[u'red', u'black', u'blue']","[u'left', u'middle', u'right']","[0.9, 0.5, 0.1]","[u'low', u'medium', u'high']",blue,51,right,high,True,False,331,2050,NA
A22ABLVEI5EGPL,Fri Jun 08 2018 11:27:52 GMT-0400 (Eastern Daylight Time),Fri Jun 08 2018 11:35:24 GMT-0400 (Eastern Daylight Time),Mozilla/5.0 (Windows NT 10.0; Win64; x64; rv:60.0) Gecko/20100101 Firefox/60.0,32,"[0.9, 0.5, 0.1]","[0.9, 0.5, 0.1]","[u'red', u'black', u'blue']","[u'left', u'middle', u'right']","[0.9, 0.5, 0.1]","[u'low', u'medium', u'high']",blue,51,right,high,True,True,139,2150,NA
A22ABLVEI5EGPL,Fri Jun 08 2018 11:27:52 GMT-0400 (Eastern Daylight Time),Fri Jun 08 2018 11:35:24 GMT-0400 (Eastern Daylight Time),Mozilla/5.0 (Windows NT 10.0; Win64; x64; rv:60.0) Gecko/20100101 Firefox/60.0,33,"[0.9, 0.5, 0.1]","[0.9, 0.5, 0.1]","[u'red', u'black', u'blue']","[u'left', u'middle', u'right']","[0.9, 0.5, 0.1]","[u'high', u'medium', u'low']",blue,51,right,low,False,False,147,2100,NA
A22ABLVEI5EGPL,Fri Jun 08 2018 11:27:52 GMT-0400 (Eastern Daylight Time),Fri Jun 08 2018 11:35:24 GMT-0400 (Eastern Daylight Time),Mozilla/5.0 (Windows NT 10.0; Win64; x64; rv:60.0) Gecko/20100101 Firefox/60.0,34,"[0.9, 0.5, 0.1]","[0.9, 0.5, 0.1]","[u'red', u'black', u'blue']","[u'left', u'middle', u'right']","[0.9, 0.5, 0.1]","[u'high', u'medium', u'low']",red,49,left,high,True,False,147,2200,NA
A22ABLVEI5EGPL,Fri Jun 08 2018 11:27:52 GMT-0400 (Eastern Daylight Time),Fri Jun 08 2018 11:35:24 GMT-0400 (Eastern Daylight Time),Mozilla/5.0 (Windows NT 10.0; Win64; x64; rv:60.0) Gecko/20100101 Firefox/60.0,35,"[0.9, 0.5, 0.1]","[0.9, 0.5, 0.1]","[u'red', u'black', u'blue']","[u'left', u'middle', u'right']","[0.9, 0.5, 0.1]","[u'high', u'medium', u'low']",red,49,left,high,True,False,117,2300,NA
A22ABLVEI5EGPL,Fri Jun 08 2018 11:27:52 GMT-0400 (Eastern Daylight Time),Fri Jun 08 2018 11:35:24 GMT-0400 (Eastern Daylight Time),Mozilla/5.0 (Windows NT 10.0; Win64; x64; rv:60.0) Gecko/20100101 Firefox/60.0,36,"[0.9, 0.5, 0.1]","[0.9, 0.5, 0.1]","[u'red', u'black', u'blue']","[u'left', u'middle', u'right']","[0.9, 0.5, 0.1]","[u'high', u'medium', u'low']",red,49,left,high,True,False,217,2400,NA
A22ABLVEI5EGPL,Fri Jun 08 2018 11:27:52 GMT-0400 (Eastern Daylight Time),Fri Jun 08 2018 11:35:24 GMT-0400 (Eastern Daylight Time),Mozilla/5.0 (Windows NT 10.0; Win64; x64; rv:60.0) Gecko/20100101 Firefox/60.0,37,"[0.9, 0.5, 0.1]","[0.9, 0.5, 0.1]","[u'red', u'black', u'blue']","[u'left', u'middle', u'right']","[0.9, 0.5, 0.1]","[u'high', u'medium', u'low']",red,49,left,high,True,False,203,2500,NA
A22ABLVEI5EGPL,Fri Jun 08 2018 11:27:52 GMT-0400 (Eastern Daylight Time),Fri Jun 08 2018 11:35:24 GMT-0400 (Eastern Daylight Time),Mozilla/5.0 (Windows NT 10.0; Win64; x64; rv:60.0) Gecko/20100101 Firefox/60.0,38,"[0.9, 0.5, 0.1]","[0.9, 0.5, 0.1]","[u'red', u'black', u'blue']","[u'left', u'middle', u'right']","[0.9, 0.5, 0.1]","[u'high', u'medium', u'low']",red,49,left,high,True,False,204,2600,NA
A22ABLVEI5EGPL,Fri Jun 08 2018 11:27:52 GMT-0400 (Eastern Daylight Time),Fri Jun 08 2018 11:35:24 GMT-0400 (Eastern Daylight Time),Mozilla/5.0 (Windows NT 10.0; Win64; x64; rv:60.0) Gecko/20100101 Firefox/60.0,39,"[0.9, 0.5, 0.1]","[0.9, 0.5, 0.1]","[u'red', u'black', u'blue']","[u'left', u'middle', u'right']","[0.9, 0.5, 0.1]","[u'high', u'medium', u'low']",red,49,left,high,True,False,163,2700,NA
A22ABLVEI5EGPL,Fri Jun 08 2018 11:27:52 GMT-0400 (Eastern Daylight Time),Fri Jun 08 2018 11:35:24 GMT-0400 (Eastern Daylight Time),Mozilla/5.0 (Windows NT 10.0; Win64; x64; rv:60.0) Gecko/20100101 Firefox/60.0,40,"[0.9, 0.5, 0.1]","[0.9, 0.5, 0.1]","[u'red', u'black', u'blue']","[u'left', u'middle', u'right']","[0.9, 0.5, 0.1]","[u'high', u'medium', u'low']",red,49,left,high,True,False,258,2800,NA
A22ABLVEI5EGPL,Fri Jun 08 2018 11:27:52 GMT-0400 (Eastern Daylight Time),Fri Jun 08 2018 11:35:24 GMT-0400 (Eastern Daylight Time),Mozilla/5.0 (Windows NT 10.0; Win64; x64; rv:60.0) Gecko/20100101 Firefox/60.0,41,"[0.9, 0.5, 0.1]","[0.9, 0.5, 0.1]","[u'red', u'black', u'blue']","[u'left', u'middle', u'right']","[0.9, 0.5, 0.1]","[u'low', u'high', u'medium']",red,49,left,low,False,False,428,2750,NA
A22ABLVEI5EGPL,Fri Jun 08 2018 11:27:52 GMT-0400 (Eastern Daylight Time),Fri Jun 08 2018 11:35:24 GMT-0400 (Eastern Daylight Time),Mozilla/5.0 (Windows NT 10.0; Win64; x64; rv:60.0) Gecko/20100101 Firefox/60.0,42,"[0.9, 0.5, 0.1]","[0.9, 0.5, 0.1]","[u'red', u'black', u'blue']","[u'left', u'middle', u'right']","[0.9, 0.5, 0.1]","[u'low', u'high', u'medium']",black,50,middle,high,True,False,260,2850,NA
A22ABLVEI5EGPL,Fri Jun 08 2018 11:27:52 GMT-0400 (Eastern Daylight Time),Fri Jun 08 2018 11:35:24 GMT-0400 (Eastern Daylight Time),Mozilla/5.0 (Windows NT 10.0; Win64; x64; rv:60.0) Gecko/20100101 Firefox/60.0,43,"[0.9, 0.5, 0.1]","[0.9, 0.5, 0.1]","[u'red', u'black', u'blue']","[u'left', u'middle', u'right']","[0.9, 0.5, 0.1]","[u'low', u'high', u'medium']",black,50,middle,high,True,False,283,2950,NA
A22ABLVEI5EGPL,Fri Jun 08 2018 11:27:52 GMT-0400 (Eastern Daylight Time),Fri Jun 08 2018 11:35:24 GMT-0400 (Eastern Daylight Time),Mozilla/5.0 (Windows NT 10.0; Win64; x64; rv:60.0) Gecko/20100101 Firefox/60.0,44,"[0.9, 0.5, 0.1]","[0.9, 0.5, 0.1]","[u'red', u'black', u'blue']","[u'left', u'middle', u'right']","[0.9, 0.5, 0.1]","[u'low', u'high', u'medium']",black,50,middle,high,True,False,267,3050,NA
A22ABLVEI5EGPL,Fri Jun 08 2018 11:27:52 GMT-0400 (Eastern Daylight Time),Fri Jun 08 2018 11:35:24 GMT-0400 (Eastern Daylight Time),Mozilla/5.0 (Windows NT 10.0; Win64; x64; rv:60.0) Gecko/20100101 Firefox/60.0,45,"[0.9, 0.5, 0.1]","[0.9, 0.5, 0.1]","[u'red', u'black', u'blue']","[u'left', u'middle', u'right']","[0.9, 0.5, 0.1]","[u'low', u'high', u'medium']",black,50,middle,high,True,False,266,3150,NA
A22ABLVEI5EGPL,Fri Jun 08 2018 11:27:52 GMT-0400 (Eastern Daylight Time),Fri Jun 08 2018 11:35:24 GMT-0400 (Eastern Daylight Time),Mozilla/5.0 (Windows NT 10.0; Win64; x64; rv:60.0) Gecko/20100101 Firefox/60.0,46,"[0.9, 0.5, 0.1]","[0.9, 0.5, 0.1]","[u'red', u'black', u'blue']","[u'left', u'middle', u'right']","[0.9, 0.5, 0.1]","[u'low', u'high', u'medium']",black,50,middle,high,True,False,284,3250,NA
A22ABLVEI5EGPL,Fri Jun 08 2018 11:27:52 GMT-0400 (Eastern Daylight Time),Fri Jun 08 2018 11:35:24 GMT-0400 (Eastern Daylight Time),Mozilla/5.0 (Windows NT 10.0; Win64; x64; rv:60.0) Gecko/20100101 Firefox/60.0,47,"[0.9, 0.5, 0.1]","[0.9, 0.5, 0.1]","[u'red', u'black', u'blue']","[u'left', u'middle', u'right']","[0.9, 0.5, 0.1]","[u'low', u'high', u'medium']",black,50,middle,high,True,False,307,3350,NA
A22ABLVEI5EGPL,Fri Jun 08 2018 11:27:52 GMT-0400 (Eastern Daylight Time),Fri Jun 08 2018 11:35:24 GMT-0400 (Eastern Daylight Time),Mozilla/5.0 (Windows NT 10.0; Win64; x64; rv:60.0) Gecko/20100101 Firefox/60.0,48,"[0.9, 0.5, 0.1]","[0.9, 0.5, 0.1]","[u'red', u'black', u'blue']","[u'left', u'middle', u'right']","[0.9, 0.5, 0.1]","[u'low', u'high', u'medium']",black,50,middle,high,True,False,267,3450,NA
A22ABLVEI5EGPL,Fri Jun 08 2018 11:27:52 GMT-0400 (Eastern Daylight Time),Fri Jun 08 2018 11:35:24 GMT-0400 (Eastern Daylight Time),Mozilla/5.0 (Windows NT 10.0; Win64; x64; rv:60.0) Gecko/20100101 Firefox/60.0,49,"[0.9, 0.5, 0.1]","[0.9, 0.5, 0.1]","[u'red', u'black', u'blue']","[u'left', u'middle', u'right']","[0.9, 0.5, 0.1]","[u'low', u'high', u'medium']",black,50,middle,high,True,False,243,3550,NA
A22ABLVEI5EGPL,Fri Jun 08 2018 11:27:52 GMT-0400 (Eastern Daylight Time),Fri Jun 08 2018 11:35:24 GMT-0400 (Eastern Daylight Time),Mozilla/5.0 (Windows NT 10.0; Win64; x64; rv:60.0) Gecko/20100101 Firefox/60.0,50,"[0.9, 0.5, 0.1]","[0.9, 0.5, 0.1]","[u'red', u'black', u'blue']","[u'left', u'middle', u'right']","[0.9, 0.5, 0.1]","[u'low', u'high', u'medium']",black,50,middle,high,True,True,283,3650,NA
A22ABLVEI5EGPL,Fri Jun 08 2018 11:27:52 GMT-0400 (Eastern Daylight Time),Fri Jun 08 2018 11:35:24 GMT-0400 (Eastern Daylight Time),Mozilla/5.0 (Windows NT 10.0; Win64; x64; rv:60.0) Gecko/20100101 Firefox/60.0,51,"[0.9, 0.5, 0.1]","[0.9, 0.5, 0.1]","[u'red', u'black', u'blue']","[u'left', u'middle', u'right']","[0.9, 0.5, 0.1]","[u'high', u'medium', u'low']",black,50,middle,medium,True,False,275,3750,NA
A22ABLVEI5EGPL,Fri Jun 08 2018 11:27:52 GMT-0400 (Eastern Daylight Time),Fri Jun 08 2018 11:35:24 GMT-0400 (Eastern Daylight Time),Mozilla/5.0 (Windows NT 10.0; Win64; x64; rv:60.0) Gecko/20100101 Firefox/60.0,52,"[0.9, 0.5, 0.1]","[0.9, 0.5, 0.1]","[u'red', u'black', u'blue']","[u'left', u'middle', u'right']","[0.9, 0.5, 0.1]","[u'high', u'medium', u'low']",black,50,middle,medium,False,False,299,3700,NA
A22ABLVEI5EGPL,Fri Jun 08 2018 11:27:52 GMT-0400 (Eastern Daylight Time),Fri Jun 08 2018 11:35:24 GMT-0400 (Eastern Daylight Time),Mozilla/5.0 (Windows NT 10.0; Win64; x64; rv:60.0) Gecko/20100101 Firefox/60.0,53,"[0.9, 0.5, 0.1]","[0.9, 0.5, 0.1]","[u'red', u'black', u'blue']","[u'left', u'middle', u'right']","[0.9, 0.5, 0.1]","[u'high', u'medium', u'low']",blue,51,right,low,False,False,242,3650,NA
A22ABLVEI5EGPL,Fri Jun 08 2018 11:27:52 GMT-0400 (Eastern Daylight Time),Fri Jun 08 2018 11:35:24 GMT-0400 (Eastern Daylight Time),Mozilla/5.0 (Windows NT 10.0; Win64; x64; rv:60.0) Gecko/20100101 Firefox/60.0,54,"[0.9, 0.5, 0.1]","[0.9, 0.5, 0.1]","[u'red', u'black', u'blue']","[u'left', u'middle', u'right']","[0.9, 0.5, 0.1]","[u'high', u'medium', u'low']",red,49,left,high,True,False,259,3750,NA
A22ABLVEI5EGPL,Fri Jun 08 2018 11:27:52 GMT-0400 (Eastern Daylight Time),Fri Jun 08 2018 11:35:24 GMT-0400 (Eastern Daylight Time),Mozilla/5.0 (Windows NT 10.0; Win64; x64; rv:60.0) Gecko/20100101 Firefox/60.0,55,"[0.9, 0.5, 0.1]","[0.9, 0.5, 0.1]","[u'red', u'black', u'blue']","[u'left', u'middle', u'right']","[0.9, 0.5, 0.1]","[u'high', u'medium', u'low']",red,49,left,high,True,False,219,3850,NA
A22ABLVEI5EGPL,Fri Jun 08 2018 11:27:52 GMT-0400 (Eastern Daylight Time),Fri Jun 08 2018 11:35:24 GMT-0400 (Eastern Daylight Time),Mozilla/5.0 (Windows NT 10.0; Win64; x64; rv:60.0) Gecko/20100101 Firefox/60.0,56,"[0.9, 0.5, 0.1]","[0.9, 0.5, 0.1]","[u'red', u'black', u'blue']","[u'left', u'middle', u'right']","[0.9, 0.5, 0.1]","[u'high', u'medium', u'low']",red,49,left,high,False,False,291,3800,NA
A22ABLVEI5EGPL,Fri Jun 08 2018 11:27:52 GMT-0400 (Eastern Daylight Time),Fri Jun 08 2018 11:35:24 GMT-0400 (Eastern Daylight Time),Mozilla/5.0 (Windows NT 10.0; Win64; x64; rv:60.0) Gecko/20100101 Firefox/60.0,57,"[0.9, 0.5, 0.1]","[0.9, 0.5, 0.1]","[u'red', u'black', u'blue']","[u'left', u'middle', u'right']","[0.9, 0.5, 0.1]","[u'high', u'medium', u'low']",blue,51,right,low,False,False,251,3750,NA
A22ABLVEI5EGPL,Fri Jun 08 2018 11:27:52 GMT-0400 (Eastern Daylight Time),Fri Jun 08 2018 11:35:24 GMT-0400 (Eastern Daylight Time),Mozilla/5.0 (Windows NT 10.0; Win64; x64; rv:60.0) Gecko/20100101 Firefox/60.0,58,"[0.9, 0.5, 0.1]","[0.9, 0.5, 0.1]","[u'red', u'black', u'blue']","[u'left', u'middle', u'right']","[0.9, 0.5, 0.1]","[u'high', u'medium', u'low']",black,50,middle,medium,False,False,156,3700,NA
A22ABLVEI5EGPL,Fri Jun 08 2018 11:27:52 GMT-0400 (Eastern Daylight Time),Fri Jun 08 2018 11:35:24 GMT-0400 (Eastern Daylight Time),Mozilla/5.0 (Windows NT 10.0; Win64; x64; rv:60.0) Gecko/20100101 Firefox/60.0,59,"[0.9, 0.5, 0.1]","[0.9, 0.5, 0.1]","[u'red', u'black', u'blue']","[u'left', u'middle', u'right']","[0.9, 0.5, 0.1]","[u'high', u'medium', u'low']",red,49,left,high,False,False,243,3650,NA
A22ABLVEI5EGPL,Fri Jun 08 2018 11:27:52 GMT-0400 (Eastern Daylight Time),Fri Jun 08 2018 11:35:24 GMT-0400 (Eastern Daylight Time),Mozilla/5.0 (Windows NT 10.0; Win64; x64; rv:60.0) Gecko/20100101 Firefox/60.0,60,"[0.9, 0.5, 0.1]","[0.9, 0.5, 0.1]","[u'red', u'black', u'blue']","[u'left', u'middle', u'right']","[0.9, 0.5, 0.1]","[u'high', u'medium', u'low']",black,50,middle,medium,False,False,284,3600,NA
A22ABLVEI5EGPL,Fri Jun 08 2018 11:27:52 GMT-0400 (Eastern Daylight Time),Fri Jun 08 2018 11:35:24 GMT-0400 (Eastern Daylight Time),Mozilla/5.0 (Windows NT 10.0; Win64; x64; rv:60.0) Gecko/20100101 Firefox/60.0,61,"[0.9, 0.5, 0.1]","[0.9, 0.5, 0.1]","[u'red', u'black', u'blue']","[u'left', u'middle', u'right']","[0.9, 0.5, 0.1]","[u'high', u'medium', u'low']",red,49,left,high,True,False,211,3700,NA
A22ABLVEI5EGPL,Fri Jun 08 2018 11:27:52 GMT-0400 (Eastern Daylight Time),Fri Jun 08 2018 11:35:24 GMT-0400 (Eastern Daylight Time),Mozilla/5.0 (Windows NT 10.0; Win64; x64; rv:60.0) Gecko/20100101 Firefox/60.0,62,"[0.9, 0.5, 0.1]","[0.9, 0.5, 0.1]","[u'red', u'black', u'blue']","[u'left', u'middle', u'right']","[0.9, 0.5, 0.1]","[u'high', u'medium', u'low']",red,49,left,high,False,False,275,3650,NA
A22ABLVEI5EGPL,Fri Jun 08 2018 11:27:52 GMT-0400 (Eastern Daylight Time),Fri Jun 08 2018 11:35:24 GMT-0400 (Eastern Daylight Time),Mozilla/5.0 (Windows NT 10.0; Win64; x64; rv:60.0) Gecko/20100101 Firefox/60.0,63,"[0.9, 0.5, 0.1]","[0.9, 0.5, 0.1]","[u'red', u'black', u'blue']","[u'left', u'middle', u'right']","[0.9, 0.5, 0.1]","[u'high', u'medium', u'low']",blue,51,right,low,False,False,203,3600,NA
A22ABLVEI5EGPL,Fri Jun 08 2018 11:27:52 GMT-0400 (Eastern Daylight Time),Fri Jun 08 2018 11:35:24 GMT-0400 (Eastern Daylight Time),Mozilla/5.0 (Windows NT 10.0; Win64; x64; rv:60.0) Gecko/20100101 Firefox/60.0,64,"[0.9, 0.5, 0.1]","[0.9, 0.5, 0.1]","[u'red', u'black', u'blue']","[u'left', u'middle', u'right']","[0.9, 0.5, 0.1]","[u'high', u'medium', u'low']",blue,51,right,low,False,False,532,3550,NA
A22ABLVEI5EGPL,Fri Jun 08 2018 11:27:52 GMT-0400 (Eastern Daylight Time),Fri Jun 08 2018 11:35:24 GMT-0400 (Eastern Daylight Time),Mozilla/5.0 (Windows NT 10.0; Win64; x64; rv:60.0) Gecko/20100101 Firefox/60.0,65,"[0.9, 0.5, 0.1]","[0.9, 0.5, 0.1]","[u'red', u'black', u'blue']","[u'left', u'middle', u'right']","[0.9, 0.5, 0.1]","[u'high', u'medium', u'low']",black,50,middle,medium,True,False,235,3650,NA
A22ABLVEI5EGPL,Fri Jun 08 2018 11:27:52 GMT-0400 (Eastern Daylight Time),Fri Jun 08 2018 11:35:24 GMT-0400 (Eastern Daylight Time),Mozilla/5.0 (Windows NT 10.0; Win64; x64; rv:60.0) Gecko/20100101 Firefox/60.0,66,"[0.9, 0.5, 0.1]","[0.9, 0.5, 0.1]","[u'red', u'black', u'blue']","[u'left', u'middle', u'right']","[0.9, 0.5, 0.1]","[u'high', u'medium', u'low']",black,50,middle,medium,True,False,276,3750,NA
A22ABLVEI5EGPL,Fri Jun 08 2018 11:27:52 GMT-0400 (Eastern Daylight Time),Fri Jun 08 2018 11:35:24 GMT-0400 (Eastern Daylight Time),Mozilla/5.0 (Windows NT 10.0; Win64; x64; rv:60.0) Gecko/20100101 Firefox/60.0,67,"[0.9, 0.5, 0.1]","[0.9, 0.5, 0.1]","[u'red', u'black', u'blue']","[u'left', u'middle', u'right']","[0.9, 0.5, 0.1]","[u'high', u'medium', u'low']",black,50,middle,medium,False,False,163,3700,NA
A22ABLVEI5EGPL,Fri Jun 08 2018 11:27:52 GMT-0400 (Eastern Daylight Time),Fri Jun 08 2018 11:35:24 GMT-0400 (Eastern Daylight Time),Mozilla/5.0 (Windows NT 10.0; Win64; x64; rv:60.0) Gecko/20100101 Firefox/60.0,68,"[0.9, 0.5, 0.1]","[0.9, 0.5, 0.1]","[u'red', u'black', u'blue']","[u'left', u'middle', u'right']","[0.9, 0.5, 0.1]","[u'high', u'medium', u'low']",black,50,middle,medium,False,False,259,3650,NA
A22ABLVEI5EGPL,Fri Jun 08 2018 11:27:52 GMT-0400 (Eastern Daylight Time),Fri Jun 08 2018 11:35:24 GMT-0400 (Eastern Daylight Time),Mozilla/5.0 (Windows NT 10.0; Win64; x64; rv:60.0) Gecko/20100101 Firefox/60.0,69,"[0.9, 0.5, 0.1]","[0.9, 0.5, 0.1]","[u'red', u'black', u'blue']","[u'left', u'middle', u'right']","[0.9, 0.5, 0.1]","[u'high', u'medium', u'low']",red,49,left,high,True,False,171,3750,NA
A22ABLVEI5EGPL,Fri Jun 08 2018 11:27:52 GMT-0400 (Eastern Daylight Time),Fri Jun 08 2018 11:35:24 GMT-0400 (Eastern Daylight Time),Mozilla/5.0 (Windows NT 10.0; Win64; x64; rv:60.0) Gecko/20100101 Firefox/60.0,70,"[0.9, 0.5, 0.1]","[0.9, 0.5, 0.1]","[u'red', u'black', u'blue']","[u'left', u'middle', u'right']","[0.9, 0.5, 0.1]","[u'high', u'medium', u'low']",red,49,left,high,True,False,235,3850,NA
A22ABLVEI5EGPL,Fri Jun 08 2018 11:27:52 GMT-0400 (Eastern Daylight Time),Fri Jun 08 2018 11:35:24 GMT-0400 (Eastern Daylight Time),Mozilla/5.0 (Windows NT 10.0; Win64; x64; rv:60.0) Gecko/20100101 Firefox/60.0,71,"[0.9, 0.5, 0.1]","[0.9, 0.5, 0.1]","[u'red', u'black', u'blue']","[u'left', u'middle', u'right']","[0.9, 0.5, 0.1]","[u'high', u'medium', u'low']",red,49,left,high,True,False,90,3950,NA
A22ABLVEI5EGPL,Fri Jun 08 2018 11:27:52 GMT-0400 (Eastern Daylight Time),Fri Jun 08 2018 11:35:24 GMT-0400 (Eastern Daylight Time),Mozilla/5.0 (Windows NT 10.0; Win64; x64; rv:60.0) Gecko/20100101 Firefox/60.0,72,"[0.9, 0.5, 0.1]","[0.9, 0.5, 0.1]","[u'red', u'black', u'blue']","[u'left', u'middle', u'right']","[0.9, 0.5, 0.1]","[u'high', u'medium', u'low']",red,49,left,high,True,False,171,4050,NA
A22ABLVEI5EGPL,Fri Jun 08 2018 11:27:52 GMT-0400 (Eastern Daylight Time),Fri Jun 08 2018 11:35:24 GMT-0400 (Eastern Daylight Time),Mozilla/5.0 (Windows NT 10.0; Win64; x64; rv:60.0) Gecko/20100101 Firefox/60.0,73,"[0.9, 0.5, 0.1]","[0.9, 0.5, 0.1]","[u'red', u'black', u'blue']","[u'left', u'middle', u'right']","[0.9, 0.5, 0.1]","[u'high', u'medium', u'low']",red,49,left,high,True,False,219,4150,NA
A22ABLVEI5EGPL,Fri Jun 08 2018 11:27:52 GMT-0400 (Eastern Daylight Time),Fri Jun 08 2018 11:35:24 GMT-0400 (Eastern Daylight Time),Mozilla/5.0 (Windows NT 10.0; Win64; x64; rv:60.0) Gecko/20100101 Firefox/60.0,74,"[0.9, 0.5, 0.1]","[0.9, 0.5, 0.1]","[u'red', u'black', u'blue']","[u'left', u'middle', u'right']","[0.9, 0.5, 0.1]","[u'high', u'medium', u'low']",red,49,left,high,True,False,178,4250,NA
A22ABLVEI5EGPL,Fri Jun 08 2018 11:27:52 GMT-0400 (Eastern Daylight Time),Fri Jun 08 2018 11:35:24 GMT-0400 (Eastern Daylight Time),Mozilla/5.0 (Windows NT 10.0; Win64; x64; rv:60.0) Gecko/20100101 Firefox/60.0,75,"[0.9, 0.5, 0.1]","[0.9, 0.5, 0.1]","[u'red', u'black', u'blue']","[u'left', u'middle', u'right']","[0.9, 0.5, 0.1]","[u'high', u'medium', u'low']",red,49,left,high,True,False,275,4350,NA
A22ABLVEI5EGPL,Fri Jun 08 2018 11:27:52 GMT-0400 (Eastern Daylight Time),Fri Jun 08 2018 11:35:24 GMT-0400 (Eastern Daylight Time),Mozilla/5.0 (Windows NT 10.0; Win64; x64; rv:60.0) Gecko/20100101 Firefox/60.0,76,"[0.9, 0.5, 0.1]","[0.9, 0.5, 0.1]","[u'red', u'black', u'blue']","[u'left', u'middle', u'right']","[0.9, 0.5, 0.1]","[u'high', u'medium', u'low']",red,49,left,high,True,False,251,4450,NA
A22ABLVEI5EGPL,Fri Jun 08 2018 11:27:52 GMT-0400 (Eastern Daylight Time),Fri Jun 08 2018 11:35:24 GMT-0400 (Eastern Daylight Time),Mozilla/5.0 (Windows NT 10.0; Win64; x64; rv:60.0) Gecko/20100101 Firefox/60.0,77,"[0.9, 0.5, 0.1]","[0.9, 0.5, 0.1]","[u'red', u'black', u'blue']","[u'left', u'middle', u'right']","[0.9, 0.5, 0.1]","[u'high', u'medium', u'low']",red,49,left,high,True,True,243,4550,NA
A22ABLVEI5EGPL,Fri Jun 08 2018 11:27:52 GMT-0400 (Eastern Daylight Time),Fri Jun 08 2018 11:35:24 GMT-0400 (Eastern Daylight Time),Mozilla/5.0 (Windows NT 10.0; Win64; x64; rv:60.0) Gecko/20100101 Firefox/60.0,78,"[0.9, 0.5, 0.1]","[0.9, 0.5, 0.1]","[u'red', u'black', u'blue']","[u'left', u'middle', u'right']","[0.9, 0.5, 0.1]","[u'medium', u'low', u'high']",red,49,left,medium,True,False,138,4650,NA
A22ABLVEI5EGPL,Fri Jun 08 2018 11:27:52 GMT-0400 (Eastern Daylight Time),Fri Jun 08 2018 11:35:24 GMT-0400 (Eastern Daylight Time),Mozilla/5.0 (Windows NT 10.0; Win64; x64; rv:60.0) Gecko/20100101 Firefox/60.0,79,"[0.9, 0.5, 0.1]","[0.9, 0.5, 0.1]","[u'red', u'black', u'blue']","[u'left', u'middle', u'right']","[0.9, 0.5, 0.1]","[u'medium', u'low', u'high']",red,49,left,medium,False,False,251,4600,NA
A22ABLVEI5EGPL,Fri Jun 08 2018 11:27:52 GMT-0400 (Eastern Daylight Time),Fri Jun 08 2018 11:35:24 GMT-0400 (Eastern Daylight Time),Mozilla/5.0 (Windows NT 10.0; Win64; x64; rv:60.0) Gecko/20100101 Firefox/60.0,80,"[0.9, 0.5, 0.1]","[0.9, 0.5, 0.1]","[u'red', u'black', u'blue']","[u'left', u'middle', u'right']","[0.9, 0.5, 0.1]","[u'medium', u'low', u'high']",black,50,middle,low,False,False,276,4550,NA
A22ABLVEI5EGPL,Fri Jun 08 2018 11:27:52 GMT-0400 (Eastern Daylight Time),Fri Jun 08 2018 11:35:24 GMT-0400 (Eastern Daylight Time),Mozilla/5.0 (Windows NT 10.0; Win64; x64; rv:60.0) Gecko/20100101 Firefox/60.0,81,"[0.9, 0.5, 0.1]","[0.9, 0.5, 0.1]","[u'red', u'black', u'blue']","[u'left', u'middle', u'right']","[0.9, 0.5, 0.1]","[u'high', u'low', u'medium']",blue,51,right,medium,True,False,788,4650,NA
A22ABLVEI5EGPL,Fri Jun 08 2018 11:27:52 GMT-0400 (Eastern Daylight Time),Fri Jun 08 2018 11:35:24 GMT-0400 (Eastern Daylight Time),Mozilla/5.0 (Windows NT 10.0; Win64; x64; rv:60.0) Gecko/20100101 Firefox/60.0,82,"[0.9, 0.5, 0.1]","[0.9, 0.5, 0.1]","[u'red', u'black', u'blue']","[u'left', u'middle', u'right']","[0.9, 0.5, 0.1]","[u'high', u'low', u'medium']",blue,51,right,medium,True,False,251,4750,NA
A22ABLVEI5EGPL,Fri Jun 08 2018 11:27:52 GMT-0400 (Eastern Daylight Time),Fri Jun 08 2018 11:35:24 GMT-0400 (Eastern Daylight Time),Mozilla/5.0 (Windows NT 10.0; Win64; x64; rv:60.0) Gecko/20100101 Firefox/60.0,83,"[0.9, 0.5, 0.1]","[0.9, 0.5, 0.1]","[u'red', u'black', u'blue']","[u'left', u'middle', u'right']","[0.9, 0.5, 0.1]","[u'high', u'low', u'medium']",blue,51,right,medium,True,False,273,4850,NA
A22ABLVEI5EGPL,Fri Jun 08 2018 11:27:52 GMT-0400 (Eastern Daylight Time),Fri Jun 08 2018 11:35:24 GMT-0400 (Eastern Daylight Time),Mozilla/5.0 (Windows NT 10.0; Win64; x64; rv:60.0) Gecko/20100101 Firefox/60.0,84,"[0.9, 0.5, 0.1]","[0.9, 0.5, 0.1]","[u'red', u'black', u'blue']","[u'left', u'middle', u'right']","[0.9, 0.5, 0.1]","[u'high', u'low', u'medium']",blue,51,right,medium,True,False,275,4950,NA
A22ABLVEI5EGPL,Fri Jun 08 2018 11:27:52 GMT-0400 (Eastern Daylight Time),Fri Jun 08 2018 11:35:24 GMT-0400 (Eastern Daylight Time),Mozilla/5.0 (Windows NT 10.0; Win64; x64; rv:60.0) Gecko/20100101 Firefox/60.0,85,"[0.9, 0.5, 0.1]","[0.9, 0.5, 0.1]","[u'red', u'black', u'blue']","[u'left', u'middle', u'right']","[0.9, 0.5, 0.1]","[u'high', u'low', u'medium']",blue,51,right,medium,False,False,172,4900,NA
A22ABLVEI5EGPL,Fri Jun 08 2018 11:27:52 GMT-0400 (Eastern Daylight Time),Fri Jun 08 2018 11:35:24 GMT-0400 (Eastern Daylight Time),Mozilla/5.0 (Windows NT 10.0; Win64; x64; rv:60.0) Gecko/20100101 Firefox/60.0,86,"[0.9, 0.5, 0.1]","[0.9, 0.5, 0.1]","[u'red', u'black', u'blue']","[u'left', u'middle', u'right']","[0.9, 0.5, 0.1]","[u'high', u'low', u'medium']",red,49,left,high,True,False,306,5000,NA
A22ABLVEI5EGPL,Fri Jun 08 2018 11:27:52 GMT-0400 (Eastern Daylight Time),Fri Jun 08 2018 11:35:24 GMT-0400 (Eastern Daylight Time),Mozilla/5.0 (Windows NT 10.0; Win64; x64; rv:60.0) Gecko/20100101 Firefox/60.0,87,"[0.9, 0.5, 0.1]","[0.9, 0.5, 0.1]","[u'red', u'black', u'blue']","[u'left', u'middle', u'right']","[0.9, 0.5, 0.1]","[u'high', u'low', u'medium']",red,49,left,high,True,False,259,5100,NA
A22ABLVEI5EGPL,Fri Jun 08 2018 11:27:52 GMT-0400 (Eastern Daylight Time),Fri Jun 08 2018 11:35:24 GMT-0400 (Eastern Daylight Time),Mozilla/5.0 (Windows NT 10.0; Win64; x64; rv:60.0) Gecko/20100101 Firefox/60.0,88,"[0.9, 0.5, 0.1]","[0.9, 0.5, 0.1]","[u'red', u'black', u'blue']","[u'left', u'middle', u'right']","[0.9, 0.5, 0.1]","[u'high', u'low', u'medium']",red,49,left,high,True,False,291,5200,NA
A22ABLVEI5EGPL,Fri Jun 08 2018 11:27:52 GMT-0400 (Eastern Daylight Time),Fri Jun 08 2018 11:35:24 GMT-0400 (Eastern Daylight Time),Mozilla/5.0 (Windows NT 10.0; Win64; x64; rv:60.0) Gecko/20100101 Firefox/60.0,89,"[0.9, 0.5, 0.1]","[0.9, 0.5, 0.1]","[u'red', u'black', u'blue']","[u'left', u'middle', u'right']","[0.9, 0.5, 0.1]","[u'high', u'low', u'medium']",red,49,left,high,True,False,284,5300,NA
A22ABLVEI5EGPL,Fri Jun 08 2018 11:27:52 GMT-0400 (Eastern Daylight Time),Fri Jun 08 2018 11:35:24 GMT-0400 (Eastern Daylight Time),Mozilla/5.0 (Windows NT 10.0; Win64; x64; rv:60.0) Gecko/20100101 Firefox/60.0,90,"[0.9, 0.5, 0.1]","[0.9, 0.5, 0.1]","[u'red', u'black', u'blue']","[u'left', u'middle', u'right']","[0.9, 0.5, 0.1]","[u'high', u'low', u'medium']",red,49,left,high,True,False,380,5400,NA
A22ABLVEI5EGPL,Fri Jun 08 2018 11:27:52 GMT-0400 (Eastern Daylight Time),Fri Jun 08 2018 11:35:24 GMT-0400 (Eastern Daylight Time),Mozilla/5.0 (Windows NT 10.0; Win64; x64; rv:60.0) Gecko/20100101 Firefox/60.0,91,"[0.9, 0.5, 0.1]","[0.9, 0.5, 0.1]","[u'red', u'black', u'blue']","[u'left', u'middle', u'right']","[0.9, 0.5, 0.1]","[u'high', u'low', u'medium']",red,49,left,high,True,False,378,5500,NA
A22ABLVEI5EGPL,Fri Jun 08 2018 11:27:52 GMT-0400 (Eastern Daylight Time),Fri Jun 08 2018 11:35:24 GMT-0400 (Eastern Daylight Time),Mozilla/5.0 (Windows NT 10.0; Win64; x64; rv:60.0) Gecko/20100101 Firefox/60.0,92,"[0.9, 0.5, 0.1]","[0.9, 0.5, 0.1]","[u'red', u'black', u'blue']","[u'left', u'middle', u'right']","[0.9, 0.5, 0.1]","[u'high', u'low', u'medium']",red,49,left,high,True,False,233,5600,NA
A22ABLVEI5EGPL,Fri Jun 08 2018 11:27:52 GMT-0400 (Eastern Daylight Time),Fri Jun 08 2018 11:35:24 GMT-0400 (Eastern Daylight Time),Mozilla/5.0 (Windows NT 10.0; Win64; x64; rv:60.0) Gecko/20100101 Firefox/60.0,93,"[0.9, 0.5, 0.1]","[0.9, 0.5, 0.1]","[u'red', u'black', u'blue']","[u'left', u'middle', u'right']","[0.9, 0.5, 0.1]","[u'high', u'low', u'medium']",red,49,left,high,True,False,290,5700,NA
A22ABLVEI5EGPL,Fri Jun 08 2018 11:27:52 GMT-0400 (Eastern Daylight Time),Fri Jun 08 2018 11:35:24 GMT-0400 (Eastern Daylight Time),Mozilla/5.0 (Windows NT 10.0; Win64; x64; rv:60.0) Gecko/20100101 Firefox/60.0,94,"[0.9, 0.5, 0.1]","[0.9, 0.5, 0.1]","[u'red', u'black', u'blue']","[u'left', u'middle', u'right']","[0.9, 0.5, 0.1]","[u'high', u'low', u'medium']",red,49,left,high,True,True,267,5800,NA
A22ABLVEI5EGPL,Fri Jun 08 2018 11:27:52 GMT-0400 (Eastern Daylight Time),Fri Jun 08 2018 11:35:24 GMT-0400 (Eastern Daylight Time),Mozilla/5.0 (Windows NT 10.0; Win64; x64; rv:60.0) Gecko/20100101 Firefox/60.0,95,"[0.9, 0.5, 0.1]","[0.9, 0.5, 0.1]","[u'red', u'black', u'blue']","[u'left', u'middle', u'right']","[0.9, 0.5, 0.1]","[u'medium', u'low', u'high']",red,49,left,medium,False,False,204,5750,NA
A22ABLVEI5EGPL,Fri Jun 08 2018 11:27:52 GMT-0400 (Eastern Daylight Time),Fri Jun 08 2018 11:35:24 GMT-0400 (Eastern Daylight Time),Mozilla/5.0 (Windows NT 10.0; Win64; x64; rv:60.0) Gecko/20100101 Firefox/60.0,96,"[0.9, 0.5, 0.1]","[0.9, 0.5, 0.1]","[u'red', u'black', u'blue']","[u'left', u'middle', u'right']","[0.9, 0.5, 0.1]","[u'medium', u'low', u'high']",black,50,middle,low,False,False,276,5700,NA
A22ABLVEI5EGPL,Fri Jun 08 2018 11:27:52 GMT-0400 (Eastern Daylight Time),Fri Jun 08 2018 11:35:24 GMT-0400 (Eastern Daylight Time),Mozilla/5.0 (Windows NT 10.0; Win64; x64; rv:60.0) Gecko/20100101 Firefox/60.0,97,"[0.9, 0.5, 0.1]","[0.9, 0.5, 0.1]","[u'red', u'black', u'blue']","[u'left', u'middle', u'right']","[0.9, 0.5, 0.1]","[u'medium', u'low', u'high']",blue,51,right,high,True,False,275,5800,NA
A22ABLVEI5EGPL,Fri Jun 08 2018 11:27:52 GMT-0400 (Eastern Daylight Time),Fri Jun 08 2018 11:35:24 GMT-0400 (Eastern Daylight Time),Mozilla/5.0 (Windows NT 10.0; Win64; x64; rv:60.0) Gecko/20100101 Firefox/60.0,98,"[0.9, 0.5, 0.1]","[0.9, 0.5, 0.1]","[u'red', u'black', u'blue']","[u'left', u'middle', u'right']","[0.9, 0.5, 0.1]","[u'medium', u'low', u'high']",blue,51,right,high,True,False,299,5900,NA
A22ABLVEI5EGPL,Fri Jun 08 2018 11:27:52 GMT-0400 (Eastern Daylight Time),Fri Jun 08 2018 11:35:24 GMT-0400 (Eastern Daylight Time),Mozilla/5.0 (Windows NT 10.0; Win64; x64; rv:60.0) Gecko/20100101 Firefox/60.0,99,"[0.9, 0.5, 0.1]","[0.9, 0.5, 0.1]","[u'red', u'black', u'blue']","[u'left', u'middle', u'right']","[0.9, 0.5, 0.1]","[u'medium', u'low', u'high']",blue,51,right,high,True,False,106,6000,NA
A22ABLVEI5EGPL,Fri Jun 08 2018 11:27:52 GMT-0400 (Eastern Daylight Time),Fri Jun 08 2018 11:35:24 GMT-0400 (Eastern Daylight Time),Mozilla/5.0 (Windows NT 10.0; Win64; x64; rv:60.0) Gecko/20100101 Firefox/60.0,100,"[0.9, 0.5, 0.1]","[0.9, 0.5, 0.1]","[u'red', u'black', u'blue']","[u'left', u'middle', u'right']","[0.9, 0.5, 0.1]","[u'medium', u'low', u'high']",blue,51,right,high,True,False,227,6100,NA
A22ABLVEI5EGPL,Fri Jun 08 2018 11:27:52 GMT-0400 (Eastern Daylight Time),Fri Jun 08 2018 11:35:24 GMT-0400 (Eastern Daylight Time),Mozilla/5.0 (Windows NT 10.0; Win64; x64; rv:60.0) Gecko/20100101 Firefox/60.0,101,"[0.9, 0.5, 0.1]","[0.9, 0.5, 0.1]","[u'red', u'black', u'blue']","[u'left', u'middle', u'right']","[0.9, 0.5, 0.1]","[u'medium', u'low', u'high']",blue,51,right,high,True,False,179,6200,NA
A22ABLVEI5EGPL,Fri Jun 08 2018 11:27:52 GMT-0400 (Eastern Daylight Time),Fri Jun 08 2018 11:35:24 GMT-0400 (Eastern Daylight Time),Mozilla/5.0 (Windows NT 10.0; Win64; x64; rv:60.0) Gecko/20100101 Firefox/60.0,102,"[0.9, 0.5, 0.1]","[0.9, 0.5, 0.1]","[u'red', u'black', u'blue']","[u'left', u'middle', u'right']","[0.9, 0.5, 0.1]","[u'medium', u'low', u'high']",blue,51,right,high,True,False,244,6300,NA
A22ABLVEI5EGPL,Fri Jun 08 2018 11:27:52 GMT-0400 (Eastern Daylight Time),Fri Jun 08 2018 11:35:24 GMT-0400 (Eastern Daylight Time),Mozilla/5.0 (Windows NT 10.0; Win64; x64; rv:60.0) Gecko/20100101 Firefox/60.0,103,"[0.9, 0.5, 0.1]","[0.9, 0.5, 0.1]","[u'red', u'black', u'blue']","[u'left', u'middle', u'right']","[0.9, 0.5, 0.1]","[u'medium', u'low', u'high']",blue,51,right,high,True,False,202,6400,NA
A22ABLVEI5EGPL,Fri Jun 08 2018 11:27:52 GMT-0400 (Eastern Daylight Time),Fri Jun 08 2018 11:35:24 GMT-0400 (Eastern Daylight Time),Mozilla/5.0 (Windows NT 10.0; Win64; x64; rv:60.0) Gecko/20100101 Firefox/60.0,104,"[0.9, 0.5, 0.1]","[0.9, 0.5, 0.1]","[u'red', u'black', u'blue']","[u'left', u'middle', u'right']","[0.9, 0.5, 0.1]","[u'medium', u'low', u'high']",blue,51,right,high,True,False,267,6500,NA
A22ABLVEI5EGPL,Fri Jun 08 2018 11:27:52 GMT-0400 (Eastern Daylight Time),Fri Jun 08 2018 11:35:24 GMT-0400 (Eastern Daylight Time),Mozilla/5.0 (Windows NT 10.0; Win64; x64; rv:60.0) Gecko/20100101 Firefox/60.0,105,"[0.9, 0.5, 0.1]","[0.9, 0.5, 0.1]","[u'red', u'black', u'blue']","[u'left', u'middle', u'right']","[0.9, 0.5, 0.1]","[u'medium', u'low', u'high']",blue,51,right,high,True,True,235,6600,NA
A22ABLVEI5EGPL,Fri Jun 08 2018 11:27:52 GMT-0400 (Eastern Daylight Time),Fri Jun 08 2018 11:35:24 GMT-0400 (Eastern Daylight Time),Mozilla/5.0 (Windows NT 10.0; Win64; x64; rv:60.0) Gecko/20100101 Firefox/60.0,106,"[0.9, 0.5, 0.1]","[0.9, 0.5, 0.1]","[u'red', u'black', u'blue']","[u'left', u'middle', u'right']","[0.9, 0.5, 0.1]","[u'low', u'high', u'medium']",blue,51,right,medium,False,False,210,6550,NA
A22ABLVEI5EGPL,Fri Jun 08 2018 11:27:52 GMT-0400 (Eastern Daylight Time),Fri Jun 08 2018 11:35:24 GMT-0400 (Eastern Daylight Time),Mozilla/5.0 (Windows NT 10.0; Win64; x64; rv:60.0) Gecko/20100101 Firefox/60.0,107,"[0.9, 0.5, 0.1]","[0.9, 0.5, 0.1]","[u'red', u'black', u'blue']","[u'left', u'middle', u'right']","[0.9, 0.5, 0.1]","[u'low', u'high', u'medium']",red,49,left,low,False,False,98,6500,NA
A22ABLVEI5EGPL,Fri Jun 08 2018 11:27:52 GMT-0400 (Eastern Daylight Time),Fri Jun 08 2018 11:35:24 GMT-0400 (Eastern Daylight Time),Mozilla/5.0 (Windows NT 10.0; Win64; x64; rv:60.0) Gecko/20100101 Firefox/60.0,108,"[0.9, 0.5, 0.1]","[0.9, 0.5, 0.1]","[u'red', u'black', u'blue']","[u'left', u'middle', u'right']","[0.9, 0.5, 0.1]","[u'low', u'high', u'medium']",black,50,middle,high,True,False,130,6600,NA
A22ABLVEI5EGPL,Fri Jun 08 2018 11:27:52 GMT-0400 (Eastern Daylight Time),Fri Jun 08 2018 11:35:24 GMT-0400 (Eastern Daylight Time),Mozilla/5.0 (Windows NT 10.0; Win64; x64; rv:60.0) Gecko/20100101 Firefox/60.0,109,"[0.9, 0.5, 0.1]","[0.9, 0.5, 0.1]","[u'red', u'black', u'blue']","[u'left', u'middle', u'right']","[0.9, 0.5, 0.1]","[u'low', u'high', u'medium']",black,50,middle,high,True,False,220,6700,NA
A22ABLVEI5EGPL,Fri Jun 08 2018 11:27:52 GMT-0400 (Eastern Daylight Time),Fri Jun 08 2018 11:35:24 GMT-0400 (Eastern Daylight Time),Mozilla/5.0 (Windows NT 10.0; Win64; x64; rv:60.0) Gecko/20100101 Firefox/60.0,110,"[0.9, 0.5, 0.1]","[0.9, 0.5, 0.1]","[u'red', u'black', u'blue']","[u'left', u'middle', u'right']","[0.9, 0.5, 0.1]","[u'low', u'high', u'medium']",black,50,middle,high,True,False,228,6800,NA
A22ABLVEI5EGPL,Fri Jun 08 2018 11:27:52 GMT-0400 (Eastern Daylight Time),Fri Jun 08 2018 11:35:24 GMT-0400 (Eastern Daylight Time),Mozilla/5.0 (Windows NT 10.0; Win64; x64; rv:60.0) Gecko/20100101 Firefox/60.0,111,"[0.9, 0.5, 0.1]","[0.9, 0.5, 0.1]","[u'red', u'black', u'blue']","[u'left', u'middle', u'right']","[0.9, 0.5, 0.1]","[u'low', u'high', u'medium']",black,50,middle,high,True,False,203,6900,NA
A22ABLVEI5EGPL,Fri Jun 08 2018 11:27:52 GMT-0400 (Eastern Daylight Time),Fri Jun 08 2018 11:35:24 GMT-0400 (Eastern Daylight Time),Mozilla/5.0 (Windows NT 10.0; Win64; x64; rv:60.0) Gecko/20100101 Firefox/60.0,112,"[0.9, 0.5, 0.1]","[0.9, 0.5, 0.1]","[u'red', u'black', u'blue']","[u'left', u'middle', u'right']","[0.9, 0.5, 0.1]","[u'low', u'high', u'medium']",black,50,middle,high,True,False,244,7000,NA
A22ABLVEI5EGPL,Fri Jun 08 2018 11:27:52 GMT-0400 (Eastern Daylight Time),Fri Jun 08 2018 11:35:24 GMT-0400 (Eastern Daylight Time),Mozilla/5.0 (Windows NT 10.0; Win64; x64; rv:60.0) Gecko/20100101 Firefox/60.0,113,"[0.9, 0.5, 0.1]","[0.9, 0.5, 0.1]","[u'red', u'black', u'blue']","[u'left', u'middle', u'right']","[0.9, 0.5, 0.1]","[u'low', u'high', u'medium']",black,50,middle,high,True,False,267,7100,NA
A22ABLVEI5EGPL,Fri Jun 08 2018 11:27:52 GMT-0400 (Eastern Daylight Time),Fri Jun 08 2018 11:35:24 GMT-0400 (Eastern Daylight Time),Mozilla/5.0 (Windows NT 10.0; Win64; x64; rv:60.0) Gecko/20100101 Firefox/60.0,114,"[0.9, 0.5, 0.1]","[0.9, 0.5, 0.1]","[u'red', u'black', u'blue']","[u'left', u'middle', u'right']","[0.9, 0.5, 0.1]","[u'low', u'high', u'medium']",black,50,middle,high,True,False,627,7200,NA
A22ABLVEI5EGPL,Fri Jun 08 2018 11:27:52 GMT-0400 (Eastern Daylight Time),Fri Jun 08 2018 11:35:24 GMT-0400 (Eastern Daylight Time),Mozilla/5.0 (Windows NT 10.0; Win64; x64; rv:60.0) Gecko/20100101 Firefox/60.0,115,"[0.9, 0.5, 0.1]","[0.9, 0.5, 0.1]","[u'red', u'black', u'blue']","[u'left', u'middle', u'right']","[0.9, 0.5, 0.1]","[u'low', u'high', u'medium']",black,50,middle,high,True,False,356,7300,NA
A22ABLVEI5EGPL,Fri Jun 08 2018 11:27:52 GMT-0400 (Eastern Daylight Time),Fri Jun 08 2018 11:35:24 GMT-0400 (Eastern Daylight Time),Mozilla/5.0 (Windows NT 10.0; Win64; x64; rv:60.0) Gecko/20100101 Firefox/60.0,116,"[0.9, 0.5, 0.1]","[0.9, 0.5, 0.1]","[u'red', u'black', u'blue']","[u'left', u'middle', u'right']","[0.9, 0.5, 0.1]","[u'low', u'high', u'medium']",black,50,middle,high,True,True,258,7400,NA
A22ABLVEI5EGPL,Fri Jun 08 2018 11:27:52 GMT-0400 (Eastern Daylight Time),Fri Jun 08 2018 11:35:24 GMT-0400 (Eastern Daylight Time),Mozilla/5.0 (Windows NT 10.0; Win64; x64; rv:60.0) Gecko/20100101 Firefox/60.0,117,"[0.9, 0.5, 0.1]","[0.9, 0.5, 0.1]","[u'red', u'black', u'blue']","[u'left', u'middle', u'right']","[0.9, 0.5, 0.1]","[u'low', u'medium', u'high']",black,50,middle,medium,False,False,267,7350,NA
A22ABLVEI5EGPL,Fri Jun 08 2018 11:27:52 GMT-0400 (Eastern Daylight Time),Fri Jun 08 2018 11:35:24 GMT-0400 (Eastern Daylight Time),Mozilla/5.0 (Windows NT 10.0; Win64; x64; rv:60.0) Gecko/20100101 Firefox/60.0,118,"[0.9, 0.5, 0.1]","[0.9, 0.5, 0.1]","[u'red', u'black', u'blue']","[u'left', u'middle', u'right']","[0.9, 0.5, 0.1]","[u'low', u'medium', u'high']",blue,51,right,high,True,False,244,7450,NA
A22ABLVEI5EGPL,Fri Jun 08 2018 11:27:52 GMT-0400 (Eastern Daylight Time),Fri Jun 08 2018 11:35:24 GMT-0400 (Eastern Daylight Time),Mozilla/5.0 (Windows NT 10.0; Win64; x64; rv:60.0) Gecko/20100101 Firefox/60.0,119,"[0.9, 0.5, 0.1]","[0.9, 0.5, 0.1]","[u'red', u'black', u'blue']","[u'left', u'middle', u'right']","[0.9, 0.5, 0.1]","[u'low', u'medium', u'high']",blue,51,right,high,True,False,243,7550,NA
A22ABLVEI5EGPL,Fri Jun 08 2018 11:27:52 GMT-0400 (Eastern Daylight Time),Fri Jun 08 2018 11:35:24 GMT-0400 (Eastern Daylight Time),Mozilla/5.0 (Windows NT 10.0; Win64; x64; rv:60.0) Gecko/20100101 Firefox/60.0,120,"[0.9, 0.5, 0.1]","[0.9, 0.5, 0.1]","[u'red', u'black', u'blue']","[u'left', u'middle', u'right']","[0.9, 0.5, 0.1]","[u'low', u'medium', u'high']",blue,51,right,high,True,False,228,7650,NA
A22ABLVEI5EGPL,Fri Jun 08 2018 11:27:52 GMT-0400 (Eastern Daylight Time),Fri Jun 08 2018 11:35:24 GMT-0400 (Eastern Daylight Time),Mozilla/5.0 (Windows NT 10.0; Win64; x64; rv:60.0) Gecko/20100101 Firefox/60.0,121,"[0.9, 0.5, 0.1]","[0.9, 0.5, 0.1]","[u'red', u'black', u'blue']","[u'left', u'middle', u'right']","[0.9, 0.5, 0.1]","[u'low', u'high', u'medium']",red,49,left,low,False,False,796,7600,NA
A22ABLVEI5EGPL,Fri Jun 08 2018 11:27:52 GMT-0400 (Eastern Daylight Time),Fri Jun 08 2018 11:35:24 GMT-0400 (Eastern Daylight Time),Mozilla/5.0 (Windows NT 10.0; Win64; x64; rv:60.0) Gecko/20100101 Firefox/60.0,122,"[0.9, 0.5, 0.1]","[0.9, 0.5, 0.1]","[u'red', u'black', u'blue']","[u'left', u'middle', u'right']","[0.9, 0.5, 0.1]","[u'low', u'high', u'medium']",blue,51,right,medium,True,False,162,7700,NA
A22ABLVEI5EGPL,Fri Jun 08 2018 11:27:52 GMT-0400 (Eastern Daylight Time),Fri Jun 08 2018 11:35:24 GMT-0400 (Eastern Daylight Time),Mozilla/5.0 (Windows NT 10.0; Win64; x64; rv:60.0) Gecko/20100101 Firefox/60.0,123,"[0.9, 0.5, 0.1]","[0.9, 0.5, 0.1]","[u'red', u'black', u'blue']","[u'left', u'middle', u'right']","[0.9, 0.5, 0.1]","[u'low', u'high', u'medium']",blue,51,right,medium,True,False,163,7800,NA
A22ABLVEI5EGPL,Fri Jun 08 2018 11:27:52 GMT-0400 (Eastern Daylight Time),Fri Jun 08 2018 11:35:24 GMT-0400 (Eastern Daylight Time),Mozilla/5.0 (Windows NT 10.0; Win64; x64; rv:60.0) Gecko/20100101 Firefox/60.0,124,"[0.9, 0.5, 0.1]","[0.9, 0.5, 0.1]","[u'red', u'black', u'blue']","[u'left', u'middle', u'right']","[0.9, 0.5, 0.1]","[u'low', u'high', u'medium']",blue,51,right,medium,True,False,370,7900,NA
A22ABLVEI5EGPL,Fri Jun 08 2018 11:27:52 GMT-0400 (Eastern Daylight Time),Fri Jun 08 2018 11:35:24 GMT-0400 (Eastern Daylight Time),Mozilla/5.0 (Windows NT 10.0; Win64; x64; rv:60.0) Gecko/20100101 Firefox/60.0,125,"[0.9, 0.5, 0.1]","[0.9, 0.5, 0.1]","[u'red', u'black', u'blue']","[u'left', u'middle', u'right']","[0.9, 0.5, 0.1]","[u'low', u'high', u'medium']",blue,51,right,medium,False,False,202,7850,NA
A22ABLVEI5EGPL,Fri Jun 08 2018 11:27:52 GMT-0400 (Eastern Daylight Time),Fri Jun 08 2018 11:35:24 GMT-0400 (Eastern Daylight Time),Mozilla/5.0 (Windows NT 10.0; Win64; x64; rv:60.0) Gecko/20100101 Firefox/60.0,126,"[0.9, 0.5, 0.1]","[0.9, 0.5, 0.1]","[u'red', u'black', u'blue']","[u'left', u'middle', u'right']","[0.9, 0.5, 0.1]","[u'low', u'high', u'medium']",black,50,middle,high,True,False,108,7950,NA
A22ABLVEI5EGPL,Fri Jun 08 2018 11:27:52 GMT-0400 (Eastern Daylight Time),Fri Jun 08 2018 11:35:24 GMT-0400 (Eastern Daylight Time),Mozilla/5.0 (Windows NT 10.0; Win64; x64; rv:60.0) Gecko/20100101 Firefox/60.0,127,"[0.9, 0.5, 0.1]","[0.9, 0.5, 0.1]","[u'red', u'black', u'blue']","[u'left', u'middle', u'right']","[0.9, 0.5, 0.1]","[u'low', u'high', u'medium']",black,50,middle,high,True,False,154,8050,NA
A22ABLVEI5EGPL,Fri Jun 08 2018 11:27:52 GMT-0400 (Eastern Daylight Time),Fri Jun 08 2018 11:35:24 GMT-0400 (Eastern Daylight Time),Mozilla/5.0 (Windows NT 10.0; Win64; x64; rv:60.0) Gecko/20100101 Firefox/60.0,128,"[0.9, 0.5, 0.1]","[0.9, 0.5, 0.1]","[u'red', u'black', u'blue']","[u'left', u'middle', u'right']","[0.9, 0.5, 0.1]","[u'low', u'high', u'medium']",black,50,middle,high,True,False,156,8150,NA
A22ABLVEI5EGPL,Fri Jun 08 2018 11:27:52 GMT-0400 (Eastern Daylight Time),Fri Jun 08 2018 11:35:24 GMT-0400 (Eastern Daylight Time),Mozilla/5.0 (Windows NT 10.0; Win64; x64; rv:60.0) Gecko/20100101 Firefox/60.0,129,"[0.9, 0.5, 0.1]","[0.9, 0.5, 0.1]","[u'red', u'black', u'blue']","[u'left', u'middle', u'right']","[0.9, 0.5, 0.1]","[u'low', u'high', u'medium']",black,50,middle,high,False,False,179,8100,NA
A22ABLVEI5EGPL,Fri Jun 08 2018 11:27:52 GMT-0400 (Eastern Daylight Time),Fri Jun 08 2018 11:35:24 GMT-0400 (Eastern Daylight Time),Mozilla/5.0 (Windows NT 10.0; Win64; x64; rv:60.0) Gecko/20100101 Firefox/60.0,130,"[0.9, 0.5, 0.1]","[0.9, 0.5, 0.1]","[u'red', u'black', u'blue']","[u'left', u'middle', u'right']","[0.9, 0.5, 0.1]","[u'low', u'high', u'medium']",black,50,middle,high,True,False,130,8200,NA
A22ABLVEI5EGPL,Fri Jun 08 2018 11:27:52 GMT-0400 (Eastern Daylight Time),Fri Jun 08 2018 11:35:24 GMT-0400 (Eastern Daylight Time),Mozilla/5.0 (Windows NT 10.0; Win64; x64; rv:60.0) Gecko/20100101 Firefox/60.0,131,"[0.9, 0.5, 0.1]","[0.9, 0.5, 0.1]","[u'red', u'black', u'blue']","[u'left', u'middle', u'right']","[0.9, 0.5, 0.1]","[u'low', u'high', u'medium']",black,50,middle,high,True,False,212,8300,NA
A22ABLVEI5EGPL,Fri Jun 08 2018 11:27:52 GMT-0400 (Eastern Daylight Time),Fri Jun 08 2018 11:35:24 GMT-0400 (Eastern Daylight Time),Mozilla/5.0 (Windows NT 10.0; Win64; x64; rv:60.0) Gecko/20100101 Firefox/60.0,132,"[0.9, 0.5, 0.1]","[0.9, 0.5, 0.1]","[u'red', u'black', u'blue']","[u'left', u'middle', u'right']","[0.9, 0.5, 0.1]","[u'low', u'high', u'medium']",black,50,middle,high,True,False,219,8400,NA
A22ABLVEI5EGPL,Fri Jun 08 2018 11:27:52 GMT-0400 (Eastern Daylight Time),Fri Jun 08 2018 11:35:24 GMT-0400 (Eastern Daylight Time),Mozilla/5.0 (Windows NT 10.0; Win64; x64; rv:60.0) Gecko/20100101 Firefox/60.0,133,"[0.9, 0.5, 0.1]","[0.9, 0.5, 0.1]","[u'red', u'black', u'blue']","[u'left', u'middle', u'right']","[0.9, 0.5, 0.1]","[u'low', u'high', u'medium']",black,50,middle,high,True,False,194,8500,NA
A22ABLVEI5EGPL,Fri Jun 08 2018 11:27:52 GMT-0400 (Eastern Daylight Time),Fri Jun 08 2018 11:35:24 GMT-0400 (Eastern Daylight Time),Mozilla/5.0 (Windows NT 10.0; Win64; x64; rv:60.0) Gecko/20100101 Firefox/60.0,134,"[0.9, 0.5, 0.1]","[0.9, 0.5, 0.1]","[u'red', u'black', u'blue']","[u'left', u'middle', u'right']","[0.9, 0.5, 0.1]","[u'low', u'high', u'medium']",black,50,middle,high,False,True,331,8450,NA
A22ABLVEI5EGPL,Fri Jun 08 2018 11:27:52 GMT-0400 (Eastern Daylight Time),Fri Jun 08 2018 11:35:24 GMT-0400 (Eastern Daylight Time),Mozilla/5.0 (Windows NT 10.0; Win64; x64; rv:60.0) Gecko/20100101 Firefox/60.0,135,"[0.9, 0.5, 0.1]","[0.9, 0.5, 0.1]","[u'red', u'black', u'blue']","[u'left', u'middle', u'right']","[0.9, 0.5, 0.1]","[u'high', u'low', u'medium']",black,50,middle,low,False,False,228,8400,NA
A22ABLVEI5EGPL,Fri Jun 08 2018 11:27:52 GMT-0400 (Eastern Daylight Time),Fri Jun 08 2018 11:35:24 GMT-0400 (Eastern Daylight Time),Mozilla/5.0 (Windows NT 10.0; Win64; x64; rv:60.0) Gecko/20100101 Firefox/60.0,136,"[0.9, 0.5, 0.1]","[0.9, 0.5, 0.1]","[u'red', u'black', u'blue']","[u'left', u'middle', u'right']","[0.9, 0.5, 0.1]","[u'high', u'low', u'medium']",red,49,left,high,True,False,155,8500,NA
A22ABLVEI5EGPL,Fri Jun 08 2018 11:27:52 GMT-0400 (Eastern Daylight Time),Fri Jun 08 2018 11:35:24 GMT-0400 (Eastern Daylight Time),Mozilla/5.0 (Windows NT 10.0; Win64; x64; rv:60.0) Gecko/20100101 Firefox/60.0,137,"[0.9, 0.5, 0.1]","[0.9, 0.5, 0.1]","[u'red', u'black', u'blue']","[u'left', u'middle', u'right']","[0.9, 0.5, 0.1]","[u'high', u'low', u'medium']",red,49,left,high,True,False,188,8600,NA
A22ABLVEI5EGPL,Fri Jun 08 2018 11:27:52 GMT-0400 (Eastern Daylight Time),Fri Jun 08 2018 11:35:24 GMT-0400 (Eastern Daylight Time),Mozilla/5.0 (Windows NT 10.0; Win64; x64; rv:60.0) Gecko/20100101 Firefox/60.0,138,"[0.9, 0.5, 0.1]","[0.9, 0.5, 0.1]","[u'red', u'black', u'blue']","[u'left', u'middle', u'right']","[0.9, 0.5, 0.1]","[u'high', u'low', u'medium']",red,49,left,high,True,False,195,8700,NA
A22ABLVEI5EGPL,Fri Jun 08 2018 11:27:52 GMT-0400 (Eastern Daylight Time),Fri Jun 08 2018 11:35:24 GMT-0400 (Eastern Daylight Time),Mozilla/5.0 (Windows NT 10.0; Win64; x64; rv:60.0) Gecko/20100101 Firefox/60.0,139,"[0.9, 0.5, 0.1]","[0.9, 0.5, 0.1]","[u'red', u'black', u'blue']","[u'left', u'middle', u'right']","[0.9, 0.5, 0.1]","[u'high', u'low', u'medium']",red,49,left,high,True,False,163,8800,NA
A22ABLVEI5EGPL,Fri Jun 08 2018 11:27:52 GMT-0400 (Eastern Daylight Time),Fri Jun 08 2018 11:35:24 GMT-0400 (Eastern Daylight Time),Mozilla/5.0 (Windows NT 10.0; Win64; x64; rv:60.0) Gecko/20100101 Firefox/60.0,140,"[0.9, 0.5, 0.1]","[0.9, 0.5, 0.1]","[u'red', u'black', u'blue']","[u'left', u'middle', u'right']","[0.9, 0.5, 0.1]","[u'high', u'low', u'medium']",red,49,left,high,True,False,123,8900,NA
A22ABLVEI5EGPL,Fri Jun 08 2018 11:27:52 GMT-0400 (Eastern Daylight Time),Fri Jun 08 2018 11:35:24 GMT-0400 (Eastern Daylight Time),Mozilla/5.0 (Windows NT 10.0; Win64; x64; rv:60.0) Gecko/20100101 Firefox/60.0,141,"[0.9, 0.5, 0.1]","[0.9, 0.5, 0.1]","[u'red', u'black', u'blue']","[u'left', u'middle', u'right']","[0.9, 0.5, 0.1]","[u'high', u'low', u'medium']",red,49,left,high,True,False,67,9000,NA
A22ABLVEI5EGPL,Fri Jun 08 2018 11:27:52 GMT-0400 (Eastern Daylight Time),Fri Jun 08 2018 11:35:24 GMT-0400 (Eastern Daylight Time),Mozilla/5.0 (Windows NT 10.0; Win64; x64; rv:60.0) Gecko/20100101 Firefox/60.0,142,"[0.9, 0.5, 0.1]","[0.9, 0.5, 0.1]","[u'red', u'black', u'blue']","[u'left', u'middle', u'right']","[0.9, 0.5, 0.1]","[u'high', u'low', u'medium']",red,49,left,high,True,False,260,9100,NA
A22ABLVEI5EGPL,Fri Jun 08 2018 11:27:52 GMT-0400 (Eastern Daylight Time),Fri Jun 08 2018 11:35:24 GMT-0400 (Eastern Daylight Time),Mozilla/5.0 (Windows NT 10.0; Win64; x64; rv:60.0) Gecko/20100101 Firefox/60.0,143,"[0.9, 0.5, 0.1]","[0.9, 0.5, 0.1]","[u'red', u'black', u'blue']","[u'left', u'middle', u'right']","[0.9, 0.5, 0.1]","[u'high', u'low', u'medium']",red,49,left,high,True,False,227,9200,NA
A22ABLVEI5EGPL,Fri Jun 08 2018 11:27:52 GMT-0400 (Eastern Daylight Time),Fri Jun 08 2018 11:35:24 GMT-0400 (Eastern Daylight Time),Mozilla/5.0 (Windows NT 10.0; Win64; x64; rv:60.0) Gecko/20100101 Firefox/60.0,144,"[0.9, 0.5, 0.1]","[0.9, 0.5, 0.1]","[u'red', u'black', u'blue']","[u'left', u'middle', u'right']","[0.9, 0.5, 0.1]","[u'high', u'low', u'medium']",red,49,left,high,True,True,211,9300,NA
A22ABLVEI5EGPL,Fri Jun 08 2018 11:27:52 GMT-0400 (Eastern Daylight Time),Fri Jun 08 2018 11:35:24 GMT-0400 (Eastern Daylight Time),Mozilla/5.0 (Windows NT 10.0; Win64; x64; rv:60.0) Gecko/20100101 Firefox/60.0,145,"[0.9, 0.5, 0.1]","[0.9, 0.5, 0.1]","[u'red', u'black', u'blue']","[u'left', u'middle', u'right']","[0.9, 0.5, 0.1]","[u'low', u'high', u'medium']",red,49,left,low,False,False,252,9250,NA
A22ABLVEI5EGPL,Fri Jun 08 2018 11:27:52 GMT-0400 (Eastern Daylight Time),Fri Jun 08 2018 11:35:24 GMT-0400 (Eastern Daylight Time),Mozilla/5.0 (Windows NT 10.0; Win64; x64; rv:60.0) Gecko/20100101 Firefox/60.0,146,"[0.9, 0.5, 0.1]","[0.9, 0.5, 0.1]","[u'red', u'black', u'blue']","[u'left', u'middle', u'right']","[0.9, 0.5, 0.1]","[u'low', u'high', u'medium']",blue,51,right,medium,False,False,155,9200,NA
A22ABLVEI5EGPL,Fri Jun 08 2018 11:27:52 GMT-0400 (Eastern Daylight Time),Fri Jun 08 2018 11:35:24 GMT-0400 (Eastern Daylight Time),Mozilla/5.0 (Windows NT 10.0; Win64; x64; rv:60.0) Gecko/20100101 Firefox/60.0,147,"[0.9, 0.5, 0.1]","[0.9, 0.5, 0.1]","[u'red', u'black', u'blue']","[u'left', u'middle', u'right']","[0.9, 0.5, 0.1]","[u'low', u'high', u'medium']",black,50,middle,high,True,False,179,9300,NA
A22ABLVEI5EGPL,Fri Jun 08 2018 11:27:52 GMT-0400 (Eastern Daylight Time),Fri Jun 08 2018 11:35:24 GMT-0400 (Eastern Daylight Time),Mozilla/5.0 (Windows NT 10.0; Win64; x64; rv:60.0) Gecko/20100101 Firefox/60.0,148,"[0.9, 0.5, 0.1]","[0.9, 0.5, 0.1]","[u'red', u'black', u'blue']","[u'left', u'middle', u'right']","[0.9, 0.5, 0.1]","[u'low', u'high', u'medium']",black,50,middle,high,True,False,212,9400,NA
A22ABLVEI5EGPL,Fri Jun 08 2018 11:27:52 GMT-0400 (Eastern Daylight Time),Fri Jun 08 2018 11:35:24 GMT-0400 (Eastern Daylight Time),Mozilla/5.0 (Windows NT 10.0; Win64; x64; rv:60.0) Gecko/20100101 Firefox/60.0,149,"[0.9, 0.5, 0.1]","[0.9, 0.5, 0.1]","[u'red', u'black', u'blue']","[u'left', u'middle', u'right']","[0.9, 0.5, 0.1]","[u'low', u'high', u'medium']",black,50,middle,high,True,False,148,9500,NA
A22ABLVEI5EGPL,Fri Jun 08 2018 11:27:52 GMT-0400 (Eastern Daylight Time),Fri Jun 08 2018 11:35:24 GMT-0400 (Eastern Daylight Time),Mozilla/5.0 (Windows NT 10.0; Win64; x64; rv:60.0) Gecko/20100101 Firefox/60.0,150,"[0.9, 0.5, 0.1]","[0.9, 0.5, 0.1]","[u'red', u'black', u'blue']","[u'left', u'middle', u'right']","[0.9, 0.5, 0.1]","[u'low', u'high', u'medium']",black,50,middle,high,False,False,179,9450,NA
A22ABLVEI5EGPL,Fri Jun 08 2018 11:27:52 GMT-0400 (Eastern Daylight Time),Fri Jun 08 2018 11:35:24 GMT-0400 (Eastern Daylight Time),Mozilla/5.0 (Windows NT 10.0; Win64; x64; rv:60.0) Gecko/20100101 Firefox/60.0,151,"[0.9, 0.5, 0.1]","[0.9, 0.5, 0.1]","[u'red', u'black', u'blue']","[u'left', u'middle', u'right']","[0.9, 0.5, 0.1]","[u'low', u'high', u'medium']",black,50,middle,high,True,False,195,9550,NA
A22ABLVEI5EGPL,Fri Jun 08 2018 11:27:52 GMT-0400 (Eastern Daylight Time),Fri Jun 08 2018 11:35:24 GMT-0400 (Eastern Daylight Time),Mozilla/5.0 (Windows NT 10.0; Win64; x64; rv:60.0) Gecko/20100101 Firefox/60.0,152,"[0.9, 0.5, 0.1]","[0.9, 0.5, 0.1]","[u'red', u'black', u'blue']","[u'left', u'middle', u'right']","[0.9, 0.5, 0.1]","[u'low', u'high', u'medium']",black,50,middle,high,True,False,244,9650,NA
A22ABLVEI5EGPL,Fri Jun 08 2018 11:27:52 GMT-0400 (Eastern Daylight Time),Fri Jun 08 2018 11:35:24 GMT-0400 (Eastern Daylight Time),Mozilla/5.0 (Windows NT 10.0; Win64; x64; rv:60.0) Gecko/20100101 Firefox/60.0,153,"[0.9, 0.5, 0.1]","[0.9, 0.5, 0.1]","[u'red', u'black', u'blue']","[u'left', u'middle', u'right']","[0.9, 0.5, 0.1]","[u'low', u'high', u'medium']",black,50,middle,high,True,False,172,9750,NA
A22ABLVEI5EGPL,Fri Jun 08 2018 11:27:52 GMT-0400 (Eastern Daylight Time),Fri Jun 08 2018 11:35:24 GMT-0400 (Eastern Daylight Time),Mozilla/5.0 (Windows NT 10.0; Win64; x64; rv:60.0) Gecko/20100101 Firefox/60.0,154,"[0.9, 0.5, 0.1]","[0.9, 0.5, 0.1]","[u'red', u'black', u'blue']","[u'left', u'middle', u'right']","[0.9, 0.5, 0.1]","[u'low', u'high', u'medium']",black,50,middle,high,True,False,149,9850,NA
A22ABLVEI5EGPL,Fri Jun 08 2018 11:27:52 GMT-0400 (Eastern Daylight Time),Fri Jun 08 2018 11:35:24 GMT-0400 (Eastern Daylight Time),Mozilla/5.0 (Windows NT 10.0; Win64; x64; rv:60.0) Gecko/20100101 Firefox/60.0,155,"[0.9, 0.5, 0.1]","[0.9, 0.5, 0.1]","[u'red', u'black', u'blue']","[u'left', u'middle', u'right']","[0.9, 0.5, 0.1]","[u'low', u'high', u'medium']",black,50,middle,high,True,True,222,9950,NA
A22ABLVEI5EGPL,Fri Jun 08 2018 11:27:52 GMT-0400 (Eastern Daylight Time),Fri Jun 08 2018 11:35:24 GMT-0400 (Eastern Daylight Time),Mozilla/5.0 (Windows NT 10.0; Win64; x64; rv:60.0) Gecko/20100101 Firefox/60.0,156,"[0.9, 0.5, 0.1]","[0.9, 0.5, 0.1]","[u'red', u'black', u'blue']","[u'left', u'middle', u'right']","[0.9, 0.5, 0.1]","[u'low', u'medium', u'high']",black,50,middle,medium,False,False,258,9900,NA
A22ABLVEI5EGPL,Fri Jun 08 2018 11:27:52 GMT-0400 (Eastern Daylight Time),Fri Jun 08 2018 11:35:24 GMT-0400 (Eastern Daylight Time),Mozilla/5.0 (Windows NT 10.0; Win64; x64; rv:60.0) Gecko/20100101 Firefox/60.0,157,"[0.9, 0.5, 0.1]","[0.9, 0.5, 0.1]","[u'red', u'black', u'blue']","[u'left', u'middle', u'right']","[0.9, 0.5, 0.1]","[u'low', u'medium', u'high']",red,49,left,low,False,False,97,9850,NA
A22ABLVEI5EGPL,Fri Jun 08 2018 11:27:52 GMT-0400 (Eastern Daylight Time),Fri Jun 08 2018 11:35:24 GMT-0400 (Eastern Daylight Time),Mozilla/5.0 (Windows NT 10.0; Win64; x64; rv:60.0) Gecko/20100101 Firefox/60.0,158,"[0.9, 0.5, 0.1]","[0.9, 0.5, 0.1]","[u'red', u'black', u'blue']","[u'left', u'middle', u'right']","[0.9, 0.5, 0.1]","[u'low', u'medium', u'high']",blue,51,right,high,True,False,275,9950,NA
A22ABLVEI5EGPL,Fri Jun 08 2018 11:27:52 GMT-0400 (Eastern Daylight Time),Fri Jun 08 2018 11:35:24 GMT-0400 (Eastern Daylight Time),Mozilla/5.0 (Windows NT 10.0; Win64; x64; rv:60.0) Gecko/20100101 Firefox/60.0,159,"[0.9, 0.5, 0.1]","[0.9, 0.5, 0.1]","[u'red', u'black', u'blue']","[u'left', u'middle', u'right']","[0.9, 0.5, 0.1]","[u'low', u'medium', u'high']",blue,51,right,high,True,False,100,10050,NA
A22ABLVEI5EGPL,Fri Jun 08 2018 11:27:52 GMT-0400 (Eastern Daylight Time),Fri Jun 08 2018 11:35:24 GMT-0400 (Eastern Daylight Time),Mozilla/5.0 (Windows NT 10.0; Win64; x64; rv:60.0) Gecko/20100101 Firefox/60.0,160,"[0.9, 0.5, 0.1]","[0.9, 0.5, 0.1]","[u'red', u'black', u'blue']","[u'left', u'middle', u'right']","[0.9, 0.5, 0.1]","[u'low', u'medium', u'high']",blue,51,right,high,True,False,218,10150,NA
