A2NQO3JAPV0MUQ,Sun Dec 03 2017 09:32:04 GMT-0500 (EST),Sun Dec 03 2017 09:37:48 GMT-0500 (EST),"Mozilla/5.0 (Macintosh; Intel Mac OS X 10_11_5) AppleWebKit/537.36 (KHTML, like Gecko) Chrome/52.0.2743.82 Safari/537.36",1,"[0.8, 0.4, 0.2]","[0.8, 0.4, 0.2]","[u'blue', u'black', u'red']","[u'left', u'middle', u'right']","[0.8, 0.4, 0.2]","[u'medium', u'high', u'low']",red,51,right,low,False,False,858,-50,NA
A2NQO3JAPV0MUQ,Sun Dec 03 2017 09:32:04 GMT-0500 (EST),Sun Dec 03 2017 09:37:48 GMT-0500 (EST),"Mozilla/5.0 (Macintosh; Intel Mac OS X 10_11_5) AppleWebKit/537.36 (KHTML, like Gecko) Chrome/52.0.2743.82 Safari/537.36",2,"[0.8, 0.4, 0.2]","[0.8, 0.4, 0.2]","[u'blue', u'black', u'red']","[u'left', u'middle', u'right']","[0.8, 0.4, 0.2]","[u'medium', u'high', u'low']",black,50,middle,high,True,False,327,50,NA
A2NQO3JAPV0MUQ,Sun Dec 03 2017 09:32:04 GMT-0500 (EST),Sun Dec 03 2017 09:37:48 GMT-0500 (EST),"Mozilla/5.0 (Macintosh; Intel Mac OS X 10_11_5) AppleWebKit/537.36 (KHTML, like Gecko) Chrome/52.0.2743.82 Safari/537.36",3,"[0.8, 0.4, 0.2]","[0.8, 0.4, 0.2]","[u'blue', u'black', u'red']","[u'left', u'middle', u'right']","[0.8, 0.4, 0.2]","[u'medium', u'high', u'low']",black,50,middle,high,False,False,301,0,NA
A2NQO3JAPV0MUQ,Sun Dec 03 2017 09:32:04 GMT-0500 (EST),Sun Dec 03 2017 09:37:48 GMT-0500 (EST),"Mozilla/5.0 (Macintosh; Intel Mac OS X 10_11_5) AppleWebKit/537.36 (KHTML, like Gecko) Chrome/52.0.2743.82 Safari/537.36",4,"[0.8, 0.4, 0.2]","[0.8, 0.4, 0.2]","[u'blue', u'black', u'red']","[u'left', u'middle', u'right']","[0.8, 0.4, 0.2]","[u'medium', u'high', u'low']",black,50,middle,high,False,False,306,-50,NA
A2NQO3JAPV0MUQ,Sun Dec 03 2017 09:32:04 GMT-0500 (EST),Sun Dec 03 2017 09:37:48 GMT-0500 (EST),"Mozilla/5.0 (Macintosh; Intel Mac OS X 10_11_5) AppleWebKit/537.36 (KHTML, like Gecko) Chrome/52.0.2743.82 Safari/537.36",5,"[0.8, 0.4, 0.2]","[0.8, 0.4, 0.2]","[u'blue', u'black', u'red']","[u'left', u'middle', u'right']","[0.8, 0.4, 0.2]","[u'medium', u'high', u'low']",blue,49,left,medium,False,False,656,-100,NA
A2NQO3JAPV0MUQ,Sun Dec 03 2017 09:32:04 GMT-0500 (EST),Sun Dec 03 2017 09:37:48 GMT-0500 (EST),"Mozilla/5.0 (Macintosh; Intel Mac OS X 10_11_5) AppleWebKit/537.36 (KHTML, like Gecko) Chrome/52.0.2743.82 Safari/537.36",6,"[0.8, 0.4, 0.2]","[0.8, 0.4, 0.2]","[u'blue', u'black', u'red']","[u'left', u'middle', u'right']","[0.8, 0.4, 0.2]","[u'medium', u'high', u'low']",blue,49,left,medium,True,False,370,0,NA
A2NQO3JAPV0MUQ,Sun Dec 03 2017 09:32:04 GMT-0500 (EST),Sun Dec 03 2017 09:37:48 GMT-0500 (EST),"Mozilla/5.0 (Macintosh; Intel Mac OS X 10_11_5) AppleWebKit/537.36 (KHTML, like Gecko) Chrome/52.0.2743.82 Safari/537.36",7,"[0.8, 0.4, 0.2]","[0.8, 0.4, 0.2]","[u'blue', u'black', u'red']","[u'left', u'middle', u'right']","[0.8, 0.4, 0.2]","[u'medium', u'high', u'low']",blue,49,left,medium,True,False,380,100,NA
A2NQO3JAPV0MUQ,Sun Dec 03 2017 09:32:04 GMT-0500 (EST),Sun Dec 03 2017 09:37:48 GMT-0500 (EST),"Mozilla/5.0 (Macintosh; Intel Mac OS X 10_11_5) AppleWebKit/537.36 (KHTML, like Gecko) Chrome/52.0.2743.82 Safari/537.36",8,"[0.8, 0.4, 0.2]","[0.8, 0.4, 0.2]","[u'blue', u'black', u'red']","[u'left', u'middle', u'right']","[0.8, 0.4, 0.2]","[u'medium', u'high', u'low']",blue,49,left,medium,True,False,341,200,NA
A2NQO3JAPV0MUQ,Sun Dec 03 2017 09:32:04 GMT-0500 (EST),Sun Dec 03 2017 09:37:48 GMT-0500 (EST),"Mozilla/5.0 (Macintosh; Intel Mac OS X 10_11_5) AppleWebKit/537.36 (KHTML, like Gecko) Chrome/52.0.2743.82 Safari/537.36",9,"[0.8, 0.4, 0.2]","[0.8, 0.4, 0.2]","[u'blue', u'black', u'red']","[u'left', u'middle', u'right']","[0.8, 0.4, 0.2]","[u'medium', u'high', u'low']",blue,49,left,medium,True,False,341,300,NA
A2NQO3JAPV0MUQ,Sun Dec 03 2017 09:32:04 GMT-0500 (EST),Sun Dec 03 2017 09:37:48 GMT-0500 (EST),"Mozilla/5.0 (Macintosh; Intel Mac OS X 10_11_5) AppleWebKit/537.36 (KHTML, like Gecko) Chrome/52.0.2743.82 Safari/537.36",10,"[0.8, 0.4, 0.2]","[0.8, 0.4, 0.2]","[u'blue', u'black', u'red']","[u'left', u'middle', u'right']","[0.8, 0.4, 0.2]","[u'medium', u'high', u'low']",blue,49,left,medium,False,False,368,250,NA
A2NQO3JAPV0MUQ,Sun Dec 03 2017 09:32:04 GMT-0500 (EST),Sun Dec 03 2017 09:37:48 GMT-0500 (EST),"Mozilla/5.0 (Macintosh; Intel Mac OS X 10_11_5) AppleWebKit/537.36 (KHTML, like Gecko) Chrome/52.0.2743.82 Safari/537.36",11,"[0.8, 0.4, 0.2]","[0.8, 0.4, 0.2]","[u'blue', u'black', u'red']","[u'left', u'middle', u'right']","[0.8, 0.4, 0.2]","[u'medium', u'high', u'low']",blue,49,left,medium,False,False,306,200,NA
A2NQO3JAPV0MUQ,Sun Dec 03 2017 09:32:04 GMT-0500 (EST),Sun Dec 03 2017 09:37:48 GMT-0500 (EST),"Mozilla/5.0 (Macintosh; Intel Mac OS X 10_11_5) AppleWebKit/537.36 (KHTML, like Gecko) Chrome/52.0.2743.82 Safari/537.36",12,"[0.8, 0.4, 0.2]","[0.8, 0.4, 0.2]","[u'blue', u'black', u'red']","[u'left', u'middle', u'right']","[0.8, 0.4, 0.2]","[u'medium', u'high', u'low']",blue,49,left,medium,True,False,299,300,NA
A2NQO3JAPV0MUQ,Sun Dec 03 2017 09:32:04 GMT-0500 (EST),Sun Dec 03 2017 09:37:48 GMT-0500 (EST),"Mozilla/5.0 (Macintosh; Intel Mac OS X 10_11_5) AppleWebKit/537.36 (KHTML, like Gecko) Chrome/52.0.2743.82 Safari/537.36",13,"[0.8, 0.4, 0.2]","[0.8, 0.4, 0.2]","[u'blue', u'black', u'red']","[u'left', u'middle', u'right']","[0.8, 0.4, 0.2]","[u'medium', u'high', u'low']",blue,49,left,medium,False,False,301,250,NA
A2NQO3JAPV0MUQ,Sun Dec 03 2017 09:32:04 GMT-0500 (EST),Sun Dec 03 2017 09:37:48 GMT-0500 (EST),"Mozilla/5.0 (Macintosh; Intel Mac OS X 10_11_5) AppleWebKit/537.36 (KHTML, like Gecko) Chrome/52.0.2743.82 Safari/537.36",14,"[0.8, 0.4, 0.2]","[0.8, 0.4, 0.2]","[u'blue', u'black', u'red']","[u'left', u'middle', u'right']","[0.8, 0.4, 0.2]","[u'medium', u'high', u'low']",blue,49,left,medium,False,False,245,200,NA
A2NQO3JAPV0MUQ,Sun Dec 03 2017 09:32:04 GMT-0500 (EST),Sun Dec 03 2017 09:37:48 GMT-0500 (EST),"Mozilla/5.0 (Macintosh; Intel Mac OS X 10_11_5) AppleWebKit/537.36 (KHTML, like Gecko) Chrome/52.0.2743.82 Safari/537.36",15,"[0.8, 0.4, 0.2]","[0.8, 0.4, 0.2]","[u'blue', u'black', u'red']","[u'left', u'middle', u'right']","[0.8, 0.4, 0.2]","[u'medium', u'high', u'low']",black,50,middle,high,True,False,178,300,NA
A2NQO3JAPV0MUQ,Sun Dec 03 2017 09:32:04 GMT-0500 (EST),Sun Dec 03 2017 09:37:48 GMT-0500 (EST),"Mozilla/5.0 (Macintosh; Intel Mac OS X 10_11_5) AppleWebKit/537.36 (KHTML, like Gecko) Chrome/52.0.2743.82 Safari/537.36",16,"[0.8, 0.4, 0.2]","[0.8, 0.4, 0.2]","[u'blue', u'black', u'red']","[u'left', u'middle', u'right']","[0.8, 0.4, 0.2]","[u'medium', u'high', u'low']",black,50,middle,high,True,False,298,400,NA
A2NQO3JAPV0MUQ,Sun Dec 03 2017 09:32:04 GMT-0500 (EST),Sun Dec 03 2017 09:37:48 GMT-0500 (EST),"Mozilla/5.0 (Macintosh; Intel Mac OS X 10_11_5) AppleWebKit/537.36 (KHTML, like Gecko) Chrome/52.0.2743.82 Safari/537.36",17,"[0.8, 0.4, 0.2]","[0.8, 0.4, 0.2]","[u'blue', u'black', u'red']","[u'left', u'middle', u'right']","[0.8, 0.4, 0.2]","[u'medium', u'high', u'low']",black,50,middle,high,True,False,294,500,NA
A2NQO3JAPV0MUQ,Sun Dec 03 2017 09:32:04 GMT-0500 (EST),Sun Dec 03 2017 09:37:48 GMT-0500 (EST),"Mozilla/5.0 (Macintosh; Intel Mac OS X 10_11_5) AppleWebKit/537.36 (KHTML, like Gecko) Chrome/52.0.2743.82 Safari/537.36",18,"[0.8, 0.4, 0.2]","[0.8, 0.4, 0.2]","[u'blue', u'black', u'red']","[u'left', u'middle', u'right']","[0.8, 0.4, 0.2]","[u'medium', u'high', u'low']",black,50,middle,high,True,False,290,600,NA
A2NQO3JAPV0MUQ,Sun Dec 03 2017 09:32:04 GMT-0500 (EST),Sun Dec 03 2017 09:37:48 GMT-0500 (EST),"Mozilla/5.0 (Macintosh; Intel Mac OS X 10_11_5) AppleWebKit/537.36 (KHTML, like Gecko) Chrome/52.0.2743.82 Safari/537.36",19,"[0.8, 0.4, 0.2]","[0.8, 0.4, 0.2]","[u'blue', u'black', u'red']","[u'left', u'middle', u'right']","[0.8, 0.4, 0.2]","[u'medium', u'high', u'low']",black,50,middle,high,True,False,228,700,NA
A2NQO3JAPV0MUQ,Sun Dec 03 2017 09:32:04 GMT-0500 (EST),Sun Dec 03 2017 09:37:48 GMT-0500 (EST),"Mozilla/5.0 (Macintosh; Intel Mac OS X 10_11_5) AppleWebKit/537.36 (KHTML, like Gecko) Chrome/52.0.2743.82 Safari/537.36",20,"[0.8, 0.4, 0.2]","[0.8, 0.4, 0.2]","[u'blue', u'black', u'red']","[u'left', u'middle', u'right']","[0.8, 0.4, 0.2]","[u'medium', u'high', u'low']",black,50,middle,high,True,False,321,800,NA
A2NQO3JAPV0MUQ,Sun Dec 03 2017 09:32:04 GMT-0500 (EST),Sun Dec 03 2017 09:37:48 GMT-0500 (EST),"Mozilla/5.0 (Macintosh; Intel Mac OS X 10_11_5) AppleWebKit/537.36 (KHTML, like Gecko) Chrome/52.0.2743.82 Safari/537.36",21,"[0.8, 0.4, 0.2]","[0.8, 0.4, 0.2]","[u'blue', u'black', u'red']","[u'left', u'middle', u'right']","[0.8, 0.4, 0.2]","[u'medium', u'high', u'low']",black,50,middle,high,True,False,330,900,NA
A2NQO3JAPV0MUQ,Sun Dec 03 2017 09:32:04 GMT-0500 (EST),Sun Dec 03 2017 09:37:48 GMT-0500 (EST),"Mozilla/5.0 (Macintosh; Intel Mac OS X 10_11_5) AppleWebKit/537.36 (KHTML, like Gecko) Chrome/52.0.2743.82 Safari/537.36",22,"[0.8, 0.4, 0.2]","[0.8, 0.4, 0.2]","[u'blue', u'black', u'red']","[u'left', u'middle', u'right']","[0.8, 0.4, 0.2]","[u'medium', u'high', u'low']",black,50,middle,high,True,False,309,1000,NA
A2NQO3JAPV0MUQ,Sun Dec 03 2017 09:32:04 GMT-0500 (EST),Sun Dec 03 2017 09:37:48 GMT-0500 (EST),"Mozilla/5.0 (Macintosh; Intel Mac OS X 10_11_5) AppleWebKit/537.36 (KHTML, like Gecko) Chrome/52.0.2743.82 Safari/537.36",23,"[0.8, 0.4, 0.2]","[0.8, 0.4, 0.2]","[u'blue', u'black', u'red']","[u'left', u'middle', u'right']","[0.8, 0.4, 0.2]","[u'medium', u'high', u'low']",black,50,middle,high,True,True,339,1100,NA
A2NQO3JAPV0MUQ,Sun Dec 03 2017 09:32:04 GMT-0500 (EST),Sun Dec 03 2017 09:37:48 GMT-0500 (EST),"Mozilla/5.0 (Macintosh; Intel Mac OS X 10_11_5) AppleWebKit/537.36 (KHTML, like Gecko) Chrome/52.0.2743.82 Safari/537.36",24,"[0.8, 0.4, 0.2]","[0.8, 0.4, 0.2]","[u'blue', u'black', u'red']","[u'left', u'middle', u'right']","[0.8, 0.4, 0.2]","[u'high', u'low', u'medium']",black,50,middle,low,False,False,317,1050,NA
A2NQO3JAPV0MUQ,Sun Dec 03 2017 09:32:04 GMT-0500 (EST),Sun Dec 03 2017 09:37:48 GMT-0500 (EST),"Mozilla/5.0 (Macintosh; Intel Mac OS X 10_11_5) AppleWebKit/537.36 (KHTML, like Gecko) Chrome/52.0.2743.82 Safari/537.36",25,"[0.8, 0.4, 0.2]","[0.8, 0.4, 0.2]","[u'blue', u'black', u'red']","[u'left', u'middle', u'right']","[0.8, 0.4, 0.2]","[u'high', u'low', u'medium']",black,50,middle,low,True,False,264,1150,NA
A2NQO3JAPV0MUQ,Sun Dec 03 2017 09:32:04 GMT-0500 (EST),Sun Dec 03 2017 09:37:48 GMT-0500 (EST),"Mozilla/5.0 (Macintosh; Intel Mac OS X 10_11_5) AppleWebKit/537.36 (KHTML, like Gecko) Chrome/52.0.2743.82 Safari/537.36",26,"[0.8, 0.4, 0.2]","[0.8, 0.4, 0.2]","[u'blue', u'black', u'red']","[u'left', u'middle', u'right']","[0.8, 0.4, 0.2]","[u'high', u'low', u'medium']",black,50,middle,low,False,False,282,1100,NA
A2NQO3JAPV0MUQ,Sun Dec 03 2017 09:32:04 GMT-0500 (EST),Sun Dec 03 2017 09:37:48 GMT-0500 (EST),"Mozilla/5.0 (Macintosh; Intel Mac OS X 10_11_5) AppleWebKit/537.36 (KHTML, like Gecko) Chrome/52.0.2743.82 Safari/537.36",27,"[0.8, 0.4, 0.2]","[0.8, 0.4, 0.2]","[u'blue', u'black', u'red']","[u'left', u'middle', u'right']","[0.8, 0.4, 0.2]","[u'high', u'low', u'medium']",black,50,middle,low,True,False,285,1200,NA
A2NQO3JAPV0MUQ,Sun Dec 03 2017 09:32:04 GMT-0500 (EST),Sun Dec 03 2017 09:37:48 GMT-0500 (EST),"Mozilla/5.0 (Macintosh; Intel Mac OS X 10_11_5) AppleWebKit/537.36 (KHTML, like Gecko) Chrome/52.0.2743.82 Safari/537.36",28,"[0.8, 0.4, 0.2]","[0.8, 0.4, 0.2]","[u'blue', u'black', u'red']","[u'left', u'middle', u'right']","[0.8, 0.4, 0.2]","[u'high', u'low', u'medium']",black,50,middle,low,False,False,335,1150,NA
A2NQO3JAPV0MUQ,Sun Dec 03 2017 09:32:04 GMT-0500 (EST),Sun Dec 03 2017 09:37:48 GMT-0500 (EST),"Mozilla/5.0 (Macintosh; Intel Mac OS X 10_11_5) AppleWebKit/537.36 (KHTML, like Gecko) Chrome/52.0.2743.82 Safari/537.36",29,"[0.8, 0.4, 0.2]","[0.8, 0.4, 0.2]","[u'blue', u'black', u'red']","[u'left', u'middle', u'right']","[0.8, 0.4, 0.2]","[u'high', u'low', u'medium']",red,51,right,medium,False,False,285,1100,NA
A2NQO3JAPV0MUQ,Sun Dec 03 2017 09:32:04 GMT-0500 (EST),Sun Dec 03 2017 09:37:48 GMT-0500 (EST),"Mozilla/5.0 (Macintosh; Intel Mac OS X 10_11_5) AppleWebKit/537.36 (KHTML, like Gecko) Chrome/52.0.2743.82 Safari/537.36",30,"[0.8, 0.4, 0.2]","[0.8, 0.4, 0.2]","[u'blue', u'black', u'red']","[u'left', u'middle', u'right']","[0.8, 0.4, 0.2]","[u'high', u'low', u'medium']",red,51,right,medium,True,False,297,1200,NA
A2NQO3JAPV0MUQ,Sun Dec 03 2017 09:32:04 GMT-0500 (EST),Sun Dec 03 2017 09:37:48 GMT-0500 (EST),"Mozilla/5.0 (Macintosh; Intel Mac OS X 10_11_5) AppleWebKit/537.36 (KHTML, like Gecko) Chrome/52.0.2743.82 Safari/537.36",31,"[0.8, 0.4, 0.2]","[0.8, 0.4, 0.2]","[u'blue', u'black', u'red']","[u'left', u'middle', u'right']","[0.8, 0.4, 0.2]","[u'high', u'low', u'medium']",red,51,right,medium,True,False,288,1300,NA
A2NQO3JAPV0MUQ,Sun Dec 03 2017 09:32:04 GMT-0500 (EST),Sun Dec 03 2017 09:37:48 GMT-0500 (EST),"Mozilla/5.0 (Macintosh; Intel Mac OS X 10_11_5) AppleWebKit/537.36 (KHTML, like Gecko) Chrome/52.0.2743.82 Safari/537.36",32,"[0.8, 0.4, 0.2]","[0.8, 0.4, 0.2]","[u'blue', u'black', u'red']","[u'left', u'middle', u'right']","[0.8, 0.4, 0.2]","[u'high', u'low', u'medium']",red,51,right,medium,False,False,291,1250,NA
A2NQO3JAPV0MUQ,Sun Dec 03 2017 09:32:04 GMT-0500 (EST),Sun Dec 03 2017 09:37:48 GMT-0500 (EST),"Mozilla/5.0 (Macintosh; Intel Mac OS X 10_11_5) AppleWebKit/537.36 (KHTML, like Gecko) Chrome/52.0.2743.82 Safari/537.36",33,"[0.8, 0.4, 0.2]","[0.8, 0.4, 0.2]","[u'blue', u'black', u'red']","[u'left', u'middle', u'right']","[0.8, 0.4, 0.2]","[u'high', u'low', u'medium']",red,51,right,medium,False,False,274,1200,NA
A2NQO3JAPV0MUQ,Sun Dec 03 2017 09:32:04 GMT-0500 (EST),Sun Dec 03 2017 09:37:48 GMT-0500 (EST),"Mozilla/5.0 (Macintosh; Intel Mac OS X 10_11_5) AppleWebKit/537.36 (KHTML, like Gecko) Chrome/52.0.2743.82 Safari/537.36",34,"[0.8, 0.4, 0.2]","[0.8, 0.4, 0.2]","[u'blue', u'black', u'red']","[u'left', u'middle', u'right']","[0.8, 0.4, 0.2]","[u'high', u'low', u'medium']",blue,49,left,high,True,False,190,1300,NA
A2NQO3JAPV0MUQ,Sun Dec 03 2017 09:32:04 GMT-0500 (EST),Sun Dec 03 2017 09:37:48 GMT-0500 (EST),"Mozilla/5.0 (Macintosh; Intel Mac OS X 10_11_5) AppleWebKit/537.36 (KHTML, like Gecko) Chrome/52.0.2743.82 Safari/537.36",35,"[0.8, 0.4, 0.2]","[0.8, 0.4, 0.2]","[u'blue', u'black', u'red']","[u'left', u'middle', u'right']","[0.8, 0.4, 0.2]","[u'high', u'low', u'medium']",blue,49,left,high,True,False,259,1400,NA
A2NQO3JAPV0MUQ,Sun Dec 03 2017 09:32:04 GMT-0500 (EST),Sun Dec 03 2017 09:37:48 GMT-0500 (EST),"Mozilla/5.0 (Macintosh; Intel Mac OS X 10_11_5) AppleWebKit/537.36 (KHTML, like Gecko) Chrome/52.0.2743.82 Safari/537.36",36,"[0.8, 0.4, 0.2]","[0.8, 0.4, 0.2]","[u'blue', u'black', u'red']","[u'left', u'middle', u'right']","[0.8, 0.4, 0.2]","[u'high', u'low', u'medium']",blue,49,left,high,True,False,312,1500,NA
A2NQO3JAPV0MUQ,Sun Dec 03 2017 09:32:04 GMT-0500 (EST),Sun Dec 03 2017 09:37:48 GMT-0500 (EST),"Mozilla/5.0 (Macintosh; Intel Mac OS X 10_11_5) AppleWebKit/537.36 (KHTML, like Gecko) Chrome/52.0.2743.82 Safari/537.36",37,"[0.8, 0.4, 0.2]","[0.8, 0.4, 0.2]","[u'blue', u'black', u'red']","[u'left', u'middle', u'right']","[0.8, 0.4, 0.2]","[u'high', u'low', u'medium']",blue,49,left,high,False,False,358,1450,NA
A2NQO3JAPV0MUQ,Sun Dec 03 2017 09:32:04 GMT-0500 (EST),Sun Dec 03 2017 09:37:48 GMT-0500 (EST),"Mozilla/5.0 (Macintosh; Intel Mac OS X 10_11_5) AppleWebKit/537.36 (KHTML, like Gecko) Chrome/52.0.2743.82 Safari/537.36",38,"[0.8, 0.4, 0.2]","[0.8, 0.4, 0.2]","[u'blue', u'black', u'red']","[u'left', u'middle', u'right']","[0.8, 0.4, 0.2]","[u'high', u'low', u'medium']",blue,49,left,high,True,False,274,1550,NA
A2NQO3JAPV0MUQ,Sun Dec 03 2017 09:32:04 GMT-0500 (EST),Sun Dec 03 2017 09:37:48 GMT-0500 (EST),"Mozilla/5.0 (Macintosh; Intel Mac OS X 10_11_5) AppleWebKit/537.36 (KHTML, like Gecko) Chrome/52.0.2743.82 Safari/537.36",39,"[0.8, 0.4, 0.2]","[0.8, 0.4, 0.2]","[u'blue', u'black', u'red']","[u'left', u'middle', u'right']","[0.8, 0.4, 0.2]","[u'high', u'low', u'medium']",blue,49,left,high,True,False,166,1650,NA
A2NQO3JAPV0MUQ,Sun Dec 03 2017 09:32:04 GMT-0500 (EST),Sun Dec 03 2017 09:37:48 GMT-0500 (EST),"Mozilla/5.0 (Macintosh; Intel Mac OS X 10_11_5) AppleWebKit/537.36 (KHTML, like Gecko) Chrome/52.0.2743.82 Safari/537.36",40,"[0.8, 0.4, 0.2]","[0.8, 0.4, 0.2]","[u'blue', u'black', u'red']","[u'left', u'middle', u'right']","[0.8, 0.4, 0.2]","[u'high', u'low', u'medium']",blue,49,left,high,True,False,341,1750,NA
A2NQO3JAPV0MUQ,Sun Dec 03 2017 09:32:04 GMT-0500 (EST),Sun Dec 03 2017 09:37:48 GMT-0500 (EST),"Mozilla/5.0 (Macintosh; Intel Mac OS X 10_11_5) AppleWebKit/537.36 (KHTML, like Gecko) Chrome/52.0.2743.82 Safari/537.36",41,"[0.8, 0.4, 0.2]","[0.8, 0.4, 0.2]","[u'blue', u'black', u'red']","[u'left', u'middle', u'right']","[0.8, 0.4, 0.2]","[u'low', u'high', u'medium']",blue,49,left,low,False,False,709,1700,NA
A2NQO3JAPV0MUQ,Sun Dec 03 2017 09:32:04 GMT-0500 (EST),Sun Dec 03 2017 09:37:48 GMT-0500 (EST),"Mozilla/5.0 (Macintosh; Intel Mac OS X 10_11_5) AppleWebKit/537.36 (KHTML, like Gecko) Chrome/52.0.2743.82 Safari/537.36",42,"[0.8, 0.4, 0.2]","[0.8, 0.4, 0.2]","[u'blue', u'black', u'red']","[u'left', u'middle', u'right']","[0.8, 0.4, 0.2]","[u'low', u'high', u'medium']",blue,49,left,low,False,False,669,1650,NA
A2NQO3JAPV0MUQ,Sun Dec 03 2017 09:32:04 GMT-0500 (EST),Sun Dec 03 2017 09:37:48 GMT-0500 (EST),"Mozilla/5.0 (Macintosh; Intel Mac OS X 10_11_5) AppleWebKit/537.36 (KHTML, like Gecko) Chrome/52.0.2743.82 Safari/537.36",43,"[0.8, 0.4, 0.2]","[0.8, 0.4, 0.2]","[u'blue', u'black', u'red']","[u'left', u'middle', u'right']","[0.8, 0.4, 0.2]","[u'low', u'high', u'medium']",black,50,middle,high,True,False,383,1750,NA
A2NQO3JAPV0MUQ,Sun Dec 03 2017 09:32:04 GMT-0500 (EST),Sun Dec 03 2017 09:37:48 GMT-0500 (EST),"Mozilla/5.0 (Macintosh; Intel Mac OS X 10_11_5) AppleWebKit/537.36 (KHTML, like Gecko) Chrome/52.0.2743.82 Safari/537.36",44,"[0.8, 0.4, 0.2]","[0.8, 0.4, 0.2]","[u'blue', u'black', u'red']","[u'left', u'middle', u'right']","[0.8, 0.4, 0.2]","[u'low', u'high', u'medium']",black,50,middle,high,False,False,124,1700,NA
A2NQO3JAPV0MUQ,Sun Dec 03 2017 09:32:04 GMT-0500 (EST),Sun Dec 03 2017 09:37:48 GMT-0500 (EST),"Mozilla/5.0 (Macintosh; Intel Mac OS X 10_11_5) AppleWebKit/537.36 (KHTML, like Gecko) Chrome/52.0.2743.82 Safari/537.36",45,"[0.8, 0.4, 0.2]","[0.8, 0.4, 0.2]","[u'blue', u'black', u'red']","[u'left', u'middle', u'right']","[0.8, 0.4, 0.2]","[u'low', u'high', u'medium']",black,50,middle,high,False,False,284,1650,NA
A2NQO3JAPV0MUQ,Sun Dec 03 2017 09:32:04 GMT-0500 (EST),Sun Dec 03 2017 09:37:48 GMT-0500 (EST),"Mozilla/5.0 (Macintosh; Intel Mac OS X 10_11_5) AppleWebKit/537.36 (KHTML, like Gecko) Chrome/52.0.2743.82 Safari/537.36",46,"[0.8, 0.4, 0.2]","[0.8, 0.4, 0.2]","[u'blue', u'black', u'red']","[u'left', u'middle', u'right']","[0.8, 0.4, 0.2]","[u'low', u'high', u'medium']",red,51,right,medium,False,False,271,1600,NA
A2NQO3JAPV0MUQ,Sun Dec 03 2017 09:32:04 GMT-0500 (EST),Sun Dec 03 2017 09:37:48 GMT-0500 (EST),"Mozilla/5.0 (Macintosh; Intel Mac OS X 10_11_5) AppleWebKit/537.36 (KHTML, like Gecko) Chrome/52.0.2743.82 Safari/537.36",47,"[0.8, 0.4, 0.2]","[0.8, 0.4, 0.2]","[u'blue', u'black', u'red']","[u'left', u'middle', u'right']","[0.8, 0.4, 0.2]","[u'low', u'high', u'medium']",red,51,right,medium,False,False,284,1550,NA
A2NQO3JAPV0MUQ,Sun Dec 03 2017 09:32:04 GMT-0500 (EST),Sun Dec 03 2017 09:37:48 GMT-0500 (EST),"Mozilla/5.0 (Macintosh; Intel Mac OS X 10_11_5) AppleWebKit/537.36 (KHTML, like Gecko) Chrome/52.0.2743.82 Safari/537.36",48,"[0.8, 0.4, 0.2]","[0.8, 0.4, 0.2]","[u'blue', u'black', u'red']","[u'left', u'middle', u'right']","[0.8, 0.4, 0.2]","[u'low', u'high', u'medium']",black,50,middle,high,True,False,314,1650,NA
A2NQO3JAPV0MUQ,Sun Dec 03 2017 09:32:04 GMT-0500 (EST),Sun Dec 03 2017 09:37:48 GMT-0500 (EST),"Mozilla/5.0 (Macintosh; Intel Mac OS X 10_11_5) AppleWebKit/537.36 (KHTML, like Gecko) Chrome/52.0.2743.82 Safari/537.36",49,"[0.8, 0.4, 0.2]","[0.8, 0.4, 0.2]","[u'blue', u'black', u'red']","[u'left', u'middle', u'right']","[0.8, 0.4, 0.2]","[u'low', u'high', u'medium']",black,50,middle,high,True,False,316,1750,NA
A2NQO3JAPV0MUQ,Sun Dec 03 2017 09:32:04 GMT-0500 (EST),Sun Dec 03 2017 09:37:48 GMT-0500 (EST),"Mozilla/5.0 (Macintosh; Intel Mac OS X 10_11_5) AppleWebKit/537.36 (KHTML, like Gecko) Chrome/52.0.2743.82 Safari/537.36",50,"[0.8, 0.4, 0.2]","[0.8, 0.4, 0.2]","[u'blue', u'black', u'red']","[u'left', u'middle', u'right']","[0.8, 0.4, 0.2]","[u'low', u'high', u'medium']",black,50,middle,high,True,False,252,1850,NA
A2NQO3JAPV0MUQ,Sun Dec 03 2017 09:32:04 GMT-0500 (EST),Sun Dec 03 2017 09:37:48 GMT-0500 (EST),"Mozilla/5.0 (Macintosh; Intel Mac OS X 10_11_5) AppleWebKit/537.36 (KHTML, like Gecko) Chrome/52.0.2743.82 Safari/537.36",51,"[0.8, 0.4, 0.2]","[0.8, 0.4, 0.2]","[u'blue', u'black', u'red']","[u'left', u'middle', u'right']","[0.8, 0.4, 0.2]","[u'low', u'high', u'medium']",black,50,middle,high,False,False,283,1800,NA
A2NQO3JAPV0MUQ,Sun Dec 03 2017 09:32:04 GMT-0500 (EST),Sun Dec 03 2017 09:37:48 GMT-0500 (EST),"Mozilla/5.0 (Macintosh; Intel Mac OS X 10_11_5) AppleWebKit/537.36 (KHTML, like Gecko) Chrome/52.0.2743.82 Safari/537.36",52,"[0.8, 0.4, 0.2]","[0.8, 0.4, 0.2]","[u'blue', u'black', u'red']","[u'left', u'middle', u'right']","[0.8, 0.4, 0.2]","[u'low', u'high', u'medium']",black,50,middle,high,True,False,126,1900,NA
A2NQO3JAPV0MUQ,Sun Dec 03 2017 09:32:04 GMT-0500 (EST),Sun Dec 03 2017 09:37:48 GMT-0500 (EST),"Mozilla/5.0 (Macintosh; Intel Mac OS X 10_11_5) AppleWebKit/537.36 (KHTML, like Gecko) Chrome/52.0.2743.82 Safari/537.36",53,"[0.8, 0.4, 0.2]","[0.8, 0.4, 0.2]","[u'blue', u'black', u'red']","[u'left', u'middle', u'right']","[0.8, 0.4, 0.2]","[u'low', u'high', u'medium']",black,50,middle,high,True,False,311,2000,NA
A2NQO3JAPV0MUQ,Sun Dec 03 2017 09:32:04 GMT-0500 (EST),Sun Dec 03 2017 09:37:48 GMT-0500 (EST),"Mozilla/5.0 (Macintosh; Intel Mac OS X 10_11_5) AppleWebKit/537.36 (KHTML, like Gecko) Chrome/52.0.2743.82 Safari/537.36",54,"[0.8, 0.4, 0.2]","[0.8, 0.4, 0.2]","[u'blue', u'black', u'red']","[u'left', u'middle', u'right']","[0.8, 0.4, 0.2]","[u'low', u'high', u'medium']",black,50,middle,high,True,False,289,2100,NA
A2NQO3JAPV0MUQ,Sun Dec 03 2017 09:32:04 GMT-0500 (EST),Sun Dec 03 2017 09:37:48 GMT-0500 (EST),"Mozilla/5.0 (Macintosh; Intel Mac OS X 10_11_5) AppleWebKit/537.36 (KHTML, like Gecko) Chrome/52.0.2743.82 Safari/537.36",55,"[0.8, 0.4, 0.2]","[0.8, 0.4, 0.2]","[u'blue', u'black', u'red']","[u'left', u'middle', u'right']","[0.8, 0.4, 0.2]","[u'low', u'high', u'medium']",black,50,middle,high,True,False,301,2200,NA
A2NQO3JAPV0MUQ,Sun Dec 03 2017 09:32:04 GMT-0500 (EST),Sun Dec 03 2017 09:37:48 GMT-0500 (EST),"Mozilla/5.0 (Macintosh; Intel Mac OS X 10_11_5) AppleWebKit/537.36 (KHTML, like Gecko) Chrome/52.0.2743.82 Safari/537.36",56,"[0.8, 0.4, 0.2]","[0.8, 0.4, 0.2]","[u'blue', u'black', u'red']","[u'left', u'middle', u'right']","[0.8, 0.4, 0.2]","[u'low', u'high', u'medium']",black,50,middle,high,True,True,314,2300,NA
A2NQO3JAPV0MUQ,Sun Dec 03 2017 09:32:04 GMT-0500 (EST),Sun Dec 03 2017 09:37:48 GMT-0500 (EST),"Mozilla/5.0 (Macintosh; Intel Mac OS X 10_11_5) AppleWebKit/537.36 (KHTML, like Gecko) Chrome/52.0.2743.82 Safari/537.36",57,"[0.8, 0.4, 0.2]","[0.8, 0.4, 0.2]","[u'blue', u'black', u'red']","[u'left', u'middle', u'right']","[0.8, 0.4, 0.2]","[u'low', u'medium', u'high']",black,50,middle,medium,False,False,360,2250,NA
A2NQO3JAPV0MUQ,Sun Dec 03 2017 09:32:04 GMT-0500 (EST),Sun Dec 03 2017 09:37:48 GMT-0500 (EST),"Mozilla/5.0 (Macintosh; Intel Mac OS X 10_11_5) AppleWebKit/537.36 (KHTML, like Gecko) Chrome/52.0.2743.82 Safari/537.36",58,"[0.8, 0.4, 0.2]","[0.8, 0.4, 0.2]","[u'blue', u'black', u'red']","[u'left', u'middle', u'right']","[0.8, 0.4, 0.2]","[u'low', u'medium', u'high']",black,50,middle,medium,True,False,261,2350,NA
A2NQO3JAPV0MUQ,Sun Dec 03 2017 09:32:04 GMT-0500 (EST),Sun Dec 03 2017 09:37:48 GMT-0500 (EST),"Mozilla/5.0 (Macintosh; Intel Mac OS X 10_11_5) AppleWebKit/537.36 (KHTML, like Gecko) Chrome/52.0.2743.82 Safari/537.36",59,"[0.8, 0.4, 0.2]","[0.8, 0.4, 0.2]","[u'blue', u'black', u'red']","[u'left', u'middle', u'right']","[0.8, 0.4, 0.2]","[u'low', u'medium', u'high']",black,50,middle,medium,False,False,252,2300,NA
A2NQO3JAPV0MUQ,Sun Dec 03 2017 09:32:04 GMT-0500 (EST),Sun Dec 03 2017 09:37:48 GMT-0500 (EST),"Mozilla/5.0 (Macintosh; Intel Mac OS X 10_11_5) AppleWebKit/537.36 (KHTML, like Gecko) Chrome/52.0.2743.82 Safari/537.36",60,"[0.8, 0.4, 0.2]","[0.8, 0.4, 0.2]","[u'blue', u'black', u'red']","[u'left', u'middle', u'right']","[0.8, 0.4, 0.2]","[u'low', u'medium', u'high']",black,50,middle,medium,False,False,242,2250,NA
A2NQO3JAPV0MUQ,Sun Dec 03 2017 09:32:04 GMT-0500 (EST),Sun Dec 03 2017 09:37:48 GMT-0500 (EST),"Mozilla/5.0 (Macintosh; Intel Mac OS X 10_11_5) AppleWebKit/537.36 (KHTML, like Gecko) Chrome/52.0.2743.82 Safari/537.36",61,"[0.8, 0.4, 0.2]","[0.8, 0.4, 0.2]","[u'blue', u'black', u'red']","[u'left', u'middle', u'right']","[0.8, 0.4, 0.2]","[u'low', u'medium', u'high']",blue,49,left,low,False,False,140,2200,NA
A2NQO3JAPV0MUQ,Sun Dec 03 2017 09:32:04 GMT-0500 (EST),Sun Dec 03 2017 09:37:48 GMT-0500 (EST),"Mozilla/5.0 (Macintosh; Intel Mac OS X 10_11_5) AppleWebKit/537.36 (KHTML, like Gecko) Chrome/52.0.2743.82 Safari/537.36",62,"[0.8, 0.4, 0.2]","[0.8, 0.4, 0.2]","[u'blue', u'black', u'red']","[u'left', u'middle', u'right']","[0.8, 0.4, 0.2]","[u'low', u'medium', u'high']",blue,49,left,low,False,False,460,2150,NA
A2NQO3JAPV0MUQ,Sun Dec 03 2017 09:32:04 GMT-0500 (EST),Sun Dec 03 2017 09:37:48 GMT-0500 (EST),"Mozilla/5.0 (Macintosh; Intel Mac OS X 10_11_5) AppleWebKit/537.36 (KHTML, like Gecko) Chrome/52.0.2743.82 Safari/537.36",63,"[0.8, 0.4, 0.2]","[0.8, 0.4, 0.2]","[u'blue', u'black', u'red']","[u'left', u'middle', u'right']","[0.8, 0.4, 0.2]","[u'low', u'medium', u'high']",red,51,right,high,True,False,194,2250,NA
A2NQO3JAPV0MUQ,Sun Dec 03 2017 09:32:04 GMT-0500 (EST),Sun Dec 03 2017 09:37:48 GMT-0500 (EST),"Mozilla/5.0 (Macintosh; Intel Mac OS X 10_11_5) AppleWebKit/537.36 (KHTML, like Gecko) Chrome/52.0.2743.82 Safari/537.36",64,"[0.8, 0.4, 0.2]","[0.8, 0.4, 0.2]","[u'blue', u'black', u'red']","[u'left', u'middle', u'right']","[0.8, 0.4, 0.2]","[u'low', u'medium', u'high']",red,51,right,high,True,False,232,2350,NA
A2NQO3JAPV0MUQ,Sun Dec 03 2017 09:32:04 GMT-0500 (EST),Sun Dec 03 2017 09:37:48 GMT-0500 (EST),"Mozilla/5.0 (Macintosh; Intel Mac OS X 10_11_5) AppleWebKit/537.36 (KHTML, like Gecko) Chrome/52.0.2743.82 Safari/537.36",65,"[0.8, 0.4, 0.2]","[0.8, 0.4, 0.2]","[u'blue', u'black', u'red']","[u'left', u'middle', u'right']","[0.8, 0.4, 0.2]","[u'low', u'medium', u'high']",red,51,right,high,True,False,337,2450,NA
A2NQO3JAPV0MUQ,Sun Dec 03 2017 09:32:04 GMT-0500 (EST),Sun Dec 03 2017 09:37:48 GMT-0500 (EST),"Mozilla/5.0 (Macintosh; Intel Mac OS X 10_11_5) AppleWebKit/537.36 (KHTML, like Gecko) Chrome/52.0.2743.82 Safari/537.36",66,"[0.8, 0.4, 0.2]","[0.8, 0.4, 0.2]","[u'blue', u'black', u'red']","[u'left', u'middle', u'right']","[0.8, 0.4, 0.2]","[u'low', u'medium', u'high']",red,51,right,high,True,False,217,2550,NA
A2NQO3JAPV0MUQ,Sun Dec 03 2017 09:32:04 GMT-0500 (EST),Sun Dec 03 2017 09:37:48 GMT-0500 (EST),"Mozilla/5.0 (Macintosh; Intel Mac OS X 10_11_5) AppleWebKit/537.36 (KHTML, like Gecko) Chrome/52.0.2743.82 Safari/537.36",67,"[0.8, 0.4, 0.2]","[0.8, 0.4, 0.2]","[u'blue', u'black', u'red']","[u'left', u'middle', u'right']","[0.8, 0.4, 0.2]","[u'low', u'medium', u'high']",red,51,right,high,True,False,289,2650,NA
A2NQO3JAPV0MUQ,Sun Dec 03 2017 09:32:04 GMT-0500 (EST),Sun Dec 03 2017 09:37:48 GMT-0500 (EST),"Mozilla/5.0 (Macintosh; Intel Mac OS X 10_11_5) AppleWebKit/537.36 (KHTML, like Gecko) Chrome/52.0.2743.82 Safari/537.36",68,"[0.8, 0.4, 0.2]","[0.8, 0.4, 0.2]","[u'blue', u'black', u'red']","[u'left', u'middle', u'right']","[0.8, 0.4, 0.2]","[u'low', u'medium', u'high']",red,51,right,high,True,False,271,2750,NA
A2NQO3JAPV0MUQ,Sun Dec 03 2017 09:32:04 GMT-0500 (EST),Sun Dec 03 2017 09:37:48 GMT-0500 (EST),"Mozilla/5.0 (Macintosh; Intel Mac OS X 10_11_5) AppleWebKit/537.36 (KHTML, like Gecko) Chrome/52.0.2743.82 Safari/537.36",69,"[0.8, 0.4, 0.2]","[0.8, 0.4, 0.2]","[u'blue', u'black', u'red']","[u'left', u'middle', u'right']","[0.8, 0.4, 0.2]","[u'low', u'medium', u'high']",red,51,right,high,True,False,331,2850,NA
A2NQO3JAPV0MUQ,Sun Dec 03 2017 09:32:04 GMT-0500 (EST),Sun Dec 03 2017 09:37:48 GMT-0500 (EST),"Mozilla/5.0 (Macintosh; Intel Mac OS X 10_11_5) AppleWebKit/537.36 (KHTML, like Gecko) Chrome/52.0.2743.82 Safari/537.36",70,"[0.8, 0.4, 0.2]","[0.8, 0.4, 0.2]","[u'blue', u'black', u'red']","[u'left', u'middle', u'right']","[0.8, 0.4, 0.2]","[u'low', u'medium', u'high']",red,51,right,high,True,False,360,2950,NA
A2NQO3JAPV0MUQ,Sun Dec 03 2017 09:32:04 GMT-0500 (EST),Sun Dec 03 2017 09:37:48 GMT-0500 (EST),"Mozilla/5.0 (Macintosh; Intel Mac OS X 10_11_5) AppleWebKit/537.36 (KHTML, like Gecko) Chrome/52.0.2743.82 Safari/537.36",71,"[0.8, 0.4, 0.2]","[0.8, 0.4, 0.2]","[u'blue', u'black', u'red']","[u'left', u'middle', u'right']","[0.8, 0.4, 0.2]","[u'low', u'medium', u'high']",red,51,right,high,False,True,485,2900,NA
A2NQO3JAPV0MUQ,Sun Dec 03 2017 09:32:04 GMT-0500 (EST),Sun Dec 03 2017 09:37:48 GMT-0500 (EST),"Mozilla/5.0 (Macintosh; Intel Mac OS X 10_11_5) AppleWebKit/537.36 (KHTML, like Gecko) Chrome/52.0.2743.82 Safari/537.36",72,"[0.8, 0.4, 0.2]","[0.8, 0.4, 0.2]","[u'blue', u'black', u'red']","[u'left', u'middle', u'right']","[0.8, 0.4, 0.2]","[u'high', u'medium', u'low']",red,51,right,low,True,False,336,3000,NA
A2NQO3JAPV0MUQ,Sun Dec 03 2017 09:32:04 GMT-0500 (EST),Sun Dec 03 2017 09:37:48 GMT-0500 (EST),"Mozilla/5.0 (Macintosh; Intel Mac OS X 10_11_5) AppleWebKit/537.36 (KHTML, like Gecko) Chrome/52.0.2743.82 Safari/537.36",73,"[0.8, 0.4, 0.2]","[0.8, 0.4, 0.2]","[u'blue', u'black', u'red']","[u'left', u'middle', u'right']","[0.8, 0.4, 0.2]","[u'high', u'medium', u'low']",red,51,right,low,True,False,290,3100,NA
A2NQO3JAPV0MUQ,Sun Dec 03 2017 09:32:04 GMT-0500 (EST),Sun Dec 03 2017 09:37:48 GMT-0500 (EST),"Mozilla/5.0 (Macintosh; Intel Mac OS X 10_11_5) AppleWebKit/537.36 (KHTML, like Gecko) Chrome/52.0.2743.82 Safari/537.36",74,"[0.8, 0.4, 0.2]","[0.8, 0.4, 0.2]","[u'blue', u'black', u'red']","[u'left', u'middle', u'right']","[0.8, 0.4, 0.2]","[u'high', u'medium', u'low']",red,51,right,low,False,False,302,3050,NA
A2NQO3JAPV0MUQ,Sun Dec 03 2017 09:32:04 GMT-0500 (EST),Sun Dec 03 2017 09:37:48 GMT-0500 (EST),"Mozilla/5.0 (Macintosh; Intel Mac OS X 10_11_5) AppleWebKit/537.36 (KHTML, like Gecko) Chrome/52.0.2743.82 Safari/537.36",75,"[0.8, 0.4, 0.2]","[0.8, 0.4, 0.2]","[u'blue', u'black', u'red']","[u'left', u'middle', u'right']","[0.8, 0.4, 0.2]","[u'high', u'medium', u'low']",red,51,right,low,False,False,242,3000,NA
A2NQO3JAPV0MUQ,Sun Dec 03 2017 09:32:04 GMT-0500 (EST),Sun Dec 03 2017 09:37:48 GMT-0500 (EST),"Mozilla/5.0 (Macintosh; Intel Mac OS X 10_11_5) AppleWebKit/537.36 (KHTML, like Gecko) Chrome/52.0.2743.82 Safari/537.36",76,"[0.8, 0.4, 0.2]","[0.8, 0.4, 0.2]","[u'blue', u'black', u'red']","[u'left', u'middle', u'right']","[0.8, 0.4, 0.2]","[u'high', u'medium', u'low']",black,50,middle,medium,False,False,418,2950,NA
A2NQO3JAPV0MUQ,Sun Dec 03 2017 09:32:04 GMT-0500 (EST),Sun Dec 03 2017 09:37:48 GMT-0500 (EST),"Mozilla/5.0 (Macintosh; Intel Mac OS X 10_11_5) AppleWebKit/537.36 (KHTML, like Gecko) Chrome/52.0.2743.82 Safari/537.36",77,"[0.8, 0.4, 0.2]","[0.8, 0.4, 0.2]","[u'blue', u'black', u'red']","[u'left', u'middle', u'right']","[0.8, 0.4, 0.2]","[u'high', u'medium', u'low']",black,50,middle,medium,False,False,168,2900,NA
A2NQO3JAPV0MUQ,Sun Dec 03 2017 09:32:04 GMT-0500 (EST),Sun Dec 03 2017 09:37:48 GMT-0500 (EST),"Mozilla/5.0 (Macintosh; Intel Mac OS X 10_11_5) AppleWebKit/537.36 (KHTML, like Gecko) Chrome/52.0.2743.82 Safari/537.36",78,"[0.8, 0.4, 0.2]","[0.8, 0.4, 0.2]","[u'blue', u'black', u'red']","[u'left', u'middle', u'right']","[0.8, 0.4, 0.2]","[u'high', u'medium', u'low']",blue,49,left,high,True,False,334,3000,NA
A2NQO3JAPV0MUQ,Sun Dec 03 2017 09:32:04 GMT-0500 (EST),Sun Dec 03 2017 09:37:48 GMT-0500 (EST),"Mozilla/5.0 (Macintosh; Intel Mac OS X 10_11_5) AppleWebKit/537.36 (KHTML, like Gecko) Chrome/52.0.2743.82 Safari/537.36",79,"[0.8, 0.4, 0.2]","[0.8, 0.4, 0.2]","[u'blue', u'black', u'red']","[u'left', u'middle', u'right']","[0.8, 0.4, 0.2]","[u'high', u'medium', u'low']",blue,49,left,high,False,False,407,2950,NA
A2NQO3JAPV0MUQ,Sun Dec 03 2017 09:32:04 GMT-0500 (EST),Sun Dec 03 2017 09:37:48 GMT-0500 (EST),"Mozilla/5.0 (Macintosh; Intel Mac OS X 10_11_5) AppleWebKit/537.36 (KHTML, like Gecko) Chrome/52.0.2743.82 Safari/537.36",80,"[0.8, 0.4, 0.2]","[0.8, 0.4, 0.2]","[u'blue', u'black', u'red']","[u'left', u'middle', u'right']","[0.8, 0.4, 0.2]","[u'high', u'medium', u'low']",blue,49,left,high,True,False,310,3050,NA
A2NQO3JAPV0MUQ,Sun Dec 03 2017 09:32:04 GMT-0500 (EST),Sun Dec 03 2017 09:37:48 GMT-0500 (EST),"Mozilla/5.0 (Macintosh; Intel Mac OS X 10_11_5) AppleWebKit/537.36 (KHTML, like Gecko) Chrome/52.0.2743.82 Safari/537.36",81,"[0.8, 0.4, 0.2]","[0.8, 0.4, 0.2]","[u'blue', u'black', u'red']","[u'left', u'middle', u'right']","[0.8, 0.4, 0.2]","[u'medium', u'low', u'high']",blue,49,left,medium,True,False,358,3150,NA
A2NQO3JAPV0MUQ,Sun Dec 03 2017 09:32:04 GMT-0500 (EST),Sun Dec 03 2017 09:37:48 GMT-0500 (EST),"Mozilla/5.0 (Macintosh; Intel Mac OS X 10_11_5) AppleWebKit/537.36 (KHTML, like Gecko) Chrome/52.0.2743.82 Safari/537.36",82,"[0.8, 0.4, 0.2]","[0.8, 0.4, 0.2]","[u'blue', u'black', u'red']","[u'left', u'middle', u'right']","[0.8, 0.4, 0.2]","[u'medium', u'low', u'high']",blue,49,left,medium,True,False,323,3250,NA
A2NQO3JAPV0MUQ,Sun Dec 03 2017 09:32:04 GMT-0500 (EST),Sun Dec 03 2017 09:37:48 GMT-0500 (EST),"Mozilla/5.0 (Macintosh; Intel Mac OS X 10_11_5) AppleWebKit/537.36 (KHTML, like Gecko) Chrome/52.0.2743.82 Safari/537.36",83,"[0.8, 0.4, 0.2]","[0.8, 0.4, 0.2]","[u'blue', u'black', u'red']","[u'left', u'middle', u'right']","[0.8, 0.4, 0.2]","[u'medium', u'low', u'high']",blue,49,left,medium,False,False,367,3200,NA
A2NQO3JAPV0MUQ,Sun Dec 03 2017 09:32:04 GMT-0500 (EST),Sun Dec 03 2017 09:37:48 GMT-0500 (EST),"Mozilla/5.0 (Macintosh; Intel Mac OS X 10_11_5) AppleWebKit/537.36 (KHTML, like Gecko) Chrome/52.0.2743.82 Safari/537.36",84,"[0.8, 0.4, 0.2]","[0.8, 0.4, 0.2]","[u'blue', u'black', u'red']","[u'left', u'middle', u'right']","[0.8, 0.4, 0.2]","[u'medium', u'low', u'high']",blue,49,left,medium,False,False,217,3150,NA
A2NQO3JAPV0MUQ,Sun Dec 03 2017 09:32:04 GMT-0500 (EST),Sun Dec 03 2017 09:37:48 GMT-0500 (EST),"Mozilla/5.0 (Macintosh; Intel Mac OS X 10_11_5) AppleWebKit/537.36 (KHTML, like Gecko) Chrome/52.0.2743.82 Safari/537.36",85,"[0.8, 0.4, 0.2]","[0.8, 0.4, 0.2]","[u'blue', u'black', u'red']","[u'left', u'middle', u'right']","[0.8, 0.4, 0.2]","[u'medium', u'low', u'high']",blue,49,left,medium,False,False,203,3100,NA
A2NQO3JAPV0MUQ,Sun Dec 03 2017 09:32:04 GMT-0500 (EST),Sun Dec 03 2017 09:37:48 GMT-0500 (EST),"Mozilla/5.0 (Macintosh; Intel Mac OS X 10_11_5) AppleWebKit/537.36 (KHTML, like Gecko) Chrome/52.0.2743.82 Safari/537.36",86,"[0.8, 0.4, 0.2]","[0.8, 0.4, 0.2]","[u'blue', u'black', u'red']","[u'left', u'middle', u'right']","[0.8, 0.4, 0.2]","[u'medium', u'low', u'high']",black,50,middle,low,False,False,166,3050,NA
A2NQO3JAPV0MUQ,Sun Dec 03 2017 09:32:04 GMT-0500 (EST),Sun Dec 03 2017 09:37:48 GMT-0500 (EST),"Mozilla/5.0 (Macintosh; Intel Mac OS X 10_11_5) AppleWebKit/537.36 (KHTML, like Gecko) Chrome/52.0.2743.82 Safari/537.36",87,"[0.8, 0.4, 0.2]","[0.8, 0.4, 0.2]","[u'blue', u'black', u'red']","[u'left', u'middle', u'right']","[0.8, 0.4, 0.2]","[u'medium', u'low', u'high']",red,51,right,high,False,False,317,3000,NA
A2NQO3JAPV0MUQ,Sun Dec 03 2017 09:32:04 GMT-0500 (EST),Sun Dec 03 2017 09:37:48 GMT-0500 (EST),"Mozilla/5.0 (Macintosh; Intel Mac OS X 10_11_5) AppleWebKit/537.36 (KHTML, like Gecko) Chrome/52.0.2743.82 Safari/537.36",88,"[0.8, 0.4, 0.2]","[0.8, 0.4, 0.2]","[u'blue', u'black', u'red']","[u'left', u'middle', u'right']","[0.8, 0.4, 0.2]","[u'medium', u'low', u'high']",black,50,middle,low,False,False,191,2950,NA
A2NQO3JAPV0MUQ,Sun Dec 03 2017 09:32:04 GMT-0500 (EST),Sun Dec 03 2017 09:37:48 GMT-0500 (EST),"Mozilla/5.0 (Macintosh; Intel Mac OS X 10_11_5) AppleWebKit/537.36 (KHTML, like Gecko) Chrome/52.0.2743.82 Safari/537.36",89,"[0.8, 0.4, 0.2]","[0.8, 0.4, 0.2]","[u'blue', u'black', u'red']","[u'left', u'middle', u'right']","[0.8, 0.4, 0.2]","[u'medium', u'low', u'high']",red,51,right,high,True,False,292,3050,NA
A2NQO3JAPV0MUQ,Sun Dec 03 2017 09:32:04 GMT-0500 (EST),Sun Dec 03 2017 09:37:48 GMT-0500 (EST),"Mozilla/5.0 (Macintosh; Intel Mac OS X 10_11_5) AppleWebKit/537.36 (KHTML, like Gecko) Chrome/52.0.2743.82 Safari/537.36",90,"[0.8, 0.4, 0.2]","[0.8, 0.4, 0.2]","[u'blue', u'black', u'red']","[u'left', u'middle', u'right']","[0.8, 0.4, 0.2]","[u'medium', u'low', u'high']",red,51,right,high,True,False,324,3150,NA
A2NQO3JAPV0MUQ,Sun Dec 03 2017 09:32:04 GMT-0500 (EST),Sun Dec 03 2017 09:37:48 GMT-0500 (EST),"Mozilla/5.0 (Macintosh; Intel Mac OS X 10_11_5) AppleWebKit/537.36 (KHTML, like Gecko) Chrome/52.0.2743.82 Safari/537.36",91,"[0.8, 0.4, 0.2]","[0.8, 0.4, 0.2]","[u'blue', u'black', u'red']","[u'left', u'middle', u'right']","[0.8, 0.4, 0.2]","[u'medium', u'low', u'high']",red,51,right,high,True,False,336,3250,NA
A2NQO3JAPV0MUQ,Sun Dec 03 2017 09:32:04 GMT-0500 (EST),Sun Dec 03 2017 09:37:48 GMT-0500 (EST),"Mozilla/5.0 (Macintosh; Intel Mac OS X 10_11_5) AppleWebKit/537.36 (KHTML, like Gecko) Chrome/52.0.2743.82 Safari/537.36",92,"[0.8, 0.4, 0.2]","[0.8, 0.4, 0.2]","[u'blue', u'black', u'red']","[u'left', u'middle', u'right']","[0.8, 0.4, 0.2]","[u'medium', u'low', u'high']",red,51,right,high,True,False,285,3350,NA
A2NQO3JAPV0MUQ,Sun Dec 03 2017 09:32:04 GMT-0500 (EST),Sun Dec 03 2017 09:37:48 GMT-0500 (EST),"Mozilla/5.0 (Macintosh; Intel Mac OS X 10_11_5) AppleWebKit/537.36 (KHTML, like Gecko) Chrome/52.0.2743.82 Safari/537.36",93,"[0.8, 0.4, 0.2]","[0.8, 0.4, 0.2]","[u'blue', u'black', u'red']","[u'left', u'middle', u'right']","[0.8, 0.4, 0.2]","[u'medium', u'low', u'high']",red,51,right,high,True,False,216,3450,NA
A2NQO3JAPV0MUQ,Sun Dec 03 2017 09:32:04 GMT-0500 (EST),Sun Dec 03 2017 09:37:48 GMT-0500 (EST),"Mozilla/5.0 (Macintosh; Intel Mac OS X 10_11_5) AppleWebKit/537.36 (KHTML, like Gecko) Chrome/52.0.2743.82 Safari/537.36",94,"[0.8, 0.4, 0.2]","[0.8, 0.4, 0.2]","[u'blue', u'black', u'red']","[u'left', u'middle', u'right']","[0.8, 0.4, 0.2]","[u'medium', u'low', u'high']",red,51,right,high,True,False,328,3550,NA
A2NQO3JAPV0MUQ,Sun Dec 03 2017 09:32:04 GMT-0500 (EST),Sun Dec 03 2017 09:37:48 GMT-0500 (EST),"Mozilla/5.0 (Macintosh; Intel Mac OS X 10_11_5) AppleWebKit/537.36 (KHTML, like Gecko) Chrome/52.0.2743.82 Safari/537.36",95,"[0.8, 0.4, 0.2]","[0.8, 0.4, 0.2]","[u'blue', u'black', u'red']","[u'left', u'middle', u'right']","[0.8, 0.4, 0.2]","[u'medium', u'low', u'high']",red,51,right,high,True,False,239,3650,NA
A2NQO3JAPV0MUQ,Sun Dec 03 2017 09:32:04 GMT-0500 (EST),Sun Dec 03 2017 09:37:48 GMT-0500 (EST),"Mozilla/5.0 (Macintosh; Intel Mac OS X 10_11_5) AppleWebKit/537.36 (KHTML, like Gecko) Chrome/52.0.2743.82 Safari/537.36",96,"[0.8, 0.4, 0.2]","[0.8, 0.4, 0.2]","[u'blue', u'black', u'red']","[u'left', u'middle', u'right']","[0.8, 0.4, 0.2]","[u'medium', u'low', u'high']",red,51,right,high,True,True,216,3750,NA
A2NQO3JAPV0MUQ,Sun Dec 03 2017 09:32:04 GMT-0500 (EST),Sun Dec 03 2017 09:37:48 GMT-0500 (EST),"Mozilla/5.0 (Macintosh; Intel Mac OS X 10_11_5) AppleWebKit/537.36 (KHTML, like Gecko) Chrome/52.0.2743.82 Safari/537.36",97,"[0.8, 0.4, 0.2]","[0.8, 0.4, 0.2]","[u'blue', u'black', u'red']","[u'left', u'middle', u'right']","[0.8, 0.4, 0.2]","[u'medium', u'high', u'low']",red,51,right,low,False,False,331,3700,NA
A2NQO3JAPV0MUQ,Sun Dec 03 2017 09:32:04 GMT-0500 (EST),Sun Dec 03 2017 09:37:48 GMT-0500 (EST),"Mozilla/5.0 (Macintosh; Intel Mac OS X 10_11_5) AppleWebKit/537.36 (KHTML, like Gecko) Chrome/52.0.2743.82 Safari/537.36",98,"[0.8, 0.4, 0.2]","[0.8, 0.4, 0.2]","[u'blue', u'black', u'red']","[u'left', u'middle', u'right']","[0.8, 0.4, 0.2]","[u'medium', u'high', u'low']",red,51,right,low,False,False,459,3650,NA
A2NQO3JAPV0MUQ,Sun Dec 03 2017 09:32:04 GMT-0500 (EST),Sun Dec 03 2017 09:37:48 GMT-0500 (EST),"Mozilla/5.0 (Macintosh; Intel Mac OS X 10_11_5) AppleWebKit/537.36 (KHTML, like Gecko) Chrome/52.0.2743.82 Safari/537.36",99,"[0.8, 0.4, 0.2]","[0.8, 0.4, 0.2]","[u'blue', u'black', u'red']","[u'left', u'middle', u'right']","[0.8, 0.4, 0.2]","[u'medium', u'high', u'low']",black,50,middle,high,False,False,258,3600,NA
A2NQO3JAPV0MUQ,Sun Dec 03 2017 09:32:04 GMT-0500 (EST),Sun Dec 03 2017 09:37:48 GMT-0500 (EST),"Mozilla/5.0 (Macintosh; Intel Mac OS X 10_11_5) AppleWebKit/537.36 (KHTML, like Gecko) Chrome/52.0.2743.82 Safari/537.36",100,"[0.8, 0.4, 0.2]","[0.8, 0.4, 0.2]","[u'blue', u'black', u'red']","[u'left', u'middle', u'right']","[0.8, 0.4, 0.2]","[u'medium', u'high', u'low']",blue,49,left,medium,False,False,327,3550,NA
A2NQO3JAPV0MUQ,Sun Dec 03 2017 09:32:04 GMT-0500 (EST),Sun Dec 03 2017 09:37:48 GMT-0500 (EST),"Mozilla/5.0 (Macintosh; Intel Mac OS X 10_11_5) AppleWebKit/537.36 (KHTML, like Gecko) Chrome/52.0.2743.82 Safari/537.36",101,"[0.8, 0.4, 0.2]","[0.8, 0.4, 0.2]","[u'blue', u'black', u'red']","[u'left', u'middle', u'right']","[0.8, 0.4, 0.2]","[u'medium', u'high', u'low']",black,50,middle,high,True,False,161,3650,NA
A2NQO3JAPV0MUQ,Sun Dec 03 2017 09:32:04 GMT-0500 (EST),Sun Dec 03 2017 09:37:48 GMT-0500 (EST),"Mozilla/5.0 (Macintosh; Intel Mac OS X 10_11_5) AppleWebKit/537.36 (KHTML, like Gecko) Chrome/52.0.2743.82 Safari/537.36",102,"[0.8, 0.4, 0.2]","[0.8, 0.4, 0.2]","[u'blue', u'black', u'red']","[u'left', u'middle', u'right']","[0.8, 0.4, 0.2]","[u'medium', u'high', u'low']",black,50,middle,high,True,False,390,3750,NA
A2NQO3JAPV0MUQ,Sun Dec 03 2017 09:32:04 GMT-0500 (EST),Sun Dec 03 2017 09:37:48 GMT-0500 (EST),"Mozilla/5.0 (Macintosh; Intel Mac OS X 10_11_5) AppleWebKit/537.36 (KHTML, like Gecko) Chrome/52.0.2743.82 Safari/537.36",103,"[0.8, 0.4, 0.2]","[0.8, 0.4, 0.2]","[u'blue', u'black', u'red']","[u'left', u'middle', u'right']","[0.8, 0.4, 0.2]","[u'medium', u'high', u'low']",black,50,middle,high,True,False,320,3850,NA
A2NQO3JAPV0MUQ,Sun Dec 03 2017 09:32:04 GMT-0500 (EST),Sun Dec 03 2017 09:37:48 GMT-0500 (EST),"Mozilla/5.0 (Macintosh; Intel Mac OS X 10_11_5) AppleWebKit/537.36 (KHTML, like Gecko) Chrome/52.0.2743.82 Safari/537.36",104,"[0.8, 0.4, 0.2]","[0.8, 0.4, 0.2]","[u'blue', u'black', u'red']","[u'left', u'middle', u'right']","[0.8, 0.4, 0.2]","[u'medium', u'high', u'low']",black,50,middle,high,True,False,216,3950,NA
A2NQO3JAPV0MUQ,Sun Dec 03 2017 09:32:04 GMT-0500 (EST),Sun Dec 03 2017 09:37:48 GMT-0500 (EST),"Mozilla/5.0 (Macintosh; Intel Mac OS X 10_11_5) AppleWebKit/537.36 (KHTML, like Gecko) Chrome/52.0.2743.82 Safari/537.36",105,"[0.8, 0.4, 0.2]","[0.8, 0.4, 0.2]","[u'blue', u'black', u'red']","[u'left', u'middle', u'right']","[0.8, 0.4, 0.2]","[u'medium', u'high', u'low']",black,50,middle,high,True,False,103,4050,NA
A2NQO3JAPV0MUQ,Sun Dec 03 2017 09:32:04 GMT-0500 (EST),Sun Dec 03 2017 09:37:48 GMT-0500 (EST),"Mozilla/5.0 (Macintosh; Intel Mac OS X 10_11_5) AppleWebKit/537.36 (KHTML, like Gecko) Chrome/52.0.2743.82 Safari/537.36",106,"[0.8, 0.4, 0.2]","[0.8, 0.4, 0.2]","[u'blue', u'black', u'red']","[u'left', u'middle', u'right']","[0.8, 0.4, 0.2]","[u'medium', u'high', u'low']",black,50,middle,high,True,False,340,4150,NA
A2NQO3JAPV0MUQ,Sun Dec 03 2017 09:32:04 GMT-0500 (EST),Sun Dec 03 2017 09:37:48 GMT-0500 (EST),"Mozilla/5.0 (Macintosh; Intel Mac OS X 10_11_5) AppleWebKit/537.36 (KHTML, like Gecko) Chrome/52.0.2743.82 Safari/537.36",107,"[0.8, 0.4, 0.2]","[0.8, 0.4, 0.2]","[u'blue', u'black', u'red']","[u'left', u'middle', u'right']","[0.8, 0.4, 0.2]","[u'medium', u'high', u'low']",black,50,middle,high,True,False,348,4250,NA
A2NQO3JAPV0MUQ,Sun Dec 03 2017 09:32:04 GMT-0500 (EST),Sun Dec 03 2017 09:37:48 GMT-0500 (EST),"Mozilla/5.0 (Macintosh; Intel Mac OS X 10_11_5) AppleWebKit/537.36 (KHTML, like Gecko) Chrome/52.0.2743.82 Safari/537.36",108,"[0.8, 0.4, 0.2]","[0.8, 0.4, 0.2]","[u'blue', u'black', u'red']","[u'left', u'middle', u'right']","[0.8, 0.4, 0.2]","[u'medium', u'high', u'low']",black,50,middle,high,False,True,303,4200,NA
A2NQO3JAPV0MUQ,Sun Dec 03 2017 09:32:04 GMT-0500 (EST),Sun Dec 03 2017 09:37:48 GMT-0500 (EST),"Mozilla/5.0 (Macintosh; Intel Mac OS X 10_11_5) AppleWebKit/537.36 (KHTML, like Gecko) Chrome/52.0.2743.82 Safari/537.36",109,"[0.8, 0.4, 0.2]","[0.8, 0.4, 0.2]","[u'blue', u'black', u'red']","[u'left', u'middle', u'right']","[0.8, 0.4, 0.2]","[u'high', u'low', u'medium']",black,50,middle,low,False,False,643,4150,NA
A2NQO3JAPV0MUQ,Sun Dec 03 2017 09:32:04 GMT-0500 (EST),Sun Dec 03 2017 09:37:48 GMT-0500 (EST),"Mozilla/5.0 (Macintosh; Intel Mac OS X 10_11_5) AppleWebKit/537.36 (KHTML, like Gecko) Chrome/52.0.2743.82 Safari/537.36",110,"[0.8, 0.4, 0.2]","[0.8, 0.4, 0.2]","[u'blue', u'black', u'red']","[u'left', u'middle', u'right']","[0.8, 0.4, 0.2]","[u'high', u'low', u'medium']",blue,49,left,high,True,False,359,4250,NA
A2NQO3JAPV0MUQ,Sun Dec 03 2017 09:32:04 GMT-0500 (EST),Sun Dec 03 2017 09:37:48 GMT-0500 (EST),"Mozilla/5.0 (Macintosh; Intel Mac OS X 10_11_5) AppleWebKit/537.36 (KHTML, like Gecko) Chrome/52.0.2743.82 Safari/537.36",111,"[0.8, 0.4, 0.2]","[0.8, 0.4, 0.2]","[u'blue', u'black', u'red']","[u'left', u'middle', u'right']","[0.8, 0.4, 0.2]","[u'high', u'low', u'medium']",blue,49,left,high,True,False,324,4350,NA
A2NQO3JAPV0MUQ,Sun Dec 03 2017 09:32:04 GMT-0500 (EST),Sun Dec 03 2017 09:37:48 GMT-0500 (EST),"Mozilla/5.0 (Macintosh; Intel Mac OS X 10_11_5) AppleWebKit/537.36 (KHTML, like Gecko) Chrome/52.0.2743.82 Safari/537.36",112,"[0.8, 0.4, 0.2]","[0.8, 0.4, 0.2]","[u'blue', u'black', u'red']","[u'left', u'middle', u'right']","[0.8, 0.4, 0.2]","[u'high', u'low', u'medium']",blue,49,left,high,True,False,359,4450,NA
A2NQO3JAPV0MUQ,Sun Dec 03 2017 09:32:04 GMT-0500 (EST),Sun Dec 03 2017 09:37:48 GMT-0500 (EST),"Mozilla/5.0 (Macintosh; Intel Mac OS X 10_11_5) AppleWebKit/537.36 (KHTML, like Gecko) Chrome/52.0.2743.82 Safari/537.36",113,"[0.8, 0.4, 0.2]","[0.8, 0.4, 0.2]","[u'blue', u'black', u'red']","[u'left', u'middle', u'right']","[0.8, 0.4, 0.2]","[u'high', u'low', u'medium']",blue,49,left,high,True,False,363,4550,NA
A2NQO3JAPV0MUQ,Sun Dec 03 2017 09:32:04 GMT-0500 (EST),Sun Dec 03 2017 09:37:48 GMT-0500 (EST),"Mozilla/5.0 (Macintosh; Intel Mac OS X 10_11_5) AppleWebKit/537.36 (KHTML, like Gecko) Chrome/52.0.2743.82 Safari/537.36",114,"[0.8, 0.4, 0.2]","[0.8, 0.4, 0.2]","[u'blue', u'black', u'red']","[u'left', u'middle', u'right']","[0.8, 0.4, 0.2]","[u'high', u'low', u'medium']",blue,49,left,high,True,False,239,4650,NA
A2NQO3JAPV0MUQ,Sun Dec 03 2017 09:32:04 GMT-0500 (EST),Sun Dec 03 2017 09:37:48 GMT-0500 (EST),"Mozilla/5.0 (Macintosh; Intel Mac OS X 10_11_5) AppleWebKit/537.36 (KHTML, like Gecko) Chrome/52.0.2743.82 Safari/537.36",115,"[0.8, 0.4, 0.2]","[0.8, 0.4, 0.2]","[u'blue', u'black', u'red']","[u'left', u'middle', u'right']","[0.8, 0.4, 0.2]","[u'high', u'low', u'medium']",blue,49,left,high,True,False,274,4750,NA
A2NQO3JAPV0MUQ,Sun Dec 03 2017 09:32:04 GMT-0500 (EST),Sun Dec 03 2017 09:37:48 GMT-0500 (EST),"Mozilla/5.0 (Macintosh; Intel Mac OS X 10_11_5) AppleWebKit/537.36 (KHTML, like Gecko) Chrome/52.0.2743.82 Safari/537.36",116,"[0.8, 0.4, 0.2]","[0.8, 0.4, 0.2]","[u'blue', u'black', u'red']","[u'left', u'middle', u'right']","[0.8, 0.4, 0.2]","[u'high', u'low', u'medium']",blue,49,left,high,False,False,214,4700,NA
A2NQO3JAPV0MUQ,Sun Dec 03 2017 09:32:04 GMT-0500 (EST),Sun Dec 03 2017 09:37:48 GMT-0500 (EST),"Mozilla/5.0 (Macintosh; Intel Mac OS X 10_11_5) AppleWebKit/537.36 (KHTML, like Gecko) Chrome/52.0.2743.82 Safari/537.36",117,"[0.8, 0.4, 0.2]","[0.8, 0.4, 0.2]","[u'blue', u'black', u'red']","[u'left', u'middle', u'right']","[0.8, 0.4, 0.2]","[u'high', u'low', u'medium']",blue,49,left,high,True,False,275,4800,NA
A2NQO3JAPV0MUQ,Sun Dec 03 2017 09:32:04 GMT-0500 (EST),Sun Dec 03 2017 09:37:48 GMT-0500 (EST),"Mozilla/5.0 (Macintosh; Intel Mac OS X 10_11_5) AppleWebKit/537.36 (KHTML, like Gecko) Chrome/52.0.2743.82 Safari/537.36",118,"[0.8, 0.4, 0.2]","[0.8, 0.4, 0.2]","[u'blue', u'black', u'red']","[u'left', u'middle', u'right']","[0.8, 0.4, 0.2]","[u'high', u'low', u'medium']",blue,49,left,high,False,True,312,4750,NA
A2NQO3JAPV0MUQ,Sun Dec 03 2017 09:32:04 GMT-0500 (EST),Sun Dec 03 2017 09:37:48 GMT-0500 (EST),"Mozilla/5.0 (Macintosh; Intel Mac OS X 10_11_5) AppleWebKit/537.36 (KHTML, like Gecko) Chrome/52.0.2743.82 Safari/537.36",119,"[0.8, 0.4, 0.2]","[0.8, 0.4, 0.2]","[u'blue', u'black', u'red']","[u'left', u'middle', u'right']","[0.8, 0.4, 0.2]","[u'medium', u'low', u'high']",red,51,right,high,False,False,271,4700,NA
A2NQO3JAPV0MUQ,Sun Dec 03 2017 09:32:04 GMT-0500 (EST),Sun Dec 03 2017 09:37:48 GMT-0500 (EST),"Mozilla/5.0 (Macintosh; Intel Mac OS X 10_11_5) AppleWebKit/537.36 (KHTML, like Gecko) Chrome/52.0.2743.82 Safari/537.36",120,"[0.8, 0.4, 0.2]","[0.8, 0.4, 0.2]","[u'blue', u'black', u'red']","[u'left', u'middle', u'right']","[0.8, 0.4, 0.2]","[u'medium', u'low', u'high']",black,50,middle,low,False,False,380,4650,NA
A2NQO3JAPV0MUQ,Sun Dec 03 2017 09:32:04 GMT-0500 (EST),Sun Dec 03 2017 09:37:48 GMT-0500 (EST),"Mozilla/5.0 (Macintosh; Intel Mac OS X 10_11_5) AppleWebKit/537.36 (KHTML, like Gecko) Chrome/52.0.2743.82 Safari/537.36",121,"[0.8, 0.4, 0.2]","[0.8, 0.4, 0.2]","[u'blue', u'black', u'red']","[u'left', u'middle', u'right']","[0.8, 0.4, 0.2]","[u'high', u'low', u'medium']",blue,49,left,high,True,False,340,4750,NA
A2NQO3JAPV0MUQ,Sun Dec 03 2017 09:32:04 GMT-0500 (EST),Sun Dec 03 2017 09:37:48 GMT-0500 (EST),"Mozilla/5.0 (Macintosh; Intel Mac OS X 10_11_5) AppleWebKit/537.36 (KHTML, like Gecko) Chrome/52.0.2743.82 Safari/537.36",122,"[0.8, 0.4, 0.2]","[0.8, 0.4, 0.2]","[u'blue', u'black', u'red']","[u'left', u'middle', u'right']","[0.8, 0.4, 0.2]","[u'high', u'low', u'medium']",blue,49,left,high,True,False,355,4850,NA
A2NQO3JAPV0MUQ,Sun Dec 03 2017 09:32:04 GMT-0500 (EST),Sun Dec 03 2017 09:37:48 GMT-0500 (EST),"Mozilla/5.0 (Macintosh; Intel Mac OS X 10_11_5) AppleWebKit/537.36 (KHTML, like Gecko) Chrome/52.0.2743.82 Safari/537.36",123,"[0.8, 0.4, 0.2]","[0.8, 0.4, 0.2]","[u'blue', u'black', u'red']","[u'left', u'middle', u'right']","[0.8, 0.4, 0.2]","[u'high', u'low', u'medium']",blue,49,left,high,True,False,329,4950,NA
A2NQO3JAPV0MUQ,Sun Dec 03 2017 09:32:04 GMT-0500 (EST),Sun Dec 03 2017 09:37:48 GMT-0500 (EST),"Mozilla/5.0 (Macintosh; Intel Mac OS X 10_11_5) AppleWebKit/537.36 (KHTML, like Gecko) Chrome/52.0.2743.82 Safari/537.36",124,"[0.8, 0.4, 0.2]","[0.8, 0.4, 0.2]","[u'blue', u'black', u'red']","[u'left', u'middle', u'right']","[0.8, 0.4, 0.2]","[u'high', u'low', u'medium']",blue,49,left,high,True,False,309,5050,NA
A2NQO3JAPV0MUQ,Sun Dec 03 2017 09:32:04 GMT-0500 (EST),Sun Dec 03 2017 09:37:48 GMT-0500 (EST),"Mozilla/5.0 (Macintosh; Intel Mac OS X 10_11_5) AppleWebKit/537.36 (KHTML, like Gecko) Chrome/52.0.2743.82 Safari/537.36",125,"[0.8, 0.4, 0.2]","[0.8, 0.4, 0.2]","[u'blue', u'black', u'red']","[u'left', u'middle', u'right']","[0.8, 0.4, 0.2]","[u'high', u'low', u'medium']",blue,49,left,high,True,False,341,5150,NA
A2NQO3JAPV0MUQ,Sun Dec 03 2017 09:32:04 GMT-0500 (EST),Sun Dec 03 2017 09:37:48 GMT-0500 (EST),"Mozilla/5.0 (Macintosh; Intel Mac OS X 10_11_5) AppleWebKit/537.36 (KHTML, like Gecko) Chrome/52.0.2743.82 Safari/537.36",126,"[0.8, 0.4, 0.2]","[0.8, 0.4, 0.2]","[u'blue', u'black', u'red']","[u'left', u'middle', u'right']","[0.8, 0.4, 0.2]","[u'high', u'low', u'medium']",blue,49,left,high,True,False,144,5250,NA
A2NQO3JAPV0MUQ,Sun Dec 03 2017 09:32:04 GMT-0500 (EST),Sun Dec 03 2017 09:37:48 GMT-0500 (EST),"Mozilla/5.0 (Macintosh; Intel Mac OS X 10_11_5) AppleWebKit/537.36 (KHTML, like Gecko) Chrome/52.0.2743.82 Safari/537.36",127,"[0.8, 0.4, 0.2]","[0.8, 0.4, 0.2]","[u'blue', u'black', u'red']","[u'left', u'middle', u'right']","[0.8, 0.4, 0.2]","[u'high', u'low', u'medium']",blue,49,left,high,True,False,341,5350,NA
A2NQO3JAPV0MUQ,Sun Dec 03 2017 09:32:04 GMT-0500 (EST),Sun Dec 03 2017 09:37:48 GMT-0500 (EST),"Mozilla/5.0 (Macintosh; Intel Mac OS X 10_11_5) AppleWebKit/537.36 (KHTML, like Gecko) Chrome/52.0.2743.82 Safari/537.36",128,"[0.8, 0.4, 0.2]","[0.8, 0.4, 0.2]","[u'blue', u'black', u'red']","[u'left', u'middle', u'right']","[0.8, 0.4, 0.2]","[u'high', u'low', u'medium']",blue,49,left,high,True,False,362,5450,NA
A2NQO3JAPV0MUQ,Sun Dec 03 2017 09:32:04 GMT-0500 (EST),Sun Dec 03 2017 09:37:48 GMT-0500 (EST),"Mozilla/5.0 (Macintosh; Intel Mac OS X 10_11_5) AppleWebKit/537.36 (KHTML, like Gecko) Chrome/52.0.2743.82 Safari/537.36",129,"[0.8, 0.4, 0.2]","[0.8, 0.4, 0.2]","[u'blue', u'black', u'red']","[u'left', u'middle', u'right']","[0.8, 0.4, 0.2]","[u'high', u'low', u'medium']",blue,49,left,high,True,True,299,5550,NA
A2NQO3JAPV0MUQ,Sun Dec 03 2017 09:32:04 GMT-0500 (EST),Sun Dec 03 2017 09:37:48 GMT-0500 (EST),"Mozilla/5.0 (Macintosh; Intel Mac OS X 10_11_5) AppleWebKit/537.36 (KHTML, like Gecko) Chrome/52.0.2743.82 Safari/537.36",130,"[0.8, 0.4, 0.2]","[0.8, 0.4, 0.2]","[u'blue', u'black', u'red']","[u'left', u'middle', u'right']","[0.8, 0.4, 0.2]","[u'medium', u'high', u'low']",blue,49,left,medium,False,False,385,5500,NA
A2NQO3JAPV0MUQ,Sun Dec 03 2017 09:32:04 GMT-0500 (EST),Sun Dec 03 2017 09:37:48 GMT-0500 (EST),"Mozilla/5.0 (Macintosh; Intel Mac OS X 10_11_5) AppleWebKit/537.36 (KHTML, like Gecko) Chrome/52.0.2743.82 Safari/537.36",131,"[0.8, 0.4, 0.2]","[0.8, 0.4, 0.2]","[u'blue', u'black', u'red']","[u'left', u'middle', u'right']","[0.8, 0.4, 0.2]","[u'medium', u'high', u'low']",black,50,middle,high,True,False,325,5600,NA
A2NQO3JAPV0MUQ,Sun Dec 03 2017 09:32:04 GMT-0500 (EST),Sun Dec 03 2017 09:37:48 GMT-0500 (EST),"Mozilla/5.0 (Macintosh; Intel Mac OS X 10_11_5) AppleWebKit/537.36 (KHTML, like Gecko) Chrome/52.0.2743.82 Safari/537.36",132,"[0.8, 0.4, 0.2]","[0.8, 0.4, 0.2]","[u'blue', u'black', u'red']","[u'left', u'middle', u'right']","[0.8, 0.4, 0.2]","[u'medium', u'high', u'low']",black,50,middle,high,True,False,359,5700,NA
A2NQO3JAPV0MUQ,Sun Dec 03 2017 09:32:04 GMT-0500 (EST),Sun Dec 03 2017 09:37:48 GMT-0500 (EST),"Mozilla/5.0 (Macintosh; Intel Mac OS X 10_11_5) AppleWebKit/537.36 (KHTML, like Gecko) Chrome/52.0.2743.82 Safari/537.36",133,"[0.8, 0.4, 0.2]","[0.8, 0.4, 0.2]","[u'blue', u'black', u'red']","[u'left', u'middle', u'right']","[0.8, 0.4, 0.2]","[u'medium', u'high', u'low']",black,50,middle,high,True,False,508,5800,NA
A2NQO3JAPV0MUQ,Sun Dec 03 2017 09:32:04 GMT-0500 (EST),Sun Dec 03 2017 09:37:48 GMT-0500 (EST),"Mozilla/5.0 (Macintosh; Intel Mac OS X 10_11_5) AppleWebKit/537.36 (KHTML, like Gecko) Chrome/52.0.2743.82 Safari/537.36",134,"[0.8, 0.4, 0.2]","[0.8, 0.4, 0.2]","[u'blue', u'black', u'red']","[u'left', u'middle', u'right']","[0.8, 0.4, 0.2]","[u'medium', u'high', u'low']",black,50,middle,high,False,False,382,5750,NA
A2NQO3JAPV0MUQ,Sun Dec 03 2017 09:32:04 GMT-0500 (EST),Sun Dec 03 2017 09:37:48 GMT-0500 (EST),"Mozilla/5.0 (Macintosh; Intel Mac OS X 10_11_5) AppleWebKit/537.36 (KHTML, like Gecko) Chrome/52.0.2743.82 Safari/537.36",135,"[0.8, 0.4, 0.2]","[0.8, 0.4, 0.2]","[u'blue', u'black', u'red']","[u'left', u'middle', u'right']","[0.8, 0.4, 0.2]","[u'medium', u'high', u'low']",red,51,right,low,False,False,303,5700,NA
A2NQO3JAPV0MUQ,Sun Dec 03 2017 09:32:04 GMT-0500 (EST),Sun Dec 03 2017 09:37:48 GMT-0500 (EST),"Mozilla/5.0 (Macintosh; Intel Mac OS X 10_11_5) AppleWebKit/537.36 (KHTML, like Gecko) Chrome/52.0.2743.82 Safari/537.36",136,"[0.8, 0.4, 0.2]","[0.8, 0.4, 0.2]","[u'blue', u'black', u'red']","[u'left', u'middle', u'right']","[0.8, 0.4, 0.2]","[u'medium', u'high', u'low']",black,50,middle,high,True,False,335,5800,NA
A2NQO3JAPV0MUQ,Sun Dec 03 2017 09:32:04 GMT-0500 (EST),Sun Dec 03 2017 09:37:48 GMT-0500 (EST),"Mozilla/5.0 (Macintosh; Intel Mac OS X 10_11_5) AppleWebKit/537.36 (KHTML, like Gecko) Chrome/52.0.2743.82 Safari/537.36",137,"[0.8, 0.4, 0.2]","[0.8, 0.4, 0.2]","[u'blue', u'black', u'red']","[u'left', u'middle', u'right']","[0.8, 0.4, 0.2]","[u'medium', u'high', u'low']",black,50,middle,high,False,False,277,5750,NA
A2NQO3JAPV0MUQ,Sun Dec 03 2017 09:32:04 GMT-0500 (EST),Sun Dec 03 2017 09:37:48 GMT-0500 (EST),"Mozilla/5.0 (Macintosh; Intel Mac OS X 10_11_5) AppleWebKit/537.36 (KHTML, like Gecko) Chrome/52.0.2743.82 Safari/537.36",138,"[0.8, 0.4, 0.2]","[0.8, 0.4, 0.2]","[u'blue', u'black', u'red']","[u'left', u'middle', u'right']","[0.8, 0.4, 0.2]","[u'medium', u'high', u'low']",black,50,middle,high,False,False,390,5700,NA
A2NQO3JAPV0MUQ,Sun Dec 03 2017 09:32:04 GMT-0500 (EST),Sun Dec 03 2017 09:37:48 GMT-0500 (EST),"Mozilla/5.0 (Macintosh; Intel Mac OS X 10_11_5) AppleWebKit/537.36 (KHTML, like Gecko) Chrome/52.0.2743.82 Safari/537.36",139,"[0.8, 0.4, 0.2]","[0.8, 0.4, 0.2]","[u'blue', u'black', u'red']","[u'left', u'middle', u'right']","[0.8, 0.4, 0.2]","[u'medium', u'high', u'low']",blue,49,left,medium,False,False,311,5650,NA
A2NQO3JAPV0MUQ,Sun Dec 03 2017 09:32:04 GMT-0500 (EST),Sun Dec 03 2017 09:37:48 GMT-0500 (EST),"Mozilla/5.0 (Macintosh; Intel Mac OS X 10_11_5) AppleWebKit/537.36 (KHTML, like Gecko) Chrome/52.0.2743.82 Safari/537.36",140,"[0.8, 0.4, 0.2]","[0.8, 0.4, 0.2]","[u'blue', u'black', u'red']","[u'left', u'middle', u'right']","[0.8, 0.4, 0.2]","[u'medium', u'high', u'low']",red,51,right,low,False,False,214,5600,NA
A2NQO3JAPV0MUQ,Sun Dec 03 2017 09:32:04 GMT-0500 (EST),Sun Dec 03 2017 09:37:48 GMT-0500 (EST),"Mozilla/5.0 (Macintosh; Intel Mac OS X 10_11_5) AppleWebKit/537.36 (KHTML, like Gecko) Chrome/52.0.2743.82 Safari/537.36",141,"[0.8, 0.4, 0.2]","[0.8, 0.4, 0.2]","[u'blue', u'black', u'red']","[u'left', u'middle', u'right']","[0.8, 0.4, 0.2]","[u'medium', u'high', u'low']",blue,49,left,medium,True,False,307,5700,NA
A2NQO3JAPV0MUQ,Sun Dec 03 2017 09:32:04 GMT-0500 (EST),Sun Dec 03 2017 09:37:48 GMT-0500 (EST),"Mozilla/5.0 (Macintosh; Intel Mac OS X 10_11_5) AppleWebKit/537.36 (KHTML, like Gecko) Chrome/52.0.2743.82 Safari/537.36",142,"[0.8, 0.4, 0.2]","[0.8, 0.4, 0.2]","[u'blue', u'black', u'red']","[u'left', u'middle', u'right']","[0.8, 0.4, 0.2]","[u'medium', u'high', u'low']",blue,49,left,medium,False,False,343,5650,NA
A2NQO3JAPV0MUQ,Sun Dec 03 2017 09:32:04 GMT-0500 (EST),Sun Dec 03 2017 09:37:48 GMT-0500 (EST),"Mozilla/5.0 (Macintosh; Intel Mac OS X 10_11_5) AppleWebKit/537.36 (KHTML, like Gecko) Chrome/52.0.2743.82 Safari/537.36",143,"[0.8, 0.4, 0.2]","[0.8, 0.4, 0.2]","[u'blue', u'black', u'red']","[u'left', u'middle', u'right']","[0.8, 0.4, 0.2]","[u'medium', u'high', u'low']",red,51,right,low,False,False,31,5600,NA
A2NQO3JAPV0MUQ,Sun Dec 03 2017 09:32:04 GMT-0500 (EST),Sun Dec 03 2017 09:37:48 GMT-0500 (EST),"Mozilla/5.0 (Macintosh; Intel Mac OS X 10_11_5) AppleWebKit/537.36 (KHTML, like Gecko) Chrome/52.0.2743.82 Safari/537.36",144,"[0.8, 0.4, 0.2]","[0.8, 0.4, 0.2]","[u'blue', u'black', u'red']","[u'left', u'middle', u'right']","[0.8, 0.4, 0.2]","[u'medium', u'high', u'low']",black,50,middle,high,True,False,402,5700,NA
A2NQO3JAPV0MUQ,Sun Dec 03 2017 09:32:04 GMT-0500 (EST),Sun Dec 03 2017 09:37:48 GMT-0500 (EST),"Mozilla/5.0 (Macintosh; Intel Mac OS X 10_11_5) AppleWebKit/537.36 (KHTML, like Gecko) Chrome/52.0.2743.82 Safari/537.36",145,"[0.8, 0.4, 0.2]","[0.8, 0.4, 0.2]","[u'blue', u'black', u'red']","[u'left', u'middle', u'right']","[0.8, 0.4, 0.2]","[u'medium', u'high', u'low']",black,50,middle,high,True,False,199,5800,NA
A2NQO3JAPV0MUQ,Sun Dec 03 2017 09:32:04 GMT-0500 (EST),Sun Dec 03 2017 09:37:48 GMT-0500 (EST),"Mozilla/5.0 (Macintosh; Intel Mac OS X 10_11_5) AppleWebKit/537.36 (KHTML, like Gecko) Chrome/52.0.2743.82 Safari/537.36",146,"[0.8, 0.4, 0.2]","[0.8, 0.4, 0.2]","[u'blue', u'black', u'red']","[u'left', u'middle', u'right']","[0.8, 0.4, 0.2]","[u'medium', u'high', u'low']",black,50,middle,high,False,False,211,5750,NA
A2NQO3JAPV0MUQ,Sun Dec 03 2017 09:32:04 GMT-0500 (EST),Sun Dec 03 2017 09:37:48 GMT-0500 (EST),"Mozilla/5.0 (Macintosh; Intel Mac OS X 10_11_5) AppleWebKit/537.36 (KHTML, like Gecko) Chrome/52.0.2743.82 Safari/537.36",147,"[0.8, 0.4, 0.2]","[0.8, 0.4, 0.2]","[u'blue', u'black', u'red']","[u'left', u'middle', u'right']","[0.8, 0.4, 0.2]","[u'medium', u'high', u'low']",black,50,middle,high,False,False,284,5700,NA
A2NQO3JAPV0MUQ,Sun Dec 03 2017 09:32:04 GMT-0500 (EST),Sun Dec 03 2017 09:37:48 GMT-0500 (EST),"Mozilla/5.0 (Macintosh; Intel Mac OS X 10_11_5) AppleWebKit/537.36 (KHTML, like Gecko) Chrome/52.0.2743.82 Safari/537.36",148,"[0.8, 0.4, 0.2]","[0.8, 0.4, 0.2]","[u'blue', u'black', u'red']","[u'left', u'middle', u'right']","[0.8, 0.4, 0.2]","[u'medium', u'high', u'low']",blue,49,left,medium,False,False,343,5650,NA
A2NQO3JAPV0MUQ,Sun Dec 03 2017 09:32:04 GMT-0500 (EST),Sun Dec 03 2017 09:37:48 GMT-0500 (EST),"Mozilla/5.0 (Macintosh; Intel Mac OS X 10_11_5) AppleWebKit/537.36 (KHTML, like Gecko) Chrome/52.0.2743.82 Safari/537.36",149,"[0.8, 0.4, 0.2]","[0.8, 0.4, 0.2]","[u'blue', u'black', u'red']","[u'left', u'middle', u'right']","[0.8, 0.4, 0.2]","[u'medium', u'high', u'low']",red,51,right,low,False,False,369,5600,NA
A2NQO3JAPV0MUQ,Sun Dec 03 2017 09:32:04 GMT-0500 (EST),Sun Dec 03 2017 09:37:48 GMT-0500 (EST),"Mozilla/5.0 (Macintosh; Intel Mac OS X 10_11_5) AppleWebKit/537.36 (KHTML, like Gecko) Chrome/52.0.2743.82 Safari/537.36",150,"[0.8, 0.4, 0.2]","[0.8, 0.4, 0.2]","[u'blue', u'black', u'red']","[u'left', u'middle', u'right']","[0.8, 0.4, 0.2]","[u'medium', u'high', u'low']",blue,49,left,medium,True,False,356,5700,NA
A2NQO3JAPV0MUQ,Sun Dec 03 2017 09:32:04 GMT-0500 (EST),Sun Dec 03 2017 09:37:48 GMT-0500 (EST),"Mozilla/5.0 (Macintosh; Intel Mac OS X 10_11_5) AppleWebKit/537.36 (KHTML, like Gecko) Chrome/52.0.2743.82 Safari/537.36",151,"[0.8, 0.4, 0.2]","[0.8, 0.4, 0.2]","[u'blue', u'black', u'red']","[u'left', u'middle', u'right']","[0.8, 0.4, 0.2]","[u'medium', u'high', u'low']",blue,49,left,medium,False,False,208,5650,NA
A2NQO3JAPV0MUQ,Sun Dec 03 2017 09:32:04 GMT-0500 (EST),Sun Dec 03 2017 09:37:48 GMT-0500 (EST),"Mozilla/5.0 (Macintosh; Intel Mac OS X 10_11_5) AppleWebKit/537.36 (KHTML, like Gecko) Chrome/52.0.2743.82 Safari/537.36",152,"[0.8, 0.4, 0.2]","[0.8, 0.4, 0.2]","[u'blue', u'black', u'red']","[u'left', u'middle', u'right']","[0.8, 0.4, 0.2]","[u'medium', u'high', u'low']",blue,49,left,medium,True,False,234,5750,NA
A2NQO3JAPV0MUQ,Sun Dec 03 2017 09:32:04 GMT-0500 (EST),Sun Dec 03 2017 09:37:48 GMT-0500 (EST),"Mozilla/5.0 (Macintosh; Intel Mac OS X 10_11_5) AppleWebKit/537.36 (KHTML, like Gecko) Chrome/52.0.2743.82 Safari/537.36",153,"[0.8, 0.4, 0.2]","[0.8, 0.4, 0.2]","[u'blue', u'black', u'red']","[u'left', u'middle', u'right']","[0.8, 0.4, 0.2]","[u'medium', u'high', u'low']",blue,49,left,medium,False,False,294,5700,NA
A2NQO3JAPV0MUQ,Sun Dec 03 2017 09:32:04 GMT-0500 (EST),Sun Dec 03 2017 09:37:48 GMT-0500 (EST),"Mozilla/5.0 (Macintosh; Intel Mac OS X 10_11_5) AppleWebKit/537.36 (KHTML, like Gecko) Chrome/52.0.2743.82 Safari/537.36",154,"[0.8, 0.4, 0.2]","[0.8, 0.4, 0.2]","[u'blue', u'black', u'red']","[u'left', u'middle', u'right']","[0.8, 0.4, 0.2]","[u'medium', u'high', u'low']",blue,49,left,medium,False,False,117,5650,NA
A2NQO3JAPV0MUQ,Sun Dec 03 2017 09:32:04 GMT-0500 (EST),Sun Dec 03 2017 09:37:48 GMT-0500 (EST),"Mozilla/5.0 (Macintosh; Intel Mac OS X 10_11_5) AppleWebKit/537.36 (KHTML, like Gecko) Chrome/52.0.2743.82 Safari/537.36",155,"[0.8, 0.4, 0.2]","[0.8, 0.4, 0.2]","[u'blue', u'black', u'red']","[u'left', u'middle', u'right']","[0.8, 0.4, 0.2]","[u'medium', u'high', u'low']",red,51,right,low,True,False,370,5750,NA
A2NQO3JAPV0MUQ,Sun Dec 03 2017 09:32:04 GMT-0500 (EST),Sun Dec 03 2017 09:37:48 GMT-0500 (EST),"Mozilla/5.0 (Macintosh; Intel Mac OS X 10_11_5) AppleWebKit/537.36 (KHTML, like Gecko) Chrome/52.0.2743.82 Safari/537.36",156,"[0.8, 0.4, 0.2]","[0.8, 0.4, 0.2]","[u'blue', u'black', u'red']","[u'left', u'middle', u'right']","[0.8, 0.4, 0.2]","[u'medium', u'high', u'low']",red,51,right,low,False,False,369,5700,NA
A2NQO3JAPV0MUQ,Sun Dec 03 2017 09:32:04 GMT-0500 (EST),Sun Dec 03 2017 09:37:48 GMT-0500 (EST),"Mozilla/5.0 (Macintosh; Intel Mac OS X 10_11_5) AppleWebKit/537.36 (KHTML, like Gecko) Chrome/52.0.2743.82 Safari/537.36",157,"[0.8, 0.4, 0.2]","[0.8, 0.4, 0.2]","[u'blue', u'black', u'red']","[u'left', u'middle', u'right']","[0.8, 0.4, 0.2]","[u'medium', u'high', u'low']",red,51,right,low,False,False,263,5650,NA
A2NQO3JAPV0MUQ,Sun Dec 03 2017 09:32:04 GMT-0500 (EST),Sun Dec 03 2017 09:37:48 GMT-0500 (EST),"Mozilla/5.0 (Macintosh; Intel Mac OS X 10_11_5) AppleWebKit/537.36 (KHTML, like Gecko) Chrome/52.0.2743.82 Safari/537.36",158,"[0.8, 0.4, 0.2]","[0.8, 0.4, 0.2]","[u'blue', u'black', u'red']","[u'left', u'middle', u'right']","[0.8, 0.4, 0.2]","[u'medium', u'high', u'low']",black,50,middle,high,True,False,137,5750,NA
A2NQO3JAPV0MUQ,Sun Dec 03 2017 09:32:04 GMT-0500 (EST),Sun Dec 03 2017 09:37:48 GMT-0500 (EST),"Mozilla/5.0 (Macintosh; Intel Mac OS X 10_11_5) AppleWebKit/537.36 (KHTML, like Gecko) Chrome/52.0.2743.82 Safari/537.36",159,"[0.8, 0.4, 0.2]","[0.8, 0.4, 0.2]","[u'blue', u'black', u'red']","[u'left', u'middle', u'right']","[0.8, 0.4, 0.2]","[u'medium', u'high', u'low']",black,50,middle,high,True,False,394,5850,NA
A2NQO3JAPV0MUQ,Sun Dec 03 2017 09:32:04 GMT-0500 (EST),Sun Dec 03 2017 09:37:48 GMT-0500 (EST),"Mozilla/5.0 (Macintosh; Intel Mac OS X 10_11_5) AppleWebKit/537.36 (KHTML, like Gecko) Chrome/52.0.2743.82 Safari/537.36",160,"[0.8, 0.4, 0.2]","[0.8, 0.4, 0.2]","[u'blue', u'black', u'red']","[u'left', u'middle', u'right']","[0.8, 0.4, 0.2]","[u'medium', u'high', u'low']",black,50,middle,high,True,False,301,5950,NA
