A23KAJRDVCVGOE,Mon Dec 04 2017 08:29:56 GMT-0500 (EST),Mon Dec 04 2017 08:38:43 GMT-0500 (EST),"Mozilla/5.0 (X11; CrOS x86_64 10172.0.0) AppleWebKit/537.36 (KHTML, like Gecko) Chrome/64.0.3280.5 Safari/537.36",1,"[0.8, 0.4, 0.2]","[0.8, 0.4, 0.2]","[u'blue', u'red', u'black']","[u'left', u'middle', u'right']","[0.8, 0.4, 0.2]","[u'low', u'high', u'medium']",red,50,middle,high,False,False,575,-50,NA
A23KAJRDVCVGOE,Mon Dec 04 2017 08:29:56 GMT-0500 (EST),Mon Dec 04 2017 08:38:43 GMT-0500 (EST),"Mozilla/5.0 (X11; CrOS x86_64 10172.0.0) AppleWebKit/537.36 (KHTML, like Gecko) Chrome/64.0.3280.5 Safari/537.36",2,"[0.8, 0.4, 0.2]","[0.8, 0.4, 0.2]","[u'blue', u'red', u'black']","[u'left', u'middle', u'right']","[0.8, 0.4, 0.2]","[u'low', u'high', u'medium']",black,51,right,medium,False,False,498,-100,NA
A23KAJRDVCVGOE,Mon Dec 04 2017 08:29:56 GMT-0500 (EST),Mon Dec 04 2017 08:38:43 GMT-0500 (EST),"Mozilla/5.0 (X11; CrOS x86_64 10172.0.0) AppleWebKit/537.36 (KHTML, like Gecko) Chrome/64.0.3280.5 Safari/537.36",3,"[0.8, 0.4, 0.2]","[0.8, 0.4, 0.2]","[u'blue', u'red', u'black']","[u'left', u'middle', u'right']","[0.8, 0.4, 0.2]","[u'low', u'high', u'medium']",blue,49,left,low,False,False,209,-150,NA
A23KAJRDVCVGOE,Mon Dec 04 2017 08:29:56 GMT-0500 (EST),Mon Dec 04 2017 08:38:43 GMT-0500 (EST),"Mozilla/5.0 (X11; CrOS x86_64 10172.0.0) AppleWebKit/537.36 (KHTML, like Gecko) Chrome/64.0.3280.5 Safari/537.36",4,"[0.8, 0.4, 0.2]","[0.8, 0.4, 0.2]","[u'blue', u'red', u'black']","[u'left', u'middle', u'right']","[0.8, 0.4, 0.2]","[u'low', u'high', u'medium']",red,50,middle,high,True,False,144,-50,NA
A23KAJRDVCVGOE,Mon Dec 04 2017 08:29:56 GMT-0500 (EST),Mon Dec 04 2017 08:38:43 GMT-0500 (EST),"Mozilla/5.0 (X11; CrOS x86_64 10172.0.0) AppleWebKit/537.36 (KHTML, like Gecko) Chrome/64.0.3280.5 Safari/537.36",5,"[0.8, 0.4, 0.2]","[0.8, 0.4, 0.2]","[u'blue', u'red', u'black']","[u'left', u'middle', u'right']","[0.8, 0.4, 0.2]","[u'low', u'high', u'medium']",red,50,middle,high,True,False,442,50,NA
A23KAJRDVCVGOE,Mon Dec 04 2017 08:29:56 GMT-0500 (EST),Mon Dec 04 2017 08:38:43 GMT-0500 (EST),"Mozilla/5.0 (X11; CrOS x86_64 10172.0.0) AppleWebKit/537.36 (KHTML, like Gecko) Chrome/64.0.3280.5 Safari/537.36",6,"[0.8, 0.4, 0.2]","[0.8, 0.4, 0.2]","[u'blue', u'red', u'black']","[u'left', u'middle', u'right']","[0.8, 0.4, 0.2]","[u'low', u'high', u'medium']",red,50,middle,high,True,False,335,150,NA
A23KAJRDVCVGOE,Mon Dec 04 2017 08:29:56 GMT-0500 (EST),Mon Dec 04 2017 08:38:43 GMT-0500 (EST),"Mozilla/5.0 (X11; CrOS x86_64 10172.0.0) AppleWebKit/537.36 (KHTML, like Gecko) Chrome/64.0.3280.5 Safari/537.36",7,"[0.8, 0.4, 0.2]","[0.8, 0.4, 0.2]","[u'blue', u'red', u'black']","[u'left', u'middle', u'right']","[0.8, 0.4, 0.2]","[u'low', u'high', u'medium']",red,50,middle,high,True,False,322,250,NA
A23KAJRDVCVGOE,Mon Dec 04 2017 08:29:56 GMT-0500 (EST),Mon Dec 04 2017 08:38:43 GMT-0500 (EST),"Mozilla/5.0 (X11; CrOS x86_64 10172.0.0) AppleWebKit/537.36 (KHTML, like Gecko) Chrome/64.0.3280.5 Safari/537.36",8,"[0.8, 0.4, 0.2]","[0.8, 0.4, 0.2]","[u'blue', u'red', u'black']","[u'left', u'middle', u'right']","[0.8, 0.4, 0.2]","[u'low', u'high', u'medium']",red,50,middle,high,True,False,261,350,NA
A23KAJRDVCVGOE,Mon Dec 04 2017 08:29:56 GMT-0500 (EST),Mon Dec 04 2017 08:38:43 GMT-0500 (EST),"Mozilla/5.0 (X11; CrOS x86_64 10172.0.0) AppleWebKit/537.36 (KHTML, like Gecko) Chrome/64.0.3280.5 Safari/537.36",9,"[0.8, 0.4, 0.2]","[0.8, 0.4, 0.2]","[u'blue', u'red', u'black']","[u'left', u'middle', u'right']","[0.8, 0.4, 0.2]","[u'low', u'high', u'medium']",red,50,middle,high,True,False,303,450,NA
A23KAJRDVCVGOE,Mon Dec 04 2017 08:29:56 GMT-0500 (EST),Mon Dec 04 2017 08:38:43 GMT-0500 (EST),"Mozilla/5.0 (X11; CrOS x86_64 10172.0.0) AppleWebKit/537.36 (KHTML, like Gecko) Chrome/64.0.3280.5 Safari/537.36",10,"[0.8, 0.4, 0.2]","[0.8, 0.4, 0.2]","[u'blue', u'red', u'black']","[u'left', u'middle', u'right']","[0.8, 0.4, 0.2]","[u'low', u'high', u'medium']",red,50,middle,high,False,False,153,400,NA
A23KAJRDVCVGOE,Mon Dec 04 2017 08:29:56 GMT-0500 (EST),Mon Dec 04 2017 08:38:43 GMT-0500 (EST),"Mozilla/5.0 (X11; CrOS x86_64 10172.0.0) AppleWebKit/537.36 (KHTML, like Gecko) Chrome/64.0.3280.5 Safari/537.36",11,"[0.8, 0.4, 0.2]","[0.8, 0.4, 0.2]","[u'blue', u'red', u'black']","[u'left', u'middle', u'right']","[0.8, 0.4, 0.2]","[u'low', u'high', u'medium']",black,51,right,medium,False,False,542,350,NA
A23KAJRDVCVGOE,Mon Dec 04 2017 08:29:56 GMT-0500 (EST),Mon Dec 04 2017 08:38:43 GMT-0500 (EST),"Mozilla/5.0 (X11; CrOS x86_64 10172.0.0) AppleWebKit/537.36 (KHTML, like Gecko) Chrome/64.0.3280.5 Safari/537.36",12,"[0.8, 0.4, 0.2]","[0.8, 0.4, 0.2]","[u'blue', u'red', u'black']","[u'left', u'middle', u'right']","[0.8, 0.4, 0.2]","[u'low', u'high', u'medium']",blue,49,left,low,False,False,272,300,NA
A23KAJRDVCVGOE,Mon Dec 04 2017 08:29:56 GMT-0500 (EST),Mon Dec 04 2017 08:38:43 GMT-0500 (EST),"Mozilla/5.0 (X11; CrOS x86_64 10172.0.0) AppleWebKit/537.36 (KHTML, like Gecko) Chrome/64.0.3280.5 Safari/537.36",13,"[0.8, 0.4, 0.2]","[0.8, 0.4, 0.2]","[u'blue', u'red', u'black']","[u'left', u'middle', u'right']","[0.8, 0.4, 0.2]","[u'low', u'high', u'medium']",black,51,right,medium,False,False,242,250,NA
A23KAJRDVCVGOE,Mon Dec 04 2017 08:29:56 GMT-0500 (EST),Mon Dec 04 2017 08:38:43 GMT-0500 (EST),"Mozilla/5.0 (X11; CrOS x86_64 10172.0.0) AppleWebKit/537.36 (KHTML, like Gecko) Chrome/64.0.3280.5 Safari/537.36",14,"[0.8, 0.4, 0.2]","[0.8, 0.4, 0.2]","[u'blue', u'red', u'black']","[u'left', u'middle', u'right']","[0.8, 0.4, 0.2]","[u'low', u'high', u'medium']",red,50,middle,high,True,False,39,350,NA
A23KAJRDVCVGOE,Mon Dec 04 2017 08:29:56 GMT-0500 (EST),Mon Dec 04 2017 08:38:43 GMT-0500 (EST),"Mozilla/5.0 (X11; CrOS x86_64 10172.0.0) AppleWebKit/537.36 (KHTML, like Gecko) Chrome/64.0.3280.5 Safari/537.36",15,"[0.8, 0.4, 0.2]","[0.8, 0.4, 0.2]","[u'blue', u'red', u'black']","[u'left', u'middle', u'right']","[0.8, 0.4, 0.2]","[u'low', u'high', u'medium']",red,50,middle,high,True,False,183,450,NA
A23KAJRDVCVGOE,Mon Dec 04 2017 08:29:56 GMT-0500 (EST),Mon Dec 04 2017 08:38:43 GMT-0500 (EST),"Mozilla/5.0 (X11; CrOS x86_64 10172.0.0) AppleWebKit/537.36 (KHTML, like Gecko) Chrome/64.0.3280.5 Safari/537.36",16,"[0.8, 0.4, 0.2]","[0.8, 0.4, 0.2]","[u'blue', u'red', u'black']","[u'left', u'middle', u'right']","[0.8, 0.4, 0.2]","[u'low', u'high', u'medium']",black,51,right,medium,False,False,127,400,NA
A23KAJRDVCVGOE,Mon Dec 04 2017 08:29:56 GMT-0500 (EST),Mon Dec 04 2017 08:38:43 GMT-0500 (EST),"Mozilla/5.0 (X11; CrOS x86_64 10172.0.0) AppleWebKit/537.36 (KHTML, like Gecko) Chrome/64.0.3280.5 Safari/537.36",17,"[0.8, 0.4, 0.2]","[0.8, 0.4, 0.2]","[u'blue', u'red', u'black']","[u'left', u'middle', u'right']","[0.8, 0.4, 0.2]","[u'low', u'high', u'medium']",red,50,middle,high,False,False,88,350,NA
A23KAJRDVCVGOE,Mon Dec 04 2017 08:29:56 GMT-0500 (EST),Mon Dec 04 2017 08:38:43 GMT-0500 (EST),"Mozilla/5.0 (X11; CrOS x86_64 10172.0.0) AppleWebKit/537.36 (KHTML, like Gecko) Chrome/64.0.3280.5 Safari/537.36",18,"[0.8, 0.4, 0.2]","[0.8, 0.4, 0.2]","[u'blue', u'red', u'black']","[u'left', u'middle', u'right']","[0.8, 0.4, 0.2]","[u'low', u'high', u'medium']",blue,49,left,low,False,False,275,300,NA
A23KAJRDVCVGOE,Mon Dec 04 2017 08:29:56 GMT-0500 (EST),Mon Dec 04 2017 08:38:43 GMT-0500 (EST),"Mozilla/5.0 (X11; CrOS x86_64 10172.0.0) AppleWebKit/537.36 (KHTML, like Gecko) Chrome/64.0.3280.5 Safari/537.36",19,"[0.8, 0.4, 0.2]","[0.8, 0.4, 0.2]","[u'blue', u'red', u'black']","[u'left', u'middle', u'right']","[0.8, 0.4, 0.2]","[u'low', u'high', u'medium']",black,51,right,medium,False,False,77,250,NA
A23KAJRDVCVGOE,Mon Dec 04 2017 08:29:56 GMT-0500 (EST),Mon Dec 04 2017 08:38:43 GMT-0500 (EST),"Mozilla/5.0 (X11; CrOS x86_64 10172.0.0) AppleWebKit/537.36 (KHTML, like Gecko) Chrome/64.0.3280.5 Safari/537.36",20,"[0.8, 0.4, 0.2]","[0.8, 0.4, 0.2]","[u'blue', u'red', u'black']","[u'left', u'middle', u'right']","[0.8, 0.4, 0.2]","[u'low', u'high', u'medium']",red,50,middle,high,True,False,69,350,NA
A23KAJRDVCVGOE,Mon Dec 04 2017 08:29:56 GMT-0500 (EST),Mon Dec 04 2017 08:38:43 GMT-0500 (EST),"Mozilla/5.0 (X11; CrOS x86_64 10172.0.0) AppleWebKit/537.36 (KHTML, like Gecko) Chrome/64.0.3280.5 Safari/537.36",21,"[0.8, 0.4, 0.2]","[0.8, 0.4, 0.2]","[u'blue', u'red', u'black']","[u'left', u'middle', u'right']","[0.8, 0.4, 0.2]","[u'low', u'high', u'medium']",red,50,middle,high,True,False,95,450,NA
A23KAJRDVCVGOE,Mon Dec 04 2017 08:29:56 GMT-0500 (EST),Mon Dec 04 2017 08:38:43 GMT-0500 (EST),"Mozilla/5.0 (X11; CrOS x86_64 10172.0.0) AppleWebKit/537.36 (KHTML, like Gecko) Chrome/64.0.3280.5 Safari/537.36",22,"[0.8, 0.4, 0.2]","[0.8, 0.4, 0.2]","[u'blue', u'red', u'black']","[u'left', u'middle', u'right']","[0.8, 0.4, 0.2]","[u'low', u'high', u'medium']",red,50,middle,high,True,False,153,550,NA
A23KAJRDVCVGOE,Mon Dec 04 2017 08:29:56 GMT-0500 (EST),Mon Dec 04 2017 08:38:43 GMT-0500 (EST),"Mozilla/5.0 (X11; CrOS x86_64 10172.0.0) AppleWebKit/537.36 (KHTML, like Gecko) Chrome/64.0.3280.5 Safari/537.36",23,"[0.8, 0.4, 0.2]","[0.8, 0.4, 0.2]","[u'blue', u'red', u'black']","[u'left', u'middle', u'right']","[0.8, 0.4, 0.2]","[u'low', u'high', u'medium']",red,50,middle,high,False,False,79,500,NA
A23KAJRDVCVGOE,Mon Dec 04 2017 08:29:56 GMT-0500 (EST),Mon Dec 04 2017 08:38:43 GMT-0500 (EST),"Mozilla/5.0 (X11; CrOS x86_64 10172.0.0) AppleWebKit/537.36 (KHTML, like Gecko) Chrome/64.0.3280.5 Safari/537.36",24,"[0.8, 0.4, 0.2]","[0.8, 0.4, 0.2]","[u'blue', u'red', u'black']","[u'left', u'middle', u'right']","[0.8, 0.4, 0.2]","[u'low', u'high', u'medium']",blue,49,left,low,True,False,40,600,NA
A23KAJRDVCVGOE,Mon Dec 04 2017 08:29:56 GMT-0500 (EST),Mon Dec 04 2017 08:38:43 GMT-0500 (EST),"Mozilla/5.0 (X11; CrOS x86_64 10172.0.0) AppleWebKit/537.36 (KHTML, like Gecko) Chrome/64.0.3280.5 Safari/537.36",25,"[0.8, 0.4, 0.2]","[0.8, 0.4, 0.2]","[u'blue', u'red', u'black']","[u'left', u'middle', u'right']","[0.8, 0.4, 0.2]","[u'low', u'high', u'medium']",black,51,right,medium,True,False,205,700,NA
A23KAJRDVCVGOE,Mon Dec 04 2017 08:29:56 GMT-0500 (EST),Mon Dec 04 2017 08:38:43 GMT-0500 (EST),"Mozilla/5.0 (X11; CrOS x86_64 10172.0.0) AppleWebKit/537.36 (KHTML, like Gecko) Chrome/64.0.3280.5 Safari/537.36",26,"[0.8, 0.4, 0.2]","[0.8, 0.4, 0.2]","[u'blue', u'red', u'black']","[u'left', u'middle', u'right']","[0.8, 0.4, 0.2]","[u'low', u'high', u'medium']",black,51,right,medium,False,False,285,650,NA
A23KAJRDVCVGOE,Mon Dec 04 2017 08:29:56 GMT-0500 (EST),Mon Dec 04 2017 08:38:43 GMT-0500 (EST),"Mozilla/5.0 (X11; CrOS x86_64 10172.0.0) AppleWebKit/537.36 (KHTML, like Gecko) Chrome/64.0.3280.5 Safari/537.36",27,"[0.8, 0.4, 0.2]","[0.8, 0.4, 0.2]","[u'blue', u'red', u'black']","[u'left', u'middle', u'right']","[0.8, 0.4, 0.2]","[u'low', u'high', u'medium']",red,50,middle,high,True,False,143,750,NA
A23KAJRDVCVGOE,Mon Dec 04 2017 08:29:56 GMT-0500 (EST),Mon Dec 04 2017 08:38:43 GMT-0500 (EST),"Mozilla/5.0 (X11; CrOS x86_64 10172.0.0) AppleWebKit/537.36 (KHTML, like Gecko) Chrome/64.0.3280.5 Safari/537.36",28,"[0.8, 0.4, 0.2]","[0.8, 0.4, 0.2]","[u'blue', u'red', u'black']","[u'left', u'middle', u'right']","[0.8, 0.4, 0.2]","[u'low', u'high', u'medium']",red,50,middle,high,True,False,38,850,NA
A23KAJRDVCVGOE,Mon Dec 04 2017 08:29:56 GMT-0500 (EST),Mon Dec 04 2017 08:38:43 GMT-0500 (EST),"Mozilla/5.0 (X11; CrOS x86_64 10172.0.0) AppleWebKit/537.36 (KHTML, like Gecko) Chrome/64.0.3280.5 Safari/537.36",29,"[0.8, 0.4, 0.2]","[0.8, 0.4, 0.2]","[u'blue', u'red', u'black']","[u'left', u'middle', u'right']","[0.8, 0.4, 0.2]","[u'low', u'high', u'medium']",red,50,middle,high,True,False,50,950,NA
A23KAJRDVCVGOE,Mon Dec 04 2017 08:29:56 GMT-0500 (EST),Mon Dec 04 2017 08:38:43 GMT-0500 (EST),"Mozilla/5.0 (X11; CrOS x86_64 10172.0.0) AppleWebKit/537.36 (KHTML, like Gecko) Chrome/64.0.3280.5 Safari/537.36",30,"[0.8, 0.4, 0.2]","[0.8, 0.4, 0.2]","[u'blue', u'red', u'black']","[u'left', u'middle', u'right']","[0.8, 0.4, 0.2]","[u'low', u'high', u'medium']",red,50,middle,high,False,False,106,900,NA
A23KAJRDVCVGOE,Mon Dec 04 2017 08:29:56 GMT-0500 (EST),Mon Dec 04 2017 08:38:43 GMT-0500 (EST),"Mozilla/5.0 (X11; CrOS x86_64 10172.0.0) AppleWebKit/537.36 (KHTML, like Gecko) Chrome/64.0.3280.5 Safari/537.36",31,"[0.8, 0.4, 0.2]","[0.8, 0.4, 0.2]","[u'blue', u'red', u'black']","[u'left', u'middle', u'right']","[0.8, 0.4, 0.2]","[u'low', u'high', u'medium']",blue,49,left,low,False,False,408,850,NA
A23KAJRDVCVGOE,Mon Dec 04 2017 08:29:56 GMT-0500 (EST),Mon Dec 04 2017 08:38:43 GMT-0500 (EST),"Mozilla/5.0 (X11; CrOS x86_64 10172.0.0) AppleWebKit/537.36 (KHTML, like Gecko) Chrome/64.0.3280.5 Safari/537.36",32,"[0.8, 0.4, 0.2]","[0.8, 0.4, 0.2]","[u'blue', u'red', u'black']","[u'left', u'middle', u'right']","[0.8, 0.4, 0.2]","[u'low', u'high', u'medium']",red,50,middle,high,True,False,316,950,NA
A23KAJRDVCVGOE,Mon Dec 04 2017 08:29:56 GMT-0500 (EST),Mon Dec 04 2017 08:38:43 GMT-0500 (EST),"Mozilla/5.0 (X11; CrOS x86_64 10172.0.0) AppleWebKit/537.36 (KHTML, like Gecko) Chrome/64.0.3280.5 Safari/537.36",33,"[0.8, 0.4, 0.2]","[0.8, 0.4, 0.2]","[u'blue', u'red', u'black']","[u'left', u'middle', u'right']","[0.8, 0.4, 0.2]","[u'low', u'high', u'medium']",red,50,middle,high,True,False,125,1050,NA
A23KAJRDVCVGOE,Mon Dec 04 2017 08:29:56 GMT-0500 (EST),Mon Dec 04 2017 08:38:43 GMT-0500 (EST),"Mozilla/5.0 (X11; CrOS x86_64 10172.0.0) AppleWebKit/537.36 (KHTML, like Gecko) Chrome/64.0.3280.5 Safari/537.36",34,"[0.8, 0.4, 0.2]","[0.8, 0.4, 0.2]","[u'blue', u'red', u'black']","[u'left', u'middle', u'right']","[0.8, 0.4, 0.2]","[u'low', u'high', u'medium']",red,50,middle,high,False,False,80,1000,NA
A23KAJRDVCVGOE,Mon Dec 04 2017 08:29:56 GMT-0500 (EST),Mon Dec 04 2017 08:38:43 GMT-0500 (EST),"Mozilla/5.0 (X11; CrOS x86_64 10172.0.0) AppleWebKit/537.36 (KHTML, like Gecko) Chrome/64.0.3280.5 Safari/537.36",35,"[0.8, 0.4, 0.2]","[0.8, 0.4, 0.2]","[u'blue', u'red', u'black']","[u'left', u'middle', u'right']","[0.8, 0.4, 0.2]","[u'low', u'high', u'medium']",black,51,right,medium,True,False,443,1100,NA
A23KAJRDVCVGOE,Mon Dec 04 2017 08:29:56 GMT-0500 (EST),Mon Dec 04 2017 08:38:43 GMT-0500 (EST),"Mozilla/5.0 (X11; CrOS x86_64 10172.0.0) AppleWebKit/537.36 (KHTML, like Gecko) Chrome/64.0.3280.5 Safari/537.36",36,"[0.8, 0.4, 0.2]","[0.8, 0.4, 0.2]","[u'blue', u'red', u'black']","[u'left', u'middle', u'right']","[0.8, 0.4, 0.2]","[u'low', u'high', u'medium']",black,51,right,medium,False,False,24,1050,NA
A23KAJRDVCVGOE,Mon Dec 04 2017 08:29:56 GMT-0500 (EST),Mon Dec 04 2017 08:38:43 GMT-0500 (EST),"Mozilla/5.0 (X11; CrOS x86_64 10172.0.0) AppleWebKit/537.36 (KHTML, like Gecko) Chrome/64.0.3280.5 Safari/537.36",37,"[0.8, 0.4, 0.2]","[0.8, 0.4, 0.2]","[u'blue', u'red', u'black']","[u'left', u'middle', u'right']","[0.8, 0.4, 0.2]","[u'low', u'high', u'medium']",blue,49,left,low,False,False,83,1000,NA
A23KAJRDVCVGOE,Mon Dec 04 2017 08:29:56 GMT-0500 (EST),Mon Dec 04 2017 08:38:43 GMT-0500 (EST),"Mozilla/5.0 (X11; CrOS x86_64 10172.0.0) AppleWebKit/537.36 (KHTML, like Gecko) Chrome/64.0.3280.5 Safari/537.36",38,"[0.8, 0.4, 0.2]","[0.8, 0.4, 0.2]","[u'blue', u'red', u'black']","[u'left', u'middle', u'right']","[0.8, 0.4, 0.2]","[u'low', u'high', u'medium']",red,50,middle,high,True,False,42,1100,NA
A23KAJRDVCVGOE,Mon Dec 04 2017 08:29:56 GMT-0500 (EST),Mon Dec 04 2017 08:38:43 GMT-0500 (EST),"Mozilla/5.0 (X11; CrOS x86_64 10172.0.0) AppleWebKit/537.36 (KHTML, like Gecko) Chrome/64.0.3280.5 Safari/537.36",39,"[0.8, 0.4, 0.2]","[0.8, 0.4, 0.2]","[u'blue', u'red', u'black']","[u'left', u'middle', u'right']","[0.8, 0.4, 0.2]","[u'low', u'high', u'medium']",red,50,middle,high,True,False,47,1200,NA
A23KAJRDVCVGOE,Mon Dec 04 2017 08:29:56 GMT-0500 (EST),Mon Dec 04 2017 08:38:43 GMT-0500 (EST),"Mozilla/5.0 (X11; CrOS x86_64 10172.0.0) AppleWebKit/537.36 (KHTML, like Gecko) Chrome/64.0.3280.5 Safari/537.36",40,"[0.8, 0.4, 0.2]","[0.8, 0.4, 0.2]","[u'blue', u'red', u'black']","[u'left', u'middle', u'right']","[0.8, 0.4, 0.2]","[u'low', u'high', u'medium']",red,50,middle,high,True,False,75,1300,NA
A23KAJRDVCVGOE,Mon Dec 04 2017 08:29:56 GMT-0500 (EST),Mon Dec 04 2017 08:38:43 GMT-0500 (EST),"Mozilla/5.0 (X11; CrOS x86_64 10172.0.0) AppleWebKit/537.36 (KHTML, like Gecko) Chrome/64.0.3280.5 Safari/537.36",41,"[0.8, 0.4, 0.2]","[0.8, 0.4, 0.2]","[u'blue', u'red', u'black']","[u'left', u'middle', u'right']","[0.8, 0.4, 0.2]","[u'medium', u'low', u'high']",red,50,middle,low,False,False,379,1250,NA
A23KAJRDVCVGOE,Mon Dec 04 2017 08:29:56 GMT-0500 (EST),Mon Dec 04 2017 08:38:43 GMT-0500 (EST),"Mozilla/5.0 (X11; CrOS x86_64 10172.0.0) AppleWebKit/537.36 (KHTML, like Gecko) Chrome/64.0.3280.5 Safari/537.36",42,"[0.8, 0.4, 0.2]","[0.8, 0.4, 0.2]","[u'blue', u'red', u'black']","[u'left', u'middle', u'right']","[0.8, 0.4, 0.2]","[u'medium', u'low', u'high']",black,51,right,high,False,False,56,1200,NA
A23KAJRDVCVGOE,Mon Dec 04 2017 08:29:56 GMT-0500 (EST),Mon Dec 04 2017 08:38:43 GMT-0500 (EST),"Mozilla/5.0 (X11; CrOS x86_64 10172.0.0) AppleWebKit/537.36 (KHTML, like Gecko) Chrome/64.0.3280.5 Safari/537.36",43,"[0.8, 0.4, 0.2]","[0.8, 0.4, 0.2]","[u'blue', u'red', u'black']","[u'left', u'middle', u'right']","[0.8, 0.4, 0.2]","[u'medium', u'low', u'high']",blue,49,left,medium,False,False,22,1150,NA
A23KAJRDVCVGOE,Mon Dec 04 2017 08:29:56 GMT-0500 (EST),Mon Dec 04 2017 08:38:43 GMT-0500 (EST),"Mozilla/5.0 (X11; CrOS x86_64 10172.0.0) AppleWebKit/537.36 (KHTML, like Gecko) Chrome/64.0.3280.5 Safari/537.36",44,"[0.8, 0.4, 0.2]","[0.8, 0.4, 0.2]","[u'blue', u'red', u'black']","[u'left', u'middle', u'right']","[0.8, 0.4, 0.2]","[u'medium', u'low', u'high']",red,50,middle,low,False,False,143,1100,NA
A23KAJRDVCVGOE,Mon Dec 04 2017 08:29:56 GMT-0500 (EST),Mon Dec 04 2017 08:38:43 GMT-0500 (EST),"Mozilla/5.0 (X11; CrOS x86_64 10172.0.0) AppleWebKit/537.36 (KHTML, like Gecko) Chrome/64.0.3280.5 Safari/537.36",45,"[0.8, 0.4, 0.2]","[0.8, 0.4, 0.2]","[u'blue', u'red', u'black']","[u'left', u'middle', u'right']","[0.8, 0.4, 0.2]","[u'medium', u'low', u'high']",black,51,right,high,True,False,39,1200,NA
A23KAJRDVCVGOE,Mon Dec 04 2017 08:29:56 GMT-0500 (EST),Mon Dec 04 2017 08:38:43 GMT-0500 (EST),"Mozilla/5.0 (X11; CrOS x86_64 10172.0.0) AppleWebKit/537.36 (KHTML, like Gecko) Chrome/64.0.3280.5 Safari/537.36",46,"[0.8, 0.4, 0.2]","[0.8, 0.4, 0.2]","[u'blue', u'red', u'black']","[u'left', u'middle', u'right']","[0.8, 0.4, 0.2]","[u'medium', u'low', u'high']",black,51,right,high,True,False,918,1300,NA
A23KAJRDVCVGOE,Mon Dec 04 2017 08:29:56 GMT-0500 (EST),Mon Dec 04 2017 08:38:43 GMT-0500 (EST),"Mozilla/5.0 (X11; CrOS x86_64 10172.0.0) AppleWebKit/537.36 (KHTML, like Gecko) Chrome/64.0.3280.5 Safari/537.36",47,"[0.8, 0.4, 0.2]","[0.8, 0.4, 0.2]","[u'blue', u'red', u'black']","[u'left', u'middle', u'right']","[0.8, 0.4, 0.2]","[u'medium', u'low', u'high']",black,51,right,high,True,False,252,1400,NA
A23KAJRDVCVGOE,Mon Dec 04 2017 08:29:56 GMT-0500 (EST),Mon Dec 04 2017 08:38:43 GMT-0500 (EST),"Mozilla/5.0 (X11; CrOS x86_64 10172.0.0) AppleWebKit/537.36 (KHTML, like Gecko) Chrome/64.0.3280.5 Safari/537.36",48,"[0.8, 0.4, 0.2]","[0.8, 0.4, 0.2]","[u'blue', u'red', u'black']","[u'left', u'middle', u'right']","[0.8, 0.4, 0.2]","[u'medium', u'low', u'high']",black,51,right,high,False,False,269,1350,NA
A23KAJRDVCVGOE,Mon Dec 04 2017 08:29:56 GMT-0500 (EST),Mon Dec 04 2017 08:38:43 GMT-0500 (EST),"Mozilla/5.0 (X11; CrOS x86_64 10172.0.0) AppleWebKit/537.36 (KHTML, like Gecko) Chrome/64.0.3280.5 Safari/537.36",49,"[0.8, 0.4, 0.2]","[0.8, 0.4, 0.2]","[u'blue', u'red', u'black']","[u'left', u'middle', u'right']","[0.8, 0.4, 0.2]","[u'medium', u'low', u'high']",blue,49,left,medium,False,False,61,1300,NA
A23KAJRDVCVGOE,Mon Dec 04 2017 08:29:56 GMT-0500 (EST),Mon Dec 04 2017 08:38:43 GMT-0500 (EST),"Mozilla/5.0 (X11; CrOS x86_64 10172.0.0) AppleWebKit/537.36 (KHTML, like Gecko) Chrome/64.0.3280.5 Safari/537.36",50,"[0.8, 0.4, 0.2]","[0.8, 0.4, 0.2]","[u'blue', u'red', u'black']","[u'left', u'middle', u'right']","[0.8, 0.4, 0.2]","[u'medium', u'low', u'high']",red,50,middle,low,True,False,190,1400,NA
A23KAJRDVCVGOE,Mon Dec 04 2017 08:29:56 GMT-0500 (EST),Mon Dec 04 2017 08:38:43 GMT-0500 (EST),"Mozilla/5.0 (X11; CrOS x86_64 10172.0.0) AppleWebKit/537.36 (KHTML, like Gecko) Chrome/64.0.3280.5 Safari/537.36",51,"[0.8, 0.4, 0.2]","[0.8, 0.4, 0.2]","[u'blue', u'red', u'black']","[u'left', u'middle', u'right']","[0.8, 0.4, 0.2]","[u'medium', u'low', u'high']",red,50,middle,low,True,False,292,1500,NA
A23KAJRDVCVGOE,Mon Dec 04 2017 08:29:56 GMT-0500 (EST),Mon Dec 04 2017 08:38:43 GMT-0500 (EST),"Mozilla/5.0 (X11; CrOS x86_64 10172.0.0) AppleWebKit/537.36 (KHTML, like Gecko) Chrome/64.0.3280.5 Safari/537.36",52,"[0.8, 0.4, 0.2]","[0.8, 0.4, 0.2]","[u'blue', u'red', u'black']","[u'left', u'middle', u'right']","[0.8, 0.4, 0.2]","[u'medium', u'low', u'high']",red,50,middle,low,True,False,46,1600,NA
A23KAJRDVCVGOE,Mon Dec 04 2017 08:29:56 GMT-0500 (EST),Mon Dec 04 2017 08:38:43 GMT-0500 (EST),"Mozilla/5.0 (X11; CrOS x86_64 10172.0.0) AppleWebKit/537.36 (KHTML, like Gecko) Chrome/64.0.3280.5 Safari/537.36",53,"[0.8, 0.4, 0.2]","[0.8, 0.4, 0.2]","[u'blue', u'red', u'black']","[u'left', u'middle', u'right']","[0.8, 0.4, 0.2]","[u'medium', u'low', u'high']",red,50,middle,low,False,False,92,1550,NA
A23KAJRDVCVGOE,Mon Dec 04 2017 08:29:56 GMT-0500 (EST),Mon Dec 04 2017 08:38:43 GMT-0500 (EST),"Mozilla/5.0 (X11; CrOS x86_64 10172.0.0) AppleWebKit/537.36 (KHTML, like Gecko) Chrome/64.0.3280.5 Safari/537.36",54,"[0.8, 0.4, 0.2]","[0.8, 0.4, 0.2]","[u'blue', u'red', u'black']","[u'left', u'middle', u'right']","[0.8, 0.4, 0.2]","[u'medium', u'low', u'high']",black,51,right,high,True,False,103,1650,NA
A23KAJRDVCVGOE,Mon Dec 04 2017 08:29:56 GMT-0500 (EST),Mon Dec 04 2017 08:38:43 GMT-0500 (EST),"Mozilla/5.0 (X11; CrOS x86_64 10172.0.0) AppleWebKit/537.36 (KHTML, like Gecko) Chrome/64.0.3280.5 Safari/537.36",55,"[0.8, 0.4, 0.2]","[0.8, 0.4, 0.2]","[u'blue', u'red', u'black']","[u'left', u'middle', u'right']","[0.8, 0.4, 0.2]","[u'medium', u'low', u'high']",black,51,right,high,True,False,222,1750,NA
A23KAJRDVCVGOE,Mon Dec 04 2017 08:29:56 GMT-0500 (EST),Mon Dec 04 2017 08:38:43 GMT-0500 (EST),"Mozilla/5.0 (X11; CrOS x86_64 10172.0.0) AppleWebKit/537.36 (KHTML, like Gecko) Chrome/64.0.3280.5 Safari/537.36",56,"[0.8, 0.4, 0.2]","[0.8, 0.4, 0.2]","[u'blue', u'red', u'black']","[u'left', u'middle', u'right']","[0.8, 0.4, 0.2]","[u'medium', u'low', u'high']",black,51,right,high,True,False,83,1850,NA
A23KAJRDVCVGOE,Mon Dec 04 2017 08:29:56 GMT-0500 (EST),Mon Dec 04 2017 08:38:43 GMT-0500 (EST),"Mozilla/5.0 (X11; CrOS x86_64 10172.0.0) AppleWebKit/537.36 (KHTML, like Gecko) Chrome/64.0.3280.5 Safari/537.36",57,"[0.8, 0.4, 0.2]","[0.8, 0.4, 0.2]","[u'blue', u'red', u'black']","[u'left', u'middle', u'right']","[0.8, 0.4, 0.2]","[u'medium', u'low', u'high']",black,51,right,high,True,False,65,1950,NA
A23KAJRDVCVGOE,Mon Dec 04 2017 08:29:56 GMT-0500 (EST),Mon Dec 04 2017 08:38:43 GMT-0500 (EST),"Mozilla/5.0 (X11; CrOS x86_64 10172.0.0) AppleWebKit/537.36 (KHTML, like Gecko) Chrome/64.0.3280.5 Safari/537.36",58,"[0.8, 0.4, 0.2]","[0.8, 0.4, 0.2]","[u'blue', u'red', u'black']","[u'left', u'middle', u'right']","[0.8, 0.4, 0.2]","[u'medium', u'low', u'high']",black,51,right,high,True,False,375,2050,NA
A23KAJRDVCVGOE,Mon Dec 04 2017 08:29:56 GMT-0500 (EST),Mon Dec 04 2017 08:38:43 GMT-0500 (EST),"Mozilla/5.0 (X11; CrOS x86_64 10172.0.0) AppleWebKit/537.36 (KHTML, like Gecko) Chrome/64.0.3280.5 Safari/537.36",59,"[0.8, 0.4, 0.2]","[0.8, 0.4, 0.2]","[u'blue', u'red', u'black']","[u'left', u'middle', u'right']","[0.8, 0.4, 0.2]","[u'medium', u'low', u'high']",black,51,right,high,True,False,501,2150,NA
A23KAJRDVCVGOE,Mon Dec 04 2017 08:29:56 GMT-0500 (EST),Mon Dec 04 2017 08:38:43 GMT-0500 (EST),"Mozilla/5.0 (X11; CrOS x86_64 10172.0.0) AppleWebKit/537.36 (KHTML, like Gecko) Chrome/64.0.3280.5 Safari/537.36",60,"[0.8, 0.4, 0.2]","[0.8, 0.4, 0.2]","[u'blue', u'red', u'black']","[u'left', u'middle', u'right']","[0.8, 0.4, 0.2]","[u'medium', u'low', u'high']",black,51,right,high,True,False,104,2250,NA
A23KAJRDVCVGOE,Mon Dec 04 2017 08:29:56 GMT-0500 (EST),Mon Dec 04 2017 08:38:43 GMT-0500 (EST),"Mozilla/5.0 (X11; CrOS x86_64 10172.0.0) AppleWebKit/537.36 (KHTML, like Gecko) Chrome/64.0.3280.5 Safari/537.36",61,"[0.8, 0.4, 0.2]","[0.8, 0.4, 0.2]","[u'blue', u'red', u'black']","[u'left', u'middle', u'right']","[0.8, 0.4, 0.2]","[u'medium', u'low', u'high']",black,51,right,high,True,False,174,2350,NA
A23KAJRDVCVGOE,Mon Dec 04 2017 08:29:56 GMT-0500 (EST),Mon Dec 04 2017 08:38:43 GMT-0500 (EST),"Mozilla/5.0 (X11; CrOS x86_64 10172.0.0) AppleWebKit/537.36 (KHTML, like Gecko) Chrome/64.0.3280.5 Safari/537.36",62,"[0.8, 0.4, 0.2]","[0.8, 0.4, 0.2]","[u'blue', u'red', u'black']","[u'left', u'middle', u'right']","[0.8, 0.4, 0.2]","[u'medium', u'low', u'high']",black,51,right,high,True,True,50,2450,NA
A23KAJRDVCVGOE,Mon Dec 04 2017 08:29:56 GMT-0500 (EST),Mon Dec 04 2017 08:38:43 GMT-0500 (EST),"Mozilla/5.0 (X11; CrOS x86_64 10172.0.0) AppleWebKit/537.36 (KHTML, like Gecko) Chrome/64.0.3280.5 Safari/537.36",63,"[0.8, 0.4, 0.2]","[0.8, 0.4, 0.2]","[u'blue', u'red', u'black']","[u'left', u'middle', u'right']","[0.8, 0.4, 0.2]","[u'high', u'medium', u'low']",black,51,right,low,True,False,40,2550,NA
A23KAJRDVCVGOE,Mon Dec 04 2017 08:29:56 GMT-0500 (EST),Mon Dec 04 2017 08:38:43 GMT-0500 (EST),"Mozilla/5.0 (X11; CrOS x86_64 10172.0.0) AppleWebKit/537.36 (KHTML, like Gecko) Chrome/64.0.3280.5 Safari/537.36",64,"[0.8, 0.4, 0.2]","[0.8, 0.4, 0.2]","[u'blue', u'red', u'black']","[u'left', u'middle', u'right']","[0.8, 0.4, 0.2]","[u'high', u'medium', u'low']",black,51,right,low,False,False,13,2500,NA
A23KAJRDVCVGOE,Mon Dec 04 2017 08:29:56 GMT-0500 (EST),Mon Dec 04 2017 08:38:43 GMT-0500 (EST),"Mozilla/5.0 (X11; CrOS x86_64 10172.0.0) AppleWebKit/537.36 (KHTML, like Gecko) Chrome/64.0.3280.5 Safari/537.36",65,"[0.8, 0.4, 0.2]","[0.8, 0.4, 0.2]","[u'blue', u'red', u'black']","[u'left', u'middle', u'right']","[0.8, 0.4, 0.2]","[u'high', u'medium', u'low']",blue,49,left,high,False,False,91,2450,NA
A23KAJRDVCVGOE,Mon Dec 04 2017 08:29:56 GMT-0500 (EST),Mon Dec 04 2017 08:38:43 GMT-0500 (EST),"Mozilla/5.0 (X11; CrOS x86_64 10172.0.0) AppleWebKit/537.36 (KHTML, like Gecko) Chrome/64.0.3280.5 Safari/537.36",66,"[0.8, 0.4, 0.2]","[0.8, 0.4, 0.2]","[u'blue', u'red', u'black']","[u'left', u'middle', u'right']","[0.8, 0.4, 0.2]","[u'high', u'medium', u'low']",black,51,right,low,False,False,50,2400,NA
A23KAJRDVCVGOE,Mon Dec 04 2017 08:29:56 GMT-0500 (EST),Mon Dec 04 2017 08:38:43 GMT-0500 (EST),"Mozilla/5.0 (X11; CrOS x86_64 10172.0.0) AppleWebKit/537.36 (KHTML, like Gecko) Chrome/64.0.3280.5 Safari/537.36",67,"[0.8, 0.4, 0.2]","[0.8, 0.4, 0.2]","[u'blue', u'red', u'black']","[u'left', u'middle', u'right']","[0.8, 0.4, 0.2]","[u'high', u'medium', u'low']",red,50,middle,medium,True,False,371,2500,NA
A23KAJRDVCVGOE,Mon Dec 04 2017 08:29:56 GMT-0500 (EST),Mon Dec 04 2017 08:38:43 GMT-0500 (EST),"Mozilla/5.0 (X11; CrOS x86_64 10172.0.0) AppleWebKit/537.36 (KHTML, like Gecko) Chrome/64.0.3280.5 Safari/537.36",68,"[0.8, 0.4, 0.2]","[0.8, 0.4, 0.2]","[u'blue', u'red', u'black']","[u'left', u'middle', u'right']","[0.8, 0.4, 0.2]","[u'high', u'medium', u'low']",red,50,middle,medium,False,False,123,2450,NA
A23KAJRDVCVGOE,Mon Dec 04 2017 08:29:56 GMT-0500 (EST),Mon Dec 04 2017 08:38:43 GMT-0500 (EST),"Mozilla/5.0 (X11; CrOS x86_64 10172.0.0) AppleWebKit/537.36 (KHTML, like Gecko) Chrome/64.0.3280.5 Safari/537.36",69,"[0.8, 0.4, 0.2]","[0.8, 0.4, 0.2]","[u'blue', u'red', u'black']","[u'left', u'middle', u'right']","[0.8, 0.4, 0.2]","[u'high', u'medium', u'low']",blue,49,left,high,True,False,33,2550,NA
A23KAJRDVCVGOE,Mon Dec 04 2017 08:29:56 GMT-0500 (EST),Mon Dec 04 2017 08:38:43 GMT-0500 (EST),"Mozilla/5.0 (X11; CrOS x86_64 10172.0.0) AppleWebKit/537.36 (KHTML, like Gecko) Chrome/64.0.3280.5 Safari/537.36",70,"[0.8, 0.4, 0.2]","[0.8, 0.4, 0.2]","[u'blue', u'red', u'black']","[u'left', u'middle', u'right']","[0.8, 0.4, 0.2]","[u'high', u'medium', u'low']",blue,49,left,high,False,False,1507,2500,NA
A23KAJRDVCVGOE,Mon Dec 04 2017 08:29:56 GMT-0500 (EST),Mon Dec 04 2017 08:38:43 GMT-0500 (EST),"Mozilla/5.0 (X11; CrOS x86_64 10172.0.0) AppleWebKit/537.36 (KHTML, like Gecko) Chrome/64.0.3280.5 Safari/537.36",71,"[0.8, 0.4, 0.2]","[0.8, 0.4, 0.2]","[u'blue', u'red', u'black']","[u'left', u'middle', u'right']","[0.8, 0.4, 0.2]","[u'high', u'medium', u'low']",red,50,middle,medium,False,False,87,2450,NA
A23KAJRDVCVGOE,Mon Dec 04 2017 08:29:56 GMT-0500 (EST),Mon Dec 04 2017 08:38:43 GMT-0500 (EST),"Mozilla/5.0 (X11; CrOS x86_64 10172.0.0) AppleWebKit/537.36 (KHTML, like Gecko) Chrome/64.0.3280.5 Safari/537.36",72,"[0.8, 0.4, 0.2]","[0.8, 0.4, 0.2]","[u'blue', u'red', u'black']","[u'left', u'middle', u'right']","[0.8, 0.4, 0.2]","[u'high', u'medium', u'low']",black,51,right,low,True,False,1150,2550,NA
A23KAJRDVCVGOE,Mon Dec 04 2017 08:29:56 GMT-0500 (EST),Mon Dec 04 2017 08:38:43 GMT-0500 (EST),"Mozilla/5.0 (X11; CrOS x86_64 10172.0.0) AppleWebKit/537.36 (KHTML, like Gecko) Chrome/64.0.3280.5 Safari/537.36",73,"[0.8, 0.4, 0.2]","[0.8, 0.4, 0.2]","[u'blue', u'red', u'black']","[u'left', u'middle', u'right']","[0.8, 0.4, 0.2]","[u'high', u'medium', u'low']",blue,49,left,high,True,False,8837,2650,NA
A23KAJRDVCVGOE,Mon Dec 04 2017 08:29:56 GMT-0500 (EST),Mon Dec 04 2017 08:38:43 GMT-0500 (EST),"Mozilla/5.0 (X11; CrOS x86_64 10172.0.0) AppleWebKit/537.36 (KHTML, like Gecko) Chrome/64.0.3280.5 Safari/537.36",74,"[0.8, 0.4, 0.2]","[0.8, 0.4, 0.2]","[u'blue', u'red', u'black']","[u'left', u'middle', u'right']","[0.8, 0.4, 0.2]","[u'high', u'medium', u'low']",blue,49,left,high,True,False,269,2750,NA
A23KAJRDVCVGOE,Mon Dec 04 2017 08:29:56 GMT-0500 (EST),Mon Dec 04 2017 08:38:43 GMT-0500 (EST),"Mozilla/5.0 (X11; CrOS x86_64 10172.0.0) AppleWebKit/537.36 (KHTML, like Gecko) Chrome/64.0.3280.5 Safari/537.36",75,"[0.8, 0.4, 0.2]","[0.8, 0.4, 0.2]","[u'blue', u'red', u'black']","[u'left', u'middle', u'right']","[0.8, 0.4, 0.2]","[u'high', u'medium', u'low']",blue,49,left,high,True,False,313,2850,NA
A23KAJRDVCVGOE,Mon Dec 04 2017 08:29:56 GMT-0500 (EST),Mon Dec 04 2017 08:38:43 GMT-0500 (EST),"Mozilla/5.0 (X11; CrOS x86_64 10172.0.0) AppleWebKit/537.36 (KHTML, like Gecko) Chrome/64.0.3280.5 Safari/537.36",76,"[0.8, 0.4, 0.2]","[0.8, 0.4, 0.2]","[u'blue', u'red', u'black']","[u'left', u'middle', u'right']","[0.8, 0.4, 0.2]","[u'high', u'medium', u'low']",blue,49,left,high,True,False,474,2950,NA
A23KAJRDVCVGOE,Mon Dec 04 2017 08:29:56 GMT-0500 (EST),Mon Dec 04 2017 08:38:43 GMT-0500 (EST),"Mozilla/5.0 (X11; CrOS x86_64 10172.0.0) AppleWebKit/537.36 (KHTML, like Gecko) Chrome/64.0.3280.5 Safari/537.36",77,"[0.8, 0.4, 0.2]","[0.8, 0.4, 0.2]","[u'blue', u'red', u'black']","[u'left', u'middle', u'right']","[0.8, 0.4, 0.2]","[u'high', u'medium', u'low']",blue,49,left,high,True,False,549,3050,NA
A23KAJRDVCVGOE,Mon Dec 04 2017 08:29:56 GMT-0500 (EST),Mon Dec 04 2017 08:38:43 GMT-0500 (EST),"Mozilla/5.0 (X11; CrOS x86_64 10172.0.0) AppleWebKit/537.36 (KHTML, like Gecko) Chrome/64.0.3280.5 Safari/537.36",78,"[0.8, 0.4, 0.2]","[0.8, 0.4, 0.2]","[u'blue', u'red', u'black']","[u'left', u'middle', u'right']","[0.8, 0.4, 0.2]","[u'high', u'medium', u'low']",blue,49,left,high,True,False,417,3150,NA
A23KAJRDVCVGOE,Mon Dec 04 2017 08:29:56 GMT-0500 (EST),Mon Dec 04 2017 08:38:43 GMT-0500 (EST),"Mozilla/5.0 (X11; CrOS x86_64 10172.0.0) AppleWebKit/537.36 (KHTML, like Gecko) Chrome/64.0.3280.5 Safari/537.36",79,"[0.8, 0.4, 0.2]","[0.8, 0.4, 0.2]","[u'blue', u'red', u'black']","[u'left', u'middle', u'right']","[0.8, 0.4, 0.2]","[u'high', u'medium', u'low']",blue,49,left,high,True,False,443,3250,NA
A23KAJRDVCVGOE,Mon Dec 04 2017 08:29:56 GMT-0500 (EST),Mon Dec 04 2017 08:38:43 GMT-0500 (EST),"Mozilla/5.0 (X11; CrOS x86_64 10172.0.0) AppleWebKit/537.36 (KHTML, like Gecko) Chrome/64.0.3280.5 Safari/537.36",80,"[0.8, 0.4, 0.2]","[0.8, 0.4, 0.2]","[u'blue', u'red', u'black']","[u'left', u'middle', u'right']","[0.8, 0.4, 0.2]","[u'high', u'medium', u'low']",blue,49,left,high,True,False,316,3350,NA
A23KAJRDVCVGOE,Mon Dec 04 2017 08:29:56 GMT-0500 (EST),Mon Dec 04 2017 08:38:43 GMT-0500 (EST),"Mozilla/5.0 (X11; CrOS x86_64 10172.0.0) AppleWebKit/537.36 (KHTML, like Gecko) Chrome/64.0.3280.5 Safari/537.36",81,"[0.8, 0.4, 0.2]","[0.8, 0.4, 0.2]","[u'blue', u'red', u'black']","[u'left', u'middle', u'right']","[0.8, 0.4, 0.2]","[u'medium', u'low', u'high']",red,50,middle,low,False,False,1316,3300,NA
A23KAJRDVCVGOE,Mon Dec 04 2017 08:29:56 GMT-0500 (EST),Mon Dec 04 2017 08:38:43 GMT-0500 (EST),"Mozilla/5.0 (X11; CrOS x86_64 10172.0.0) AppleWebKit/537.36 (KHTML, like Gecko) Chrome/64.0.3280.5 Safari/537.36",82,"[0.8, 0.4, 0.2]","[0.8, 0.4, 0.2]","[u'blue', u'red', u'black']","[u'left', u'middle', u'right']","[0.8, 0.4, 0.2]","[u'medium', u'low', u'high']",black,51,right,high,True,False,177,3400,NA
A23KAJRDVCVGOE,Mon Dec 04 2017 08:29:56 GMT-0500 (EST),Mon Dec 04 2017 08:38:43 GMT-0500 (EST),"Mozilla/5.0 (X11; CrOS x86_64 10172.0.0) AppleWebKit/537.36 (KHTML, like Gecko) Chrome/64.0.3280.5 Safari/537.36",83,"[0.8, 0.4, 0.2]","[0.8, 0.4, 0.2]","[u'blue', u'red', u'black']","[u'left', u'middle', u'right']","[0.8, 0.4, 0.2]","[u'medium', u'low', u'high']",black,51,right,high,True,False,202,3500,NA
A23KAJRDVCVGOE,Mon Dec 04 2017 08:29:56 GMT-0500 (EST),Mon Dec 04 2017 08:38:43 GMT-0500 (EST),"Mozilla/5.0 (X11; CrOS x86_64 10172.0.0) AppleWebKit/537.36 (KHTML, like Gecko) Chrome/64.0.3280.5 Safari/537.36",84,"[0.8, 0.4, 0.2]","[0.8, 0.4, 0.2]","[u'blue', u'red', u'black']","[u'left', u'middle', u'right']","[0.8, 0.4, 0.2]","[u'medium', u'low', u'high']",black,51,right,high,False,False,330,3450,NA
A23KAJRDVCVGOE,Mon Dec 04 2017 08:29:56 GMT-0500 (EST),Mon Dec 04 2017 08:38:43 GMT-0500 (EST),"Mozilla/5.0 (X11; CrOS x86_64 10172.0.0) AppleWebKit/537.36 (KHTML, like Gecko) Chrome/64.0.3280.5 Safari/537.36",85,"[0.8, 0.4, 0.2]","[0.8, 0.4, 0.2]","[u'blue', u'red', u'black']","[u'left', u'middle', u'right']","[0.8, 0.4, 0.2]","[u'medium', u'low', u'high']",black,51,right,high,True,False,127,3550,NA
A23KAJRDVCVGOE,Mon Dec 04 2017 08:29:56 GMT-0500 (EST),Mon Dec 04 2017 08:38:43 GMT-0500 (EST),"Mozilla/5.0 (X11; CrOS x86_64 10172.0.0) AppleWebKit/537.36 (KHTML, like Gecko) Chrome/64.0.3280.5 Safari/537.36",86,"[0.8, 0.4, 0.2]","[0.8, 0.4, 0.2]","[u'blue', u'red', u'black']","[u'left', u'middle', u'right']","[0.8, 0.4, 0.2]","[u'medium', u'low', u'high']",black,51,right,high,True,False,154,3650,NA
A23KAJRDVCVGOE,Mon Dec 04 2017 08:29:56 GMT-0500 (EST),Mon Dec 04 2017 08:38:43 GMT-0500 (EST),"Mozilla/5.0 (X11; CrOS x86_64 10172.0.0) AppleWebKit/537.36 (KHTML, like Gecko) Chrome/64.0.3280.5 Safari/537.36",87,"[0.8, 0.4, 0.2]","[0.8, 0.4, 0.2]","[u'blue', u'red', u'black']","[u'left', u'middle', u'right']","[0.8, 0.4, 0.2]","[u'medium', u'low', u'high']",black,51,right,high,True,False,109,3750,NA
A23KAJRDVCVGOE,Mon Dec 04 2017 08:29:56 GMT-0500 (EST),Mon Dec 04 2017 08:38:43 GMT-0500 (EST),"Mozilla/5.0 (X11; CrOS x86_64 10172.0.0) AppleWebKit/537.36 (KHTML, like Gecko) Chrome/64.0.3280.5 Safari/537.36",88,"[0.8, 0.4, 0.2]","[0.8, 0.4, 0.2]","[u'blue', u'red', u'black']","[u'left', u'middle', u'right']","[0.8, 0.4, 0.2]","[u'medium', u'low', u'high']",black,51,right,high,True,False,142,3850,NA
A23KAJRDVCVGOE,Mon Dec 04 2017 08:29:56 GMT-0500 (EST),Mon Dec 04 2017 08:38:43 GMT-0500 (EST),"Mozilla/5.0 (X11; CrOS x86_64 10172.0.0) AppleWebKit/537.36 (KHTML, like Gecko) Chrome/64.0.3280.5 Safari/537.36",89,"[0.8, 0.4, 0.2]","[0.8, 0.4, 0.2]","[u'blue', u'red', u'black']","[u'left', u'middle', u'right']","[0.8, 0.4, 0.2]","[u'medium', u'low', u'high']",black,51,right,high,False,False,38,3800,NA
A23KAJRDVCVGOE,Mon Dec 04 2017 08:29:56 GMT-0500 (EST),Mon Dec 04 2017 08:38:43 GMT-0500 (EST),"Mozilla/5.0 (X11; CrOS x86_64 10172.0.0) AppleWebKit/537.36 (KHTML, like Gecko) Chrome/64.0.3280.5 Safari/537.36",90,"[0.8, 0.4, 0.2]","[0.8, 0.4, 0.2]","[u'blue', u'red', u'black']","[u'left', u'middle', u'right']","[0.8, 0.4, 0.2]","[u'medium', u'low', u'high']",red,50,middle,low,False,False,42,3750,NA
A23KAJRDVCVGOE,Mon Dec 04 2017 08:29:56 GMT-0500 (EST),Mon Dec 04 2017 08:38:43 GMT-0500 (EST),"Mozilla/5.0 (X11; CrOS x86_64 10172.0.0) AppleWebKit/537.36 (KHTML, like Gecko) Chrome/64.0.3280.5 Safari/537.36",91,"[0.8, 0.4, 0.2]","[0.8, 0.4, 0.2]","[u'blue', u'red', u'black']","[u'left', u'middle', u'right']","[0.8, 0.4, 0.2]","[u'medium', u'low', u'high']",red,50,middle,low,False,False,600,3700,NA
A23KAJRDVCVGOE,Mon Dec 04 2017 08:29:56 GMT-0500 (EST),Mon Dec 04 2017 08:38:43 GMT-0500 (EST),"Mozilla/5.0 (X11; CrOS x86_64 10172.0.0) AppleWebKit/537.36 (KHTML, like Gecko) Chrome/64.0.3280.5 Safari/537.36",92,"[0.8, 0.4, 0.2]","[0.8, 0.4, 0.2]","[u'blue', u'red', u'black']","[u'left', u'middle', u'right']","[0.8, 0.4, 0.2]","[u'medium', u'low', u'high']",blue,49,left,medium,False,False,75,3650,NA
A23KAJRDVCVGOE,Mon Dec 04 2017 08:29:56 GMT-0500 (EST),Mon Dec 04 2017 08:38:43 GMT-0500 (EST),"Mozilla/5.0 (X11; CrOS x86_64 10172.0.0) AppleWebKit/537.36 (KHTML, like Gecko) Chrome/64.0.3280.5 Safari/537.36",93,"[0.8, 0.4, 0.2]","[0.8, 0.4, 0.2]","[u'blue', u'red', u'black']","[u'left', u'middle', u'right']","[0.8, 0.4, 0.2]","[u'medium', u'low', u'high']",black,51,right,high,True,False,68,3750,NA
A23KAJRDVCVGOE,Mon Dec 04 2017 08:29:56 GMT-0500 (EST),Mon Dec 04 2017 08:38:43 GMT-0500 (EST),"Mozilla/5.0 (X11; CrOS x86_64 10172.0.0) AppleWebKit/537.36 (KHTML, like Gecko) Chrome/64.0.3280.5 Safari/537.36",94,"[0.8, 0.4, 0.2]","[0.8, 0.4, 0.2]","[u'blue', u'red', u'black']","[u'left', u'middle', u'right']","[0.8, 0.4, 0.2]","[u'medium', u'low', u'high']",black,51,right,high,True,False,113,3850,NA
A23KAJRDVCVGOE,Mon Dec 04 2017 08:29:56 GMT-0500 (EST),Mon Dec 04 2017 08:38:43 GMT-0500 (EST),"Mozilla/5.0 (X11; CrOS x86_64 10172.0.0) AppleWebKit/537.36 (KHTML, like Gecko) Chrome/64.0.3280.5 Safari/537.36",95,"[0.8, 0.4, 0.2]","[0.8, 0.4, 0.2]","[u'blue', u'red', u'black']","[u'left', u'middle', u'right']","[0.8, 0.4, 0.2]","[u'medium', u'low', u'high']",black,51,right,high,False,False,222,3800,NA
A23KAJRDVCVGOE,Mon Dec 04 2017 08:29:56 GMT-0500 (EST),Mon Dec 04 2017 08:38:43 GMT-0500 (EST),"Mozilla/5.0 (X11; CrOS x86_64 10172.0.0) AppleWebKit/537.36 (KHTML, like Gecko) Chrome/64.0.3280.5 Safari/537.36",96,"[0.8, 0.4, 0.2]","[0.8, 0.4, 0.2]","[u'blue', u'red', u'black']","[u'left', u'middle', u'right']","[0.8, 0.4, 0.2]","[u'medium', u'low', u'high']",blue,49,left,medium,False,False,346,3750,NA
A23KAJRDVCVGOE,Mon Dec 04 2017 08:29:56 GMT-0500 (EST),Mon Dec 04 2017 08:38:43 GMT-0500 (EST),"Mozilla/5.0 (X11; CrOS x86_64 10172.0.0) AppleWebKit/537.36 (KHTML, like Gecko) Chrome/64.0.3280.5 Safari/537.36",97,"[0.8, 0.4, 0.2]","[0.8, 0.4, 0.2]","[u'blue', u'red', u'black']","[u'left', u'middle', u'right']","[0.8, 0.4, 0.2]","[u'medium', u'low', u'high']",black,51,right,high,True,False,71,3850,NA
A23KAJRDVCVGOE,Mon Dec 04 2017 08:29:56 GMT-0500 (EST),Mon Dec 04 2017 08:38:43 GMT-0500 (EST),"Mozilla/5.0 (X11; CrOS x86_64 10172.0.0) AppleWebKit/537.36 (KHTML, like Gecko) Chrome/64.0.3280.5 Safari/537.36",98,"[0.8, 0.4, 0.2]","[0.8, 0.4, 0.2]","[u'blue', u'red', u'black']","[u'left', u'middle', u'right']","[0.8, 0.4, 0.2]","[u'medium', u'low', u'high']",black,51,right,high,False,False,114,3800,NA
A23KAJRDVCVGOE,Mon Dec 04 2017 08:29:56 GMT-0500 (EST),Mon Dec 04 2017 08:38:43 GMT-0500 (EST),"Mozilla/5.0 (X11; CrOS x86_64 10172.0.0) AppleWebKit/537.36 (KHTML, like Gecko) Chrome/64.0.3280.5 Safari/537.36",99,"[0.8, 0.4, 0.2]","[0.8, 0.4, 0.2]","[u'blue', u'red', u'black']","[u'left', u'middle', u'right']","[0.8, 0.4, 0.2]","[u'medium', u'low', u'high']",red,50,middle,low,False,False,72,3750,NA
A23KAJRDVCVGOE,Mon Dec 04 2017 08:29:56 GMT-0500 (EST),Mon Dec 04 2017 08:38:43 GMT-0500 (EST),"Mozilla/5.0 (X11; CrOS x86_64 10172.0.0) AppleWebKit/537.36 (KHTML, like Gecko) Chrome/64.0.3280.5 Safari/537.36",100,"[0.8, 0.4, 0.2]","[0.8, 0.4, 0.2]","[u'blue', u'red', u'black']","[u'left', u'middle', u'right']","[0.8, 0.4, 0.2]","[u'medium', u'low', u'high']",black,51,right,high,True,False,25,3850,NA
A23KAJRDVCVGOE,Mon Dec 04 2017 08:29:56 GMT-0500 (EST),Mon Dec 04 2017 08:38:43 GMT-0500 (EST),"Mozilla/5.0 (X11; CrOS x86_64 10172.0.0) AppleWebKit/537.36 (KHTML, like Gecko) Chrome/64.0.3280.5 Safari/537.36",101,"[0.8, 0.4, 0.2]","[0.8, 0.4, 0.2]","[u'blue', u'red', u'black']","[u'left', u'middle', u'right']","[0.8, 0.4, 0.2]","[u'medium', u'low', u'high']",black,51,right,high,True,False,388,3950,NA
A23KAJRDVCVGOE,Mon Dec 04 2017 08:29:56 GMT-0500 (EST),Mon Dec 04 2017 08:38:43 GMT-0500 (EST),"Mozilla/5.0 (X11; CrOS x86_64 10172.0.0) AppleWebKit/537.36 (KHTML, like Gecko) Chrome/64.0.3280.5 Safari/537.36",102,"[0.8, 0.4, 0.2]","[0.8, 0.4, 0.2]","[u'blue', u'red', u'black']","[u'left', u'middle', u'right']","[0.8, 0.4, 0.2]","[u'medium', u'low', u'high']",black,51,right,high,True,False,116,4050,NA
A23KAJRDVCVGOE,Mon Dec 04 2017 08:29:56 GMT-0500 (EST),Mon Dec 04 2017 08:38:43 GMT-0500 (EST),"Mozilla/5.0 (X11; CrOS x86_64 10172.0.0) AppleWebKit/537.36 (KHTML, like Gecko) Chrome/64.0.3280.5 Safari/537.36",103,"[0.8, 0.4, 0.2]","[0.8, 0.4, 0.2]","[u'blue', u'red', u'black']","[u'left', u'middle', u'right']","[0.8, 0.4, 0.2]","[u'medium', u'low', u'high']",black,51,right,high,True,False,119,4150,NA
A23KAJRDVCVGOE,Mon Dec 04 2017 08:29:56 GMT-0500 (EST),Mon Dec 04 2017 08:38:43 GMT-0500 (EST),"Mozilla/5.0 (X11; CrOS x86_64 10172.0.0) AppleWebKit/537.36 (KHTML, like Gecko) Chrome/64.0.3280.5 Safari/537.36",104,"[0.8, 0.4, 0.2]","[0.8, 0.4, 0.2]","[u'blue', u'red', u'black']","[u'left', u'middle', u'right']","[0.8, 0.4, 0.2]","[u'medium', u'low', u'high']",black,51,right,high,True,False,372,4250,NA
A23KAJRDVCVGOE,Mon Dec 04 2017 08:29:56 GMT-0500 (EST),Mon Dec 04 2017 08:38:43 GMT-0500 (EST),"Mozilla/5.0 (X11; CrOS x86_64 10172.0.0) AppleWebKit/537.36 (KHTML, like Gecko) Chrome/64.0.3280.5 Safari/537.36",105,"[0.8, 0.4, 0.2]","[0.8, 0.4, 0.2]","[u'blue', u'red', u'black']","[u'left', u'middle', u'right']","[0.8, 0.4, 0.2]","[u'medium', u'low', u'high']",black,51,right,high,True,False,161,4350,NA
A23KAJRDVCVGOE,Mon Dec 04 2017 08:29:56 GMT-0500 (EST),Mon Dec 04 2017 08:38:43 GMT-0500 (EST),"Mozilla/5.0 (X11; CrOS x86_64 10172.0.0) AppleWebKit/537.36 (KHTML, like Gecko) Chrome/64.0.3280.5 Safari/537.36",106,"[0.8, 0.4, 0.2]","[0.8, 0.4, 0.2]","[u'blue', u'red', u'black']","[u'left', u'middle', u'right']","[0.8, 0.4, 0.2]","[u'medium', u'low', u'high']",black,51,right,high,True,False,35,4450,NA
A23KAJRDVCVGOE,Mon Dec 04 2017 08:29:56 GMT-0500 (EST),Mon Dec 04 2017 08:38:43 GMT-0500 (EST),"Mozilla/5.0 (X11; CrOS x86_64 10172.0.0) AppleWebKit/537.36 (KHTML, like Gecko) Chrome/64.0.3280.5 Safari/537.36",107,"[0.8, 0.4, 0.2]","[0.8, 0.4, 0.2]","[u'blue', u'red', u'black']","[u'left', u'middle', u'right']","[0.8, 0.4, 0.2]","[u'medium', u'low', u'high']",black,51,right,high,True,False,103,4550,NA
A23KAJRDVCVGOE,Mon Dec 04 2017 08:29:56 GMT-0500 (EST),Mon Dec 04 2017 08:38:43 GMT-0500 (EST),"Mozilla/5.0 (X11; CrOS x86_64 10172.0.0) AppleWebKit/537.36 (KHTML, like Gecko) Chrome/64.0.3280.5 Safari/537.36",108,"[0.8, 0.4, 0.2]","[0.8, 0.4, 0.2]","[u'blue', u'red', u'black']","[u'left', u'middle', u'right']","[0.8, 0.4, 0.2]","[u'medium', u'low', u'high']",black,51,right,high,True,True,318,4650,NA
A23KAJRDVCVGOE,Mon Dec 04 2017 08:29:56 GMT-0500 (EST),Mon Dec 04 2017 08:38:43 GMT-0500 (EST),"Mozilla/5.0 (X11; CrOS x86_64 10172.0.0) AppleWebKit/537.36 (KHTML, like Gecko) Chrome/64.0.3280.5 Safari/537.36",109,"[0.8, 0.4, 0.2]","[0.8, 0.4, 0.2]","[u'blue', u'red', u'black']","[u'left', u'middle', u'right']","[0.8, 0.4, 0.2]","[u'high', u'medium', u'low']",black,51,right,low,False,False,91,4600,NA
A23KAJRDVCVGOE,Mon Dec 04 2017 08:29:56 GMT-0500 (EST),Mon Dec 04 2017 08:38:43 GMT-0500 (EST),"Mozilla/5.0 (X11; CrOS x86_64 10172.0.0) AppleWebKit/537.36 (KHTML, like Gecko) Chrome/64.0.3280.5 Safari/537.36",110,"[0.8, 0.4, 0.2]","[0.8, 0.4, 0.2]","[u'blue', u'red', u'black']","[u'left', u'middle', u'right']","[0.8, 0.4, 0.2]","[u'high', u'medium', u'low']",red,50,middle,medium,True,False,439,4700,NA
A23KAJRDVCVGOE,Mon Dec 04 2017 08:29:56 GMT-0500 (EST),Mon Dec 04 2017 08:38:43 GMT-0500 (EST),"Mozilla/5.0 (X11; CrOS x86_64 10172.0.0) AppleWebKit/537.36 (KHTML, like Gecko) Chrome/64.0.3280.5 Safari/537.36",111,"[0.8, 0.4, 0.2]","[0.8, 0.4, 0.2]","[u'blue', u'red', u'black']","[u'left', u'middle', u'right']","[0.8, 0.4, 0.2]","[u'high', u'medium', u'low']",red,50,middle,medium,False,False,236,4650,NA
A23KAJRDVCVGOE,Mon Dec 04 2017 08:29:56 GMT-0500 (EST),Mon Dec 04 2017 08:38:43 GMT-0500 (EST),"Mozilla/5.0 (X11; CrOS x86_64 10172.0.0) AppleWebKit/537.36 (KHTML, like Gecko) Chrome/64.0.3280.5 Safari/537.36",112,"[0.8, 0.4, 0.2]","[0.8, 0.4, 0.2]","[u'blue', u'red', u'black']","[u'left', u'middle', u'right']","[0.8, 0.4, 0.2]","[u'high', u'medium', u'low']",blue,49,left,high,True,False,247,4750,NA
A23KAJRDVCVGOE,Mon Dec 04 2017 08:29:56 GMT-0500 (EST),Mon Dec 04 2017 08:38:43 GMT-0500 (EST),"Mozilla/5.0 (X11; CrOS x86_64 10172.0.0) AppleWebKit/537.36 (KHTML, like Gecko) Chrome/64.0.3280.5 Safari/537.36",113,"[0.8, 0.4, 0.2]","[0.8, 0.4, 0.2]","[u'blue', u'red', u'black']","[u'left', u'middle', u'right']","[0.8, 0.4, 0.2]","[u'high', u'medium', u'low']",blue,49,left,high,False,False,146,4700,NA
A23KAJRDVCVGOE,Mon Dec 04 2017 08:29:56 GMT-0500 (EST),Mon Dec 04 2017 08:38:43 GMT-0500 (EST),"Mozilla/5.0 (X11; CrOS x86_64 10172.0.0) AppleWebKit/537.36 (KHTML, like Gecko) Chrome/64.0.3280.5 Safari/537.36",114,"[0.8, 0.4, 0.2]","[0.8, 0.4, 0.2]","[u'blue', u'red', u'black']","[u'left', u'middle', u'right']","[0.8, 0.4, 0.2]","[u'high', u'medium', u'low']",black,51,right,low,True,False,37,4800,NA
A23KAJRDVCVGOE,Mon Dec 04 2017 08:29:56 GMT-0500 (EST),Mon Dec 04 2017 08:38:43 GMT-0500 (EST),"Mozilla/5.0 (X11; CrOS x86_64 10172.0.0) AppleWebKit/537.36 (KHTML, like Gecko) Chrome/64.0.3280.5 Safari/537.36",115,"[0.8, 0.4, 0.2]","[0.8, 0.4, 0.2]","[u'blue', u'red', u'black']","[u'left', u'middle', u'right']","[0.8, 0.4, 0.2]","[u'high', u'medium', u'low']",black,51,right,low,True,False,21,4900,NA
A23KAJRDVCVGOE,Mon Dec 04 2017 08:29:56 GMT-0500 (EST),Mon Dec 04 2017 08:38:43 GMT-0500 (EST),"Mozilla/5.0 (X11; CrOS x86_64 10172.0.0) AppleWebKit/537.36 (KHTML, like Gecko) Chrome/64.0.3280.5 Safari/537.36",116,"[0.8, 0.4, 0.2]","[0.8, 0.4, 0.2]","[u'blue', u'red', u'black']","[u'left', u'middle', u'right']","[0.8, 0.4, 0.2]","[u'high', u'medium', u'low']",black,51,right,low,True,False,58,5000,NA
A23KAJRDVCVGOE,Mon Dec 04 2017 08:29:56 GMT-0500 (EST),Mon Dec 04 2017 08:38:43 GMT-0500 (EST),"Mozilla/5.0 (X11; CrOS x86_64 10172.0.0) AppleWebKit/537.36 (KHTML, like Gecko) Chrome/64.0.3280.5 Safari/537.36",117,"[0.8, 0.4, 0.2]","[0.8, 0.4, 0.2]","[u'blue', u'red', u'black']","[u'left', u'middle', u'right']","[0.8, 0.4, 0.2]","[u'high', u'medium', u'low']",black,51,right,low,True,False,62,5100,NA
A23KAJRDVCVGOE,Mon Dec 04 2017 08:29:56 GMT-0500 (EST),Mon Dec 04 2017 08:38:43 GMT-0500 (EST),"Mozilla/5.0 (X11; CrOS x86_64 10172.0.0) AppleWebKit/537.36 (KHTML, like Gecko) Chrome/64.0.3280.5 Safari/537.36",118,"[0.8, 0.4, 0.2]","[0.8, 0.4, 0.2]","[u'blue', u'red', u'black']","[u'left', u'middle', u'right']","[0.8, 0.4, 0.2]","[u'high', u'medium', u'low']",black,51,right,low,False,False,78,5050,NA
A23KAJRDVCVGOE,Mon Dec 04 2017 08:29:56 GMT-0500 (EST),Mon Dec 04 2017 08:38:43 GMT-0500 (EST),"Mozilla/5.0 (X11; CrOS x86_64 10172.0.0) AppleWebKit/537.36 (KHTML, like Gecko) Chrome/64.0.3280.5 Safari/537.36",119,"[0.8, 0.4, 0.2]","[0.8, 0.4, 0.2]","[u'blue', u'red', u'black']","[u'left', u'middle', u'right']","[0.8, 0.4, 0.2]","[u'high', u'medium', u'low']",red,50,middle,medium,True,False,15,5150,NA
A23KAJRDVCVGOE,Mon Dec 04 2017 08:29:56 GMT-0500 (EST),Mon Dec 04 2017 08:38:43 GMT-0500 (EST),"Mozilla/5.0 (X11; CrOS x86_64 10172.0.0) AppleWebKit/537.36 (KHTML, like Gecko) Chrome/64.0.3280.5 Safari/537.36",120,"[0.8, 0.4, 0.2]","[0.8, 0.4, 0.2]","[u'blue', u'red', u'black']","[u'left', u'middle', u'right']","[0.8, 0.4, 0.2]","[u'high', u'medium', u'low']",red,50,middle,medium,False,False,36,5100,NA
A23KAJRDVCVGOE,Mon Dec 04 2017 08:29:56 GMT-0500 (EST),Mon Dec 04 2017 08:38:43 GMT-0500 (EST),"Mozilla/5.0 (X11; CrOS x86_64 10172.0.0) AppleWebKit/537.36 (KHTML, like Gecko) Chrome/64.0.3280.5 Safari/537.36",121,"[0.8, 0.4, 0.2]","[0.8, 0.4, 0.2]","[u'blue', u'red', u'black']","[u'left', u'middle', u'right']","[0.8, 0.4, 0.2]","[u'medium', u'high', u'low']",red,50,middle,high,True,False,816,5200,NA
A23KAJRDVCVGOE,Mon Dec 04 2017 08:29:56 GMT-0500 (EST),Mon Dec 04 2017 08:38:43 GMT-0500 (EST),"Mozilla/5.0 (X11; CrOS x86_64 10172.0.0) AppleWebKit/537.36 (KHTML, like Gecko) Chrome/64.0.3280.5 Safari/537.36",122,"[0.8, 0.4, 0.2]","[0.8, 0.4, 0.2]","[u'blue', u'red', u'black']","[u'left', u'middle', u'right']","[0.8, 0.4, 0.2]","[u'medium', u'high', u'low']",red,50,middle,high,False,False,313,5150,NA
A23KAJRDVCVGOE,Mon Dec 04 2017 08:29:56 GMT-0500 (EST),Mon Dec 04 2017 08:38:43 GMT-0500 (EST),"Mozilla/5.0 (X11; CrOS x86_64 10172.0.0) AppleWebKit/537.36 (KHTML, like Gecko) Chrome/64.0.3280.5 Safari/537.36",123,"[0.8, 0.4, 0.2]","[0.8, 0.4, 0.2]","[u'blue', u'red', u'black']","[u'left', u'middle', u'right']","[0.8, 0.4, 0.2]","[u'medium', u'high', u'low']",black,51,right,low,True,False,11,5250,NA
A23KAJRDVCVGOE,Mon Dec 04 2017 08:29:56 GMT-0500 (EST),Mon Dec 04 2017 08:38:43 GMT-0500 (EST),"Mozilla/5.0 (X11; CrOS x86_64 10172.0.0) AppleWebKit/537.36 (KHTML, like Gecko) Chrome/64.0.3280.5 Safari/537.36",124,"[0.8, 0.4, 0.2]","[0.8, 0.4, 0.2]","[u'blue', u'red', u'black']","[u'left', u'middle', u'right']","[0.8, 0.4, 0.2]","[u'medium', u'high', u'low']",black,51,right,low,False,False,71,5200,NA
A23KAJRDVCVGOE,Mon Dec 04 2017 08:29:56 GMT-0500 (EST),Mon Dec 04 2017 08:38:43 GMT-0500 (EST),"Mozilla/5.0 (X11; CrOS x86_64 10172.0.0) AppleWebKit/537.36 (KHTML, like Gecko) Chrome/64.0.3280.5 Safari/537.36",125,"[0.8, 0.4, 0.2]","[0.8, 0.4, 0.2]","[u'blue', u'red', u'black']","[u'left', u'middle', u'right']","[0.8, 0.4, 0.2]","[u'medium', u'high', u'low']",blue,49,left,medium,True,False,330,5300,NA
A23KAJRDVCVGOE,Mon Dec 04 2017 08:29:56 GMT-0500 (EST),Mon Dec 04 2017 08:38:43 GMT-0500 (EST),"Mozilla/5.0 (X11; CrOS x86_64 10172.0.0) AppleWebKit/537.36 (KHTML, like Gecko) Chrome/64.0.3280.5 Safari/537.36",126,"[0.8, 0.4, 0.2]","[0.8, 0.4, 0.2]","[u'blue', u'red', u'black']","[u'left', u'middle', u'right']","[0.8, 0.4, 0.2]","[u'medium', u'high', u'low']",blue,49,left,medium,False,False,67,5250,NA
A23KAJRDVCVGOE,Mon Dec 04 2017 08:29:56 GMT-0500 (EST),Mon Dec 04 2017 08:38:43 GMT-0500 (EST),"Mozilla/5.0 (X11; CrOS x86_64 10172.0.0) AppleWebKit/537.36 (KHTML, like Gecko) Chrome/64.0.3280.5 Safari/537.36",127,"[0.8, 0.4, 0.2]","[0.8, 0.4, 0.2]","[u'blue', u'red', u'black']","[u'left', u'middle', u'right']","[0.8, 0.4, 0.2]","[u'medium', u'high', u'low']",red,50,middle,high,True,False,12,5350,NA
A23KAJRDVCVGOE,Mon Dec 04 2017 08:29:56 GMT-0500 (EST),Mon Dec 04 2017 08:38:43 GMT-0500 (EST),"Mozilla/5.0 (X11; CrOS x86_64 10172.0.0) AppleWebKit/537.36 (KHTML, like Gecko) Chrome/64.0.3280.5 Safari/537.36",128,"[0.8, 0.4, 0.2]","[0.8, 0.4, 0.2]","[u'blue', u'red', u'black']","[u'left', u'middle', u'right']","[0.8, 0.4, 0.2]","[u'medium', u'high', u'low']",red,50,middle,high,True,False,96,5450,NA
A23KAJRDVCVGOE,Mon Dec 04 2017 08:29:56 GMT-0500 (EST),Mon Dec 04 2017 08:38:43 GMT-0500 (EST),"Mozilla/5.0 (X11; CrOS x86_64 10172.0.0) AppleWebKit/537.36 (KHTML, like Gecko) Chrome/64.0.3280.5 Safari/537.36",129,"[0.8, 0.4, 0.2]","[0.8, 0.4, 0.2]","[u'blue', u'red', u'black']","[u'left', u'middle', u'right']","[0.8, 0.4, 0.2]","[u'medium', u'high', u'low']",red,50,middle,high,True,False,29,5550,NA
A23KAJRDVCVGOE,Mon Dec 04 2017 08:29:56 GMT-0500 (EST),Mon Dec 04 2017 08:38:43 GMT-0500 (EST),"Mozilla/5.0 (X11; CrOS x86_64 10172.0.0) AppleWebKit/537.36 (KHTML, like Gecko) Chrome/64.0.3280.5 Safari/537.36",130,"[0.8, 0.4, 0.2]","[0.8, 0.4, 0.2]","[u'blue', u'red', u'black']","[u'left', u'middle', u'right']","[0.8, 0.4, 0.2]","[u'medium', u'high', u'low']",red,50,middle,high,True,False,4,5650,NA
A23KAJRDVCVGOE,Mon Dec 04 2017 08:29:56 GMT-0500 (EST),Mon Dec 04 2017 08:38:43 GMT-0500 (EST),"Mozilla/5.0 (X11; CrOS x86_64 10172.0.0) AppleWebKit/537.36 (KHTML, like Gecko) Chrome/64.0.3280.5 Safari/537.36",131,"[0.8, 0.4, 0.2]","[0.8, 0.4, 0.2]","[u'blue', u'red', u'black']","[u'left', u'middle', u'right']","[0.8, 0.4, 0.2]","[u'medium', u'high', u'low']",red,50,middle,high,True,False,451,5750,NA
A23KAJRDVCVGOE,Mon Dec 04 2017 08:29:56 GMT-0500 (EST),Mon Dec 04 2017 08:38:43 GMT-0500 (EST),"Mozilla/5.0 (X11; CrOS x86_64 10172.0.0) AppleWebKit/537.36 (KHTML, like Gecko) Chrome/64.0.3280.5 Safari/537.36",132,"[0.8, 0.4, 0.2]","[0.8, 0.4, 0.2]","[u'blue', u'red', u'black']","[u'left', u'middle', u'right']","[0.8, 0.4, 0.2]","[u'medium', u'high', u'low']",red,50,middle,high,True,False,305,5850,NA
A23KAJRDVCVGOE,Mon Dec 04 2017 08:29:56 GMT-0500 (EST),Mon Dec 04 2017 08:38:43 GMT-0500 (EST),"Mozilla/5.0 (X11; CrOS x86_64 10172.0.0) AppleWebKit/537.36 (KHTML, like Gecko) Chrome/64.0.3280.5 Safari/537.36",133,"[0.8, 0.4, 0.2]","[0.8, 0.4, 0.2]","[u'blue', u'red', u'black']","[u'left', u'middle', u'right']","[0.8, 0.4, 0.2]","[u'medium', u'high', u'low']",red,50,middle,high,True,False,3151,5950,NA
A23KAJRDVCVGOE,Mon Dec 04 2017 08:29:56 GMT-0500 (EST),Mon Dec 04 2017 08:38:43 GMT-0500 (EST),"Mozilla/5.0 (X11; CrOS x86_64 10172.0.0) AppleWebKit/537.36 (KHTML, like Gecko) Chrome/64.0.3280.5 Safari/537.36",134,"[0.8, 0.4, 0.2]","[0.8, 0.4, 0.2]","[u'blue', u'red', u'black']","[u'left', u'middle', u'right']","[0.8, 0.4, 0.2]","[u'medium', u'high', u'low']",red,50,middle,high,True,False,63,6050,NA
A23KAJRDVCVGOE,Mon Dec 04 2017 08:29:56 GMT-0500 (EST),Mon Dec 04 2017 08:38:43 GMT-0500 (EST),"Mozilla/5.0 (X11; CrOS x86_64 10172.0.0) AppleWebKit/537.36 (KHTML, like Gecko) Chrome/64.0.3280.5 Safari/537.36",135,"[0.8, 0.4, 0.2]","[0.8, 0.4, 0.2]","[u'blue', u'red', u'black']","[u'left', u'middle', u'right']","[0.8, 0.4, 0.2]","[u'medium', u'high', u'low']",red,50,middle,high,True,True,144,6150,NA
A23KAJRDVCVGOE,Mon Dec 04 2017 08:29:56 GMT-0500 (EST),Mon Dec 04 2017 08:38:43 GMT-0500 (EST),"Mozilla/5.0 (X11; CrOS x86_64 10172.0.0) AppleWebKit/537.36 (KHTML, like Gecko) Chrome/64.0.3280.5 Safari/537.36",136,"[0.8, 0.4, 0.2]","[0.8, 0.4, 0.2]","[u'blue', u'red', u'black']","[u'left', u'middle', u'right']","[0.8, 0.4, 0.2]","[u'high', u'low', u'medium']",red,50,middle,low,True,False,27,6250,NA
A23KAJRDVCVGOE,Mon Dec 04 2017 08:29:56 GMT-0500 (EST),Mon Dec 04 2017 08:38:43 GMT-0500 (EST),"Mozilla/5.0 (X11; CrOS x86_64 10172.0.0) AppleWebKit/537.36 (KHTML, like Gecko) Chrome/64.0.3280.5 Safari/537.36",137,"[0.8, 0.4, 0.2]","[0.8, 0.4, 0.2]","[u'blue', u'red', u'black']","[u'left', u'middle', u'right']","[0.8, 0.4, 0.2]","[u'high', u'low', u'medium']",red,50,middle,low,False,False,51,6200,NA
A23KAJRDVCVGOE,Mon Dec 04 2017 08:29:56 GMT-0500 (EST),Mon Dec 04 2017 08:38:43 GMT-0500 (EST),"Mozilla/5.0 (X11; CrOS x86_64 10172.0.0) AppleWebKit/537.36 (KHTML, like Gecko) Chrome/64.0.3280.5 Safari/537.36",138,"[0.8, 0.4, 0.2]","[0.8, 0.4, 0.2]","[u'blue', u'red', u'black']","[u'left', u'middle', u'right']","[0.8, 0.4, 0.2]","[u'high', u'low', u'medium']",black,51,right,medium,True,False,44,6300,NA
A23KAJRDVCVGOE,Mon Dec 04 2017 08:29:56 GMT-0500 (EST),Mon Dec 04 2017 08:38:43 GMT-0500 (EST),"Mozilla/5.0 (X11; CrOS x86_64 10172.0.0) AppleWebKit/537.36 (KHTML, like Gecko) Chrome/64.0.3280.5 Safari/537.36",139,"[0.8, 0.4, 0.2]","[0.8, 0.4, 0.2]","[u'blue', u'red', u'black']","[u'left', u'middle', u'right']","[0.8, 0.4, 0.2]","[u'high', u'low', u'medium']",black,51,right,medium,False,False,9,6250,NA
A23KAJRDVCVGOE,Mon Dec 04 2017 08:29:56 GMT-0500 (EST),Mon Dec 04 2017 08:38:43 GMT-0500 (EST),"Mozilla/5.0 (X11; CrOS x86_64 10172.0.0) AppleWebKit/537.36 (KHTML, like Gecko) Chrome/64.0.3280.5 Safari/537.36",140,"[0.8, 0.4, 0.2]","[0.8, 0.4, 0.2]","[u'blue', u'red', u'black']","[u'left', u'middle', u'right']","[0.8, 0.4, 0.2]","[u'high', u'low', u'medium']",blue,49,left,high,True,False,359,6350,NA
A23KAJRDVCVGOE,Mon Dec 04 2017 08:29:56 GMT-0500 (EST),Mon Dec 04 2017 08:38:43 GMT-0500 (EST),"Mozilla/5.0 (X11; CrOS x86_64 10172.0.0) AppleWebKit/537.36 (KHTML, like Gecko) Chrome/64.0.3280.5 Safari/537.36",141,"[0.8, 0.4, 0.2]","[0.8, 0.4, 0.2]","[u'blue', u'red', u'black']","[u'left', u'middle', u'right']","[0.8, 0.4, 0.2]","[u'high', u'low', u'medium']",blue,49,left,high,True,False,91,6450,NA
A23KAJRDVCVGOE,Mon Dec 04 2017 08:29:56 GMT-0500 (EST),Mon Dec 04 2017 08:38:43 GMT-0500 (EST),"Mozilla/5.0 (X11; CrOS x86_64 10172.0.0) AppleWebKit/537.36 (KHTML, like Gecko) Chrome/64.0.3280.5 Safari/537.36",142,"[0.8, 0.4, 0.2]","[0.8, 0.4, 0.2]","[u'blue', u'red', u'black']","[u'left', u'middle', u'right']","[0.8, 0.4, 0.2]","[u'high', u'low', u'medium']",blue,49,left,high,True,False,47,6550,NA
A23KAJRDVCVGOE,Mon Dec 04 2017 08:29:56 GMT-0500 (EST),Mon Dec 04 2017 08:38:43 GMT-0500 (EST),"Mozilla/5.0 (X11; CrOS x86_64 10172.0.0) AppleWebKit/537.36 (KHTML, like Gecko) Chrome/64.0.3280.5 Safari/537.36",143,"[0.8, 0.4, 0.2]","[0.8, 0.4, 0.2]","[u'blue', u'red', u'black']","[u'left', u'middle', u'right']","[0.8, 0.4, 0.2]","[u'high', u'low', u'medium']",blue,49,left,high,False,False,48,6500,NA
A23KAJRDVCVGOE,Mon Dec 04 2017 08:29:56 GMT-0500 (EST),Mon Dec 04 2017 08:38:43 GMT-0500 (EST),"Mozilla/5.0 (X11; CrOS x86_64 10172.0.0) AppleWebKit/537.36 (KHTML, like Gecko) Chrome/64.0.3280.5 Safari/537.36",144,"[0.8, 0.4, 0.2]","[0.8, 0.4, 0.2]","[u'blue', u'red', u'black']","[u'left', u'middle', u'right']","[0.8, 0.4, 0.2]","[u'high', u'low', u'medium']",black,51,right,medium,True,False,44,6600,NA
A23KAJRDVCVGOE,Mon Dec 04 2017 08:29:56 GMT-0500 (EST),Mon Dec 04 2017 08:38:43 GMT-0500 (EST),"Mozilla/5.0 (X11; CrOS x86_64 10172.0.0) AppleWebKit/537.36 (KHTML, like Gecko) Chrome/64.0.3280.5 Safari/537.36",145,"[0.8, 0.4, 0.2]","[0.8, 0.4, 0.2]","[u'blue', u'red', u'black']","[u'left', u'middle', u'right']","[0.8, 0.4, 0.2]","[u'high', u'low', u'medium']",black,51,right,medium,True,False,29,6700,NA
A23KAJRDVCVGOE,Mon Dec 04 2017 08:29:56 GMT-0500 (EST),Mon Dec 04 2017 08:38:43 GMT-0500 (EST),"Mozilla/5.0 (X11; CrOS x86_64 10172.0.0) AppleWebKit/537.36 (KHTML, like Gecko) Chrome/64.0.3280.5 Safari/537.36",146,"[0.8, 0.4, 0.2]","[0.8, 0.4, 0.2]","[u'blue', u'red', u'black']","[u'left', u'middle', u'right']","[0.8, 0.4, 0.2]","[u'high', u'low', u'medium']",black,51,right,medium,True,False,220,6800,NA
A23KAJRDVCVGOE,Mon Dec 04 2017 08:29:56 GMT-0500 (EST),Mon Dec 04 2017 08:38:43 GMT-0500 (EST),"Mozilla/5.0 (X11; CrOS x86_64 10172.0.0) AppleWebKit/537.36 (KHTML, like Gecko) Chrome/64.0.3280.5 Safari/537.36",147,"[0.8, 0.4, 0.2]","[0.8, 0.4, 0.2]","[u'blue', u'red', u'black']","[u'left', u'middle', u'right']","[0.8, 0.4, 0.2]","[u'high', u'low', u'medium']",black,51,right,medium,False,False,170,6750,NA
A23KAJRDVCVGOE,Mon Dec 04 2017 08:29:56 GMT-0500 (EST),Mon Dec 04 2017 08:38:43 GMT-0500 (EST),"Mozilla/5.0 (X11; CrOS x86_64 10172.0.0) AppleWebKit/537.36 (KHTML, like Gecko) Chrome/64.0.3280.5 Safari/537.36",148,"[0.8, 0.4, 0.2]","[0.8, 0.4, 0.2]","[u'blue', u'red', u'black']","[u'left', u'middle', u'right']","[0.8, 0.4, 0.2]","[u'high', u'low', u'medium']",blue,49,left,high,True,False,71,6850,NA
A23KAJRDVCVGOE,Mon Dec 04 2017 08:29:56 GMT-0500 (EST),Mon Dec 04 2017 08:38:43 GMT-0500 (EST),"Mozilla/5.0 (X11; CrOS x86_64 10172.0.0) AppleWebKit/537.36 (KHTML, like Gecko) Chrome/64.0.3280.5 Safari/537.36",149,"[0.8, 0.4, 0.2]","[0.8, 0.4, 0.2]","[u'blue', u'red', u'black']","[u'left', u'middle', u'right']","[0.8, 0.4, 0.2]","[u'high', u'low', u'medium']",blue,49,left,high,False,False,78,6800,NA
A23KAJRDVCVGOE,Mon Dec 04 2017 08:29:56 GMT-0500 (EST),Mon Dec 04 2017 08:38:43 GMT-0500 (EST),"Mozilla/5.0 (X11; CrOS x86_64 10172.0.0) AppleWebKit/537.36 (KHTML, like Gecko) Chrome/64.0.3280.5 Safari/537.36",150,"[0.8, 0.4, 0.2]","[0.8, 0.4, 0.2]","[u'blue', u'red', u'black']","[u'left', u'middle', u'right']","[0.8, 0.4, 0.2]","[u'high', u'low', u'medium']",red,50,middle,low,False,False,88,6750,NA
A23KAJRDVCVGOE,Mon Dec 04 2017 08:29:56 GMT-0500 (EST),Mon Dec 04 2017 08:38:43 GMT-0500 (EST),"Mozilla/5.0 (X11; CrOS x86_64 10172.0.0) AppleWebKit/537.36 (KHTML, like Gecko) Chrome/64.0.3280.5 Safari/537.36",151,"[0.8, 0.4, 0.2]","[0.8, 0.4, 0.2]","[u'blue', u'red', u'black']","[u'left', u'middle', u'right']","[0.8, 0.4, 0.2]","[u'high', u'low', u'medium']",black,51,right,medium,False,False,73,6700,NA
A23KAJRDVCVGOE,Mon Dec 04 2017 08:29:56 GMT-0500 (EST),Mon Dec 04 2017 08:38:43 GMT-0500 (EST),"Mozilla/5.0 (X11; CrOS x86_64 10172.0.0) AppleWebKit/537.36 (KHTML, like Gecko) Chrome/64.0.3280.5 Safari/537.36",152,"[0.8, 0.4, 0.2]","[0.8, 0.4, 0.2]","[u'blue', u'red', u'black']","[u'left', u'middle', u'right']","[0.8, 0.4, 0.2]","[u'high', u'low', u'medium']",blue,49,left,high,True,False,15,6800,NA
A23KAJRDVCVGOE,Mon Dec 04 2017 08:29:56 GMT-0500 (EST),Mon Dec 04 2017 08:38:43 GMT-0500 (EST),"Mozilla/5.0 (X11; CrOS x86_64 10172.0.0) AppleWebKit/537.36 (KHTML, like Gecko) Chrome/64.0.3280.5 Safari/537.36",153,"[0.8, 0.4, 0.2]","[0.8, 0.4, 0.2]","[u'blue', u'red', u'black']","[u'left', u'middle', u'right']","[0.8, 0.4, 0.2]","[u'high', u'low', u'medium']",blue,49,left,high,False,False,36,6750,NA
A23KAJRDVCVGOE,Mon Dec 04 2017 08:29:56 GMT-0500 (EST),Mon Dec 04 2017 08:38:43 GMT-0500 (EST),"Mozilla/5.0 (X11; CrOS x86_64 10172.0.0) AppleWebKit/537.36 (KHTML, like Gecko) Chrome/64.0.3280.5 Safari/537.36",154,"[0.8, 0.4, 0.2]","[0.8, 0.4, 0.2]","[u'blue', u'red', u'black']","[u'left', u'middle', u'right']","[0.8, 0.4, 0.2]","[u'high', u'low', u'medium']",red,50,middle,low,False,False,115,6700,NA
A23KAJRDVCVGOE,Mon Dec 04 2017 08:29:56 GMT-0500 (EST),Mon Dec 04 2017 08:38:43 GMT-0500 (EST),"Mozilla/5.0 (X11; CrOS x86_64 10172.0.0) AppleWebKit/537.36 (KHTML, like Gecko) Chrome/64.0.3280.5 Safari/537.36",155,"[0.8, 0.4, 0.2]","[0.8, 0.4, 0.2]","[u'blue', u'red', u'black']","[u'left', u'middle', u'right']","[0.8, 0.4, 0.2]","[u'high', u'low', u'medium']",black,51,right,medium,False,False,30,6650,NA
A23KAJRDVCVGOE,Mon Dec 04 2017 08:29:56 GMT-0500 (EST),Mon Dec 04 2017 08:38:43 GMT-0500 (EST),"Mozilla/5.0 (X11; CrOS x86_64 10172.0.0) AppleWebKit/537.36 (KHTML, like Gecko) Chrome/64.0.3280.5 Safari/537.36",156,"[0.8, 0.4, 0.2]","[0.8, 0.4, 0.2]","[u'blue', u'red', u'black']","[u'left', u'middle', u'right']","[0.8, 0.4, 0.2]","[u'high', u'low', u'medium']",blue,49,left,high,True,False,346,6750,NA
A23KAJRDVCVGOE,Mon Dec 04 2017 08:29:56 GMT-0500 (EST),Mon Dec 04 2017 08:38:43 GMT-0500 (EST),"Mozilla/5.0 (X11; CrOS x86_64 10172.0.0) AppleWebKit/537.36 (KHTML, like Gecko) Chrome/64.0.3280.5 Safari/537.36",157,"[0.8, 0.4, 0.2]","[0.8, 0.4, 0.2]","[u'blue', u'red', u'black']","[u'left', u'middle', u'right']","[0.8, 0.4, 0.2]","[u'high', u'low', u'medium']",blue,49,left,high,True,False,82,6850,NA
A23KAJRDVCVGOE,Mon Dec 04 2017 08:29:56 GMT-0500 (EST),Mon Dec 04 2017 08:38:43 GMT-0500 (EST),"Mozilla/5.0 (X11; CrOS x86_64 10172.0.0) AppleWebKit/537.36 (KHTML, like Gecko) Chrome/64.0.3280.5 Safari/537.36",158,"[0.8, 0.4, 0.2]","[0.8, 0.4, 0.2]","[u'blue', u'red', u'black']","[u'left', u'middle', u'right']","[0.8, 0.4, 0.2]","[u'high', u'low', u'medium']",blue,49,left,high,True,False,60,6950,NA
A23KAJRDVCVGOE,Mon Dec 04 2017 08:29:56 GMT-0500 (EST),Mon Dec 04 2017 08:38:43 GMT-0500 (EST),"Mozilla/5.0 (X11; CrOS x86_64 10172.0.0) AppleWebKit/537.36 (KHTML, like Gecko) Chrome/64.0.3280.5 Safari/537.36",159,"[0.8, 0.4, 0.2]","[0.8, 0.4, 0.2]","[u'blue', u'red', u'black']","[u'left', u'middle', u'right']","[0.8, 0.4, 0.2]","[u'high', u'low', u'medium']",blue,49,left,high,True,False,73,7050,NA
A23KAJRDVCVGOE,Mon Dec 04 2017 08:29:56 GMT-0500 (EST),Mon Dec 04 2017 08:38:43 GMT-0500 (EST),"Mozilla/5.0 (X11; CrOS x86_64 10172.0.0) AppleWebKit/537.36 (KHTML, like Gecko) Chrome/64.0.3280.5 Safari/537.36",160,"[0.8, 0.4, 0.2]","[0.8, 0.4, 0.2]","[u'blue', u'red', u'black']","[u'left', u'middle', u'right']","[0.8, 0.4, 0.2]","[u'high', u'low', u'medium']",blue,49,left,high,True,False,79,7150,NA
