A29TV2MF4893DA,Mon Dec 04 2017 15:52:15 GMT-0500 (Eastern Standard Time),Mon Dec 04 2017 16:00:39 GMT-0500 (Eastern Standard Time),"Mozilla/5.0 (Windows NT 10.0; Win64; x64) AppleWebKit/537.36 (KHTML, like Gecko) Chrome/58.0.3029.110 Safari/537.36 Edge/16.16299",1,"[0.9, 0.5, 0.1]","[0.8, 0.4, 0.2]","[u'black', u'blue', u'red']","[u'left', u'middle', u'right']","[0.9, 0.5, 0.1]","[u'low', u'high', u'medium']",black,49,left,low,False,False,1739,-50,NA
A29TV2MF4893DA,Mon Dec 04 2017 15:52:15 GMT-0500 (Eastern Standard Time),Mon Dec 04 2017 16:00:39 GMT-0500 (Eastern Standard Time),"Mozilla/5.0 (Windows NT 10.0; Win64; x64) AppleWebKit/537.36 (KHTML, like Gecko) Chrome/58.0.3029.110 Safari/537.36 Edge/16.16299",2,"[0.9, 0.5, 0.1]","[0.8, 0.4, 0.2]","[u'black', u'blue', u'red']","[u'left', u'middle', u'right']","[0.9, 0.5, 0.1]","[u'low', u'high', u'medium']",blue,50,middle,high,False,False,1969,-100,NA
A29TV2MF4893DA,Mon Dec 04 2017 15:52:15 GMT-0500 (Eastern Standard Time),Mon Dec 04 2017 16:00:39 GMT-0500 (Eastern Standard Time),"Mozilla/5.0 (Windows NT 10.0; Win64; x64) AppleWebKit/537.36 (KHTML, like Gecko) Chrome/58.0.3029.110 Safari/537.36 Edge/16.16299",3,"[0.9, 0.5, 0.1]","[0.8, 0.4, 0.2]","[u'black', u'blue', u'red']","[u'left', u'middle', u'right']","[0.9, 0.5, 0.1]","[u'low', u'high', u'medium']",red,51,right,medium,True,False,710,0,NA
A29TV2MF4893DA,Mon Dec 04 2017 15:52:15 GMT-0500 (Eastern Standard Time),Mon Dec 04 2017 16:00:39 GMT-0500 (Eastern Standard Time),"Mozilla/5.0 (Windows NT 10.0; Win64; x64) AppleWebKit/537.36 (KHTML, like Gecko) Chrome/58.0.3029.110 Safari/537.36 Edge/16.16299",4,"[0.9, 0.5, 0.1]","[0.8, 0.4, 0.2]","[u'black', u'blue', u'red']","[u'left', u'middle', u'right']","[0.9, 0.5, 0.1]","[u'low', u'high', u'medium']",red,51,right,medium,True,False,920,100,NA
A29TV2MF4893DA,Mon Dec 04 2017 15:52:15 GMT-0500 (Eastern Standard Time),Mon Dec 04 2017 16:00:39 GMT-0500 (Eastern Standard Time),"Mozilla/5.0 (Windows NT 10.0; Win64; x64) AppleWebKit/537.36 (KHTML, like Gecko) Chrome/58.0.3029.110 Safari/537.36 Edge/16.16299",5,"[0.9, 0.5, 0.1]","[0.8, 0.4, 0.2]","[u'black', u'blue', u'red']","[u'left', u'middle', u'right']","[0.9, 0.5, 0.1]","[u'low', u'high', u'medium']",red,51,right,medium,True,False,612,200,NA
A29TV2MF4893DA,Mon Dec 04 2017 15:52:15 GMT-0500 (Eastern Standard Time),Mon Dec 04 2017 16:00:39 GMT-0500 (Eastern Standard Time),"Mozilla/5.0 (Windows NT 10.0; Win64; x64) AppleWebKit/537.36 (KHTML, like Gecko) Chrome/58.0.3029.110 Safari/537.36 Edge/16.16299",6,"[0.9, 0.5, 0.1]","[0.8, 0.4, 0.2]","[u'black', u'blue', u'red']","[u'left', u'middle', u'right']","[0.9, 0.5, 0.1]","[u'low', u'high', u'medium']",red,51,right,medium,False,False,491,150,NA
A29TV2MF4893DA,Mon Dec 04 2017 15:52:15 GMT-0500 (Eastern Standard Time),Mon Dec 04 2017 16:00:39 GMT-0500 (Eastern Standard Time),"Mozilla/5.0 (Windows NT 10.0; Win64; x64) AppleWebKit/537.36 (KHTML, like Gecko) Chrome/58.0.3029.110 Safari/537.36 Edge/16.16299",7,"[0.9, 0.5, 0.1]","[0.8, 0.4, 0.2]","[u'black', u'blue', u'red']","[u'left', u'middle', u'right']","[0.9, 0.5, 0.1]","[u'low', u'high', u'medium']",blue,50,middle,high,False,False,693,100,NA
A29TV2MF4893DA,Mon Dec 04 2017 15:52:15 GMT-0500 (Eastern Standard Time),Mon Dec 04 2017 16:00:39 GMT-0500 (Eastern Standard Time),"Mozilla/5.0 (Windows NT 10.0; Win64; x64) AppleWebKit/537.36 (KHTML, like Gecko) Chrome/58.0.3029.110 Safari/537.36 Edge/16.16299",8,"[0.9, 0.5, 0.1]","[0.8, 0.4, 0.2]","[u'black', u'blue', u'red']","[u'left', u'middle', u'right']","[0.9, 0.5, 0.1]","[u'low', u'high', u'medium']",black,49,left,low,True,False,70,200,NA
A29TV2MF4893DA,Mon Dec 04 2017 15:52:15 GMT-0500 (Eastern Standard Time),Mon Dec 04 2017 16:00:39 GMT-0500 (Eastern Standard Time),"Mozilla/5.0 (Windows NT 10.0; Win64; x64) AppleWebKit/537.36 (KHTML, like Gecko) Chrome/58.0.3029.110 Safari/537.36 Edge/16.16299",9,"[0.9, 0.5, 0.1]","[0.8, 0.4, 0.2]","[u'black', u'blue', u'red']","[u'left', u'middle', u'right']","[0.9, 0.5, 0.1]","[u'low', u'high', u'medium']",black,49,left,low,False,False,618,150,NA
A29TV2MF4893DA,Mon Dec 04 2017 15:52:15 GMT-0500 (Eastern Standard Time),Mon Dec 04 2017 16:00:39 GMT-0500 (Eastern Standard Time),"Mozilla/5.0 (Windows NT 10.0; Win64; x64) AppleWebKit/537.36 (KHTML, like Gecko) Chrome/58.0.3029.110 Safari/537.36 Edge/16.16299",10,"[0.9, 0.5, 0.1]","[0.8, 0.4, 0.2]","[u'black', u'blue', u'red']","[u'left', u'middle', u'right']","[0.9, 0.5, 0.1]","[u'low', u'high', u'medium']",black,49,left,low,False,False,514,100,NA
A29TV2MF4893DA,Mon Dec 04 2017 15:52:15 GMT-0500 (Eastern Standard Time),Mon Dec 04 2017 16:00:39 GMT-0500 (Eastern Standard Time),"Mozilla/5.0 (Windows NT 10.0; Win64; x64) AppleWebKit/537.36 (KHTML, like Gecko) Chrome/58.0.3029.110 Safari/537.36 Edge/16.16299",11,"[0.9, 0.5, 0.1]","[0.8, 0.4, 0.2]","[u'black', u'blue', u'red']","[u'left', u'middle', u'right']","[0.9, 0.5, 0.1]","[u'low', u'high', u'medium']",red,51,right,medium,False,False,470,50,NA
A29TV2MF4893DA,Mon Dec 04 2017 15:52:15 GMT-0500 (Eastern Standard Time),Mon Dec 04 2017 16:00:39 GMT-0500 (Eastern Standard Time),"Mozilla/5.0 (Windows NT 10.0; Win64; x64) AppleWebKit/537.36 (KHTML, like Gecko) Chrome/58.0.3029.110 Safari/537.36 Edge/16.16299",12,"[0.9, 0.5, 0.1]","[0.8, 0.4, 0.2]","[u'black', u'blue', u'red']","[u'left', u'middle', u'right']","[0.9, 0.5, 0.1]","[u'low', u'high', u'medium']",blue,50,middle,high,False,False,270,0,NA
A29TV2MF4893DA,Mon Dec 04 2017 15:52:15 GMT-0500 (Eastern Standard Time),Mon Dec 04 2017 16:00:39 GMT-0500 (Eastern Standard Time),"Mozilla/5.0 (Windows NT 10.0; Win64; x64) AppleWebKit/537.36 (KHTML, like Gecko) Chrome/58.0.3029.110 Safari/537.36 Edge/16.16299",13,"[0.9, 0.5, 0.1]","[0.8, 0.4, 0.2]","[u'black', u'blue', u'red']","[u'left', u'middle', u'right']","[0.9, 0.5, 0.1]","[u'low', u'high', u'medium']",black,49,left,low,True,False,726,100,NA
A29TV2MF4893DA,Mon Dec 04 2017 15:52:15 GMT-0500 (Eastern Standard Time),Mon Dec 04 2017 16:00:39 GMT-0500 (Eastern Standard Time),"Mozilla/5.0 (Windows NT 10.0; Win64; x64) AppleWebKit/537.36 (KHTML, like Gecko) Chrome/58.0.3029.110 Safari/537.36 Edge/16.16299",14,"[0.9, 0.5, 0.1]","[0.8, 0.4, 0.2]","[u'black', u'blue', u'red']","[u'left', u'middle', u'right']","[0.9, 0.5, 0.1]","[u'low', u'high', u'medium']",black,49,left,low,False,False,326,50,NA
A29TV2MF4893DA,Mon Dec 04 2017 15:52:15 GMT-0500 (Eastern Standard Time),Mon Dec 04 2017 16:00:39 GMT-0500 (Eastern Standard Time),"Mozilla/5.0 (Windows NT 10.0; Win64; x64) AppleWebKit/537.36 (KHTML, like Gecko) Chrome/58.0.3029.110 Safari/537.36 Edge/16.16299",15,"[0.9, 0.5, 0.1]","[0.8, 0.4, 0.2]","[u'black', u'blue', u'red']","[u'left', u'middle', u'right']","[0.9, 0.5, 0.1]","[u'low', u'high', u'medium']",black,49,left,low,True,False,545,150,NA
A29TV2MF4893DA,Mon Dec 04 2017 15:52:15 GMT-0500 (Eastern Standard Time),Mon Dec 04 2017 16:00:39 GMT-0500 (Eastern Standard Time),"Mozilla/5.0 (Windows NT 10.0; Win64; x64) AppleWebKit/537.36 (KHTML, like Gecko) Chrome/58.0.3029.110 Safari/537.36 Edge/16.16299",16,"[0.9, 0.5, 0.1]","[0.8, 0.4, 0.2]","[u'black', u'blue', u'red']","[u'left', u'middle', u'right']","[0.9, 0.5, 0.1]","[u'low', u'high', u'medium']",black,49,left,low,False,False,555,100,NA
A29TV2MF4893DA,Mon Dec 04 2017 15:52:15 GMT-0500 (Eastern Standard Time),Mon Dec 04 2017 16:00:39 GMT-0500 (Eastern Standard Time),"Mozilla/5.0 (Windows NT 10.0; Win64; x64) AppleWebKit/537.36 (KHTML, like Gecko) Chrome/58.0.3029.110 Safari/537.36 Edge/16.16299",17,"[0.9, 0.5, 0.1]","[0.8, 0.4, 0.2]","[u'black', u'blue', u'red']","[u'left', u'middle', u'right']","[0.9, 0.5, 0.1]","[u'low', u'high', u'medium']",black,49,left,low,False,False,150,50,NA
A29TV2MF4893DA,Mon Dec 04 2017 15:52:15 GMT-0500 (Eastern Standard Time),Mon Dec 04 2017 16:00:39 GMT-0500 (Eastern Standard Time),"Mozilla/5.0 (Windows NT 10.0; Win64; x64) AppleWebKit/537.36 (KHTML, like Gecko) Chrome/58.0.3029.110 Safari/537.36 Edge/16.16299",18,"[0.9, 0.5, 0.1]","[0.8, 0.4, 0.2]","[u'black', u'blue', u'red']","[u'left', u'middle', u'right']","[0.9, 0.5, 0.1]","[u'low', u'high', u'medium']",blue,50,middle,high,True,False,332,150,NA
A29TV2MF4893DA,Mon Dec 04 2017 15:52:15 GMT-0500 (Eastern Standard Time),Mon Dec 04 2017 16:00:39 GMT-0500 (Eastern Standard Time),"Mozilla/5.0 (Windows NT 10.0; Win64; x64) AppleWebKit/537.36 (KHTML, like Gecko) Chrome/58.0.3029.110 Safari/537.36 Edge/16.16299",19,"[0.9, 0.5, 0.1]","[0.8, 0.4, 0.2]","[u'black', u'blue', u'red']","[u'left', u'middle', u'right']","[0.9, 0.5, 0.1]","[u'low', u'high', u'medium']",blue,50,middle,high,True,False,462,250,NA
A29TV2MF4893DA,Mon Dec 04 2017 15:52:15 GMT-0500 (Eastern Standard Time),Mon Dec 04 2017 16:00:39 GMT-0500 (Eastern Standard Time),"Mozilla/5.0 (Windows NT 10.0; Win64; x64) AppleWebKit/537.36 (KHTML, like Gecko) Chrome/58.0.3029.110 Safari/537.36 Edge/16.16299",20,"[0.9, 0.5, 0.1]","[0.8, 0.4, 0.2]","[u'black', u'blue', u'red']","[u'left', u'middle', u'right']","[0.9, 0.5, 0.1]","[u'low', u'high', u'medium']",blue,50,middle,high,True,False,477,350,NA
A29TV2MF4893DA,Mon Dec 04 2017 15:52:15 GMT-0500 (Eastern Standard Time),Mon Dec 04 2017 16:00:39 GMT-0500 (Eastern Standard Time),"Mozilla/5.0 (Windows NT 10.0; Win64; x64) AppleWebKit/537.36 (KHTML, like Gecko) Chrome/58.0.3029.110 Safari/537.36 Edge/16.16299",21,"[0.9, 0.5, 0.1]","[0.8, 0.4, 0.2]","[u'black', u'blue', u'red']","[u'left', u'middle', u'right']","[0.9, 0.5, 0.1]","[u'low', u'high', u'medium']",blue,50,middle,high,True,False,458,450,NA
A29TV2MF4893DA,Mon Dec 04 2017 15:52:15 GMT-0500 (Eastern Standard Time),Mon Dec 04 2017 16:00:39 GMT-0500 (Eastern Standard Time),"Mozilla/5.0 (Windows NT 10.0; Win64; x64) AppleWebKit/537.36 (KHTML, like Gecko) Chrome/58.0.3029.110 Safari/537.36 Edge/16.16299",22,"[0.9, 0.5, 0.1]","[0.8, 0.4, 0.2]","[u'black', u'blue', u'red']","[u'left', u'middle', u'right']","[0.9, 0.5, 0.1]","[u'low', u'high', u'medium']",blue,50,middle,high,True,False,439,550,NA
A29TV2MF4893DA,Mon Dec 04 2017 15:52:15 GMT-0500 (Eastern Standard Time),Mon Dec 04 2017 16:00:39 GMT-0500 (Eastern Standard Time),"Mozilla/5.0 (Windows NT 10.0; Win64; x64) AppleWebKit/537.36 (KHTML, like Gecko) Chrome/58.0.3029.110 Safari/537.36 Edge/16.16299",23,"[0.9, 0.5, 0.1]","[0.8, 0.4, 0.2]","[u'black', u'blue', u'red']","[u'left', u'middle', u'right']","[0.9, 0.5, 0.1]","[u'low', u'high', u'medium']",blue,50,middle,high,True,False,852,650,NA
A29TV2MF4893DA,Mon Dec 04 2017 15:52:15 GMT-0500 (Eastern Standard Time),Mon Dec 04 2017 16:00:39 GMT-0500 (Eastern Standard Time),"Mozilla/5.0 (Windows NT 10.0; Win64; x64) AppleWebKit/537.36 (KHTML, like Gecko) Chrome/58.0.3029.110 Safari/537.36 Edge/16.16299",24,"[0.9, 0.5, 0.1]","[0.8, 0.4, 0.2]","[u'black', u'blue', u'red']","[u'left', u'middle', u'right']","[0.9, 0.5, 0.1]","[u'low', u'high', u'medium']",blue,50,middle,high,False,False,288,600,NA
A29TV2MF4893DA,Mon Dec 04 2017 15:52:15 GMT-0500 (Eastern Standard Time),Mon Dec 04 2017 16:00:39 GMT-0500 (Eastern Standard Time),"Mozilla/5.0 (Windows NT 10.0; Win64; x64) AppleWebKit/537.36 (KHTML, like Gecko) Chrome/58.0.3029.110 Safari/537.36 Edge/16.16299",25,"[0.9, 0.5, 0.1]","[0.8, 0.4, 0.2]","[u'black', u'blue', u'red']","[u'left', u'middle', u'right']","[0.9, 0.5, 0.1]","[u'low', u'high', u'medium']",red,51,right,medium,True,False,0,700,NA
A29TV2MF4893DA,Mon Dec 04 2017 15:52:15 GMT-0500 (Eastern Standard Time),Mon Dec 04 2017 16:00:39 GMT-0500 (Eastern Standard Time),"Mozilla/5.0 (Windows NT 10.0; Win64; x64) AppleWebKit/537.36 (KHTML, like Gecko) Chrome/58.0.3029.110 Safari/537.36 Edge/16.16299",26,"[0.9, 0.5, 0.1]","[0.8, 0.4, 0.2]","[u'black', u'blue', u'red']","[u'left', u'middle', u'right']","[0.9, 0.5, 0.1]","[u'low', u'high', u'medium']",red,51,right,medium,False,False,319,650,NA
A29TV2MF4893DA,Mon Dec 04 2017 15:52:15 GMT-0500 (Eastern Standard Time),Mon Dec 04 2017 16:00:39 GMT-0500 (Eastern Standard Time),"Mozilla/5.0 (Windows NT 10.0; Win64; x64) AppleWebKit/537.36 (KHTML, like Gecko) Chrome/58.0.3029.110 Safari/537.36 Edge/16.16299",27,"[0.9, 0.5, 0.1]","[0.8, 0.4, 0.2]","[u'black', u'blue', u'red']","[u'left', u'middle', u'right']","[0.9, 0.5, 0.1]","[u'low', u'high', u'medium']",red,51,right,medium,False,False,615,600,NA
A29TV2MF4893DA,Mon Dec 04 2017 15:52:15 GMT-0500 (Eastern Standard Time),Mon Dec 04 2017 16:00:39 GMT-0500 (Eastern Standard Time),"Mozilla/5.0 (Windows NT 10.0; Win64; x64) AppleWebKit/537.36 (KHTML, like Gecko) Chrome/58.0.3029.110 Safari/537.36 Edge/16.16299",28,"[0.9, 0.5, 0.1]","[0.8, 0.4, 0.2]","[u'black', u'blue', u'red']","[u'left', u'middle', u'right']","[0.9, 0.5, 0.1]","[u'low', u'high', u'medium']",blue,50,middle,high,True,False,240,700,NA
A29TV2MF4893DA,Mon Dec 04 2017 15:52:15 GMT-0500 (Eastern Standard Time),Mon Dec 04 2017 16:00:39 GMT-0500 (Eastern Standard Time),"Mozilla/5.0 (Windows NT 10.0; Win64; x64) AppleWebKit/537.36 (KHTML, like Gecko) Chrome/58.0.3029.110 Safari/537.36 Edge/16.16299",29,"[0.9, 0.5, 0.1]","[0.8, 0.4, 0.2]","[u'black', u'blue', u'red']","[u'left', u'middle', u'right']","[0.9, 0.5, 0.1]","[u'low', u'high', u'medium']",blue,50,middle,high,True,False,395,800,NA
A29TV2MF4893DA,Mon Dec 04 2017 15:52:15 GMT-0500 (Eastern Standard Time),Mon Dec 04 2017 16:00:39 GMT-0500 (Eastern Standard Time),"Mozilla/5.0 (Windows NT 10.0; Win64; x64) AppleWebKit/537.36 (KHTML, like Gecko) Chrome/58.0.3029.110 Safari/537.36 Edge/16.16299",30,"[0.9, 0.5, 0.1]","[0.8, 0.4, 0.2]","[u'black', u'blue', u'red']","[u'left', u'middle', u'right']","[0.9, 0.5, 0.1]","[u'low', u'high', u'medium']",blue,50,middle,high,True,False,298,900,NA
A29TV2MF4893DA,Mon Dec 04 2017 15:52:15 GMT-0500 (Eastern Standard Time),Mon Dec 04 2017 16:00:39 GMT-0500 (Eastern Standard Time),"Mozilla/5.0 (Windows NT 10.0; Win64; x64) AppleWebKit/537.36 (KHTML, like Gecko) Chrome/58.0.3029.110 Safari/537.36 Edge/16.16299",31,"[0.9, 0.5, 0.1]","[0.8, 0.4, 0.2]","[u'black', u'blue', u'red']","[u'left', u'middle', u'right']","[0.9, 0.5, 0.1]","[u'low', u'high', u'medium']",blue,50,middle,high,True,False,346,1000,NA
A29TV2MF4893DA,Mon Dec 04 2017 15:52:15 GMT-0500 (Eastern Standard Time),Mon Dec 04 2017 16:00:39 GMT-0500 (Eastern Standard Time),"Mozilla/5.0 (Windows NT 10.0; Win64; x64) AppleWebKit/537.36 (KHTML, like Gecko) Chrome/58.0.3029.110 Safari/537.36 Edge/16.16299",32,"[0.9, 0.5, 0.1]","[0.8, 0.4, 0.2]","[u'black', u'blue', u'red']","[u'left', u'middle', u'right']","[0.9, 0.5, 0.1]","[u'low', u'high', u'medium']",blue,50,middle,high,True,False,1353,1100,NA
A29TV2MF4893DA,Mon Dec 04 2017 15:52:15 GMT-0500 (Eastern Standard Time),Mon Dec 04 2017 16:00:39 GMT-0500 (Eastern Standard Time),"Mozilla/5.0 (Windows NT 10.0; Win64; x64) AppleWebKit/537.36 (KHTML, like Gecko) Chrome/58.0.3029.110 Safari/537.36 Edge/16.16299",33,"[0.9, 0.5, 0.1]","[0.8, 0.4, 0.2]","[u'black', u'blue', u'red']","[u'left', u'middle', u'right']","[0.9, 0.5, 0.1]","[u'low', u'high', u'medium']",blue,50,middle,high,True,False,430,1200,NA
A29TV2MF4893DA,Mon Dec 04 2017 15:52:15 GMT-0500 (Eastern Standard Time),Mon Dec 04 2017 16:00:39 GMT-0500 (Eastern Standard Time),"Mozilla/5.0 (Windows NT 10.0; Win64; x64) AppleWebKit/537.36 (KHTML, like Gecko) Chrome/58.0.3029.110 Safari/537.36 Edge/16.16299",34,"[0.9, 0.5, 0.1]","[0.8, 0.4, 0.2]","[u'black', u'blue', u'red']","[u'left', u'middle', u'right']","[0.9, 0.5, 0.1]","[u'low', u'high', u'medium']",blue,50,middle,high,True,False,559,1300,NA
A29TV2MF4893DA,Mon Dec 04 2017 15:52:15 GMT-0500 (Eastern Standard Time),Mon Dec 04 2017 16:00:39 GMT-0500 (Eastern Standard Time),"Mozilla/5.0 (Windows NT 10.0; Win64; x64) AppleWebKit/537.36 (KHTML, like Gecko) Chrome/58.0.3029.110 Safari/537.36 Edge/16.16299",35,"[0.9, 0.5, 0.1]","[0.8, 0.4, 0.2]","[u'black', u'blue', u'red']","[u'left', u'middle', u'right']","[0.9, 0.5, 0.1]","[u'low', u'high', u'medium']",blue,50,middle,high,True,False,684,1400,NA
A29TV2MF4893DA,Mon Dec 04 2017 15:52:15 GMT-0500 (Eastern Standard Time),Mon Dec 04 2017 16:00:39 GMT-0500 (Eastern Standard Time),"Mozilla/5.0 (Windows NT 10.0; Win64; x64) AppleWebKit/537.36 (KHTML, like Gecko) Chrome/58.0.3029.110 Safari/537.36 Edge/16.16299",36,"[0.9, 0.5, 0.1]","[0.8, 0.4, 0.2]","[u'black', u'blue', u'red']","[u'left', u'middle', u'right']","[0.9, 0.5, 0.1]","[u'low', u'high', u'medium']",blue,50,middle,high,True,True,452,1500,NA
A29TV2MF4893DA,Mon Dec 04 2017 15:52:15 GMT-0500 (Eastern Standard Time),Mon Dec 04 2017 16:00:39 GMT-0500 (Eastern Standard Time),"Mozilla/5.0 (Windows NT 10.0; Win64; x64) AppleWebKit/537.36 (KHTML, like Gecko) Chrome/58.0.3029.110 Safari/537.36 Edge/16.16299",37,"[0.9, 0.5, 0.1]","[0.8, 0.4, 0.2]","[u'black', u'blue', u'red']","[u'left', u'middle', u'right']","[0.9, 0.5, 0.1]","[u'high', u'medium', u'low']",blue,50,middle,medium,False,False,346,1450,NA
A29TV2MF4893DA,Mon Dec 04 2017 15:52:15 GMT-0500 (Eastern Standard Time),Mon Dec 04 2017 16:00:39 GMT-0500 (Eastern Standard Time),"Mozilla/5.0 (Windows NT 10.0; Win64; x64) AppleWebKit/537.36 (KHTML, like Gecko) Chrome/58.0.3029.110 Safari/537.36 Edge/16.16299",38,"[0.9, 0.5, 0.1]","[0.8, 0.4, 0.2]","[u'black', u'blue', u'red']","[u'left', u'middle', u'right']","[0.9, 0.5, 0.1]","[u'high', u'medium', u'low']",black,49,left,high,False,False,426,1400,NA
A29TV2MF4893DA,Mon Dec 04 2017 15:52:15 GMT-0500 (Eastern Standard Time),Mon Dec 04 2017 16:00:39 GMT-0500 (Eastern Standard Time),"Mozilla/5.0 (Windows NT 10.0; Win64; x64) AppleWebKit/537.36 (KHTML, like Gecko) Chrome/58.0.3029.110 Safari/537.36 Edge/16.16299",39,"[0.9, 0.5, 0.1]","[0.8, 0.4, 0.2]","[u'black', u'blue', u'red']","[u'left', u'middle', u'right']","[0.9, 0.5, 0.1]","[u'high', u'medium', u'low']",red,51,right,low,False,False,322,1350,NA
A29TV2MF4893DA,Mon Dec 04 2017 15:52:15 GMT-0500 (Eastern Standard Time),Mon Dec 04 2017 16:00:39 GMT-0500 (Eastern Standard Time),"Mozilla/5.0 (Windows NT 10.0; Win64; x64) AppleWebKit/537.36 (KHTML, like Gecko) Chrome/58.0.3029.110 Safari/537.36 Edge/16.16299",40,"[0.9, 0.5, 0.1]","[0.8, 0.4, 0.2]","[u'black', u'blue', u'red']","[u'left', u'middle', u'right']","[0.9, 0.5, 0.1]","[u'high', u'medium', u'low']",blue,50,middle,medium,True,False,110,1450,NA
A29TV2MF4893DA,Mon Dec 04 2017 15:52:15 GMT-0500 (Eastern Standard Time),Mon Dec 04 2017 16:00:39 GMT-0500 (Eastern Standard Time),"Mozilla/5.0 (Windows NT 10.0; Win64; x64) AppleWebKit/537.36 (KHTML, like Gecko) Chrome/58.0.3029.110 Safari/537.36 Edge/16.16299",41,"[0.9, 0.5, 0.1]","[0.8, 0.4, 0.2]","[u'black', u'blue', u'red']","[u'left', u'middle', u'right']","[0.9, 0.5, 0.1]","[u'low', u'medium', u'high']",blue,50,middle,medium,True,False,4995,1550,NA
A29TV2MF4893DA,Mon Dec 04 2017 15:52:15 GMT-0500 (Eastern Standard Time),Mon Dec 04 2017 16:00:39 GMT-0500 (Eastern Standard Time),"Mozilla/5.0 (Windows NT 10.0; Win64; x64) AppleWebKit/537.36 (KHTML, like Gecko) Chrome/58.0.3029.110 Safari/537.36 Edge/16.16299",42,"[0.9, 0.5, 0.1]","[0.8, 0.4, 0.2]","[u'black', u'blue', u'red']","[u'left', u'middle', u'right']","[0.9, 0.5, 0.1]","[u'low', u'medium', u'high']",blue,50,middle,medium,False,False,1460,1500,NA
A29TV2MF4893DA,Mon Dec 04 2017 15:52:15 GMT-0500 (Eastern Standard Time),Mon Dec 04 2017 16:00:39 GMT-0500 (Eastern Standard Time),"Mozilla/5.0 (Windows NT 10.0; Win64; x64) AppleWebKit/537.36 (KHTML, like Gecko) Chrome/58.0.3029.110 Safari/537.36 Edge/16.16299",43,"[0.9, 0.5, 0.1]","[0.8, 0.4, 0.2]","[u'black', u'blue', u'red']","[u'left', u'middle', u'right']","[0.9, 0.5, 0.1]","[u'low', u'medium', u'high']",red,51,right,high,True,False,593,1600,NA
A29TV2MF4893DA,Mon Dec 04 2017 15:52:15 GMT-0500 (Eastern Standard Time),Mon Dec 04 2017 16:00:39 GMT-0500 (Eastern Standard Time),"Mozilla/5.0 (Windows NT 10.0; Win64; x64) AppleWebKit/537.36 (KHTML, like Gecko) Chrome/58.0.3029.110 Safari/537.36 Edge/16.16299",44,"[0.9, 0.5, 0.1]","[0.8, 0.4, 0.2]","[u'black', u'blue', u'red']","[u'left', u'middle', u'right']","[0.9, 0.5, 0.1]","[u'low', u'medium', u'high']",red,51,right,high,True,False,337,1700,NA
A29TV2MF4893DA,Mon Dec 04 2017 15:52:15 GMT-0500 (Eastern Standard Time),Mon Dec 04 2017 16:00:39 GMT-0500 (Eastern Standard Time),"Mozilla/5.0 (Windows NT 10.0; Win64; x64) AppleWebKit/537.36 (KHTML, like Gecko) Chrome/58.0.3029.110 Safari/537.36 Edge/16.16299",45,"[0.9, 0.5, 0.1]","[0.8, 0.4, 0.2]","[u'black', u'blue', u'red']","[u'left', u'middle', u'right']","[0.9, 0.5, 0.1]","[u'low', u'medium', u'high']",red,51,right,high,True,False,286,1800,NA
A29TV2MF4893DA,Mon Dec 04 2017 15:52:15 GMT-0500 (Eastern Standard Time),Mon Dec 04 2017 16:00:39 GMT-0500 (Eastern Standard Time),"Mozilla/5.0 (Windows NT 10.0; Win64; x64) AppleWebKit/537.36 (KHTML, like Gecko) Chrome/58.0.3029.110 Safari/537.36 Edge/16.16299",46,"[0.9, 0.5, 0.1]","[0.8, 0.4, 0.2]","[u'black', u'blue', u'red']","[u'left', u'middle', u'right']","[0.9, 0.5, 0.1]","[u'low', u'medium', u'high']",red,51,right,high,True,False,541,1900,NA
A29TV2MF4893DA,Mon Dec 04 2017 15:52:15 GMT-0500 (Eastern Standard Time),Mon Dec 04 2017 16:00:39 GMT-0500 (Eastern Standard Time),"Mozilla/5.0 (Windows NT 10.0; Win64; x64) AppleWebKit/537.36 (KHTML, like Gecko) Chrome/58.0.3029.110 Safari/537.36 Edge/16.16299",47,"[0.9, 0.5, 0.1]","[0.8, 0.4, 0.2]","[u'black', u'blue', u'red']","[u'left', u'middle', u'right']","[0.9, 0.5, 0.1]","[u'low', u'medium', u'high']",red,51,right,high,True,False,469,2000,NA
A29TV2MF4893DA,Mon Dec 04 2017 15:52:15 GMT-0500 (Eastern Standard Time),Mon Dec 04 2017 16:00:39 GMT-0500 (Eastern Standard Time),"Mozilla/5.0 (Windows NT 10.0; Win64; x64) AppleWebKit/537.36 (KHTML, like Gecko) Chrome/58.0.3029.110 Safari/537.36 Edge/16.16299",48,"[0.9, 0.5, 0.1]","[0.8, 0.4, 0.2]","[u'black', u'blue', u'red']","[u'left', u'middle', u'right']","[0.9, 0.5, 0.1]","[u'low', u'medium', u'high']",red,51,right,high,True,False,446,2100,NA
A29TV2MF4893DA,Mon Dec 04 2017 15:52:15 GMT-0500 (Eastern Standard Time),Mon Dec 04 2017 16:00:39 GMT-0500 (Eastern Standard Time),"Mozilla/5.0 (Windows NT 10.0; Win64; x64) AppleWebKit/537.36 (KHTML, like Gecko) Chrome/58.0.3029.110 Safari/537.36 Edge/16.16299",49,"[0.9, 0.5, 0.1]","[0.8, 0.4, 0.2]","[u'black', u'blue', u'red']","[u'left', u'middle', u'right']","[0.9, 0.5, 0.1]","[u'low', u'medium', u'high']",red,51,right,high,True,False,324,2200,NA
A29TV2MF4893DA,Mon Dec 04 2017 15:52:15 GMT-0500 (Eastern Standard Time),Mon Dec 04 2017 16:00:39 GMT-0500 (Eastern Standard Time),"Mozilla/5.0 (Windows NT 10.0; Win64; x64) AppleWebKit/537.36 (KHTML, like Gecko) Chrome/58.0.3029.110 Safari/537.36 Edge/16.16299",50,"[0.9, 0.5, 0.1]","[0.8, 0.4, 0.2]","[u'black', u'blue', u'red']","[u'left', u'middle', u'right']","[0.9, 0.5, 0.1]","[u'low', u'medium', u'high']",red,51,right,high,False,False,384,2150,NA
A29TV2MF4893DA,Mon Dec 04 2017 15:52:15 GMT-0500 (Eastern Standard Time),Mon Dec 04 2017 16:00:39 GMT-0500 (Eastern Standard Time),"Mozilla/5.0 (Windows NT 10.0; Win64; x64) AppleWebKit/537.36 (KHTML, like Gecko) Chrome/58.0.3029.110 Safari/537.36 Edge/16.16299",51,"[0.9, 0.5, 0.1]","[0.8, 0.4, 0.2]","[u'black', u'blue', u'red']","[u'left', u'middle', u'right']","[0.9, 0.5, 0.1]","[u'low', u'medium', u'high']",blue,50,middle,medium,True,False,100,2250,NA
A29TV2MF4893DA,Mon Dec 04 2017 15:52:15 GMT-0500 (Eastern Standard Time),Mon Dec 04 2017 16:00:39 GMT-0500 (Eastern Standard Time),"Mozilla/5.0 (Windows NT 10.0; Win64; x64) AppleWebKit/537.36 (KHTML, like Gecko) Chrome/58.0.3029.110 Safari/537.36 Edge/16.16299",52,"[0.9, 0.5, 0.1]","[0.8, 0.4, 0.2]","[u'black', u'blue', u'red']","[u'left', u'middle', u'right']","[0.9, 0.5, 0.1]","[u'low', u'medium', u'high']",blue,50,middle,medium,True,False,258,2350,NA
A29TV2MF4893DA,Mon Dec 04 2017 15:52:15 GMT-0500 (Eastern Standard Time),Mon Dec 04 2017 16:00:39 GMT-0500 (Eastern Standard Time),"Mozilla/5.0 (Windows NT 10.0; Win64; x64) AppleWebKit/537.36 (KHTML, like Gecko) Chrome/58.0.3029.110 Safari/537.36 Edge/16.16299",53,"[0.9, 0.5, 0.1]","[0.8, 0.4, 0.2]","[u'black', u'blue', u'red']","[u'left', u'middle', u'right']","[0.9, 0.5, 0.1]","[u'low', u'medium', u'high']",blue,50,middle,medium,False,False,280,2300,NA
A29TV2MF4893DA,Mon Dec 04 2017 15:52:15 GMT-0500 (Eastern Standard Time),Mon Dec 04 2017 16:00:39 GMT-0500 (Eastern Standard Time),"Mozilla/5.0 (Windows NT 10.0; Win64; x64) AppleWebKit/537.36 (KHTML, like Gecko) Chrome/58.0.3029.110 Safari/537.36 Edge/16.16299",54,"[0.9, 0.5, 0.1]","[0.8, 0.4, 0.2]","[u'black', u'blue', u'red']","[u'left', u'middle', u'right']","[0.9, 0.5, 0.1]","[u'low', u'medium', u'high']",black,49,left,low,False,False,418,2250,NA
A29TV2MF4893DA,Mon Dec 04 2017 15:52:15 GMT-0500 (Eastern Standard Time),Mon Dec 04 2017 16:00:39 GMT-0500 (Eastern Standard Time),"Mozilla/5.0 (Windows NT 10.0; Win64; x64) AppleWebKit/537.36 (KHTML, like Gecko) Chrome/58.0.3029.110 Safari/537.36 Edge/16.16299",55,"[0.9, 0.5, 0.1]","[0.8, 0.4, 0.2]","[u'black', u'blue', u'red']","[u'left', u'middle', u'right']","[0.9, 0.5, 0.1]","[u'low', u'medium', u'high']",red,51,right,high,False,False,299,2200,NA
A29TV2MF4893DA,Mon Dec 04 2017 15:52:15 GMT-0500 (Eastern Standard Time),Mon Dec 04 2017 16:00:39 GMT-0500 (Eastern Standard Time),"Mozilla/5.0 (Windows NT 10.0; Win64; x64) AppleWebKit/537.36 (KHTML, like Gecko) Chrome/58.0.3029.110 Safari/537.36 Edge/16.16299",56,"[0.9, 0.5, 0.1]","[0.8, 0.4, 0.2]","[u'black', u'blue', u'red']","[u'left', u'middle', u'right']","[0.9, 0.5, 0.1]","[u'low', u'medium', u'high']",blue,50,middle,medium,False,False,46,2150,NA
A29TV2MF4893DA,Mon Dec 04 2017 15:52:15 GMT-0500 (Eastern Standard Time),Mon Dec 04 2017 16:00:39 GMT-0500 (Eastern Standard Time),"Mozilla/5.0 (Windows NT 10.0; Win64; x64) AppleWebKit/537.36 (KHTML, like Gecko) Chrome/58.0.3029.110 Safari/537.36 Edge/16.16299",57,"[0.9, 0.5, 0.1]","[0.8, 0.4, 0.2]","[u'black', u'blue', u'red']","[u'left', u'middle', u'right']","[0.9, 0.5, 0.1]","[u'low', u'medium', u'high']",black,49,left,low,True,False,445,2250,NA
A29TV2MF4893DA,Mon Dec 04 2017 15:52:15 GMT-0500 (Eastern Standard Time),Mon Dec 04 2017 16:00:39 GMT-0500 (Eastern Standard Time),"Mozilla/5.0 (Windows NT 10.0; Win64; x64) AppleWebKit/537.36 (KHTML, like Gecko) Chrome/58.0.3029.110 Safari/537.36 Edge/16.16299",58,"[0.9, 0.5, 0.1]","[0.8, 0.4, 0.2]","[u'black', u'blue', u'red']","[u'left', u'middle', u'right']","[0.9, 0.5, 0.1]","[u'low', u'medium', u'high']",black,49,left,low,False,False,525,2200,NA
A29TV2MF4893DA,Mon Dec 04 2017 15:52:15 GMT-0500 (Eastern Standard Time),Mon Dec 04 2017 16:00:39 GMT-0500 (Eastern Standard Time),"Mozilla/5.0 (Windows NT 10.0; Win64; x64) AppleWebKit/537.36 (KHTML, like Gecko) Chrome/58.0.3029.110 Safari/537.36 Edge/16.16299",59,"[0.9, 0.5, 0.1]","[0.8, 0.4, 0.2]","[u'black', u'blue', u'red']","[u'left', u'middle', u'right']","[0.9, 0.5, 0.1]","[u'low', u'medium', u'high']",blue,50,middle,medium,True,False,149,2300,NA
A29TV2MF4893DA,Mon Dec 04 2017 15:52:15 GMT-0500 (Eastern Standard Time),Mon Dec 04 2017 16:00:39 GMT-0500 (Eastern Standard Time),"Mozilla/5.0 (Windows NT 10.0; Win64; x64) AppleWebKit/537.36 (KHTML, like Gecko) Chrome/58.0.3029.110 Safari/537.36 Edge/16.16299",60,"[0.9, 0.5, 0.1]","[0.8, 0.4, 0.2]","[u'black', u'blue', u'red']","[u'left', u'middle', u'right']","[0.9, 0.5, 0.1]","[u'low', u'medium', u'high']",blue,50,middle,medium,True,False,324,2400,NA
A29TV2MF4893DA,Mon Dec 04 2017 15:52:15 GMT-0500 (Eastern Standard Time),Mon Dec 04 2017 16:00:39 GMT-0500 (Eastern Standard Time),"Mozilla/5.0 (Windows NT 10.0; Win64; x64) AppleWebKit/537.36 (KHTML, like Gecko) Chrome/58.0.3029.110 Safari/537.36 Edge/16.16299",61,"[0.9, 0.5, 0.1]","[0.8, 0.4, 0.2]","[u'black', u'blue', u'red']","[u'left', u'middle', u'right']","[0.9, 0.5, 0.1]","[u'low', u'medium', u'high']",blue,50,middle,medium,True,False,488,2500,NA
A29TV2MF4893DA,Mon Dec 04 2017 15:52:15 GMT-0500 (Eastern Standard Time),Mon Dec 04 2017 16:00:39 GMT-0500 (Eastern Standard Time),"Mozilla/5.0 (Windows NT 10.0; Win64; x64) AppleWebKit/537.36 (KHTML, like Gecko) Chrome/58.0.3029.110 Safari/537.36 Edge/16.16299",62,"[0.9, 0.5, 0.1]","[0.8, 0.4, 0.2]","[u'black', u'blue', u'red']","[u'left', u'middle', u'right']","[0.9, 0.5, 0.1]","[u'low', u'medium', u'high']",blue,50,middle,medium,True,False,483,2600,NA
A29TV2MF4893DA,Mon Dec 04 2017 15:52:15 GMT-0500 (Eastern Standard Time),Mon Dec 04 2017 16:00:39 GMT-0500 (Eastern Standard Time),"Mozilla/5.0 (Windows NT 10.0; Win64; x64) AppleWebKit/537.36 (KHTML, like Gecko) Chrome/58.0.3029.110 Safari/537.36 Edge/16.16299",63,"[0.9, 0.5, 0.1]","[0.8, 0.4, 0.2]","[u'black', u'blue', u'red']","[u'left', u'middle', u'right']","[0.9, 0.5, 0.1]","[u'low', u'medium', u'high']",blue,50,middle,medium,False,False,469,2550,NA
A29TV2MF4893DA,Mon Dec 04 2017 15:52:15 GMT-0500 (Eastern Standard Time),Mon Dec 04 2017 16:00:39 GMT-0500 (Eastern Standard Time),"Mozilla/5.0 (Windows NT 10.0; Win64; x64) AppleWebKit/537.36 (KHTML, like Gecko) Chrome/58.0.3029.110 Safari/537.36 Edge/16.16299",64,"[0.9, 0.5, 0.1]","[0.8, 0.4, 0.2]","[u'black', u'blue', u'red']","[u'left', u'middle', u'right']","[0.9, 0.5, 0.1]","[u'low', u'medium', u'high']",red,51,right,high,True,False,159,2650,NA
A29TV2MF4893DA,Mon Dec 04 2017 15:52:15 GMT-0500 (Eastern Standard Time),Mon Dec 04 2017 16:00:39 GMT-0500 (Eastern Standard Time),"Mozilla/5.0 (Windows NT 10.0; Win64; x64) AppleWebKit/537.36 (KHTML, like Gecko) Chrome/58.0.3029.110 Safari/537.36 Edge/16.16299",65,"[0.9, 0.5, 0.1]","[0.8, 0.4, 0.2]","[u'black', u'blue', u'red']","[u'left', u'middle', u'right']","[0.9, 0.5, 0.1]","[u'low', u'medium', u'high']",red,51,right,high,True,False,335,2750,NA
A29TV2MF4893DA,Mon Dec 04 2017 15:52:15 GMT-0500 (Eastern Standard Time),Mon Dec 04 2017 16:00:39 GMT-0500 (Eastern Standard Time),"Mozilla/5.0 (Windows NT 10.0; Win64; x64) AppleWebKit/537.36 (KHTML, like Gecko) Chrome/58.0.3029.110 Safari/537.36 Edge/16.16299",66,"[0.9, 0.5, 0.1]","[0.8, 0.4, 0.2]","[u'black', u'blue', u'red']","[u'left', u'middle', u'right']","[0.9, 0.5, 0.1]","[u'low', u'medium', u'high']",red,51,right,high,True,False,312,2850,NA
A29TV2MF4893DA,Mon Dec 04 2017 15:52:15 GMT-0500 (Eastern Standard Time),Mon Dec 04 2017 16:00:39 GMT-0500 (Eastern Standard Time),"Mozilla/5.0 (Windows NT 10.0; Win64; x64) AppleWebKit/537.36 (KHTML, like Gecko) Chrome/58.0.3029.110 Safari/537.36 Edge/16.16299",67,"[0.9, 0.5, 0.1]","[0.8, 0.4, 0.2]","[u'black', u'blue', u'red']","[u'left', u'middle', u'right']","[0.9, 0.5, 0.1]","[u'low', u'medium', u'high']",red,51,right,high,True,False,371,2950,NA
A29TV2MF4893DA,Mon Dec 04 2017 15:52:15 GMT-0500 (Eastern Standard Time),Mon Dec 04 2017 16:00:39 GMT-0500 (Eastern Standard Time),"Mozilla/5.0 (Windows NT 10.0; Win64; x64) AppleWebKit/537.36 (KHTML, like Gecko) Chrome/58.0.3029.110 Safari/537.36 Edge/16.16299",68,"[0.9, 0.5, 0.1]","[0.8, 0.4, 0.2]","[u'black', u'blue', u'red']","[u'left', u'middle', u'right']","[0.9, 0.5, 0.1]","[u'low', u'medium', u'high']",red,51,right,high,False,False,328,2900,NA
A29TV2MF4893DA,Mon Dec 04 2017 15:52:15 GMT-0500 (Eastern Standard Time),Mon Dec 04 2017 16:00:39 GMT-0500 (Eastern Standard Time),"Mozilla/5.0 (Windows NT 10.0; Win64; x64) AppleWebKit/537.36 (KHTML, like Gecko) Chrome/58.0.3029.110 Safari/537.36 Edge/16.16299",69,"[0.9, 0.5, 0.1]","[0.8, 0.4, 0.2]","[u'black', u'blue', u'red']","[u'left', u'middle', u'right']","[0.9, 0.5, 0.1]","[u'low', u'medium', u'high']",blue,50,middle,medium,False,False,606,2850,NA
A29TV2MF4893DA,Mon Dec 04 2017 15:52:15 GMT-0500 (Eastern Standard Time),Mon Dec 04 2017 16:00:39 GMT-0500 (Eastern Standard Time),"Mozilla/5.0 (Windows NT 10.0; Win64; x64) AppleWebKit/537.36 (KHTML, like Gecko) Chrome/58.0.3029.110 Safari/537.36 Edge/16.16299",70,"[0.9, 0.5, 0.1]","[0.8, 0.4, 0.2]","[u'black', u'blue', u'red']","[u'left', u'middle', u'right']","[0.9, 0.5, 0.1]","[u'low', u'medium', u'high']",black,49,left,low,False,False,340,2800,NA
A29TV2MF4893DA,Mon Dec 04 2017 15:52:15 GMT-0500 (Eastern Standard Time),Mon Dec 04 2017 16:00:39 GMT-0500 (Eastern Standard Time),"Mozilla/5.0 (Windows NT 10.0; Win64; x64) AppleWebKit/537.36 (KHTML, like Gecko) Chrome/58.0.3029.110 Safari/537.36 Edge/16.16299",71,"[0.9, 0.5, 0.1]","[0.8, 0.4, 0.2]","[u'black', u'blue', u'red']","[u'left', u'middle', u'right']","[0.9, 0.5, 0.1]","[u'low', u'medium', u'high']",red,51,right,high,True,False,294,2900,NA
A29TV2MF4893DA,Mon Dec 04 2017 15:52:15 GMT-0500 (Eastern Standard Time),Mon Dec 04 2017 16:00:39 GMT-0500 (Eastern Standard Time),"Mozilla/5.0 (Windows NT 10.0; Win64; x64) AppleWebKit/537.36 (KHTML, like Gecko) Chrome/58.0.3029.110 Safari/537.36 Edge/16.16299",72,"[0.9, 0.5, 0.1]","[0.8, 0.4, 0.2]","[u'black', u'blue', u'red']","[u'left', u'middle', u'right']","[0.9, 0.5, 0.1]","[u'low', u'medium', u'high']",red,51,right,high,True,False,290,3000,NA
A29TV2MF4893DA,Mon Dec 04 2017 15:52:15 GMT-0500 (Eastern Standard Time),Mon Dec 04 2017 16:00:39 GMT-0500 (Eastern Standard Time),"Mozilla/5.0 (Windows NT 10.0; Win64; x64) AppleWebKit/537.36 (KHTML, like Gecko) Chrome/58.0.3029.110 Safari/537.36 Edge/16.16299",73,"[0.9, 0.5, 0.1]","[0.8, 0.4, 0.2]","[u'black', u'blue', u'red']","[u'left', u'middle', u'right']","[0.9, 0.5, 0.1]","[u'low', u'medium', u'high']",red,51,right,high,True,False,347,3100,NA
A29TV2MF4893DA,Mon Dec 04 2017 15:52:15 GMT-0500 (Eastern Standard Time),Mon Dec 04 2017 16:00:39 GMT-0500 (Eastern Standard Time),"Mozilla/5.0 (Windows NT 10.0; Win64; x64) AppleWebKit/537.36 (KHTML, like Gecko) Chrome/58.0.3029.110 Safari/537.36 Edge/16.16299",74,"[0.9, 0.5, 0.1]","[0.8, 0.4, 0.2]","[u'black', u'blue', u'red']","[u'left', u'middle', u'right']","[0.9, 0.5, 0.1]","[u'low', u'medium', u'high']",red,51,right,high,True,False,542,3200,NA
A29TV2MF4893DA,Mon Dec 04 2017 15:52:15 GMT-0500 (Eastern Standard Time),Mon Dec 04 2017 16:00:39 GMT-0500 (Eastern Standard Time),"Mozilla/5.0 (Windows NT 10.0; Win64; x64) AppleWebKit/537.36 (KHTML, like Gecko) Chrome/58.0.3029.110 Safari/537.36 Edge/16.16299",75,"[0.9, 0.5, 0.1]","[0.8, 0.4, 0.2]","[u'black', u'blue', u'red']","[u'left', u'middle', u'right']","[0.9, 0.5, 0.1]","[u'low', u'medium', u'high']",red,51,right,high,False,False,449,3150,NA
A29TV2MF4893DA,Mon Dec 04 2017 15:52:15 GMT-0500 (Eastern Standard Time),Mon Dec 04 2017 16:00:39 GMT-0500 (Eastern Standard Time),"Mozilla/5.0 (Windows NT 10.0; Win64; x64) AppleWebKit/537.36 (KHTML, like Gecko) Chrome/58.0.3029.110 Safari/537.36 Edge/16.16299",76,"[0.9, 0.5, 0.1]","[0.8, 0.4, 0.2]","[u'black', u'blue', u'red']","[u'left', u'middle', u'right']","[0.9, 0.5, 0.1]","[u'low', u'medium', u'high']",blue,50,middle,medium,True,False,456,3250,NA
A29TV2MF4893DA,Mon Dec 04 2017 15:52:15 GMT-0500 (Eastern Standard Time),Mon Dec 04 2017 16:00:39 GMT-0500 (Eastern Standard Time),"Mozilla/5.0 (Windows NT 10.0; Win64; x64) AppleWebKit/537.36 (KHTML, like Gecko) Chrome/58.0.3029.110 Safari/537.36 Edge/16.16299",77,"[0.9, 0.5, 0.1]","[0.8, 0.4, 0.2]","[u'black', u'blue', u'red']","[u'left', u'middle', u'right']","[0.9, 0.5, 0.1]","[u'low', u'medium', u'high']",blue,50,middle,medium,False,False,565,3200,NA
A29TV2MF4893DA,Mon Dec 04 2017 15:52:15 GMT-0500 (Eastern Standard Time),Mon Dec 04 2017 16:00:39 GMT-0500 (Eastern Standard Time),"Mozilla/5.0 (Windows NT 10.0; Win64; x64) AppleWebKit/537.36 (KHTML, like Gecko) Chrome/58.0.3029.110 Safari/537.36 Edge/16.16299",78,"[0.9, 0.5, 0.1]","[0.8, 0.4, 0.2]","[u'black', u'blue', u'red']","[u'left', u'middle', u'right']","[0.9, 0.5, 0.1]","[u'low', u'medium', u'high']",red,51,right,high,False,False,364,3150,NA
A29TV2MF4893DA,Mon Dec 04 2017 15:52:15 GMT-0500 (Eastern Standard Time),Mon Dec 04 2017 16:00:39 GMT-0500 (Eastern Standard Time),"Mozilla/5.0 (Windows NT 10.0; Win64; x64) AppleWebKit/537.36 (KHTML, like Gecko) Chrome/58.0.3029.110 Safari/537.36 Edge/16.16299",79,"[0.9, 0.5, 0.1]","[0.8, 0.4, 0.2]","[u'black', u'blue', u'red']","[u'left', u'middle', u'right']","[0.9, 0.5, 0.1]","[u'low', u'medium', u'high']",black,49,left,low,False,False,531,3100,NA
A29TV2MF4893DA,Mon Dec 04 2017 15:52:15 GMT-0500 (Eastern Standard Time),Mon Dec 04 2017 16:00:39 GMT-0500 (Eastern Standard Time),"Mozilla/5.0 (Windows NT 10.0; Win64; x64) AppleWebKit/537.36 (KHTML, like Gecko) Chrome/58.0.3029.110 Safari/537.36 Edge/16.16299",80,"[0.9, 0.5, 0.1]","[0.8, 0.4, 0.2]","[u'black', u'blue', u'red']","[u'left', u'middle', u'right']","[0.9, 0.5, 0.1]","[u'low', u'medium', u'high']",blue,50,middle,medium,False,False,337,3050,NA
A29TV2MF4893DA,Mon Dec 04 2017 15:52:15 GMT-0500 (Eastern Standard Time),Mon Dec 04 2017 16:00:39 GMT-0500 (Eastern Standard Time),"Mozilla/5.0 (Windows NT 10.0; Win64; x64) AppleWebKit/537.36 (KHTML, like Gecko) Chrome/58.0.3029.110 Safari/537.36 Edge/16.16299",81,"[0.9, 0.5, 0.1]","[0.8, 0.4, 0.2]","[u'black', u'blue', u'red']","[u'left', u'middle', u'right']","[0.8, 0.4, 0.2]","[u'medium', u'high', u'low']",red,51,right,low,False,False,1231,3000,NA
A29TV2MF4893DA,Mon Dec 04 2017 15:52:15 GMT-0500 (Eastern Standard Time),Mon Dec 04 2017 16:00:39 GMT-0500 (Eastern Standard Time),"Mozilla/5.0 (Windows NT 10.0; Win64; x64) AppleWebKit/537.36 (KHTML, like Gecko) Chrome/58.0.3029.110 Safari/537.36 Edge/16.16299",82,"[0.9, 0.5, 0.1]","[0.8, 0.4, 0.2]","[u'black', u'blue', u'red']","[u'left', u'middle', u'right']","[0.8, 0.4, 0.2]","[u'medium', u'high', u'low']",blue,50,middle,high,True,False,378,3100,NA
A29TV2MF4893DA,Mon Dec 04 2017 15:52:15 GMT-0500 (Eastern Standard Time),Mon Dec 04 2017 16:00:39 GMT-0500 (Eastern Standard Time),"Mozilla/5.0 (Windows NT 10.0; Win64; x64) AppleWebKit/537.36 (KHTML, like Gecko) Chrome/58.0.3029.110 Safari/537.36 Edge/16.16299",83,"[0.9, 0.5, 0.1]","[0.8, 0.4, 0.2]","[u'black', u'blue', u'red']","[u'left', u'middle', u'right']","[0.8, 0.4, 0.2]","[u'medium', u'high', u'low']",blue,50,middle,high,True,False,371,3200,NA
A29TV2MF4893DA,Mon Dec 04 2017 15:52:15 GMT-0500 (Eastern Standard Time),Mon Dec 04 2017 16:00:39 GMT-0500 (Eastern Standard Time),"Mozilla/5.0 (Windows NT 10.0; Win64; x64) AppleWebKit/537.36 (KHTML, like Gecko) Chrome/58.0.3029.110 Safari/537.36 Edge/16.16299",84,"[0.9, 0.5, 0.1]","[0.8, 0.4, 0.2]","[u'black', u'blue', u'red']","[u'left', u'middle', u'right']","[0.8, 0.4, 0.2]","[u'medium', u'high', u'low']",blue,50,middle,high,True,False,357,3300,NA
A29TV2MF4893DA,Mon Dec 04 2017 15:52:15 GMT-0500 (Eastern Standard Time),Mon Dec 04 2017 16:00:39 GMT-0500 (Eastern Standard Time),"Mozilla/5.0 (Windows NT 10.0; Win64; x64) AppleWebKit/537.36 (KHTML, like Gecko) Chrome/58.0.3029.110 Safari/537.36 Edge/16.16299",85,"[0.9, 0.5, 0.1]","[0.8, 0.4, 0.2]","[u'black', u'blue', u'red']","[u'left', u'middle', u'right']","[0.8, 0.4, 0.2]","[u'medium', u'high', u'low']",blue,50,middle,high,True,False,281,3400,NA
A29TV2MF4893DA,Mon Dec 04 2017 15:52:15 GMT-0500 (Eastern Standard Time),Mon Dec 04 2017 16:00:39 GMT-0500 (Eastern Standard Time),"Mozilla/5.0 (Windows NT 10.0; Win64; x64) AppleWebKit/537.36 (KHTML, like Gecko) Chrome/58.0.3029.110 Safari/537.36 Edge/16.16299",86,"[0.9, 0.5, 0.1]","[0.8, 0.4, 0.2]","[u'black', u'blue', u'red']","[u'left', u'middle', u'right']","[0.8, 0.4, 0.2]","[u'medium', u'high', u'low']",blue,50,middle,high,True,False,505,3500,NA
A29TV2MF4893DA,Mon Dec 04 2017 15:52:15 GMT-0500 (Eastern Standard Time),Mon Dec 04 2017 16:00:39 GMT-0500 (Eastern Standard Time),"Mozilla/5.0 (Windows NT 10.0; Win64; x64) AppleWebKit/537.36 (KHTML, like Gecko) Chrome/58.0.3029.110 Safari/537.36 Edge/16.16299",87,"[0.9, 0.5, 0.1]","[0.8, 0.4, 0.2]","[u'black', u'blue', u'red']","[u'left', u'middle', u'right']","[0.8, 0.4, 0.2]","[u'medium', u'high', u'low']",blue,50,middle,high,True,False,475,3600,NA
A29TV2MF4893DA,Mon Dec 04 2017 15:52:15 GMT-0500 (Eastern Standard Time),Mon Dec 04 2017 16:00:39 GMT-0500 (Eastern Standard Time),"Mozilla/5.0 (Windows NT 10.0; Win64; x64) AppleWebKit/537.36 (KHTML, like Gecko) Chrome/58.0.3029.110 Safari/537.36 Edge/16.16299",88,"[0.9, 0.5, 0.1]","[0.8, 0.4, 0.2]","[u'black', u'blue', u'red']","[u'left', u'middle', u'right']","[0.8, 0.4, 0.2]","[u'medium', u'high', u'low']",blue,50,middle,high,True,False,295,3700,NA
A29TV2MF4893DA,Mon Dec 04 2017 15:52:15 GMT-0500 (Eastern Standard Time),Mon Dec 04 2017 16:00:39 GMT-0500 (Eastern Standard Time),"Mozilla/5.0 (Windows NT 10.0; Win64; x64) AppleWebKit/537.36 (KHTML, like Gecko) Chrome/58.0.3029.110 Safari/537.36 Edge/16.16299",89,"[0.9, 0.5, 0.1]","[0.8, 0.4, 0.2]","[u'black', u'blue', u'red']","[u'left', u'middle', u'right']","[0.8, 0.4, 0.2]","[u'medium', u'high', u'low']",blue,50,middle,high,True,False,319,3800,NA
A29TV2MF4893DA,Mon Dec 04 2017 15:52:15 GMT-0500 (Eastern Standard Time),Mon Dec 04 2017 16:00:39 GMT-0500 (Eastern Standard Time),"Mozilla/5.0 (Windows NT 10.0; Win64; x64) AppleWebKit/537.36 (KHTML, like Gecko) Chrome/58.0.3029.110 Safari/537.36 Edge/16.16299",90,"[0.9, 0.5, 0.1]","[0.8, 0.4, 0.2]","[u'black', u'blue', u'red']","[u'left', u'middle', u'right']","[0.8, 0.4, 0.2]","[u'medium', u'high', u'low']",blue,50,middle,high,True,True,380,3900,NA
A29TV2MF4893DA,Mon Dec 04 2017 15:52:15 GMT-0500 (Eastern Standard Time),Mon Dec 04 2017 16:00:39 GMT-0500 (Eastern Standard Time),"Mozilla/5.0 (Windows NT 10.0; Win64; x64) AppleWebKit/537.36 (KHTML, like Gecko) Chrome/58.0.3029.110 Safari/537.36 Edge/16.16299",91,"[0.9, 0.5, 0.1]","[0.8, 0.4, 0.2]","[u'black', u'blue', u'red']","[u'left', u'middle', u'right']","[0.8, 0.4, 0.2]","[u'high', u'low', u'medium']",blue,50,middle,low,True,False,334,4000,NA
A29TV2MF4893DA,Mon Dec 04 2017 15:52:15 GMT-0500 (Eastern Standard Time),Mon Dec 04 2017 16:00:39 GMT-0500 (Eastern Standard Time),"Mozilla/5.0 (Windows NT 10.0; Win64; x64) AppleWebKit/537.36 (KHTML, like Gecko) Chrome/58.0.3029.110 Safari/537.36 Edge/16.16299",92,"[0.9, 0.5, 0.1]","[0.8, 0.4, 0.2]","[u'black', u'blue', u'red']","[u'left', u'middle', u'right']","[0.8, 0.4, 0.2]","[u'high', u'low', u'medium']",blue,50,middle,low,False,False,306,3950,NA
A29TV2MF4893DA,Mon Dec 04 2017 15:52:15 GMT-0500 (Eastern Standard Time),Mon Dec 04 2017 16:00:39 GMT-0500 (Eastern Standard Time),"Mozilla/5.0 (Windows NT 10.0; Win64; x64) AppleWebKit/537.36 (KHTML, like Gecko) Chrome/58.0.3029.110 Safari/537.36 Edge/16.16299",93,"[0.9, 0.5, 0.1]","[0.8, 0.4, 0.2]","[u'black', u'blue', u'red']","[u'left', u'middle', u'right']","[0.8, 0.4, 0.2]","[u'high', u'low', u'medium']",blue,50,middle,low,False,False,342,3900,NA
A29TV2MF4893DA,Mon Dec 04 2017 15:52:15 GMT-0500 (Eastern Standard Time),Mon Dec 04 2017 16:00:39 GMT-0500 (Eastern Standard Time),"Mozilla/5.0 (Windows NT 10.0; Win64; x64) AppleWebKit/537.36 (KHTML, like Gecko) Chrome/58.0.3029.110 Safari/537.36 Edge/16.16299",94,"[0.9, 0.5, 0.1]","[0.8, 0.4, 0.2]","[u'black', u'blue', u'red']","[u'left', u'middle', u'right']","[0.8, 0.4, 0.2]","[u'high', u'low', u'medium']",red,51,right,medium,False,False,147,3850,NA
A29TV2MF4893DA,Mon Dec 04 2017 15:52:15 GMT-0500 (Eastern Standard Time),Mon Dec 04 2017 16:00:39 GMT-0500 (Eastern Standard Time),"Mozilla/5.0 (Windows NT 10.0; Win64; x64) AppleWebKit/537.36 (KHTML, like Gecko) Chrome/58.0.3029.110 Safari/537.36 Edge/16.16299",95,"[0.9, 0.5, 0.1]","[0.8, 0.4, 0.2]","[u'black', u'blue', u'red']","[u'left', u'middle', u'right']","[0.8, 0.4, 0.2]","[u'high', u'low', u'medium']",black,49,left,high,True,False,136,3950,NA
A29TV2MF4893DA,Mon Dec 04 2017 15:52:15 GMT-0500 (Eastern Standard Time),Mon Dec 04 2017 16:00:39 GMT-0500 (Eastern Standard Time),"Mozilla/5.0 (Windows NT 10.0; Win64; x64) AppleWebKit/537.36 (KHTML, like Gecko) Chrome/58.0.3029.110 Safari/537.36 Edge/16.16299",96,"[0.9, 0.5, 0.1]","[0.8, 0.4, 0.2]","[u'black', u'blue', u'red']","[u'left', u'middle', u'right']","[0.8, 0.4, 0.2]","[u'high', u'low', u'medium']",black,49,left,high,True,False,342,4050,NA
A29TV2MF4893DA,Mon Dec 04 2017 15:52:15 GMT-0500 (Eastern Standard Time),Mon Dec 04 2017 16:00:39 GMT-0500 (Eastern Standard Time),"Mozilla/5.0 (Windows NT 10.0; Win64; x64) AppleWebKit/537.36 (KHTML, like Gecko) Chrome/58.0.3029.110 Safari/537.36 Edge/16.16299",97,"[0.9, 0.5, 0.1]","[0.8, 0.4, 0.2]","[u'black', u'blue', u'red']","[u'left', u'middle', u'right']","[0.8, 0.4, 0.2]","[u'high', u'low', u'medium']",black,49,left,high,True,False,347,4150,NA
A29TV2MF4893DA,Mon Dec 04 2017 15:52:15 GMT-0500 (Eastern Standard Time),Mon Dec 04 2017 16:00:39 GMT-0500 (Eastern Standard Time),"Mozilla/5.0 (Windows NT 10.0; Win64; x64) AppleWebKit/537.36 (KHTML, like Gecko) Chrome/58.0.3029.110 Safari/537.36 Edge/16.16299",98,"[0.9, 0.5, 0.1]","[0.8, 0.4, 0.2]","[u'black', u'blue', u'red']","[u'left', u'middle', u'right']","[0.8, 0.4, 0.2]","[u'high', u'low', u'medium']",black,49,left,high,True,False,372,4250,NA
A29TV2MF4893DA,Mon Dec 04 2017 15:52:15 GMT-0500 (Eastern Standard Time),Mon Dec 04 2017 16:00:39 GMT-0500 (Eastern Standard Time),"Mozilla/5.0 (Windows NT 10.0; Win64; x64) AppleWebKit/537.36 (KHTML, like Gecko) Chrome/58.0.3029.110 Safari/537.36 Edge/16.16299",99,"[0.9, 0.5, 0.1]","[0.8, 0.4, 0.2]","[u'black', u'blue', u'red']","[u'left', u'middle', u'right']","[0.8, 0.4, 0.2]","[u'high', u'low', u'medium']",black,49,left,high,True,False,294,4350,NA
A29TV2MF4893DA,Mon Dec 04 2017 15:52:15 GMT-0500 (Eastern Standard Time),Mon Dec 04 2017 16:00:39 GMT-0500 (Eastern Standard Time),"Mozilla/5.0 (Windows NT 10.0; Win64; x64) AppleWebKit/537.36 (KHTML, like Gecko) Chrome/58.0.3029.110 Safari/537.36 Edge/16.16299",100,"[0.9, 0.5, 0.1]","[0.8, 0.4, 0.2]","[u'black', u'blue', u'red']","[u'left', u'middle', u'right']","[0.8, 0.4, 0.2]","[u'high', u'low', u'medium']",black,49,left,high,False,False,292,4300,NA
A29TV2MF4893DA,Mon Dec 04 2017 15:52:15 GMT-0500 (Eastern Standard Time),Mon Dec 04 2017 16:00:39 GMT-0500 (Eastern Standard Time),"Mozilla/5.0 (Windows NT 10.0; Win64; x64) AppleWebKit/537.36 (KHTML, like Gecko) Chrome/58.0.3029.110 Safari/537.36 Edge/16.16299",101,"[0.9, 0.5, 0.1]","[0.8, 0.4, 0.2]","[u'black', u'blue', u'red']","[u'left', u'middle', u'right']","[0.8, 0.4, 0.2]","[u'high', u'low', u'medium']",blue,50,middle,low,False,False,406,4250,NA
A29TV2MF4893DA,Mon Dec 04 2017 15:52:15 GMT-0500 (Eastern Standard Time),Mon Dec 04 2017 16:00:39 GMT-0500 (Eastern Standard Time),"Mozilla/5.0 (Windows NT 10.0; Win64; x64) AppleWebKit/537.36 (KHTML, like Gecko) Chrome/58.0.3029.110 Safari/537.36 Edge/16.16299",102,"[0.9, 0.5, 0.1]","[0.8, 0.4, 0.2]","[u'black', u'blue', u'red']","[u'left', u'middle', u'right']","[0.8, 0.4, 0.2]","[u'high', u'low', u'medium']",red,51,right,medium,True,False,339,4350,NA
A29TV2MF4893DA,Mon Dec 04 2017 15:52:15 GMT-0500 (Eastern Standard Time),Mon Dec 04 2017 16:00:39 GMT-0500 (Eastern Standard Time),"Mozilla/5.0 (Windows NT 10.0; Win64; x64) AppleWebKit/537.36 (KHTML, like Gecko) Chrome/58.0.3029.110 Safari/537.36 Edge/16.16299",103,"[0.9, 0.5, 0.1]","[0.8, 0.4, 0.2]","[u'black', u'blue', u'red']","[u'left', u'middle', u'right']","[0.8, 0.4, 0.2]","[u'high', u'low', u'medium']",red,51,right,medium,True,False,324,4450,NA
A29TV2MF4893DA,Mon Dec 04 2017 15:52:15 GMT-0500 (Eastern Standard Time),Mon Dec 04 2017 16:00:39 GMT-0500 (Eastern Standard Time),"Mozilla/5.0 (Windows NT 10.0; Win64; x64) AppleWebKit/537.36 (KHTML, like Gecko) Chrome/58.0.3029.110 Safari/537.36 Edge/16.16299",104,"[0.9, 0.5, 0.1]","[0.8, 0.4, 0.2]","[u'black', u'blue', u'red']","[u'left', u'middle', u'right']","[0.8, 0.4, 0.2]","[u'high', u'low', u'medium']",red,51,right,medium,True,False,540,4550,NA
A29TV2MF4893DA,Mon Dec 04 2017 15:52:15 GMT-0500 (Eastern Standard Time),Mon Dec 04 2017 16:00:39 GMT-0500 (Eastern Standard Time),"Mozilla/5.0 (Windows NT 10.0; Win64; x64) AppleWebKit/537.36 (KHTML, like Gecko) Chrome/58.0.3029.110 Safari/537.36 Edge/16.16299",105,"[0.9, 0.5, 0.1]","[0.8, 0.4, 0.2]","[u'black', u'blue', u'red']","[u'left', u'middle', u'right']","[0.8, 0.4, 0.2]","[u'high', u'low', u'medium']",red,51,right,medium,True,False,346,4650,NA
A29TV2MF4893DA,Mon Dec 04 2017 15:52:15 GMT-0500 (Eastern Standard Time),Mon Dec 04 2017 16:00:39 GMT-0500 (Eastern Standard Time),"Mozilla/5.0 (Windows NT 10.0; Win64; x64) AppleWebKit/537.36 (KHTML, like Gecko) Chrome/58.0.3029.110 Safari/537.36 Edge/16.16299",106,"[0.9, 0.5, 0.1]","[0.8, 0.4, 0.2]","[u'black', u'blue', u'red']","[u'left', u'middle', u'right']","[0.8, 0.4, 0.2]","[u'high', u'low', u'medium']",red,51,right,medium,True,False,326,4750,NA
A29TV2MF4893DA,Mon Dec 04 2017 15:52:15 GMT-0500 (Eastern Standard Time),Mon Dec 04 2017 16:00:39 GMT-0500 (Eastern Standard Time),"Mozilla/5.0 (Windows NT 10.0; Win64; x64) AppleWebKit/537.36 (KHTML, like Gecko) Chrome/58.0.3029.110 Safari/537.36 Edge/16.16299",107,"[0.9, 0.5, 0.1]","[0.8, 0.4, 0.2]","[u'black', u'blue', u'red']","[u'left', u'middle', u'right']","[0.8, 0.4, 0.2]","[u'high', u'low', u'medium']",red,51,right,medium,False,False,517,4700,NA
A29TV2MF4893DA,Mon Dec 04 2017 15:52:15 GMT-0500 (Eastern Standard Time),Mon Dec 04 2017 16:00:39 GMT-0500 (Eastern Standard Time),"Mozilla/5.0 (Windows NT 10.0; Win64; x64) AppleWebKit/537.36 (KHTML, like Gecko) Chrome/58.0.3029.110 Safari/537.36 Edge/16.16299",108,"[0.9, 0.5, 0.1]","[0.8, 0.4, 0.2]","[u'black', u'blue', u'red']","[u'left', u'middle', u'right']","[0.8, 0.4, 0.2]","[u'high', u'low', u'medium']",blue,50,middle,low,False,False,335,4650,NA
A29TV2MF4893DA,Mon Dec 04 2017 15:52:15 GMT-0500 (Eastern Standard Time),Mon Dec 04 2017 16:00:39 GMT-0500 (Eastern Standard Time),"Mozilla/5.0 (Windows NT 10.0; Win64; x64) AppleWebKit/537.36 (KHTML, like Gecko) Chrome/58.0.3029.110 Safari/537.36 Edge/16.16299",109,"[0.9, 0.5, 0.1]","[0.8, 0.4, 0.2]","[u'black', u'blue', u'red']","[u'left', u'middle', u'right']","[0.8, 0.4, 0.2]","[u'high', u'low', u'medium']",red,51,right,medium,False,False,687,4600,NA
A29TV2MF4893DA,Mon Dec 04 2017 15:52:15 GMT-0500 (Eastern Standard Time),Mon Dec 04 2017 16:00:39 GMT-0500 (Eastern Standard Time),"Mozilla/5.0 (Windows NT 10.0; Win64; x64) AppleWebKit/537.36 (KHTML, like Gecko) Chrome/58.0.3029.110 Safari/537.36 Edge/16.16299",110,"[0.9, 0.5, 0.1]","[0.8, 0.4, 0.2]","[u'black', u'blue', u'red']","[u'left', u'middle', u'right']","[0.8, 0.4, 0.2]","[u'high', u'low', u'medium']",black,49,left,high,True,False,332,4700,NA
A29TV2MF4893DA,Mon Dec 04 2017 15:52:15 GMT-0500 (Eastern Standard Time),Mon Dec 04 2017 16:00:39 GMT-0500 (Eastern Standard Time),"Mozilla/5.0 (Windows NT 10.0; Win64; x64) AppleWebKit/537.36 (KHTML, like Gecko) Chrome/58.0.3029.110 Safari/537.36 Edge/16.16299",111,"[0.9, 0.5, 0.1]","[0.8, 0.4, 0.2]","[u'black', u'blue', u'red']","[u'left', u'middle', u'right']","[0.8, 0.4, 0.2]","[u'high', u'low', u'medium']",black,49,left,high,False,False,345,4650,NA
A29TV2MF4893DA,Mon Dec 04 2017 15:52:15 GMT-0500 (Eastern Standard Time),Mon Dec 04 2017 16:00:39 GMT-0500 (Eastern Standard Time),"Mozilla/5.0 (Windows NT 10.0; Win64; x64) AppleWebKit/537.36 (KHTML, like Gecko) Chrome/58.0.3029.110 Safari/537.36 Edge/16.16299",112,"[0.9, 0.5, 0.1]","[0.8, 0.4, 0.2]","[u'black', u'blue', u'red']","[u'left', u'middle', u'right']","[0.8, 0.4, 0.2]","[u'high', u'low', u'medium']",blue,50,middle,low,False,False,362,4600,NA
A29TV2MF4893DA,Mon Dec 04 2017 15:52:15 GMT-0500 (Eastern Standard Time),Mon Dec 04 2017 16:00:39 GMT-0500 (Eastern Standard Time),"Mozilla/5.0 (Windows NT 10.0; Win64; x64) AppleWebKit/537.36 (KHTML, like Gecko) Chrome/58.0.3029.110 Safari/537.36 Edge/16.16299",113,"[0.9, 0.5, 0.1]","[0.8, 0.4, 0.2]","[u'black', u'blue', u'red']","[u'left', u'middle', u'right']","[0.8, 0.4, 0.2]","[u'high', u'low', u'medium']",black,49,left,high,True,False,668,4700,NA
A29TV2MF4893DA,Mon Dec 04 2017 15:52:15 GMT-0500 (Eastern Standard Time),Mon Dec 04 2017 16:00:39 GMT-0500 (Eastern Standard Time),"Mozilla/5.0 (Windows NT 10.0; Win64; x64) AppleWebKit/537.36 (KHTML, like Gecko) Chrome/58.0.3029.110 Safari/537.36 Edge/16.16299",114,"[0.9, 0.5, 0.1]","[0.8, 0.4, 0.2]","[u'black', u'blue', u'red']","[u'left', u'middle', u'right']","[0.8, 0.4, 0.2]","[u'high', u'low', u'medium']",black,49,left,high,True,False,306,4800,NA
A29TV2MF4893DA,Mon Dec 04 2017 15:52:15 GMT-0500 (Eastern Standard Time),Mon Dec 04 2017 16:00:39 GMT-0500 (Eastern Standard Time),"Mozilla/5.0 (Windows NT 10.0; Win64; x64) AppleWebKit/537.36 (KHTML, like Gecko) Chrome/58.0.3029.110 Safari/537.36 Edge/16.16299",115,"[0.9, 0.5, 0.1]","[0.8, 0.4, 0.2]","[u'black', u'blue', u'red']","[u'left', u'middle', u'right']","[0.8, 0.4, 0.2]","[u'high', u'low', u'medium']",black,49,left,high,True,False,460,4900,NA
A29TV2MF4893DA,Mon Dec 04 2017 15:52:15 GMT-0500 (Eastern Standard Time),Mon Dec 04 2017 16:00:39 GMT-0500 (Eastern Standard Time),"Mozilla/5.0 (Windows NT 10.0; Win64; x64) AppleWebKit/537.36 (KHTML, like Gecko) Chrome/58.0.3029.110 Safari/537.36 Edge/16.16299",116,"[0.9, 0.5, 0.1]","[0.8, 0.4, 0.2]","[u'black', u'blue', u'red']","[u'left', u'middle', u'right']","[0.8, 0.4, 0.2]","[u'high', u'low', u'medium']",black,49,left,high,True,False,298,5000,NA
A29TV2MF4893DA,Mon Dec 04 2017 15:52:15 GMT-0500 (Eastern Standard Time),Mon Dec 04 2017 16:00:39 GMT-0500 (Eastern Standard Time),"Mozilla/5.0 (Windows NT 10.0; Win64; x64) AppleWebKit/537.36 (KHTML, like Gecko) Chrome/58.0.3029.110 Safari/537.36 Edge/16.16299",117,"[0.9, 0.5, 0.1]","[0.8, 0.4, 0.2]","[u'black', u'blue', u'red']","[u'left', u'middle', u'right']","[0.8, 0.4, 0.2]","[u'high', u'low', u'medium']",black,49,left,high,True,False,281,5100,NA
A29TV2MF4893DA,Mon Dec 04 2017 15:52:15 GMT-0500 (Eastern Standard Time),Mon Dec 04 2017 16:00:39 GMT-0500 (Eastern Standard Time),"Mozilla/5.0 (Windows NT 10.0; Win64; x64) AppleWebKit/537.36 (KHTML, like Gecko) Chrome/58.0.3029.110 Safari/537.36 Edge/16.16299",118,"[0.9, 0.5, 0.1]","[0.8, 0.4, 0.2]","[u'black', u'blue', u'red']","[u'left', u'middle', u'right']","[0.8, 0.4, 0.2]","[u'high', u'low', u'medium']",black,49,left,high,True,False,328,5200,NA
A29TV2MF4893DA,Mon Dec 04 2017 15:52:15 GMT-0500 (Eastern Standard Time),Mon Dec 04 2017 16:00:39 GMT-0500 (Eastern Standard Time),"Mozilla/5.0 (Windows NT 10.0; Win64; x64) AppleWebKit/537.36 (KHTML, like Gecko) Chrome/58.0.3029.110 Safari/537.36 Edge/16.16299",119,"[0.9, 0.5, 0.1]","[0.8, 0.4, 0.2]","[u'black', u'blue', u'red']","[u'left', u'middle', u'right']","[0.8, 0.4, 0.2]","[u'high', u'low', u'medium']",black,49,left,high,True,True,166,5300,NA
A29TV2MF4893DA,Mon Dec 04 2017 15:52:15 GMT-0500 (Eastern Standard Time),Mon Dec 04 2017 16:00:39 GMT-0500 (Eastern Standard Time),"Mozilla/5.0 (Windows NT 10.0; Win64; x64) AppleWebKit/537.36 (KHTML, like Gecko) Chrome/58.0.3029.110 Safari/537.36 Edge/16.16299",120,"[0.9, 0.5, 0.1]","[0.8, 0.4, 0.2]","[u'black', u'blue', u'red']","[u'left', u'middle', u'right']","[0.8, 0.4, 0.2]","[u'low', u'medium', u'high']",black,49,left,low,False,False,314,5250,NA
A29TV2MF4893DA,Mon Dec 04 2017 15:52:15 GMT-0500 (Eastern Standard Time),Mon Dec 04 2017 16:00:39 GMT-0500 (Eastern Standard Time),"Mozilla/5.0 (Windows NT 10.0; Win64; x64) AppleWebKit/537.36 (KHTML, like Gecko) Chrome/58.0.3029.110 Safari/537.36 Edge/16.16299",121,"[0.9, 0.5, 0.1]","[0.8, 0.4, 0.2]","[u'black', u'blue', u'red']","[u'left', u'middle', u'right']","[0.8, 0.4, 0.2]","[u'high', u'medium', u'low']",black,49,left,high,True,False,1158,5350,NA
A29TV2MF4893DA,Mon Dec 04 2017 15:52:15 GMT-0500 (Eastern Standard Time),Mon Dec 04 2017 16:00:39 GMT-0500 (Eastern Standard Time),"Mozilla/5.0 (Windows NT 10.0; Win64; x64) AppleWebKit/537.36 (KHTML, like Gecko) Chrome/58.0.3029.110 Safari/537.36 Edge/16.16299",122,"[0.9, 0.5, 0.1]","[0.8, 0.4, 0.2]","[u'black', u'blue', u'red']","[u'left', u'middle', u'right']","[0.8, 0.4, 0.2]","[u'high', u'medium', u'low']",black,49,left,high,True,False,319,5450,NA
A29TV2MF4893DA,Mon Dec 04 2017 15:52:15 GMT-0500 (Eastern Standard Time),Mon Dec 04 2017 16:00:39 GMT-0500 (Eastern Standard Time),"Mozilla/5.0 (Windows NT 10.0; Win64; x64) AppleWebKit/537.36 (KHTML, like Gecko) Chrome/58.0.3029.110 Safari/537.36 Edge/16.16299",123,"[0.9, 0.5, 0.1]","[0.8, 0.4, 0.2]","[u'black', u'blue', u'red']","[u'left', u'middle', u'right']","[0.8, 0.4, 0.2]","[u'high', u'medium', u'low']",black,49,left,high,True,False,335,5550,NA
A29TV2MF4893DA,Mon Dec 04 2017 15:52:15 GMT-0500 (Eastern Standard Time),Mon Dec 04 2017 16:00:39 GMT-0500 (Eastern Standard Time),"Mozilla/5.0 (Windows NT 10.0; Win64; x64) AppleWebKit/537.36 (KHTML, like Gecko) Chrome/58.0.3029.110 Safari/537.36 Edge/16.16299",124,"[0.9, 0.5, 0.1]","[0.8, 0.4, 0.2]","[u'black', u'blue', u'red']","[u'left', u'middle', u'right']","[0.8, 0.4, 0.2]","[u'high', u'medium', u'low']",black,49,left,high,False,False,313,5500,NA
A29TV2MF4893DA,Mon Dec 04 2017 15:52:15 GMT-0500 (Eastern Standard Time),Mon Dec 04 2017 16:00:39 GMT-0500 (Eastern Standard Time),"Mozilla/5.0 (Windows NT 10.0; Win64; x64) AppleWebKit/537.36 (KHTML, like Gecko) Chrome/58.0.3029.110 Safari/537.36 Edge/16.16299",125,"[0.9, 0.5, 0.1]","[0.8, 0.4, 0.2]","[u'black', u'blue', u'red']","[u'left', u'middle', u'right']","[0.8, 0.4, 0.2]","[u'high', u'medium', u'low']",blue,50,middle,medium,False,False,351,5450,NA
A29TV2MF4893DA,Mon Dec 04 2017 15:52:15 GMT-0500 (Eastern Standard Time),Mon Dec 04 2017 16:00:39 GMT-0500 (Eastern Standard Time),"Mozilla/5.0 (Windows NT 10.0; Win64; x64) AppleWebKit/537.36 (KHTML, like Gecko) Chrome/58.0.3029.110 Safari/537.36 Edge/16.16299",126,"[0.9, 0.5, 0.1]","[0.8, 0.4, 0.2]","[u'black', u'blue', u'red']","[u'left', u'middle', u'right']","[0.8, 0.4, 0.2]","[u'high', u'medium', u'low']",red,51,right,low,False,False,310,5400,NA
A29TV2MF4893DA,Mon Dec 04 2017 15:52:15 GMT-0500 (Eastern Standard Time),Mon Dec 04 2017 16:00:39 GMT-0500 (Eastern Standard Time),"Mozilla/5.0 (Windows NT 10.0; Win64; x64) AppleWebKit/537.36 (KHTML, like Gecko) Chrome/58.0.3029.110 Safari/537.36 Edge/16.16299",127,"[0.9, 0.5, 0.1]","[0.8, 0.4, 0.2]","[u'black', u'blue', u'red']","[u'left', u'middle', u'right']","[0.8, 0.4, 0.2]","[u'high', u'medium', u'low']",blue,50,middle,medium,True,False,233,5500,NA
A29TV2MF4893DA,Mon Dec 04 2017 15:52:15 GMT-0500 (Eastern Standard Time),Mon Dec 04 2017 16:00:39 GMT-0500 (Eastern Standard Time),"Mozilla/5.0 (Windows NT 10.0; Win64; x64) AppleWebKit/537.36 (KHTML, like Gecko) Chrome/58.0.3029.110 Safari/537.36 Edge/16.16299",128,"[0.9, 0.5, 0.1]","[0.8, 0.4, 0.2]","[u'black', u'blue', u'red']","[u'left', u'middle', u'right']","[0.8, 0.4, 0.2]","[u'high', u'medium', u'low']",blue,50,middle,medium,True,False,319,5600,NA
A29TV2MF4893DA,Mon Dec 04 2017 15:52:15 GMT-0500 (Eastern Standard Time),Mon Dec 04 2017 16:00:39 GMT-0500 (Eastern Standard Time),"Mozilla/5.0 (Windows NT 10.0; Win64; x64) AppleWebKit/537.36 (KHTML, like Gecko) Chrome/58.0.3029.110 Safari/537.36 Edge/16.16299",129,"[0.9, 0.5, 0.1]","[0.8, 0.4, 0.2]","[u'black', u'blue', u'red']","[u'left', u'middle', u'right']","[0.8, 0.4, 0.2]","[u'high', u'medium', u'low']",blue,50,middle,medium,False,False,285,5550,NA
A29TV2MF4893DA,Mon Dec 04 2017 15:52:15 GMT-0500 (Eastern Standard Time),Mon Dec 04 2017 16:00:39 GMT-0500 (Eastern Standard Time),"Mozilla/5.0 (Windows NT 10.0; Win64; x64) AppleWebKit/537.36 (KHTML, like Gecko) Chrome/58.0.3029.110 Safari/537.36 Edge/16.16299",130,"[0.9, 0.5, 0.1]","[0.8, 0.4, 0.2]","[u'black', u'blue', u'red']","[u'left', u'middle', u'right']","[0.8, 0.4, 0.2]","[u'high', u'medium', u'low']",black,49,left,high,True,False,371,5650,NA
A29TV2MF4893DA,Mon Dec 04 2017 15:52:15 GMT-0500 (Eastern Standard Time),Mon Dec 04 2017 16:00:39 GMT-0500 (Eastern Standard Time),"Mozilla/5.0 (Windows NT 10.0; Win64; x64) AppleWebKit/537.36 (KHTML, like Gecko) Chrome/58.0.3029.110 Safari/537.36 Edge/16.16299",131,"[0.9, 0.5, 0.1]","[0.8, 0.4, 0.2]","[u'black', u'blue', u'red']","[u'left', u'middle', u'right']","[0.8, 0.4, 0.2]","[u'high', u'medium', u'low']",black,49,left,high,True,False,108,5750,NA
A29TV2MF4893DA,Mon Dec 04 2017 15:52:15 GMT-0500 (Eastern Standard Time),Mon Dec 04 2017 16:00:39 GMT-0500 (Eastern Standard Time),"Mozilla/5.0 (Windows NT 10.0; Win64; x64) AppleWebKit/537.36 (KHTML, like Gecko) Chrome/58.0.3029.110 Safari/537.36 Edge/16.16299",132,"[0.9, 0.5, 0.1]","[0.8, 0.4, 0.2]","[u'black', u'blue', u'red']","[u'left', u'middle', u'right']","[0.8, 0.4, 0.2]","[u'high', u'medium', u'low']",black,49,left,high,True,False,281,5850,NA
A29TV2MF4893DA,Mon Dec 04 2017 15:52:15 GMT-0500 (Eastern Standard Time),Mon Dec 04 2017 16:00:39 GMT-0500 (Eastern Standard Time),"Mozilla/5.0 (Windows NT 10.0; Win64; x64) AppleWebKit/537.36 (KHTML, like Gecko) Chrome/58.0.3029.110 Safari/537.36 Edge/16.16299",133,"[0.9, 0.5, 0.1]","[0.8, 0.4, 0.2]","[u'black', u'blue', u'red']","[u'left', u'middle', u'right']","[0.8, 0.4, 0.2]","[u'high', u'medium', u'low']",black,49,left,high,True,False,267,5950,NA
A29TV2MF4893DA,Mon Dec 04 2017 15:52:15 GMT-0500 (Eastern Standard Time),Mon Dec 04 2017 16:00:39 GMT-0500 (Eastern Standard Time),"Mozilla/5.0 (Windows NT 10.0; Win64; x64) AppleWebKit/537.36 (KHTML, like Gecko) Chrome/58.0.3029.110 Safari/537.36 Edge/16.16299",134,"[0.9, 0.5, 0.1]","[0.8, 0.4, 0.2]","[u'black', u'blue', u'red']","[u'left', u'middle', u'right']","[0.8, 0.4, 0.2]","[u'high', u'medium', u'low']",black,49,left,high,False,False,270,5900,NA
A29TV2MF4893DA,Mon Dec 04 2017 15:52:15 GMT-0500 (Eastern Standard Time),Mon Dec 04 2017 16:00:39 GMT-0500 (Eastern Standard Time),"Mozilla/5.0 (Windows NT 10.0; Win64; x64) AppleWebKit/537.36 (KHTML, like Gecko) Chrome/58.0.3029.110 Safari/537.36 Edge/16.16299",135,"[0.9, 0.5, 0.1]","[0.8, 0.4, 0.2]","[u'black', u'blue', u'red']","[u'left', u'middle', u'right']","[0.8, 0.4, 0.2]","[u'high', u'medium', u'low']",blue,50,middle,medium,True,False,415,6000,NA
A29TV2MF4893DA,Mon Dec 04 2017 15:52:15 GMT-0500 (Eastern Standard Time),Mon Dec 04 2017 16:00:39 GMT-0500 (Eastern Standard Time),"Mozilla/5.0 (Windows NT 10.0; Win64; x64) AppleWebKit/537.36 (KHTML, like Gecko) Chrome/58.0.3029.110 Safari/537.36 Edge/16.16299",136,"[0.9, 0.5, 0.1]","[0.8, 0.4, 0.2]","[u'black', u'blue', u'red']","[u'left', u'middle', u'right']","[0.8, 0.4, 0.2]","[u'high', u'medium', u'low']",blue,50,middle,medium,True,False,286,6100,NA
A29TV2MF4893DA,Mon Dec 04 2017 15:52:15 GMT-0500 (Eastern Standard Time),Mon Dec 04 2017 16:00:39 GMT-0500 (Eastern Standard Time),"Mozilla/5.0 (Windows NT 10.0; Win64; x64) AppleWebKit/537.36 (KHTML, like Gecko) Chrome/58.0.3029.110 Safari/537.36 Edge/16.16299",137,"[0.9, 0.5, 0.1]","[0.8, 0.4, 0.2]","[u'black', u'blue', u'red']","[u'left', u'middle', u'right']","[0.8, 0.4, 0.2]","[u'high', u'medium', u'low']",blue,50,middle,medium,False,False,445,6050,NA
A29TV2MF4893DA,Mon Dec 04 2017 15:52:15 GMT-0500 (Eastern Standard Time),Mon Dec 04 2017 16:00:39 GMT-0500 (Eastern Standard Time),"Mozilla/5.0 (Windows NT 10.0; Win64; x64) AppleWebKit/537.36 (KHTML, like Gecko) Chrome/58.0.3029.110 Safari/537.36 Edge/16.16299",138,"[0.9, 0.5, 0.1]","[0.8, 0.4, 0.2]","[u'black', u'blue', u'red']","[u'left', u'middle', u'right']","[0.8, 0.4, 0.2]","[u'high', u'medium', u'low']",red,51,right,low,False,False,290,6000,NA
A29TV2MF4893DA,Mon Dec 04 2017 15:52:15 GMT-0500 (Eastern Standard Time),Mon Dec 04 2017 16:00:39 GMT-0500 (Eastern Standard Time),"Mozilla/5.0 (Windows NT 10.0; Win64; x64) AppleWebKit/537.36 (KHTML, like Gecko) Chrome/58.0.3029.110 Safari/537.36 Edge/16.16299",139,"[0.9, 0.5, 0.1]","[0.8, 0.4, 0.2]","[u'black', u'blue', u'red']","[u'left', u'middle', u'right']","[0.8, 0.4, 0.2]","[u'high', u'medium', u'low']",black,49,left,high,True,False,355,6100,NA
A29TV2MF4893DA,Mon Dec 04 2017 15:52:15 GMT-0500 (Eastern Standard Time),Mon Dec 04 2017 16:00:39 GMT-0500 (Eastern Standard Time),"Mozilla/5.0 (Windows NT 10.0; Win64; x64) AppleWebKit/537.36 (KHTML, like Gecko) Chrome/58.0.3029.110 Safari/537.36 Edge/16.16299",140,"[0.9, 0.5, 0.1]","[0.8, 0.4, 0.2]","[u'black', u'blue', u'red']","[u'left', u'middle', u'right']","[0.8, 0.4, 0.2]","[u'high', u'medium', u'low']",black,49,left,high,True,False,294,6200,NA
A29TV2MF4893DA,Mon Dec 04 2017 15:52:15 GMT-0500 (Eastern Standard Time),Mon Dec 04 2017 16:00:39 GMT-0500 (Eastern Standard Time),"Mozilla/5.0 (Windows NT 10.0; Win64; x64) AppleWebKit/537.36 (KHTML, like Gecko) Chrome/58.0.3029.110 Safari/537.36 Edge/16.16299",141,"[0.9, 0.5, 0.1]","[0.8, 0.4, 0.2]","[u'black', u'blue', u'red']","[u'left', u'middle', u'right']","[0.8, 0.4, 0.2]","[u'high', u'medium', u'low']",black,49,left,high,True,False,321,6300,NA
A29TV2MF4893DA,Mon Dec 04 2017 15:52:15 GMT-0500 (Eastern Standard Time),Mon Dec 04 2017 16:00:39 GMT-0500 (Eastern Standard Time),"Mozilla/5.0 (Windows NT 10.0; Win64; x64) AppleWebKit/537.36 (KHTML, like Gecko) Chrome/58.0.3029.110 Safari/537.36 Edge/16.16299",142,"[0.9, 0.5, 0.1]","[0.8, 0.4, 0.2]","[u'black', u'blue', u'red']","[u'left', u'middle', u'right']","[0.8, 0.4, 0.2]","[u'high', u'medium', u'low']",black,49,left,high,True,False,350,6400,NA
A29TV2MF4893DA,Mon Dec 04 2017 15:52:15 GMT-0500 (Eastern Standard Time),Mon Dec 04 2017 16:00:39 GMT-0500 (Eastern Standard Time),"Mozilla/5.0 (Windows NT 10.0; Win64; x64) AppleWebKit/537.36 (KHTML, like Gecko) Chrome/58.0.3029.110 Safari/537.36 Edge/16.16299",143,"[0.9, 0.5, 0.1]","[0.8, 0.4, 0.2]","[u'black', u'blue', u'red']","[u'left', u'middle', u'right']","[0.8, 0.4, 0.2]","[u'high', u'medium', u'low']",black,49,left,high,True,False,344,6500,NA
A29TV2MF4893DA,Mon Dec 04 2017 15:52:15 GMT-0500 (Eastern Standard Time),Mon Dec 04 2017 16:00:39 GMT-0500 (Eastern Standard Time),"Mozilla/5.0 (Windows NT 10.0; Win64; x64) AppleWebKit/537.36 (KHTML, like Gecko) Chrome/58.0.3029.110 Safari/537.36 Edge/16.16299",144,"[0.9, 0.5, 0.1]","[0.8, 0.4, 0.2]","[u'black', u'blue', u'red']","[u'left', u'middle', u'right']","[0.8, 0.4, 0.2]","[u'high', u'medium', u'low']",black,49,left,high,True,False,320,6600,NA
A29TV2MF4893DA,Mon Dec 04 2017 15:52:15 GMT-0500 (Eastern Standard Time),Mon Dec 04 2017 16:00:39 GMT-0500 (Eastern Standard Time),"Mozilla/5.0 (Windows NT 10.0; Win64; x64) AppleWebKit/537.36 (KHTML, like Gecko) Chrome/58.0.3029.110 Safari/537.36 Edge/16.16299",145,"[0.9, 0.5, 0.1]","[0.8, 0.4, 0.2]","[u'black', u'blue', u'red']","[u'left', u'middle', u'right']","[0.8, 0.4, 0.2]","[u'high', u'medium', u'low']",black,49,left,high,False,False,246,6550,NA
A29TV2MF4893DA,Mon Dec 04 2017 15:52:15 GMT-0500 (Eastern Standard Time),Mon Dec 04 2017 16:00:39 GMT-0500 (Eastern Standard Time),"Mozilla/5.0 (Windows NT 10.0; Win64; x64) AppleWebKit/537.36 (KHTML, like Gecko) Chrome/58.0.3029.110 Safari/537.36 Edge/16.16299",146,"[0.9, 0.5, 0.1]","[0.8, 0.4, 0.2]","[u'black', u'blue', u'red']","[u'left', u'middle', u'right']","[0.8, 0.4, 0.2]","[u'high', u'medium', u'low']",blue,50,middle,medium,False,False,38,6500,NA
A29TV2MF4893DA,Mon Dec 04 2017 15:52:15 GMT-0500 (Eastern Standard Time),Mon Dec 04 2017 16:00:39 GMT-0500 (Eastern Standard Time),"Mozilla/5.0 (Windows NT 10.0; Win64; x64) AppleWebKit/537.36 (KHTML, like Gecko) Chrome/58.0.3029.110 Safari/537.36 Edge/16.16299",147,"[0.9, 0.5, 0.1]","[0.8, 0.4, 0.2]","[u'black', u'blue', u'red']","[u'left', u'middle', u'right']","[0.8, 0.4, 0.2]","[u'high', u'medium', u'low']",red,51,right,low,False,False,338,6450,NA
A29TV2MF4893DA,Mon Dec 04 2017 15:52:15 GMT-0500 (Eastern Standard Time),Mon Dec 04 2017 16:00:39 GMT-0500 (Eastern Standard Time),"Mozilla/5.0 (Windows NT 10.0; Win64; x64) AppleWebKit/537.36 (KHTML, like Gecko) Chrome/58.0.3029.110 Safari/537.36 Edge/16.16299",148,"[0.9, 0.5, 0.1]","[0.8, 0.4, 0.2]","[u'black', u'blue', u'red']","[u'left', u'middle', u'right']","[0.8, 0.4, 0.2]","[u'high', u'medium', u'low']",black,49,left,high,True,False,351,6550,NA
A29TV2MF4893DA,Mon Dec 04 2017 15:52:15 GMT-0500 (Eastern Standard Time),Mon Dec 04 2017 16:00:39 GMT-0500 (Eastern Standard Time),"Mozilla/5.0 (Windows NT 10.0; Win64; x64) AppleWebKit/537.36 (KHTML, like Gecko) Chrome/58.0.3029.110 Safari/537.36 Edge/16.16299",149,"[0.9, 0.5, 0.1]","[0.8, 0.4, 0.2]","[u'black', u'blue', u'red']","[u'left', u'middle', u'right']","[0.8, 0.4, 0.2]","[u'high', u'medium', u'low']",black,49,left,high,True,False,315,6650,NA
A29TV2MF4893DA,Mon Dec 04 2017 15:52:15 GMT-0500 (Eastern Standard Time),Mon Dec 04 2017 16:00:39 GMT-0500 (Eastern Standard Time),"Mozilla/5.0 (Windows NT 10.0; Win64; x64) AppleWebKit/537.36 (KHTML, like Gecko) Chrome/58.0.3029.110 Safari/537.36 Edge/16.16299",150,"[0.9, 0.5, 0.1]","[0.8, 0.4, 0.2]","[u'black', u'blue', u'red']","[u'left', u'middle', u'right']","[0.8, 0.4, 0.2]","[u'high', u'medium', u'low']",black,49,left,high,True,False,321,6750,NA
A29TV2MF4893DA,Mon Dec 04 2017 15:52:15 GMT-0500 (Eastern Standard Time),Mon Dec 04 2017 16:00:39 GMT-0500 (Eastern Standard Time),"Mozilla/5.0 (Windows NT 10.0; Win64; x64) AppleWebKit/537.36 (KHTML, like Gecko) Chrome/58.0.3029.110 Safari/537.36 Edge/16.16299",151,"[0.9, 0.5, 0.1]","[0.8, 0.4, 0.2]","[u'black', u'blue', u'red']","[u'left', u'middle', u'right']","[0.8, 0.4, 0.2]","[u'high', u'medium', u'low']",black,49,left,high,False,False,43,6700,NA
A29TV2MF4893DA,Mon Dec 04 2017 15:52:15 GMT-0500 (Eastern Standard Time),Mon Dec 04 2017 16:00:39 GMT-0500 (Eastern Standard Time),"Mozilla/5.0 (Windows NT 10.0; Win64; x64) AppleWebKit/537.36 (KHTML, like Gecko) Chrome/58.0.3029.110 Safari/537.36 Edge/16.16299",152,"[0.9, 0.5, 0.1]","[0.8, 0.4, 0.2]","[u'black', u'blue', u'red']","[u'left', u'middle', u'right']","[0.8, 0.4, 0.2]","[u'high', u'medium', u'low']",blue,50,middle,medium,True,False,517,6800,NA
A29TV2MF4893DA,Mon Dec 04 2017 15:52:15 GMT-0500 (Eastern Standard Time),Mon Dec 04 2017 16:00:39 GMT-0500 (Eastern Standard Time),"Mozilla/5.0 (Windows NT 10.0; Win64; x64) AppleWebKit/537.36 (KHTML, like Gecko) Chrome/58.0.3029.110 Safari/537.36 Edge/16.16299",153,"[0.9, 0.5, 0.1]","[0.8, 0.4, 0.2]","[u'black', u'blue', u'red']","[u'left', u'middle', u'right']","[0.8, 0.4, 0.2]","[u'high', u'medium', u'low']",blue,50,middle,medium,False,False,311,6750,NA
A29TV2MF4893DA,Mon Dec 04 2017 15:52:15 GMT-0500 (Eastern Standard Time),Mon Dec 04 2017 16:00:39 GMT-0500 (Eastern Standard Time),"Mozilla/5.0 (Windows NT 10.0; Win64; x64) AppleWebKit/537.36 (KHTML, like Gecko) Chrome/58.0.3029.110 Safari/537.36 Edge/16.16299",154,"[0.9, 0.5, 0.1]","[0.8, 0.4, 0.2]","[u'black', u'blue', u'red']","[u'left', u'middle', u'right']","[0.8, 0.4, 0.2]","[u'high', u'medium', u'low']",red,51,right,low,False,False,320,6700,NA
A29TV2MF4893DA,Mon Dec 04 2017 15:52:15 GMT-0500 (Eastern Standard Time),Mon Dec 04 2017 16:00:39 GMT-0500 (Eastern Standard Time),"Mozilla/5.0 (Windows NT 10.0; Win64; x64) AppleWebKit/537.36 (KHTML, like Gecko) Chrome/58.0.3029.110 Safari/537.36 Edge/16.16299",155,"[0.9, 0.5, 0.1]","[0.8, 0.4, 0.2]","[u'black', u'blue', u'red']","[u'left', u'middle', u'right']","[0.8, 0.4, 0.2]","[u'high', u'medium', u'low']",black,49,left,high,True,False,310,6800,NA
A29TV2MF4893DA,Mon Dec 04 2017 15:52:15 GMT-0500 (Eastern Standard Time),Mon Dec 04 2017 16:00:39 GMT-0500 (Eastern Standard Time),"Mozilla/5.0 (Windows NT 10.0; Win64; x64) AppleWebKit/537.36 (KHTML, like Gecko) Chrome/58.0.3029.110 Safari/537.36 Edge/16.16299",156,"[0.9, 0.5, 0.1]","[0.8, 0.4, 0.2]","[u'black', u'blue', u'red']","[u'left', u'middle', u'right']","[0.8, 0.4, 0.2]","[u'high', u'medium', u'low']",black,49,left,high,True,False,325,6900,NA
A29TV2MF4893DA,Mon Dec 04 2017 15:52:15 GMT-0500 (Eastern Standard Time),Mon Dec 04 2017 16:00:39 GMT-0500 (Eastern Standard Time),"Mozilla/5.0 (Windows NT 10.0; Win64; x64) AppleWebKit/537.36 (KHTML, like Gecko) Chrome/58.0.3029.110 Safari/537.36 Edge/16.16299",157,"[0.9, 0.5, 0.1]","[0.8, 0.4, 0.2]","[u'black', u'blue', u'red']","[u'left', u'middle', u'right']","[0.8, 0.4, 0.2]","[u'high', u'medium', u'low']",black,49,left,high,True,False,106,7000,NA
A29TV2MF4893DA,Mon Dec 04 2017 15:52:15 GMT-0500 (Eastern Standard Time),Mon Dec 04 2017 16:00:39 GMT-0500 (Eastern Standard Time),"Mozilla/5.0 (Windows NT 10.0; Win64; x64) AppleWebKit/537.36 (KHTML, like Gecko) Chrome/58.0.3029.110 Safari/537.36 Edge/16.16299",158,"[0.9, 0.5, 0.1]","[0.8, 0.4, 0.2]","[u'black', u'blue', u'red']","[u'left', u'middle', u'right']","[0.8, 0.4, 0.2]","[u'high', u'medium', u'low']",black,49,left,high,True,False,275,7100,NA
A29TV2MF4893DA,Mon Dec 04 2017 15:52:15 GMT-0500 (Eastern Standard Time),Mon Dec 04 2017 16:00:39 GMT-0500 (Eastern Standard Time),"Mozilla/5.0 (Windows NT 10.0; Win64; x64) AppleWebKit/537.36 (KHTML, like Gecko) Chrome/58.0.3029.110 Safari/537.36 Edge/16.16299",159,"[0.9, 0.5, 0.1]","[0.8, 0.4, 0.2]","[u'black', u'blue', u'red']","[u'left', u'middle', u'right']","[0.8, 0.4, 0.2]","[u'high', u'medium', u'low']",black,49,left,high,False,False,250,7050,NA
A29TV2MF4893DA,Mon Dec 04 2017 15:52:15 GMT-0500 (Eastern Standard Time),Mon Dec 04 2017 16:00:39 GMT-0500 (Eastern Standard Time),"Mozilla/5.0 (Windows NT 10.0; Win64; x64) AppleWebKit/537.36 (KHTML, like Gecko) Chrome/58.0.3029.110 Safari/537.36 Edge/16.16299",160,"[0.9, 0.5, 0.1]","[0.8, 0.4, 0.2]","[u'black', u'blue', u'red']","[u'left', u'middle', u'right']","[0.8, 0.4, 0.2]","[u'high', u'medium', u'low']",blue,50,middle,medium,False,False,303,7000,NA
