A3L2UB07EZJAMD,Sun Dec 03 2017 02:58:15 GMT-0600 (Central Standard Time),Sun Dec 03 2017 03:07:26 GMT-0600 (Central Standard Time),"Mozilla/5.0 (Windows NT 10.0; WOW64) AppleWebKit/537.36 (KHTML, like Gecko) Chrome/62.0.3202.94 Safari/537.36",1,"[0.8, 0.4, 0.2]","[0.9, 0.5, 0.1]","[u'red', u'black', u'blue']","[u'left', u'middle', u'right']","[0.8, 0.4, 0.2]","[u'medium', u'low', u'high']",red,49,left,medium,False,False,1567,-50,NA
A3L2UB07EZJAMD,Sun Dec 03 2017 02:58:15 GMT-0600 (Central Standard Time),Sun Dec 03 2017 03:07:26 GMT-0600 (Central Standard Time),"Mozilla/5.0 (Windows NT 10.0; WOW64) AppleWebKit/537.36 (KHTML, like Gecko) Chrome/62.0.3202.94 Safari/537.36",2,"[0.8, 0.4, 0.2]","[0.9, 0.5, 0.1]","[u'red', u'black', u'blue']","[u'left', u'middle', u'right']","[0.8, 0.4, 0.2]","[u'medium', u'low', u'high']",black,50,middle,low,False,False,346,-100,NA
A3L2UB07EZJAMD,Sun Dec 03 2017 02:58:15 GMT-0600 (Central Standard Time),Sun Dec 03 2017 03:07:26 GMT-0600 (Central Standard Time),"Mozilla/5.0 (Windows NT 10.0; WOW64) AppleWebKit/537.36 (KHTML, like Gecko) Chrome/62.0.3202.94 Safari/537.36",3,"[0.8, 0.4, 0.2]","[0.9, 0.5, 0.1]","[u'red', u'black', u'blue']","[u'left', u'middle', u'right']","[0.8, 0.4, 0.2]","[u'medium', u'low', u'high']",blue,51,right,high,True,False,265,0,NA
A3L2UB07EZJAMD,Sun Dec 03 2017 02:58:15 GMT-0600 (Central Standard Time),Sun Dec 03 2017 03:07:26 GMT-0600 (Central Standard Time),"Mozilla/5.0 (Windows NT 10.0; WOW64) AppleWebKit/537.36 (KHTML, like Gecko) Chrome/62.0.3202.94 Safari/537.36",4,"[0.8, 0.4, 0.2]","[0.9, 0.5, 0.1]","[u'red', u'black', u'blue']","[u'left', u'middle', u'right']","[0.8, 0.4, 0.2]","[u'medium', u'low', u'high']",blue,51,right,high,True,False,298,100,NA
A3L2UB07EZJAMD,Sun Dec 03 2017 02:58:15 GMT-0600 (Central Standard Time),Sun Dec 03 2017 03:07:26 GMT-0600 (Central Standard Time),"Mozilla/5.0 (Windows NT 10.0; WOW64) AppleWebKit/537.36 (KHTML, like Gecko) Chrome/62.0.3202.94 Safari/537.36",5,"[0.8, 0.4, 0.2]","[0.9, 0.5, 0.1]","[u'red', u'black', u'blue']","[u'left', u'middle', u'right']","[0.8, 0.4, 0.2]","[u'medium', u'low', u'high']",blue,51,right,high,True,False,453,200,NA
A3L2UB07EZJAMD,Sun Dec 03 2017 02:58:15 GMT-0600 (Central Standard Time),Sun Dec 03 2017 03:07:26 GMT-0600 (Central Standard Time),"Mozilla/5.0 (Windows NT 10.0; WOW64) AppleWebKit/537.36 (KHTML, like Gecko) Chrome/62.0.3202.94 Safari/537.36",6,"[0.8, 0.4, 0.2]","[0.9, 0.5, 0.1]","[u'red', u'black', u'blue']","[u'left', u'middle', u'right']","[0.8, 0.4, 0.2]","[u'medium', u'low', u'high']",blue,51,right,high,True,False,274,300,NA
A3L2UB07EZJAMD,Sun Dec 03 2017 02:58:15 GMT-0600 (Central Standard Time),Sun Dec 03 2017 03:07:26 GMT-0600 (Central Standard Time),"Mozilla/5.0 (Windows NT 10.0; WOW64) AppleWebKit/537.36 (KHTML, like Gecko) Chrome/62.0.3202.94 Safari/537.36",7,"[0.8, 0.4, 0.2]","[0.9, 0.5, 0.1]","[u'red', u'black', u'blue']","[u'left', u'middle', u'right']","[0.8, 0.4, 0.2]","[u'medium', u'low', u'high']",blue,51,right,high,True,False,338,400,NA
A3L2UB07EZJAMD,Sun Dec 03 2017 02:58:15 GMT-0600 (Central Standard Time),Sun Dec 03 2017 03:07:26 GMT-0600 (Central Standard Time),"Mozilla/5.0 (Windows NT 10.0; WOW64) AppleWebKit/537.36 (KHTML, like Gecko) Chrome/62.0.3202.94 Safari/537.36",8,"[0.8, 0.4, 0.2]","[0.9, 0.5, 0.1]","[u'red', u'black', u'blue']","[u'left', u'middle', u'right']","[0.8, 0.4, 0.2]","[u'medium', u'low', u'high']",blue,51,right,high,False,False,315,350,NA
A3L2UB07EZJAMD,Sun Dec 03 2017 02:58:15 GMT-0600 (Central Standard Time),Sun Dec 03 2017 03:07:26 GMT-0600 (Central Standard Time),"Mozilla/5.0 (Windows NT 10.0; WOW64) AppleWebKit/537.36 (KHTML, like Gecko) Chrome/62.0.3202.94 Safari/537.36",9,"[0.8, 0.4, 0.2]","[0.9, 0.5, 0.1]","[u'red', u'black', u'blue']","[u'left', u'middle', u'right']","[0.8, 0.4, 0.2]","[u'medium', u'low', u'high']",blue,51,right,high,True,False,1131,450,NA
A3L2UB07EZJAMD,Sun Dec 03 2017 02:58:15 GMT-0600 (Central Standard Time),Sun Dec 03 2017 03:07:26 GMT-0600 (Central Standard Time),"Mozilla/5.0 (Windows NT 10.0; WOW64) AppleWebKit/537.36 (KHTML, like Gecko) Chrome/62.0.3202.94 Safari/537.36",10,"[0.8, 0.4, 0.2]","[0.9, 0.5, 0.1]","[u'red', u'black', u'blue']","[u'left', u'middle', u'right']","[0.8, 0.4, 0.2]","[u'medium', u'low', u'high']",blue,51,right,high,True,False,419,550,NA
A3L2UB07EZJAMD,Sun Dec 03 2017 02:58:15 GMT-0600 (Central Standard Time),Sun Dec 03 2017 03:07:26 GMT-0600 (Central Standard Time),"Mozilla/5.0 (Windows NT 10.0; WOW64) AppleWebKit/537.36 (KHTML, like Gecko) Chrome/62.0.3202.94 Safari/537.36",11,"[0.8, 0.4, 0.2]","[0.9, 0.5, 0.1]","[u'red', u'black', u'blue']","[u'left', u'middle', u'right']","[0.8, 0.4, 0.2]","[u'medium', u'low', u'high']",blue,51,right,high,True,True,522,650,NA
A3L2UB07EZJAMD,Sun Dec 03 2017 02:58:15 GMT-0600 (Central Standard Time),Sun Dec 03 2017 03:07:26 GMT-0600 (Central Standard Time),"Mozilla/5.0 (Windows NT 10.0; WOW64) AppleWebKit/537.36 (KHTML, like Gecko) Chrome/62.0.3202.94 Safari/537.36",12,"[0.8, 0.4, 0.2]","[0.9, 0.5, 0.1]","[u'red', u'black', u'blue']","[u'left', u'middle', u'right']","[0.8, 0.4, 0.2]","[u'medium', u'high', u'low']",blue,51,right,low,True,False,355,750,NA
A3L2UB07EZJAMD,Sun Dec 03 2017 02:58:15 GMT-0600 (Central Standard Time),Sun Dec 03 2017 03:07:26 GMT-0600 (Central Standard Time),"Mozilla/5.0 (Windows NT 10.0; WOW64) AppleWebKit/537.36 (KHTML, like Gecko) Chrome/62.0.3202.94 Safari/537.36",13,"[0.8, 0.4, 0.2]","[0.9, 0.5, 0.1]","[u'red', u'black', u'blue']","[u'left', u'middle', u'right']","[0.8, 0.4, 0.2]","[u'medium', u'high', u'low']",blue,51,right,low,False,False,298,700,NA
A3L2UB07EZJAMD,Sun Dec 03 2017 02:58:15 GMT-0600 (Central Standard Time),Sun Dec 03 2017 03:07:26 GMT-0600 (Central Standard Time),"Mozilla/5.0 (Windows NT 10.0; WOW64) AppleWebKit/537.36 (KHTML, like Gecko) Chrome/62.0.3202.94 Safari/537.36",14,"[0.8, 0.4, 0.2]","[0.9, 0.5, 0.1]","[u'red', u'black', u'blue']","[u'left', u'middle', u'right']","[0.8, 0.4, 0.2]","[u'medium', u'high', u'low']",blue,51,right,low,False,False,330,650,NA
A3L2UB07EZJAMD,Sun Dec 03 2017 02:58:15 GMT-0600 (Central Standard Time),Sun Dec 03 2017 03:07:26 GMT-0600 (Central Standard Time),"Mozilla/5.0 (Windows NT 10.0; WOW64) AppleWebKit/537.36 (KHTML, like Gecko) Chrome/62.0.3202.94 Safari/537.36",15,"[0.8, 0.4, 0.2]","[0.9, 0.5, 0.1]","[u'red', u'black', u'blue']","[u'left', u'middle', u'right']","[0.8, 0.4, 0.2]","[u'medium', u'high', u'low']",black,50,middle,high,True,False,106,750,NA
A3L2UB07EZJAMD,Sun Dec 03 2017 02:58:15 GMT-0600 (Central Standard Time),Sun Dec 03 2017 03:07:26 GMT-0600 (Central Standard Time),"Mozilla/5.0 (Windows NT 10.0; WOW64) AppleWebKit/537.36 (KHTML, like Gecko) Chrome/62.0.3202.94 Safari/537.36",16,"[0.8, 0.4, 0.2]","[0.9, 0.5, 0.1]","[u'red', u'black', u'blue']","[u'left', u'middle', u'right']","[0.8, 0.4, 0.2]","[u'medium', u'high', u'low']",black,50,middle,high,True,False,204,850,NA
A3L2UB07EZJAMD,Sun Dec 03 2017 02:58:15 GMT-0600 (Central Standard Time),Sun Dec 03 2017 03:07:26 GMT-0600 (Central Standard Time),"Mozilla/5.0 (Windows NT 10.0; WOW64) AppleWebKit/537.36 (KHTML, like Gecko) Chrome/62.0.3202.94 Safari/537.36",17,"[0.8, 0.4, 0.2]","[0.9, 0.5, 0.1]","[u'red', u'black', u'blue']","[u'left', u'middle', u'right']","[0.8, 0.4, 0.2]","[u'medium', u'high', u'low']",black,50,middle,high,True,False,300,950,NA
A3L2UB07EZJAMD,Sun Dec 03 2017 02:58:15 GMT-0600 (Central Standard Time),Sun Dec 03 2017 03:07:26 GMT-0600 (Central Standard Time),"Mozilla/5.0 (Windows NT 10.0; WOW64) AppleWebKit/537.36 (KHTML, like Gecko) Chrome/62.0.3202.94 Safari/537.36",18,"[0.8, 0.4, 0.2]","[0.9, 0.5, 0.1]","[u'red', u'black', u'blue']","[u'left', u'middle', u'right']","[0.8, 0.4, 0.2]","[u'medium', u'high', u'low']",black,50,middle,high,True,False,329,1050,NA
A3L2UB07EZJAMD,Sun Dec 03 2017 02:58:15 GMT-0600 (Central Standard Time),Sun Dec 03 2017 03:07:26 GMT-0600 (Central Standard Time),"Mozilla/5.0 (Windows NT 10.0; WOW64) AppleWebKit/537.36 (KHTML, like Gecko) Chrome/62.0.3202.94 Safari/537.36",19,"[0.8, 0.4, 0.2]","[0.9, 0.5, 0.1]","[u'red', u'black', u'blue']","[u'left', u'middle', u'right']","[0.8, 0.4, 0.2]","[u'medium', u'high', u'low']",black,50,middle,high,True,False,346,1150,NA
A3L2UB07EZJAMD,Sun Dec 03 2017 02:58:15 GMT-0600 (Central Standard Time),Sun Dec 03 2017 03:07:26 GMT-0600 (Central Standard Time),"Mozilla/5.0 (Windows NT 10.0; WOW64) AppleWebKit/537.36 (KHTML, like Gecko) Chrome/62.0.3202.94 Safari/537.36",20,"[0.8, 0.4, 0.2]","[0.9, 0.5, 0.1]","[u'red', u'black', u'blue']","[u'left', u'middle', u'right']","[0.8, 0.4, 0.2]","[u'medium', u'high', u'low']",black,50,middle,high,False,False,484,1100,NA
A3L2UB07EZJAMD,Sun Dec 03 2017 02:58:15 GMT-0600 (Central Standard Time),Sun Dec 03 2017 03:07:26 GMT-0600 (Central Standard Time),"Mozilla/5.0 (Windows NT 10.0; WOW64) AppleWebKit/537.36 (KHTML, like Gecko) Chrome/62.0.3202.94 Safari/537.36",21,"[0.8, 0.4, 0.2]","[0.9, 0.5, 0.1]","[u'red', u'black', u'blue']","[u'left', u'middle', u'right']","[0.8, 0.4, 0.2]","[u'medium', u'high', u'low']",black,50,middle,high,False,False,289,1050,NA
A3L2UB07EZJAMD,Sun Dec 03 2017 02:58:15 GMT-0600 (Central Standard Time),Sun Dec 03 2017 03:07:26 GMT-0600 (Central Standard Time),"Mozilla/5.0 (Windows NT 10.0; WOW64) AppleWebKit/537.36 (KHTML, like Gecko) Chrome/62.0.3202.94 Safari/537.36",22,"[0.8, 0.4, 0.2]","[0.9, 0.5, 0.1]","[u'red', u'black', u'blue']","[u'left', u'middle', u'right']","[0.8, 0.4, 0.2]","[u'medium', u'high', u'low']",red,49,left,medium,True,False,606,1150,NA
A3L2UB07EZJAMD,Sun Dec 03 2017 02:58:15 GMT-0600 (Central Standard Time),Sun Dec 03 2017 03:07:26 GMT-0600 (Central Standard Time),"Mozilla/5.0 (Windows NT 10.0; WOW64) AppleWebKit/537.36 (KHTML, like Gecko) Chrome/62.0.3202.94 Safari/537.36",23,"[0.8, 0.4, 0.2]","[0.9, 0.5, 0.1]","[u'red', u'black', u'blue']","[u'left', u'middle', u'right']","[0.8, 0.4, 0.2]","[u'medium', u'high', u'low']",red,49,left,medium,False,False,293,1100,NA
A3L2UB07EZJAMD,Sun Dec 03 2017 02:58:15 GMT-0600 (Central Standard Time),Sun Dec 03 2017 03:07:26 GMT-0600 (Central Standard Time),"Mozilla/5.0 (Windows NT 10.0; WOW64) AppleWebKit/537.36 (KHTML, like Gecko) Chrome/62.0.3202.94 Safari/537.36",24,"[0.8, 0.4, 0.2]","[0.9, 0.5, 0.1]","[u'red', u'black', u'blue']","[u'left', u'middle', u'right']","[0.8, 0.4, 0.2]","[u'medium', u'high', u'low']",red,49,left,medium,True,False,460,1200,NA
A3L2UB07EZJAMD,Sun Dec 03 2017 02:58:15 GMT-0600 (Central Standard Time),Sun Dec 03 2017 03:07:26 GMT-0600 (Central Standard Time),"Mozilla/5.0 (Windows NT 10.0; WOW64) AppleWebKit/537.36 (KHTML, like Gecko) Chrome/62.0.3202.94 Safari/537.36",25,"[0.8, 0.4, 0.2]","[0.9, 0.5, 0.1]","[u'red', u'black', u'blue']","[u'left', u'middle', u'right']","[0.8, 0.4, 0.2]","[u'medium', u'high', u'low']",red,49,left,medium,True,False,170,1300,NA
A3L2UB07EZJAMD,Sun Dec 03 2017 02:58:15 GMT-0600 (Central Standard Time),Sun Dec 03 2017 03:07:26 GMT-0600 (Central Standard Time),"Mozilla/5.0 (Windows NT 10.0; WOW64) AppleWebKit/537.36 (KHTML, like Gecko) Chrome/62.0.3202.94 Safari/537.36",26,"[0.8, 0.4, 0.2]","[0.9, 0.5, 0.1]","[u'red', u'black', u'blue']","[u'left', u'middle', u'right']","[0.8, 0.4, 0.2]","[u'medium', u'high', u'low']",red,49,left,medium,False,False,275,1250,NA
A3L2UB07EZJAMD,Sun Dec 03 2017 02:58:15 GMT-0600 (Central Standard Time),Sun Dec 03 2017 03:07:26 GMT-0600 (Central Standard Time),"Mozilla/5.0 (Windows NT 10.0; WOW64) AppleWebKit/537.36 (KHTML, like Gecko) Chrome/62.0.3202.94 Safari/537.36",27,"[0.8, 0.4, 0.2]","[0.9, 0.5, 0.1]","[u'red', u'black', u'blue']","[u'left', u'middle', u'right']","[0.8, 0.4, 0.2]","[u'medium', u'high', u'low']",blue,51,right,low,True,False,483,1350,NA
A3L2UB07EZJAMD,Sun Dec 03 2017 02:58:15 GMT-0600 (Central Standard Time),Sun Dec 03 2017 03:07:26 GMT-0600 (Central Standard Time),"Mozilla/5.0 (Windows NT 10.0; WOW64) AppleWebKit/537.36 (KHTML, like Gecko) Chrome/62.0.3202.94 Safari/537.36",28,"[0.8, 0.4, 0.2]","[0.9, 0.5, 0.1]","[u'red', u'black', u'blue']","[u'left', u'middle', u'right']","[0.8, 0.4, 0.2]","[u'medium', u'high', u'low']",blue,51,right,low,False,False,99,1300,NA
A3L2UB07EZJAMD,Sun Dec 03 2017 02:58:15 GMT-0600 (Central Standard Time),Sun Dec 03 2017 03:07:26 GMT-0600 (Central Standard Time),"Mozilla/5.0 (Windows NT 10.0; WOW64) AppleWebKit/537.36 (KHTML, like Gecko) Chrome/62.0.3202.94 Safari/537.36",29,"[0.8, 0.4, 0.2]","[0.9, 0.5, 0.1]","[u'red', u'black', u'blue']","[u'left', u'middle', u'right']","[0.8, 0.4, 0.2]","[u'medium', u'high', u'low']",black,50,middle,high,False,False,93,1250,NA
A3L2UB07EZJAMD,Sun Dec 03 2017 02:58:15 GMT-0600 (Central Standard Time),Sun Dec 03 2017 03:07:26 GMT-0600 (Central Standard Time),"Mozilla/5.0 (Windows NT 10.0; WOW64) AppleWebKit/537.36 (KHTML, like Gecko) Chrome/62.0.3202.94 Safari/537.36",30,"[0.8, 0.4, 0.2]","[0.9, 0.5, 0.1]","[u'red', u'black', u'blue']","[u'left', u'middle', u'right']","[0.8, 0.4, 0.2]","[u'medium', u'high', u'low']",red,49,left,medium,False,False,219,1200,NA
A3L2UB07EZJAMD,Sun Dec 03 2017 02:58:15 GMT-0600 (Central Standard Time),Sun Dec 03 2017 03:07:26 GMT-0600 (Central Standard Time),"Mozilla/5.0 (Windows NT 10.0; WOW64) AppleWebKit/537.36 (KHTML, like Gecko) Chrome/62.0.3202.94 Safari/537.36",31,"[0.8, 0.4, 0.2]","[0.9, 0.5, 0.1]","[u'red', u'black', u'blue']","[u'left', u'middle', u'right']","[0.8, 0.4, 0.2]","[u'medium', u'high', u'low']",blue,51,right,low,False,False,305,1150,NA
A3L2UB07EZJAMD,Sun Dec 03 2017 02:58:15 GMT-0600 (Central Standard Time),Sun Dec 03 2017 03:07:26 GMT-0600 (Central Standard Time),"Mozilla/5.0 (Windows NT 10.0; WOW64) AppleWebKit/537.36 (KHTML, like Gecko) Chrome/62.0.3202.94 Safari/537.36",32,"[0.8, 0.4, 0.2]","[0.9, 0.5, 0.1]","[u'red', u'black', u'blue']","[u'left', u'middle', u'right']","[0.8, 0.4, 0.2]","[u'medium', u'high', u'low']",red,49,left,medium,False,False,234,1100,NA
A3L2UB07EZJAMD,Sun Dec 03 2017 02:58:15 GMT-0600 (Central Standard Time),Sun Dec 03 2017 03:07:26 GMT-0600 (Central Standard Time),"Mozilla/5.0 (Windows NT 10.0; WOW64) AppleWebKit/537.36 (KHTML, like Gecko) Chrome/62.0.3202.94 Safari/537.36",33,"[0.8, 0.4, 0.2]","[0.9, 0.5, 0.1]","[u'red', u'black', u'blue']","[u'left', u'middle', u'right']","[0.8, 0.4, 0.2]","[u'medium', u'high', u'low']",black,50,middle,high,True,False,115,1200,NA
A3L2UB07EZJAMD,Sun Dec 03 2017 02:58:15 GMT-0600 (Central Standard Time),Sun Dec 03 2017 03:07:26 GMT-0600 (Central Standard Time),"Mozilla/5.0 (Windows NT 10.0; WOW64) AppleWebKit/537.36 (KHTML, like Gecko) Chrome/62.0.3202.94 Safari/537.36",34,"[0.8, 0.4, 0.2]","[0.9, 0.5, 0.1]","[u'red', u'black', u'blue']","[u'left', u'middle', u'right']","[0.8, 0.4, 0.2]","[u'medium', u'high', u'low']",black,50,middle,high,True,False,145,1300,NA
A3L2UB07EZJAMD,Sun Dec 03 2017 02:58:15 GMT-0600 (Central Standard Time),Sun Dec 03 2017 03:07:26 GMT-0600 (Central Standard Time),"Mozilla/5.0 (Windows NT 10.0; WOW64) AppleWebKit/537.36 (KHTML, like Gecko) Chrome/62.0.3202.94 Safari/537.36",35,"[0.8, 0.4, 0.2]","[0.9, 0.5, 0.1]","[u'red', u'black', u'blue']","[u'left', u'middle', u'right']","[0.8, 0.4, 0.2]","[u'medium', u'high', u'low']",black,50,middle,high,True,False,95,1400,NA
A3L2UB07EZJAMD,Sun Dec 03 2017 02:58:15 GMT-0600 (Central Standard Time),Sun Dec 03 2017 03:07:26 GMT-0600 (Central Standard Time),"Mozilla/5.0 (Windows NT 10.0; WOW64) AppleWebKit/537.36 (KHTML, like Gecko) Chrome/62.0.3202.94 Safari/537.36",36,"[0.8, 0.4, 0.2]","[0.9, 0.5, 0.1]","[u'red', u'black', u'blue']","[u'left', u'middle', u'right']","[0.8, 0.4, 0.2]","[u'medium', u'high', u'low']",black,50,middle,high,True,False,47,1500,NA
A3L2UB07EZJAMD,Sun Dec 03 2017 02:58:15 GMT-0600 (Central Standard Time),Sun Dec 03 2017 03:07:26 GMT-0600 (Central Standard Time),"Mozilla/5.0 (Windows NT 10.0; WOW64) AppleWebKit/537.36 (KHTML, like Gecko) Chrome/62.0.3202.94 Safari/537.36",37,"[0.8, 0.4, 0.2]","[0.9, 0.5, 0.1]","[u'red', u'black', u'blue']","[u'left', u'middle', u'right']","[0.8, 0.4, 0.2]","[u'medium', u'high', u'low']",black,50,middle,high,True,False,186,1600,NA
A3L2UB07EZJAMD,Sun Dec 03 2017 02:58:15 GMT-0600 (Central Standard Time),Sun Dec 03 2017 03:07:26 GMT-0600 (Central Standard Time),"Mozilla/5.0 (Windows NT 10.0; WOW64) AppleWebKit/537.36 (KHTML, like Gecko) Chrome/62.0.3202.94 Safari/537.36",38,"[0.8, 0.4, 0.2]","[0.9, 0.5, 0.1]","[u'red', u'black', u'blue']","[u'left', u'middle', u'right']","[0.8, 0.4, 0.2]","[u'medium', u'high', u'low']",black,50,middle,high,True,False,278,1700,NA
A3L2UB07EZJAMD,Sun Dec 03 2017 02:58:15 GMT-0600 (Central Standard Time),Sun Dec 03 2017 03:07:26 GMT-0600 (Central Standard Time),"Mozilla/5.0 (Windows NT 10.0; WOW64) AppleWebKit/537.36 (KHTML, like Gecko) Chrome/62.0.3202.94 Safari/537.36",39,"[0.8, 0.4, 0.2]","[0.9, 0.5, 0.1]","[u'red', u'black', u'blue']","[u'left', u'middle', u'right']","[0.8, 0.4, 0.2]","[u'medium', u'high', u'low']",black,50,middle,high,False,False,93,1650,NA
A3L2UB07EZJAMD,Sun Dec 03 2017 02:58:15 GMT-0600 (Central Standard Time),Sun Dec 03 2017 03:07:26 GMT-0600 (Central Standard Time),"Mozilla/5.0 (Windows NT 10.0; WOW64) AppleWebKit/537.36 (KHTML, like Gecko) Chrome/62.0.3202.94 Safari/537.36",40,"[0.8, 0.4, 0.2]","[0.9, 0.5, 0.1]","[u'red', u'black', u'blue']","[u'left', u'middle', u'right']","[0.8, 0.4, 0.2]","[u'medium', u'high', u'low']",black,50,middle,high,True,False,1113,1750,NA
A3L2UB07EZJAMD,Sun Dec 03 2017 02:58:15 GMT-0600 (Central Standard Time),Sun Dec 03 2017 03:07:26 GMT-0600 (Central Standard Time),"Mozilla/5.0 (Windows NT 10.0; WOW64) AppleWebKit/537.36 (KHTML, like Gecko) Chrome/62.0.3202.94 Safari/537.36",41,"[0.8, 0.4, 0.2]","[0.9, 0.5, 0.1]","[u'red', u'black', u'blue']","[u'left', u'middle', u'right']","[0.8, 0.4, 0.2]","[u'medium', u'low', u'high']",blue,51,right,high,True,False,1819,1850,NA
A3L2UB07EZJAMD,Sun Dec 03 2017 02:58:15 GMT-0600 (Central Standard Time),Sun Dec 03 2017 03:07:26 GMT-0600 (Central Standard Time),"Mozilla/5.0 (Windows NT 10.0; WOW64) AppleWebKit/537.36 (KHTML, like Gecko) Chrome/62.0.3202.94 Safari/537.36",42,"[0.8, 0.4, 0.2]","[0.9, 0.5, 0.1]","[u'red', u'black', u'blue']","[u'left', u'middle', u'right']","[0.8, 0.4, 0.2]","[u'medium', u'low', u'high']",blue,51,right,high,True,False,132,1950,NA
A3L2UB07EZJAMD,Sun Dec 03 2017 02:58:15 GMT-0600 (Central Standard Time),Sun Dec 03 2017 03:07:26 GMT-0600 (Central Standard Time),"Mozilla/5.0 (Windows NT 10.0; WOW64) AppleWebKit/537.36 (KHTML, like Gecko) Chrome/62.0.3202.94 Safari/537.36",43,"[0.8, 0.4, 0.2]","[0.9, 0.5, 0.1]","[u'red', u'black', u'blue']","[u'left', u'middle', u'right']","[0.8, 0.4, 0.2]","[u'medium', u'low', u'high']",blue,51,right,high,False,False,81,1900,NA
A3L2UB07EZJAMD,Sun Dec 03 2017 02:58:15 GMT-0600 (Central Standard Time),Sun Dec 03 2017 03:07:26 GMT-0600 (Central Standard Time),"Mozilla/5.0 (Windows NT 10.0; WOW64) AppleWebKit/537.36 (KHTML, like Gecko) Chrome/62.0.3202.94 Safari/537.36",44,"[0.8, 0.4, 0.2]","[0.9, 0.5, 0.1]","[u'red', u'black', u'blue']","[u'left', u'middle', u'right']","[0.8, 0.4, 0.2]","[u'medium', u'low', u'high']",blue,51,right,high,False,False,412,1850,NA
A3L2UB07EZJAMD,Sun Dec 03 2017 02:58:15 GMT-0600 (Central Standard Time),Sun Dec 03 2017 03:07:26 GMT-0600 (Central Standard Time),"Mozilla/5.0 (Windows NT 10.0; WOW64) AppleWebKit/537.36 (KHTML, like Gecko) Chrome/62.0.3202.94 Safari/537.36",45,"[0.8, 0.4, 0.2]","[0.9, 0.5, 0.1]","[u'red', u'black', u'blue']","[u'left', u'middle', u'right']","[0.8, 0.4, 0.2]","[u'medium', u'low', u'high']",black,50,middle,low,False,False,147,1800,NA
A3L2UB07EZJAMD,Sun Dec 03 2017 02:58:15 GMT-0600 (Central Standard Time),Sun Dec 03 2017 03:07:26 GMT-0600 (Central Standard Time),"Mozilla/5.0 (Windows NT 10.0; WOW64) AppleWebKit/537.36 (KHTML, like Gecko) Chrome/62.0.3202.94 Safari/537.36",46,"[0.8, 0.4, 0.2]","[0.9, 0.5, 0.1]","[u'red', u'black', u'blue']","[u'left', u'middle', u'right']","[0.8, 0.4, 0.2]","[u'medium', u'low', u'high']",red,49,left,medium,True,False,108,1900,NA
A3L2UB07EZJAMD,Sun Dec 03 2017 02:58:15 GMT-0600 (Central Standard Time),Sun Dec 03 2017 03:07:26 GMT-0600 (Central Standard Time),"Mozilla/5.0 (Windows NT 10.0; WOW64) AppleWebKit/537.36 (KHTML, like Gecko) Chrome/62.0.3202.94 Safari/537.36",47,"[0.8, 0.4, 0.2]","[0.9, 0.5, 0.1]","[u'red', u'black', u'blue']","[u'left', u'middle', u'right']","[0.8, 0.4, 0.2]","[u'medium', u'low', u'high']",red,49,left,medium,False,False,123,1850,NA
A3L2UB07EZJAMD,Sun Dec 03 2017 02:58:15 GMT-0600 (Central Standard Time),Sun Dec 03 2017 03:07:26 GMT-0600 (Central Standard Time),"Mozilla/5.0 (Windows NT 10.0; WOW64) AppleWebKit/537.36 (KHTML, like Gecko) Chrome/62.0.3202.94 Safari/537.36",48,"[0.8, 0.4, 0.2]","[0.9, 0.5, 0.1]","[u'red', u'black', u'blue']","[u'left', u'middle', u'right']","[0.8, 0.4, 0.2]","[u'medium', u'low', u'high']",black,50,middle,low,False,False,228,1800,NA
A3L2UB07EZJAMD,Sun Dec 03 2017 02:58:15 GMT-0600 (Central Standard Time),Sun Dec 03 2017 03:07:26 GMT-0600 (Central Standard Time),"Mozilla/5.0 (Windows NT 10.0; WOW64) AppleWebKit/537.36 (KHTML, like Gecko) Chrome/62.0.3202.94 Safari/537.36",49,"[0.8, 0.4, 0.2]","[0.9, 0.5, 0.1]","[u'red', u'black', u'blue']","[u'left', u'middle', u'right']","[0.8, 0.4, 0.2]","[u'medium', u'low', u'high']",red,49,left,medium,False,False,274,1750,NA
A3L2UB07EZJAMD,Sun Dec 03 2017 02:58:15 GMT-0600 (Central Standard Time),Sun Dec 03 2017 03:07:26 GMT-0600 (Central Standard Time),"Mozilla/5.0 (Windows NT 10.0; WOW64) AppleWebKit/537.36 (KHTML, like Gecko) Chrome/62.0.3202.94 Safari/537.36",50,"[0.8, 0.4, 0.2]","[0.9, 0.5, 0.1]","[u'red', u'black', u'blue']","[u'left', u'middle', u'right']","[0.8, 0.4, 0.2]","[u'medium', u'low', u'high']",blue,51,right,high,True,False,133,1850,NA
A3L2UB07EZJAMD,Sun Dec 03 2017 02:58:15 GMT-0600 (Central Standard Time),Sun Dec 03 2017 03:07:26 GMT-0600 (Central Standard Time),"Mozilla/5.0 (Windows NT 10.0; WOW64) AppleWebKit/537.36 (KHTML, like Gecko) Chrome/62.0.3202.94 Safari/537.36",51,"[0.8, 0.4, 0.2]","[0.9, 0.5, 0.1]","[u'red', u'black', u'blue']","[u'left', u'middle', u'right']","[0.8, 0.4, 0.2]","[u'medium', u'low', u'high']",blue,51,right,high,True,False,97,1950,NA
A3L2UB07EZJAMD,Sun Dec 03 2017 02:58:15 GMT-0600 (Central Standard Time),Sun Dec 03 2017 03:07:26 GMT-0600 (Central Standard Time),"Mozilla/5.0 (Windows NT 10.0; WOW64) AppleWebKit/537.36 (KHTML, like Gecko) Chrome/62.0.3202.94 Safari/537.36",52,"[0.8, 0.4, 0.2]","[0.9, 0.5, 0.1]","[u'red', u'black', u'blue']","[u'left', u'middle', u'right']","[0.8, 0.4, 0.2]","[u'medium', u'low', u'high']",blue,51,right,high,True,False,155,2050,NA
A3L2UB07EZJAMD,Sun Dec 03 2017 02:58:15 GMT-0600 (Central Standard Time),Sun Dec 03 2017 03:07:26 GMT-0600 (Central Standard Time),"Mozilla/5.0 (Windows NT 10.0; WOW64) AppleWebKit/537.36 (KHTML, like Gecko) Chrome/62.0.3202.94 Safari/537.36",53,"[0.8, 0.4, 0.2]","[0.9, 0.5, 0.1]","[u'red', u'black', u'blue']","[u'left', u'middle', u'right']","[0.8, 0.4, 0.2]","[u'medium', u'low', u'high']",blue,51,right,high,True,False,109,2150,NA
A3L2UB07EZJAMD,Sun Dec 03 2017 02:58:15 GMT-0600 (Central Standard Time),Sun Dec 03 2017 03:07:26 GMT-0600 (Central Standard Time),"Mozilla/5.0 (Windows NT 10.0; WOW64) AppleWebKit/537.36 (KHTML, like Gecko) Chrome/62.0.3202.94 Safari/537.36",54,"[0.8, 0.4, 0.2]","[0.9, 0.5, 0.1]","[u'red', u'black', u'blue']","[u'left', u'middle', u'right']","[0.8, 0.4, 0.2]","[u'medium', u'low', u'high']",blue,51,right,high,False,False,75,2100,NA
A3L2UB07EZJAMD,Sun Dec 03 2017 02:58:15 GMT-0600 (Central Standard Time),Sun Dec 03 2017 03:07:26 GMT-0600 (Central Standard Time),"Mozilla/5.0 (Windows NT 10.0; WOW64) AppleWebKit/537.36 (KHTML, like Gecko) Chrome/62.0.3202.94 Safari/537.36",55,"[0.8, 0.4, 0.2]","[0.9, 0.5, 0.1]","[u'red', u'black', u'blue']","[u'left', u'middle', u'right']","[0.8, 0.4, 0.2]","[u'medium', u'low', u'high']",blue,51,right,high,True,False,291,2200,NA
A3L2UB07EZJAMD,Sun Dec 03 2017 02:58:15 GMT-0600 (Central Standard Time),Sun Dec 03 2017 03:07:26 GMT-0600 (Central Standard Time),"Mozilla/5.0 (Windows NT 10.0; WOW64) AppleWebKit/537.36 (KHTML, like Gecko) Chrome/62.0.3202.94 Safari/537.36",56,"[0.8, 0.4, 0.2]","[0.9, 0.5, 0.1]","[u'red', u'black', u'blue']","[u'left', u'middle', u'right']","[0.8, 0.4, 0.2]","[u'medium', u'low', u'high']",blue,51,right,high,True,False,106,2300,NA
A3L2UB07EZJAMD,Sun Dec 03 2017 02:58:15 GMT-0600 (Central Standard Time),Sun Dec 03 2017 03:07:26 GMT-0600 (Central Standard Time),"Mozilla/5.0 (Windows NT 10.0; WOW64) AppleWebKit/537.36 (KHTML, like Gecko) Chrome/62.0.3202.94 Safari/537.36",57,"[0.8, 0.4, 0.2]","[0.9, 0.5, 0.1]","[u'red', u'black', u'blue']","[u'left', u'middle', u'right']","[0.8, 0.4, 0.2]","[u'medium', u'low', u'high']",blue,51,right,high,False,False,175,2250,NA
A3L2UB07EZJAMD,Sun Dec 03 2017 02:58:15 GMT-0600 (Central Standard Time),Sun Dec 03 2017 03:07:26 GMT-0600 (Central Standard Time),"Mozilla/5.0 (Windows NT 10.0; WOW64) AppleWebKit/537.36 (KHTML, like Gecko) Chrome/62.0.3202.94 Safari/537.36",58,"[0.8, 0.4, 0.2]","[0.9, 0.5, 0.1]","[u'red', u'black', u'blue']","[u'left', u'middle', u'right']","[0.8, 0.4, 0.2]","[u'medium', u'low', u'high']",blue,51,right,high,True,True,263,2350,NA
A3L2UB07EZJAMD,Sun Dec 03 2017 02:58:15 GMT-0600 (Central Standard Time),Sun Dec 03 2017 03:07:26 GMT-0600 (Central Standard Time),"Mozilla/5.0 (Windows NT 10.0; WOW64) AppleWebKit/537.36 (KHTML, like Gecko) Chrome/62.0.3202.94 Safari/537.36",59,"[0.8, 0.4, 0.2]","[0.9, 0.5, 0.1]","[u'red', u'black', u'blue']","[u'left', u'middle', u'right']","[0.8, 0.4, 0.2]","[u'high', u'medium', u'low']",blue,51,right,low,False,False,183,2300,NA
A3L2UB07EZJAMD,Sun Dec 03 2017 02:58:15 GMT-0600 (Central Standard Time),Sun Dec 03 2017 03:07:26 GMT-0600 (Central Standard Time),"Mozilla/5.0 (Windows NT 10.0; WOW64) AppleWebKit/537.36 (KHTML, like Gecko) Chrome/62.0.3202.94 Safari/537.36",60,"[0.8, 0.4, 0.2]","[0.9, 0.5, 0.1]","[u'red', u'black', u'blue']","[u'left', u'middle', u'right']","[0.8, 0.4, 0.2]","[u'high', u'medium', u'low']",black,50,middle,medium,False,False,164,2250,NA
A3L2UB07EZJAMD,Sun Dec 03 2017 02:58:15 GMT-0600 (Central Standard Time),Sun Dec 03 2017 03:07:26 GMT-0600 (Central Standard Time),"Mozilla/5.0 (Windows NT 10.0; WOW64) AppleWebKit/537.36 (KHTML, like Gecko) Chrome/62.0.3202.94 Safari/537.36",61,"[0.8, 0.4, 0.2]","[0.9, 0.5, 0.1]","[u'red', u'black', u'blue']","[u'left', u'middle', u'right']","[0.8, 0.4, 0.2]","[u'high', u'medium', u'low']",black,50,middle,medium,True,False,147,2350,NA
A3L2UB07EZJAMD,Sun Dec 03 2017 02:58:15 GMT-0600 (Central Standard Time),Sun Dec 03 2017 03:07:26 GMT-0600 (Central Standard Time),"Mozilla/5.0 (Windows NT 10.0; WOW64) AppleWebKit/537.36 (KHTML, like Gecko) Chrome/62.0.3202.94 Safari/537.36",62,"[0.8, 0.4, 0.2]","[0.9, 0.5, 0.1]","[u'red', u'black', u'blue']","[u'left', u'middle', u'right']","[0.8, 0.4, 0.2]","[u'high', u'medium', u'low']",black,50,middle,medium,False,False,226,2300,NA
A3L2UB07EZJAMD,Sun Dec 03 2017 02:58:15 GMT-0600 (Central Standard Time),Sun Dec 03 2017 03:07:26 GMT-0600 (Central Standard Time),"Mozilla/5.0 (Windows NT 10.0; WOW64) AppleWebKit/537.36 (KHTML, like Gecko) Chrome/62.0.3202.94 Safari/537.36",63,"[0.8, 0.4, 0.2]","[0.9, 0.5, 0.1]","[u'red', u'black', u'blue']","[u'left', u'middle', u'right']","[0.8, 0.4, 0.2]","[u'high', u'medium', u'low']",black,50,middle,medium,False,False,230,2250,NA
A3L2UB07EZJAMD,Sun Dec 03 2017 02:58:15 GMT-0600 (Central Standard Time),Sun Dec 03 2017 03:07:26 GMT-0600 (Central Standard Time),"Mozilla/5.0 (Windows NT 10.0; WOW64) AppleWebKit/537.36 (KHTML, like Gecko) Chrome/62.0.3202.94 Safari/537.36",64,"[0.8, 0.4, 0.2]","[0.9, 0.5, 0.1]","[u'red', u'black', u'blue']","[u'left', u'middle', u'right']","[0.8, 0.4, 0.2]","[u'high', u'medium', u'low']",red,49,left,high,True,False,424,2350,NA
A3L2UB07EZJAMD,Sun Dec 03 2017 02:58:15 GMT-0600 (Central Standard Time),Sun Dec 03 2017 03:07:26 GMT-0600 (Central Standard Time),"Mozilla/5.0 (Windows NT 10.0; WOW64) AppleWebKit/537.36 (KHTML, like Gecko) Chrome/62.0.3202.94 Safari/537.36",65,"[0.8, 0.4, 0.2]","[0.9, 0.5, 0.1]","[u'red', u'black', u'blue']","[u'left', u'middle', u'right']","[0.8, 0.4, 0.2]","[u'high', u'medium', u'low']",red,49,left,high,True,False,90,2450,NA
A3L2UB07EZJAMD,Sun Dec 03 2017 02:58:15 GMT-0600 (Central Standard Time),Sun Dec 03 2017 03:07:26 GMT-0600 (Central Standard Time),"Mozilla/5.0 (Windows NT 10.0; WOW64) AppleWebKit/537.36 (KHTML, like Gecko) Chrome/62.0.3202.94 Safari/537.36",66,"[0.8, 0.4, 0.2]","[0.9, 0.5, 0.1]","[u'red', u'black', u'blue']","[u'left', u'middle', u'right']","[0.8, 0.4, 0.2]","[u'high', u'medium', u'low']",red,49,left,high,False,False,452,2400,NA
A3L2UB07EZJAMD,Sun Dec 03 2017 02:58:15 GMT-0600 (Central Standard Time),Sun Dec 03 2017 03:07:26 GMT-0600 (Central Standard Time),"Mozilla/5.0 (Windows NT 10.0; WOW64) AppleWebKit/537.36 (KHTML, like Gecko) Chrome/62.0.3202.94 Safari/537.36",67,"[0.8, 0.4, 0.2]","[0.9, 0.5, 0.1]","[u'red', u'black', u'blue']","[u'left', u'middle', u'right']","[0.8, 0.4, 0.2]","[u'high', u'medium', u'low']",red,49,left,high,True,False,427,2500,NA
A3L2UB07EZJAMD,Sun Dec 03 2017 02:58:15 GMT-0600 (Central Standard Time),Sun Dec 03 2017 03:07:26 GMT-0600 (Central Standard Time),"Mozilla/5.0 (Windows NT 10.0; WOW64) AppleWebKit/537.36 (KHTML, like Gecko) Chrome/62.0.3202.94 Safari/537.36",68,"[0.8, 0.4, 0.2]","[0.9, 0.5, 0.1]","[u'red', u'black', u'blue']","[u'left', u'middle', u'right']","[0.8, 0.4, 0.2]","[u'high', u'medium', u'low']",red,49,left,high,True,False,240,2600,NA
A3L2UB07EZJAMD,Sun Dec 03 2017 02:58:15 GMT-0600 (Central Standard Time),Sun Dec 03 2017 03:07:26 GMT-0600 (Central Standard Time),"Mozilla/5.0 (Windows NT 10.0; WOW64) AppleWebKit/537.36 (KHTML, like Gecko) Chrome/62.0.3202.94 Safari/537.36",69,"[0.8, 0.4, 0.2]","[0.9, 0.5, 0.1]","[u'red', u'black', u'blue']","[u'left', u'middle', u'right']","[0.8, 0.4, 0.2]","[u'high', u'medium', u'low']",red,49,left,high,True,False,196,2700,NA
A3L2UB07EZJAMD,Sun Dec 03 2017 02:58:15 GMT-0600 (Central Standard Time),Sun Dec 03 2017 03:07:26 GMT-0600 (Central Standard Time),"Mozilla/5.0 (Windows NT 10.0; WOW64) AppleWebKit/537.36 (KHTML, like Gecko) Chrome/62.0.3202.94 Safari/537.36",70,"[0.8, 0.4, 0.2]","[0.9, 0.5, 0.1]","[u'red', u'black', u'blue']","[u'left', u'middle', u'right']","[0.8, 0.4, 0.2]","[u'high', u'medium', u'low']",red,49,left,high,False,False,224,2650,NA
A3L2UB07EZJAMD,Sun Dec 03 2017 02:58:15 GMT-0600 (Central Standard Time),Sun Dec 03 2017 03:07:26 GMT-0600 (Central Standard Time),"Mozilla/5.0 (Windows NT 10.0; WOW64) AppleWebKit/537.36 (KHTML, like Gecko) Chrome/62.0.3202.94 Safari/537.36",71,"[0.8, 0.4, 0.2]","[0.9, 0.5, 0.1]","[u'red', u'black', u'blue']","[u'left', u'middle', u'right']","[0.8, 0.4, 0.2]","[u'high', u'medium', u'low']",red,49,left,high,True,False,268,2750,NA
A3L2UB07EZJAMD,Sun Dec 03 2017 02:58:15 GMT-0600 (Central Standard Time),Sun Dec 03 2017 03:07:26 GMT-0600 (Central Standard Time),"Mozilla/5.0 (Windows NT 10.0; WOW64) AppleWebKit/537.36 (KHTML, like Gecko) Chrome/62.0.3202.94 Safari/537.36",72,"[0.8, 0.4, 0.2]","[0.9, 0.5, 0.1]","[u'red', u'black', u'blue']","[u'left', u'middle', u'right']","[0.8, 0.4, 0.2]","[u'high', u'medium', u'low']",red,49,left,high,False,True,251,2700,NA
A3L2UB07EZJAMD,Sun Dec 03 2017 02:58:15 GMT-0600 (Central Standard Time),Sun Dec 03 2017 03:07:26 GMT-0600 (Central Standard Time),"Mozilla/5.0 (Windows NT 10.0; WOW64) AppleWebKit/537.36 (KHTML, like Gecko) Chrome/62.0.3202.94 Safari/537.36",73,"[0.8, 0.4, 0.2]","[0.9, 0.5, 0.1]","[u'red', u'black', u'blue']","[u'left', u'middle', u'right']","[0.8, 0.4, 0.2]","[u'low', u'high', u'medium']",red,49,left,low,False,False,281,2650,NA
A3L2UB07EZJAMD,Sun Dec 03 2017 02:58:15 GMT-0600 (Central Standard Time),Sun Dec 03 2017 03:07:26 GMT-0600 (Central Standard Time),"Mozilla/5.0 (Windows NT 10.0; WOW64) AppleWebKit/537.36 (KHTML, like Gecko) Chrome/62.0.3202.94 Safari/537.36",74,"[0.8, 0.4, 0.2]","[0.9, 0.5, 0.1]","[u'red', u'black', u'blue']","[u'left', u'middle', u'right']","[0.8, 0.4, 0.2]","[u'low', u'high', u'medium']",black,50,middle,high,True,False,227,2750,NA
A3L2UB07EZJAMD,Sun Dec 03 2017 02:58:15 GMT-0600 (Central Standard Time),Sun Dec 03 2017 03:07:26 GMT-0600 (Central Standard Time),"Mozilla/5.0 (Windows NT 10.0; WOW64) AppleWebKit/537.36 (KHTML, like Gecko) Chrome/62.0.3202.94 Safari/537.36",75,"[0.8, 0.4, 0.2]","[0.9, 0.5, 0.1]","[u'red', u'black', u'blue']","[u'left', u'middle', u'right']","[0.8, 0.4, 0.2]","[u'low', u'high', u'medium']",black,50,middle,high,False,False,72,2700,NA
A3L2UB07EZJAMD,Sun Dec 03 2017 02:58:15 GMT-0600 (Central Standard Time),Sun Dec 03 2017 03:07:26 GMT-0600 (Central Standard Time),"Mozilla/5.0 (Windows NT 10.0; WOW64) AppleWebKit/537.36 (KHTML, like Gecko) Chrome/62.0.3202.94 Safari/537.36",76,"[0.8, 0.4, 0.2]","[0.9, 0.5, 0.1]","[u'red', u'black', u'blue']","[u'left', u'middle', u'right']","[0.8, 0.4, 0.2]","[u'low', u'high', u'medium']",black,50,middle,high,True,False,259,2800,NA
A3L2UB07EZJAMD,Sun Dec 03 2017 02:58:15 GMT-0600 (Central Standard Time),Sun Dec 03 2017 03:07:26 GMT-0600 (Central Standard Time),"Mozilla/5.0 (Windows NT 10.0; WOW64) AppleWebKit/537.36 (KHTML, like Gecko) Chrome/62.0.3202.94 Safari/537.36",77,"[0.8, 0.4, 0.2]","[0.9, 0.5, 0.1]","[u'red', u'black', u'blue']","[u'left', u'middle', u'right']","[0.8, 0.4, 0.2]","[u'low', u'high', u'medium']",black,50,middle,high,True,False,184,2900,NA
A3L2UB07EZJAMD,Sun Dec 03 2017 02:58:15 GMT-0600 (Central Standard Time),Sun Dec 03 2017 03:07:26 GMT-0600 (Central Standard Time),"Mozilla/5.0 (Windows NT 10.0; WOW64) AppleWebKit/537.36 (KHTML, like Gecko) Chrome/62.0.3202.94 Safari/537.36",78,"[0.8, 0.4, 0.2]","[0.9, 0.5, 0.1]","[u'red', u'black', u'blue']","[u'left', u'middle', u'right']","[0.8, 0.4, 0.2]","[u'low', u'high', u'medium']",black,50,middle,high,True,False,249,3000,NA
A3L2UB07EZJAMD,Sun Dec 03 2017 02:58:15 GMT-0600 (Central Standard Time),Sun Dec 03 2017 03:07:26 GMT-0600 (Central Standard Time),"Mozilla/5.0 (Windows NT 10.0; WOW64) AppleWebKit/537.36 (KHTML, like Gecko) Chrome/62.0.3202.94 Safari/537.36",79,"[0.8, 0.4, 0.2]","[0.9, 0.5, 0.1]","[u'red', u'black', u'blue']","[u'left', u'middle', u'right']","[0.8, 0.4, 0.2]","[u'low', u'high', u'medium']",black,50,middle,high,True,False,153,3100,NA
A3L2UB07EZJAMD,Sun Dec 03 2017 02:58:15 GMT-0600 (Central Standard Time),Sun Dec 03 2017 03:07:26 GMT-0600 (Central Standard Time),"Mozilla/5.0 (Windows NT 10.0; WOW64) AppleWebKit/537.36 (KHTML, like Gecko) Chrome/62.0.3202.94 Safari/537.36",80,"[0.8, 0.4, 0.2]","[0.9, 0.5, 0.1]","[u'red', u'black', u'blue']","[u'left', u'middle', u'right']","[0.8, 0.4, 0.2]","[u'low', u'high', u'medium']",black,50,middle,high,True,False,307,3200,NA
A3L2UB07EZJAMD,Sun Dec 03 2017 02:58:15 GMT-0600 (Central Standard Time),Sun Dec 03 2017 03:07:26 GMT-0600 (Central Standard Time),"Mozilla/5.0 (Windows NT 10.0; WOW64) AppleWebKit/537.36 (KHTML, like Gecko) Chrome/62.0.3202.94 Safari/537.36",81,"[0.8, 0.4, 0.2]","[0.9, 0.5, 0.1]","[u'red', u'black', u'blue']","[u'left', u'middle', u'right']","[0.9, 0.5, 0.1]","[u'low', u'medium', u'high']",black,50,middle,medium,True,False,1509,3300,NA
A3L2UB07EZJAMD,Sun Dec 03 2017 02:58:15 GMT-0600 (Central Standard Time),Sun Dec 03 2017 03:07:26 GMT-0600 (Central Standard Time),"Mozilla/5.0 (Windows NT 10.0; WOW64) AppleWebKit/537.36 (KHTML, like Gecko) Chrome/62.0.3202.94 Safari/537.36",82,"[0.8, 0.4, 0.2]","[0.9, 0.5, 0.1]","[u'red', u'black', u'blue']","[u'left', u'middle', u'right']","[0.9, 0.5, 0.1]","[u'low', u'medium', u'high']",black,50,middle,medium,False,False,249,3250,NA
A3L2UB07EZJAMD,Sun Dec 03 2017 02:58:15 GMT-0600 (Central Standard Time),Sun Dec 03 2017 03:07:26 GMT-0600 (Central Standard Time),"Mozilla/5.0 (Windows NT 10.0; WOW64) AppleWebKit/537.36 (KHTML, like Gecko) Chrome/62.0.3202.94 Safari/537.36",83,"[0.8, 0.4, 0.2]","[0.9, 0.5, 0.1]","[u'red', u'black', u'blue']","[u'left', u'middle', u'right']","[0.9, 0.5, 0.1]","[u'low', u'medium', u'high']",black,50,middle,medium,True,False,111,3350,NA
A3L2UB07EZJAMD,Sun Dec 03 2017 02:58:15 GMT-0600 (Central Standard Time),Sun Dec 03 2017 03:07:26 GMT-0600 (Central Standard Time),"Mozilla/5.0 (Windows NT 10.0; WOW64) AppleWebKit/537.36 (KHTML, like Gecko) Chrome/62.0.3202.94 Safari/537.36",84,"[0.8, 0.4, 0.2]","[0.9, 0.5, 0.1]","[u'red', u'black', u'blue']","[u'left', u'middle', u'right']","[0.9, 0.5, 0.1]","[u'low', u'medium', u'high']",black,50,middle,medium,True,False,106,3450,NA
A3L2UB07EZJAMD,Sun Dec 03 2017 02:58:15 GMT-0600 (Central Standard Time),Sun Dec 03 2017 03:07:26 GMT-0600 (Central Standard Time),"Mozilla/5.0 (Windows NT 10.0; WOW64) AppleWebKit/537.36 (KHTML, like Gecko) Chrome/62.0.3202.94 Safari/537.36",85,"[0.8, 0.4, 0.2]","[0.9, 0.5, 0.1]","[u'red', u'black', u'blue']","[u'left', u'middle', u'right']","[0.9, 0.5, 0.1]","[u'low', u'medium', u'high']",black,50,middle,medium,True,False,197,3550,NA
A3L2UB07EZJAMD,Sun Dec 03 2017 02:58:15 GMT-0600 (Central Standard Time),Sun Dec 03 2017 03:07:26 GMT-0600 (Central Standard Time),"Mozilla/5.0 (Windows NT 10.0; WOW64) AppleWebKit/537.36 (KHTML, like Gecko) Chrome/62.0.3202.94 Safari/537.36",86,"[0.8, 0.4, 0.2]","[0.9, 0.5, 0.1]","[u'red', u'black', u'blue']","[u'left', u'middle', u'right']","[0.9, 0.5, 0.1]","[u'low', u'medium', u'high']",black,50,middle,medium,True,False,275,3650,NA
A3L2UB07EZJAMD,Sun Dec 03 2017 02:58:15 GMT-0600 (Central Standard Time),Sun Dec 03 2017 03:07:26 GMT-0600 (Central Standard Time),"Mozilla/5.0 (Windows NT 10.0; WOW64) AppleWebKit/537.36 (KHTML, like Gecko) Chrome/62.0.3202.94 Safari/537.36",87,"[0.8, 0.4, 0.2]","[0.9, 0.5, 0.1]","[u'red', u'black', u'blue']","[u'left', u'middle', u'right']","[0.9, 0.5, 0.1]","[u'low', u'medium', u'high']",black,50,middle,medium,True,False,411,3750,NA
A3L2UB07EZJAMD,Sun Dec 03 2017 02:58:15 GMT-0600 (Central Standard Time),Sun Dec 03 2017 03:07:26 GMT-0600 (Central Standard Time),"Mozilla/5.0 (Windows NT 10.0; WOW64) AppleWebKit/537.36 (KHTML, like Gecko) Chrome/62.0.3202.94 Safari/537.36",88,"[0.8, 0.4, 0.2]","[0.9, 0.5, 0.1]","[u'red', u'black', u'blue']","[u'left', u'middle', u'right']","[0.9, 0.5, 0.1]","[u'low', u'medium', u'high']",black,50,middle,medium,True,False,258,3850,NA
A3L2UB07EZJAMD,Sun Dec 03 2017 02:58:15 GMT-0600 (Central Standard Time),Sun Dec 03 2017 03:07:26 GMT-0600 (Central Standard Time),"Mozilla/5.0 (Windows NT 10.0; WOW64) AppleWebKit/537.36 (KHTML, like Gecko) Chrome/62.0.3202.94 Safari/537.36",89,"[0.8, 0.4, 0.2]","[0.9, 0.5, 0.1]","[u'red', u'black', u'blue']","[u'left', u'middle', u'right']","[0.9, 0.5, 0.1]","[u'low', u'medium', u'high']",black,50,middle,medium,False,False,212,3800,NA
A3L2UB07EZJAMD,Sun Dec 03 2017 02:58:15 GMT-0600 (Central Standard Time),Sun Dec 03 2017 03:07:26 GMT-0600 (Central Standard Time),"Mozilla/5.0 (Windows NT 10.0; WOW64) AppleWebKit/537.36 (KHTML, like Gecko) Chrome/62.0.3202.94 Safari/537.36",90,"[0.8, 0.4, 0.2]","[0.9, 0.5, 0.1]","[u'red', u'black', u'blue']","[u'left', u'middle', u'right']","[0.9, 0.5, 0.1]","[u'low', u'medium', u'high']",black,50,middle,medium,False,False,203,3750,NA
A3L2UB07EZJAMD,Sun Dec 03 2017 02:58:15 GMT-0600 (Central Standard Time),Sun Dec 03 2017 03:07:26 GMT-0600 (Central Standard Time),"Mozilla/5.0 (Windows NT 10.0; WOW64) AppleWebKit/537.36 (KHTML, like Gecko) Chrome/62.0.3202.94 Safari/537.36",91,"[0.8, 0.4, 0.2]","[0.9, 0.5, 0.1]","[u'red', u'black', u'blue']","[u'left', u'middle', u'right']","[0.9, 0.5, 0.1]","[u'low', u'medium', u'high']",blue,51,right,high,True,False,260,3850,NA
A3L2UB07EZJAMD,Sun Dec 03 2017 02:58:15 GMT-0600 (Central Standard Time),Sun Dec 03 2017 03:07:26 GMT-0600 (Central Standard Time),"Mozilla/5.0 (Windows NT 10.0; WOW64) AppleWebKit/537.36 (KHTML, like Gecko) Chrome/62.0.3202.94 Safari/537.36",92,"[0.8, 0.4, 0.2]","[0.9, 0.5, 0.1]","[u'red', u'black', u'blue']","[u'left', u'middle', u'right']","[0.9, 0.5, 0.1]","[u'low', u'medium', u'high']",blue,51,right,high,True,False,112,3950,NA
A3L2UB07EZJAMD,Sun Dec 03 2017 02:58:15 GMT-0600 (Central Standard Time),Sun Dec 03 2017 03:07:26 GMT-0600 (Central Standard Time),"Mozilla/5.0 (Windows NT 10.0; WOW64) AppleWebKit/537.36 (KHTML, like Gecko) Chrome/62.0.3202.94 Safari/537.36",93,"[0.8, 0.4, 0.2]","[0.9, 0.5, 0.1]","[u'red', u'black', u'blue']","[u'left', u'middle', u'right']","[0.9, 0.5, 0.1]","[u'low', u'medium', u'high']",blue,51,right,high,True,False,268,4050,NA
A3L2UB07EZJAMD,Sun Dec 03 2017 02:58:15 GMT-0600 (Central Standard Time),Sun Dec 03 2017 03:07:26 GMT-0600 (Central Standard Time),"Mozilla/5.0 (Windows NT 10.0; WOW64) AppleWebKit/537.36 (KHTML, like Gecko) Chrome/62.0.3202.94 Safari/537.36",94,"[0.8, 0.4, 0.2]","[0.9, 0.5, 0.1]","[u'red', u'black', u'blue']","[u'left', u'middle', u'right']","[0.9, 0.5, 0.1]","[u'low', u'medium', u'high']",blue,51,right,high,True,False,178,4150,NA
A3L2UB07EZJAMD,Sun Dec 03 2017 02:58:15 GMT-0600 (Central Standard Time),Sun Dec 03 2017 03:07:26 GMT-0600 (Central Standard Time),"Mozilla/5.0 (Windows NT 10.0; WOW64) AppleWebKit/537.36 (KHTML, like Gecko) Chrome/62.0.3202.94 Safari/537.36",95,"[0.8, 0.4, 0.2]","[0.9, 0.5, 0.1]","[u'red', u'black', u'blue']","[u'left', u'middle', u'right']","[0.9, 0.5, 0.1]","[u'low', u'medium', u'high']",blue,51,right,high,True,False,218,4250,NA
A3L2UB07EZJAMD,Sun Dec 03 2017 02:58:15 GMT-0600 (Central Standard Time),Sun Dec 03 2017 03:07:26 GMT-0600 (Central Standard Time),"Mozilla/5.0 (Windows NT 10.0; WOW64) AppleWebKit/537.36 (KHTML, like Gecko) Chrome/62.0.3202.94 Safari/537.36",96,"[0.8, 0.4, 0.2]","[0.9, 0.5, 0.1]","[u'red', u'black', u'blue']","[u'left', u'middle', u'right']","[0.9, 0.5, 0.1]","[u'low', u'medium', u'high']",blue,51,right,high,True,False,388,4350,NA
A3L2UB07EZJAMD,Sun Dec 03 2017 02:58:15 GMT-0600 (Central Standard Time),Sun Dec 03 2017 03:07:26 GMT-0600 (Central Standard Time),"Mozilla/5.0 (Windows NT 10.0; WOW64) AppleWebKit/537.36 (KHTML, like Gecko) Chrome/62.0.3202.94 Safari/537.36",97,"[0.8, 0.4, 0.2]","[0.9, 0.5, 0.1]","[u'red', u'black', u'blue']","[u'left', u'middle', u'right']","[0.9, 0.5, 0.1]","[u'low', u'medium', u'high']",blue,51,right,high,False,False,94,4300,NA
A3L2UB07EZJAMD,Sun Dec 03 2017 02:58:15 GMT-0600 (Central Standard Time),Sun Dec 03 2017 03:07:26 GMT-0600 (Central Standard Time),"Mozilla/5.0 (Windows NT 10.0; WOW64) AppleWebKit/537.36 (KHTML, like Gecko) Chrome/62.0.3202.94 Safari/537.36",98,"[0.8, 0.4, 0.2]","[0.9, 0.5, 0.1]","[u'red', u'black', u'blue']","[u'left', u'middle', u'right']","[0.9, 0.5, 0.1]","[u'low', u'medium', u'high']",blue,51,right,high,True,False,402,4400,NA
A3L2UB07EZJAMD,Sun Dec 03 2017 02:58:15 GMT-0600 (Central Standard Time),Sun Dec 03 2017 03:07:26 GMT-0600 (Central Standard Time),"Mozilla/5.0 (Windows NT 10.0; WOW64) AppleWebKit/537.36 (KHTML, like Gecko) Chrome/62.0.3202.94 Safari/537.36",99,"[0.8, 0.4, 0.2]","[0.9, 0.5, 0.1]","[u'red', u'black', u'blue']","[u'left', u'middle', u'right']","[0.9, 0.5, 0.1]","[u'low', u'medium', u'high']",blue,51,right,high,True,True,227,4500,NA
A3L2UB07EZJAMD,Sun Dec 03 2017 02:58:15 GMT-0600 (Central Standard Time),Sun Dec 03 2017 03:07:26 GMT-0600 (Central Standard Time),"Mozilla/5.0 (Windows NT 10.0; WOW64) AppleWebKit/537.36 (KHTML, like Gecko) Chrome/62.0.3202.94 Safari/537.36",100,"[0.8, 0.4, 0.2]","[0.9, 0.5, 0.1]","[u'red', u'black', u'blue']","[u'left', u'middle', u'right']","[0.9, 0.5, 0.1]","[u'high', u'medium', u'low']",blue,51,right,low,False,False,220,4450,NA
A3L2UB07EZJAMD,Sun Dec 03 2017 02:58:15 GMT-0600 (Central Standard Time),Sun Dec 03 2017 03:07:26 GMT-0600 (Central Standard Time),"Mozilla/5.0 (Windows NT 10.0; WOW64) AppleWebKit/537.36 (KHTML, like Gecko) Chrome/62.0.3202.94 Safari/537.36",101,"[0.8, 0.4, 0.2]","[0.9, 0.5, 0.1]","[u'red', u'black', u'blue']","[u'left', u'middle', u'right']","[0.9, 0.5, 0.1]","[u'high', u'medium', u'low']",red,49,left,high,True,False,307,4550,NA
A3L2UB07EZJAMD,Sun Dec 03 2017 02:58:15 GMT-0600 (Central Standard Time),Sun Dec 03 2017 03:07:26 GMT-0600 (Central Standard Time),"Mozilla/5.0 (Windows NT 10.0; WOW64) AppleWebKit/537.36 (KHTML, like Gecko) Chrome/62.0.3202.94 Safari/537.36",102,"[0.8, 0.4, 0.2]","[0.9, 0.5, 0.1]","[u'red', u'black', u'blue']","[u'left', u'middle', u'right']","[0.9, 0.5, 0.1]","[u'high', u'medium', u'low']",red,49,left,high,False,False,91,4500,NA
A3L2UB07EZJAMD,Sun Dec 03 2017 02:58:15 GMT-0600 (Central Standard Time),Sun Dec 03 2017 03:07:26 GMT-0600 (Central Standard Time),"Mozilla/5.0 (Windows NT 10.0; WOW64) AppleWebKit/537.36 (KHTML, like Gecko) Chrome/62.0.3202.94 Safari/537.36",103,"[0.8, 0.4, 0.2]","[0.9, 0.5, 0.1]","[u'red', u'black', u'blue']","[u'left', u'middle', u'right']","[0.9, 0.5, 0.1]","[u'high', u'medium', u'low']",red,49,left,high,True,False,290,4600,NA
A3L2UB07EZJAMD,Sun Dec 03 2017 02:58:15 GMT-0600 (Central Standard Time),Sun Dec 03 2017 03:07:26 GMT-0600 (Central Standard Time),"Mozilla/5.0 (Windows NT 10.0; WOW64) AppleWebKit/537.36 (KHTML, like Gecko) Chrome/62.0.3202.94 Safari/537.36",104,"[0.8, 0.4, 0.2]","[0.9, 0.5, 0.1]","[u'red', u'black', u'blue']","[u'left', u'middle', u'right']","[0.9, 0.5, 0.1]","[u'high', u'medium', u'low']",red,49,left,high,True,False,308,4700,NA
A3L2UB07EZJAMD,Sun Dec 03 2017 02:58:15 GMT-0600 (Central Standard Time),Sun Dec 03 2017 03:07:26 GMT-0600 (Central Standard Time),"Mozilla/5.0 (Windows NT 10.0; WOW64) AppleWebKit/537.36 (KHTML, like Gecko) Chrome/62.0.3202.94 Safari/537.36",105,"[0.8, 0.4, 0.2]","[0.9, 0.5, 0.1]","[u'red', u'black', u'blue']","[u'left', u'middle', u'right']","[0.9, 0.5, 0.1]","[u'high', u'medium', u'low']",red,49,left,high,True,False,227,4800,NA
A3L2UB07EZJAMD,Sun Dec 03 2017 02:58:15 GMT-0600 (Central Standard Time),Sun Dec 03 2017 03:07:26 GMT-0600 (Central Standard Time),"Mozilla/5.0 (Windows NT 10.0; WOW64) AppleWebKit/537.36 (KHTML, like Gecko) Chrome/62.0.3202.94 Safari/537.36",106,"[0.8, 0.4, 0.2]","[0.9, 0.5, 0.1]","[u'red', u'black', u'blue']","[u'left', u'middle', u'right']","[0.9, 0.5, 0.1]","[u'high', u'medium', u'low']",red,49,left,high,True,False,194,4900,NA
A3L2UB07EZJAMD,Sun Dec 03 2017 02:58:15 GMT-0600 (Central Standard Time),Sun Dec 03 2017 03:07:26 GMT-0600 (Central Standard Time),"Mozilla/5.0 (Windows NT 10.0; WOW64) AppleWebKit/537.36 (KHTML, like Gecko) Chrome/62.0.3202.94 Safari/537.36",107,"[0.8, 0.4, 0.2]","[0.9, 0.5, 0.1]","[u'red', u'black', u'blue']","[u'left', u'middle', u'right']","[0.9, 0.5, 0.1]","[u'high', u'medium', u'low']",red,49,left,high,True,False,168,5000,NA
A3L2UB07EZJAMD,Sun Dec 03 2017 02:58:15 GMT-0600 (Central Standard Time),Sun Dec 03 2017 03:07:26 GMT-0600 (Central Standard Time),"Mozilla/5.0 (Windows NT 10.0; WOW64) AppleWebKit/537.36 (KHTML, like Gecko) Chrome/62.0.3202.94 Safari/537.36",108,"[0.8, 0.4, 0.2]","[0.9, 0.5, 0.1]","[u'red', u'black', u'blue']","[u'left', u'middle', u'right']","[0.9, 0.5, 0.1]","[u'high', u'medium', u'low']",red,49,left,high,True,False,280,5100,NA
A3L2UB07EZJAMD,Sun Dec 03 2017 02:58:15 GMT-0600 (Central Standard Time),Sun Dec 03 2017 03:07:26 GMT-0600 (Central Standard Time),"Mozilla/5.0 (Windows NT 10.0; WOW64) AppleWebKit/537.36 (KHTML, like Gecko) Chrome/62.0.3202.94 Safari/537.36",109,"[0.8, 0.4, 0.2]","[0.9, 0.5, 0.1]","[u'red', u'black', u'blue']","[u'left', u'middle', u'right']","[0.9, 0.5, 0.1]","[u'high', u'medium', u'low']",red,49,left,high,True,True,202,5200,NA
A3L2UB07EZJAMD,Sun Dec 03 2017 02:58:15 GMT-0600 (Central Standard Time),Sun Dec 03 2017 03:07:26 GMT-0600 (Central Standard Time),"Mozilla/5.0 (Windows NT 10.0; WOW64) AppleWebKit/537.36 (KHTML, like Gecko) Chrome/62.0.3202.94 Safari/537.36",110,"[0.8, 0.4, 0.2]","[0.9, 0.5, 0.1]","[u'red', u'black', u'blue']","[u'left', u'middle', u'right']","[0.9, 0.5, 0.1]","[u'medium', u'high', u'low']",red,49,left,medium,True,False,122,5300,NA
A3L2UB07EZJAMD,Sun Dec 03 2017 02:58:15 GMT-0600 (Central Standard Time),Sun Dec 03 2017 03:07:26 GMT-0600 (Central Standard Time),"Mozilla/5.0 (Windows NT 10.0; WOW64) AppleWebKit/537.36 (KHTML, like Gecko) Chrome/62.0.3202.94 Safari/537.36",111,"[0.8, 0.4, 0.2]","[0.9, 0.5, 0.1]","[u'red', u'black', u'blue']","[u'left', u'middle', u'right']","[0.9, 0.5, 0.1]","[u'medium', u'high', u'low']",red,49,left,medium,True,False,292,5400,NA
A3L2UB07EZJAMD,Sun Dec 03 2017 02:58:15 GMT-0600 (Central Standard Time),Sun Dec 03 2017 03:07:26 GMT-0600 (Central Standard Time),"Mozilla/5.0 (Windows NT 10.0; WOW64) AppleWebKit/537.36 (KHTML, like Gecko) Chrome/62.0.3202.94 Safari/537.36",112,"[0.8, 0.4, 0.2]","[0.9, 0.5, 0.1]","[u'red', u'black', u'blue']","[u'left', u'middle', u'right']","[0.9, 0.5, 0.1]","[u'medium', u'high', u'low']",red,49,left,medium,True,False,299,5500,NA
A3L2UB07EZJAMD,Sun Dec 03 2017 02:58:15 GMT-0600 (Central Standard Time),Sun Dec 03 2017 03:07:26 GMT-0600 (Central Standard Time),"Mozilla/5.0 (Windows NT 10.0; WOW64) AppleWebKit/537.36 (KHTML, like Gecko) Chrome/62.0.3202.94 Safari/537.36",113,"[0.8, 0.4, 0.2]","[0.9, 0.5, 0.1]","[u'red', u'black', u'blue']","[u'left', u'middle', u'right']","[0.9, 0.5, 0.1]","[u'medium', u'high', u'low']",red,49,left,medium,False,False,299,5450,NA
A3L2UB07EZJAMD,Sun Dec 03 2017 02:58:15 GMT-0600 (Central Standard Time),Sun Dec 03 2017 03:07:26 GMT-0600 (Central Standard Time),"Mozilla/5.0 (Windows NT 10.0; WOW64) AppleWebKit/537.36 (KHTML, like Gecko) Chrome/62.0.3202.94 Safari/537.36",114,"[0.8, 0.4, 0.2]","[0.9, 0.5, 0.1]","[u'red', u'black', u'blue']","[u'left', u'middle', u'right']","[0.9, 0.5, 0.1]","[u'medium', u'high', u'low']",black,50,middle,high,True,False,162,5550,NA
A3L2UB07EZJAMD,Sun Dec 03 2017 02:58:15 GMT-0600 (Central Standard Time),Sun Dec 03 2017 03:07:26 GMT-0600 (Central Standard Time),"Mozilla/5.0 (Windows NT 10.0; WOW64) AppleWebKit/537.36 (KHTML, like Gecko) Chrome/62.0.3202.94 Safari/537.36",115,"[0.8, 0.4, 0.2]","[0.9, 0.5, 0.1]","[u'red', u'black', u'blue']","[u'left', u'middle', u'right']","[0.9, 0.5, 0.1]","[u'medium', u'high', u'low']",black,50,middle,high,True,False,220,5650,NA
A3L2UB07EZJAMD,Sun Dec 03 2017 02:58:15 GMT-0600 (Central Standard Time),Sun Dec 03 2017 03:07:26 GMT-0600 (Central Standard Time),"Mozilla/5.0 (Windows NT 10.0; WOW64) AppleWebKit/537.36 (KHTML, like Gecko) Chrome/62.0.3202.94 Safari/537.36",116,"[0.8, 0.4, 0.2]","[0.9, 0.5, 0.1]","[u'red', u'black', u'blue']","[u'left', u'middle', u'right']","[0.9, 0.5, 0.1]","[u'medium', u'high', u'low']",black,50,middle,high,True,False,26,5750,NA
A3L2UB07EZJAMD,Sun Dec 03 2017 02:58:15 GMT-0600 (Central Standard Time),Sun Dec 03 2017 03:07:26 GMT-0600 (Central Standard Time),"Mozilla/5.0 (Windows NT 10.0; WOW64) AppleWebKit/537.36 (KHTML, like Gecko) Chrome/62.0.3202.94 Safari/537.36",117,"[0.8, 0.4, 0.2]","[0.9, 0.5, 0.1]","[u'red', u'black', u'blue']","[u'left', u'middle', u'right']","[0.9, 0.5, 0.1]","[u'medium', u'high', u'low']",black,50,middle,high,True,False,180,5850,NA
A3L2UB07EZJAMD,Sun Dec 03 2017 02:58:15 GMT-0600 (Central Standard Time),Sun Dec 03 2017 03:07:26 GMT-0600 (Central Standard Time),"Mozilla/5.0 (Windows NT 10.0; WOW64) AppleWebKit/537.36 (KHTML, like Gecko) Chrome/62.0.3202.94 Safari/537.36",118,"[0.8, 0.4, 0.2]","[0.9, 0.5, 0.1]","[u'red', u'black', u'blue']","[u'left', u'middle', u'right']","[0.9, 0.5, 0.1]","[u'medium', u'high', u'low']",black,50,middle,high,True,False,139,5950,NA
A3L2UB07EZJAMD,Sun Dec 03 2017 02:58:15 GMT-0600 (Central Standard Time),Sun Dec 03 2017 03:07:26 GMT-0600 (Central Standard Time),"Mozilla/5.0 (Windows NT 10.0; WOW64) AppleWebKit/537.36 (KHTML, like Gecko) Chrome/62.0.3202.94 Safari/537.36",119,"[0.8, 0.4, 0.2]","[0.9, 0.5, 0.1]","[u'red', u'black', u'blue']","[u'left', u'middle', u'right']","[0.9, 0.5, 0.1]","[u'medium', u'high', u'low']",black,50,middle,high,True,False,571,6050,NA
A3L2UB07EZJAMD,Sun Dec 03 2017 02:58:15 GMT-0600 (Central Standard Time),Sun Dec 03 2017 03:07:26 GMT-0600 (Central Standard Time),"Mozilla/5.0 (Windows NT 10.0; WOW64) AppleWebKit/537.36 (KHTML, like Gecko) Chrome/62.0.3202.94 Safari/537.36",120,"[0.8, 0.4, 0.2]","[0.9, 0.5, 0.1]","[u'red', u'black', u'blue']","[u'left', u'middle', u'right']","[0.9, 0.5, 0.1]","[u'medium', u'high', u'low']",black,50,middle,high,True,False,371,6150,NA
A3L2UB07EZJAMD,Sun Dec 03 2017 02:58:15 GMT-0600 (Central Standard Time),Sun Dec 03 2017 03:07:26 GMT-0600 (Central Standard Time),"Mozilla/5.0 (Windows NT 10.0; WOW64) AppleWebKit/537.36 (KHTML, like Gecko) Chrome/62.0.3202.94 Safari/537.36",121,"[0.8, 0.4, 0.2]","[0.9, 0.5, 0.1]","[u'red', u'black', u'blue']","[u'left', u'middle', u'right']","[0.9, 0.5, 0.1]","[u'high', u'medium', u'low']",red,49,left,high,False,False,577,6100,NA
A3L2UB07EZJAMD,Sun Dec 03 2017 02:58:15 GMT-0600 (Central Standard Time),Sun Dec 03 2017 03:07:26 GMT-0600 (Central Standard Time),"Mozilla/5.0 (Windows NT 10.0; WOW64) AppleWebKit/537.36 (KHTML, like Gecko) Chrome/62.0.3202.94 Safari/537.36",122,"[0.8, 0.4, 0.2]","[0.9, 0.5, 0.1]","[u'red', u'black', u'blue']","[u'left', u'middle', u'right']","[0.9, 0.5, 0.1]","[u'high', u'medium', u'low']",blue,51,right,low,False,False,365,6050,NA
A3L2UB07EZJAMD,Sun Dec 03 2017 02:58:15 GMT-0600 (Central Standard Time),Sun Dec 03 2017 03:07:26 GMT-0600 (Central Standard Time),"Mozilla/5.0 (Windows NT 10.0; WOW64) AppleWebKit/537.36 (KHTML, like Gecko) Chrome/62.0.3202.94 Safari/537.36",123,"[0.8, 0.4, 0.2]","[0.9, 0.5, 0.1]","[u'red', u'black', u'blue']","[u'left', u'middle', u'right']","[0.9, 0.5, 0.1]","[u'high', u'medium', u'low']",black,50,middle,medium,False,False,250,6000,NA
A3L2UB07EZJAMD,Sun Dec 03 2017 02:58:15 GMT-0600 (Central Standard Time),Sun Dec 03 2017 03:07:26 GMT-0600 (Central Standard Time),"Mozilla/5.0 (Windows NT 10.0; WOW64) AppleWebKit/537.36 (KHTML, like Gecko) Chrome/62.0.3202.94 Safari/537.36",124,"[0.8, 0.4, 0.2]","[0.9, 0.5, 0.1]","[u'red', u'black', u'blue']","[u'left', u'middle', u'right']","[0.9, 0.5, 0.1]","[u'high', u'medium', u'low']",red,49,left,high,True,False,324,6100,NA
A3L2UB07EZJAMD,Sun Dec 03 2017 02:58:15 GMT-0600 (Central Standard Time),Sun Dec 03 2017 03:07:26 GMT-0600 (Central Standard Time),"Mozilla/5.0 (Windows NT 10.0; WOW64) AppleWebKit/537.36 (KHTML, like Gecko) Chrome/62.0.3202.94 Safari/537.36",125,"[0.8, 0.4, 0.2]","[0.9, 0.5, 0.1]","[u'red', u'black', u'blue']","[u'left', u'middle', u'right']","[0.9, 0.5, 0.1]","[u'high', u'medium', u'low']",red,49,left,high,False,False,182,6050,NA
A3L2UB07EZJAMD,Sun Dec 03 2017 02:58:15 GMT-0600 (Central Standard Time),Sun Dec 03 2017 03:07:26 GMT-0600 (Central Standard Time),"Mozilla/5.0 (Windows NT 10.0; WOW64) AppleWebKit/537.36 (KHTML, like Gecko) Chrome/62.0.3202.94 Safari/537.36",126,"[0.8, 0.4, 0.2]","[0.9, 0.5, 0.1]","[u'red', u'black', u'blue']","[u'left', u'middle', u'right']","[0.9, 0.5, 0.1]","[u'high', u'medium', u'low']",black,50,middle,medium,False,False,648,6000,NA
A3L2UB07EZJAMD,Sun Dec 03 2017 02:58:15 GMT-0600 (Central Standard Time),Sun Dec 03 2017 03:07:26 GMT-0600 (Central Standard Time),"Mozilla/5.0 (Windows NT 10.0; WOW64) AppleWebKit/537.36 (KHTML, like Gecko) Chrome/62.0.3202.94 Safari/537.36",127,"[0.8, 0.4, 0.2]","[0.9, 0.5, 0.1]","[u'red', u'black', u'blue']","[u'left', u'middle', u'right']","[0.9, 0.5, 0.1]","[u'high', u'medium', u'low']",red,49,left,high,False,False,173,5950,NA
A3L2UB07EZJAMD,Sun Dec 03 2017 02:58:15 GMT-0600 (Central Standard Time),Sun Dec 03 2017 03:07:26 GMT-0600 (Central Standard Time),"Mozilla/5.0 (Windows NT 10.0; WOW64) AppleWebKit/537.36 (KHTML, like Gecko) Chrome/62.0.3202.94 Safari/537.36",128,"[0.8, 0.4, 0.2]","[0.9, 0.5, 0.1]","[u'red', u'black', u'blue']","[u'left', u'middle', u'right']","[0.9, 0.5, 0.1]","[u'high', u'medium', u'low']",blue,51,right,low,False,False,370,5900,NA
A3L2UB07EZJAMD,Sun Dec 03 2017 02:58:15 GMT-0600 (Central Standard Time),Sun Dec 03 2017 03:07:26 GMT-0600 (Central Standard Time),"Mozilla/5.0 (Windows NT 10.0; WOW64) AppleWebKit/537.36 (KHTML, like Gecko) Chrome/62.0.3202.94 Safari/537.36",129,"[0.8, 0.4, 0.2]","[0.9, 0.5, 0.1]","[u'red', u'black', u'blue']","[u'left', u'middle', u'right']","[0.9, 0.5, 0.1]","[u'high', u'medium', u'low']",black,50,middle,medium,False,False,290,5850,NA
A3L2UB07EZJAMD,Sun Dec 03 2017 02:58:15 GMT-0600 (Central Standard Time),Sun Dec 03 2017 03:07:26 GMT-0600 (Central Standard Time),"Mozilla/5.0 (Windows NT 10.0; WOW64) AppleWebKit/537.36 (KHTML, like Gecko) Chrome/62.0.3202.94 Safari/537.36",130,"[0.8, 0.4, 0.2]","[0.9, 0.5, 0.1]","[u'red', u'black', u'blue']","[u'left', u'middle', u'right']","[0.9, 0.5, 0.1]","[u'high', u'medium', u'low']",red,49,left,high,False,False,307,5800,NA
A3L2UB07EZJAMD,Sun Dec 03 2017 02:58:15 GMT-0600 (Central Standard Time),Sun Dec 03 2017 03:07:26 GMT-0600 (Central Standard Time),"Mozilla/5.0 (Windows NT 10.0; WOW64) AppleWebKit/537.36 (KHTML, like Gecko) Chrome/62.0.3202.94 Safari/537.36",131,"[0.8, 0.4, 0.2]","[0.9, 0.5, 0.1]","[u'red', u'black', u'blue']","[u'left', u'middle', u'right']","[0.9, 0.5, 0.1]","[u'high', u'medium', u'low']",blue,51,right,low,False,False,324,5750,NA
A3L2UB07EZJAMD,Sun Dec 03 2017 02:58:15 GMT-0600 (Central Standard Time),Sun Dec 03 2017 03:07:26 GMT-0600 (Central Standard Time),"Mozilla/5.0 (Windows NT 10.0; WOW64) AppleWebKit/537.36 (KHTML, like Gecko) Chrome/62.0.3202.94 Safari/537.36",132,"[0.8, 0.4, 0.2]","[0.9, 0.5, 0.1]","[u'red', u'black', u'blue']","[u'left', u'middle', u'right']","[0.9, 0.5, 0.1]","[u'high', u'medium', u'low']",black,50,middle,medium,False,False,352,5700,NA
A3L2UB07EZJAMD,Sun Dec 03 2017 02:58:15 GMT-0600 (Central Standard Time),Sun Dec 03 2017 03:07:26 GMT-0600 (Central Standard Time),"Mozilla/5.0 (Windows NT 10.0; WOW64) AppleWebKit/537.36 (KHTML, like Gecko) Chrome/62.0.3202.94 Safari/537.36",133,"[0.8, 0.4, 0.2]","[0.9, 0.5, 0.1]","[u'red', u'black', u'blue']","[u'left', u'middle', u'right']","[0.9, 0.5, 0.1]","[u'high', u'medium', u'low']",blue,51,right,low,False,False,164,5650,NA
A3L2UB07EZJAMD,Sun Dec 03 2017 02:58:15 GMT-0600 (Central Standard Time),Sun Dec 03 2017 03:07:26 GMT-0600 (Central Standard Time),"Mozilla/5.0 (Windows NT 10.0; WOW64) AppleWebKit/537.36 (KHTML, like Gecko) Chrome/62.0.3202.94 Safari/537.36",134,"[0.8, 0.4, 0.2]","[0.9, 0.5, 0.1]","[u'red', u'black', u'blue']","[u'left', u'middle', u'right']","[0.9, 0.5, 0.1]","[u'high', u'medium', u'low']",red,49,left,high,True,False,337,5750,NA
A3L2UB07EZJAMD,Sun Dec 03 2017 02:58:15 GMT-0600 (Central Standard Time),Sun Dec 03 2017 03:07:26 GMT-0600 (Central Standard Time),"Mozilla/5.0 (Windows NT 10.0; WOW64) AppleWebKit/537.36 (KHTML, like Gecko) Chrome/62.0.3202.94 Safari/537.36",135,"[0.8, 0.4, 0.2]","[0.9, 0.5, 0.1]","[u'red', u'black', u'blue']","[u'left', u'middle', u'right']","[0.9, 0.5, 0.1]","[u'high', u'medium', u'low']",red,49,left,high,True,False,268,5850,NA
A3L2UB07EZJAMD,Sun Dec 03 2017 02:58:15 GMT-0600 (Central Standard Time),Sun Dec 03 2017 03:07:26 GMT-0600 (Central Standard Time),"Mozilla/5.0 (Windows NT 10.0; WOW64) AppleWebKit/537.36 (KHTML, like Gecko) Chrome/62.0.3202.94 Safari/537.36",136,"[0.8, 0.4, 0.2]","[0.9, 0.5, 0.1]","[u'red', u'black', u'blue']","[u'left', u'middle', u'right']","[0.9, 0.5, 0.1]","[u'high', u'medium', u'low']",red,49,left,high,True,False,128,5950,NA
A3L2UB07EZJAMD,Sun Dec 03 2017 02:58:15 GMT-0600 (Central Standard Time),Sun Dec 03 2017 03:07:26 GMT-0600 (Central Standard Time),"Mozilla/5.0 (Windows NT 10.0; WOW64) AppleWebKit/537.36 (KHTML, like Gecko) Chrome/62.0.3202.94 Safari/537.36",137,"[0.8, 0.4, 0.2]","[0.9, 0.5, 0.1]","[u'red', u'black', u'blue']","[u'left', u'middle', u'right']","[0.9, 0.5, 0.1]","[u'high', u'medium', u'low']",red,49,left,high,False,False,245,5900,NA
A3L2UB07EZJAMD,Sun Dec 03 2017 02:58:15 GMT-0600 (Central Standard Time),Sun Dec 03 2017 03:07:26 GMT-0600 (Central Standard Time),"Mozilla/5.0 (Windows NT 10.0; WOW64) AppleWebKit/537.36 (KHTML, like Gecko) Chrome/62.0.3202.94 Safari/537.36",138,"[0.8, 0.4, 0.2]","[0.9, 0.5, 0.1]","[u'red', u'black', u'blue']","[u'left', u'middle', u'right']","[0.9, 0.5, 0.1]","[u'high', u'medium', u'low']",red,49,left,high,True,False,259,6000,NA
A3L2UB07EZJAMD,Sun Dec 03 2017 02:58:15 GMT-0600 (Central Standard Time),Sun Dec 03 2017 03:07:26 GMT-0600 (Central Standard Time),"Mozilla/5.0 (Windows NT 10.0; WOW64) AppleWebKit/537.36 (KHTML, like Gecko) Chrome/62.0.3202.94 Safari/537.36",139,"[0.8, 0.4, 0.2]","[0.9, 0.5, 0.1]","[u'red', u'black', u'blue']","[u'left', u'middle', u'right']","[0.9, 0.5, 0.1]","[u'high', u'medium', u'low']",red,49,left,high,True,False,155,6100,NA
A3L2UB07EZJAMD,Sun Dec 03 2017 02:58:15 GMT-0600 (Central Standard Time),Sun Dec 03 2017 03:07:26 GMT-0600 (Central Standard Time),"Mozilla/5.0 (Windows NT 10.0; WOW64) AppleWebKit/537.36 (KHTML, like Gecko) Chrome/62.0.3202.94 Safari/537.36",140,"[0.8, 0.4, 0.2]","[0.9, 0.5, 0.1]","[u'red', u'black', u'blue']","[u'left', u'middle', u'right']","[0.9, 0.5, 0.1]","[u'high', u'medium', u'low']",red,49,left,high,False,False,148,6050,NA
A3L2UB07EZJAMD,Sun Dec 03 2017 02:58:15 GMT-0600 (Central Standard Time),Sun Dec 03 2017 03:07:26 GMT-0600 (Central Standard Time),"Mozilla/5.0 (Windows NT 10.0; WOW64) AppleWebKit/537.36 (KHTML, like Gecko) Chrome/62.0.3202.94 Safari/537.36",141,"[0.8, 0.4, 0.2]","[0.9, 0.5, 0.1]","[u'red', u'black', u'blue']","[u'left', u'middle', u'right']","[0.9, 0.5, 0.1]","[u'high', u'medium', u'low']",red,49,left,high,True,False,187,6150,NA
A3L2UB07EZJAMD,Sun Dec 03 2017 02:58:15 GMT-0600 (Central Standard Time),Sun Dec 03 2017 03:07:26 GMT-0600 (Central Standard Time),"Mozilla/5.0 (Windows NT 10.0; WOW64) AppleWebKit/537.36 (KHTML, like Gecko) Chrome/62.0.3202.94 Safari/537.36",142,"[0.8, 0.4, 0.2]","[0.9, 0.5, 0.1]","[u'red', u'black', u'blue']","[u'left', u'middle', u'right']","[0.9, 0.5, 0.1]","[u'high', u'medium', u'low']",red,49,left,high,True,True,323,6250,NA
A3L2UB07EZJAMD,Sun Dec 03 2017 02:58:15 GMT-0600 (Central Standard Time),Sun Dec 03 2017 03:07:26 GMT-0600 (Central Standard Time),"Mozilla/5.0 (Windows NT 10.0; WOW64) AppleWebKit/537.36 (KHTML, like Gecko) Chrome/62.0.3202.94 Safari/537.36",143,"[0.8, 0.4, 0.2]","[0.9, 0.5, 0.1]","[u'red', u'black', u'blue']","[u'left', u'middle', u'right']","[0.9, 0.5, 0.1]","[u'medium', u'high', u'low']",red,49,left,medium,True,False,238,6350,NA
A3L2UB07EZJAMD,Sun Dec 03 2017 02:58:15 GMT-0600 (Central Standard Time),Sun Dec 03 2017 03:07:26 GMT-0600 (Central Standard Time),"Mozilla/5.0 (Windows NT 10.0; WOW64) AppleWebKit/537.36 (KHTML, like Gecko) Chrome/62.0.3202.94 Safari/537.36",144,"[0.8, 0.4, 0.2]","[0.9, 0.5, 0.1]","[u'red', u'black', u'blue']","[u'left', u'middle', u'right']","[0.9, 0.5, 0.1]","[u'medium', u'high', u'low']",red,49,left,medium,True,False,183,6450,NA
A3L2UB07EZJAMD,Sun Dec 03 2017 02:58:15 GMT-0600 (Central Standard Time),Sun Dec 03 2017 03:07:26 GMT-0600 (Central Standard Time),"Mozilla/5.0 (Windows NT 10.0; WOW64) AppleWebKit/537.36 (KHTML, like Gecko) Chrome/62.0.3202.94 Safari/537.36",145,"[0.8, 0.4, 0.2]","[0.9, 0.5, 0.1]","[u'red', u'black', u'blue']","[u'left', u'middle', u'right']","[0.9, 0.5, 0.1]","[u'medium', u'high', u'low']",red,49,left,medium,True,False,116,6550,NA
A3L2UB07EZJAMD,Sun Dec 03 2017 02:58:15 GMT-0600 (Central Standard Time),Sun Dec 03 2017 03:07:26 GMT-0600 (Central Standard Time),"Mozilla/5.0 (Windows NT 10.0; WOW64) AppleWebKit/537.36 (KHTML, like Gecko) Chrome/62.0.3202.94 Safari/537.36",146,"[0.8, 0.4, 0.2]","[0.9, 0.5, 0.1]","[u'red', u'black', u'blue']","[u'left', u'middle', u'right']","[0.9, 0.5, 0.1]","[u'medium', u'high', u'low']",red,49,left,medium,True,False,170,6650,NA
A3L2UB07EZJAMD,Sun Dec 03 2017 02:58:15 GMT-0600 (Central Standard Time),Sun Dec 03 2017 03:07:26 GMT-0600 (Central Standard Time),"Mozilla/5.0 (Windows NT 10.0; WOW64) AppleWebKit/537.36 (KHTML, like Gecko) Chrome/62.0.3202.94 Safari/537.36",147,"[0.8, 0.4, 0.2]","[0.9, 0.5, 0.1]","[u'red', u'black', u'blue']","[u'left', u'middle', u'right']","[0.9, 0.5, 0.1]","[u'medium', u'high', u'low']",red,49,left,medium,True,False,101,6750,NA
A3L2UB07EZJAMD,Sun Dec 03 2017 02:58:15 GMT-0600 (Central Standard Time),Sun Dec 03 2017 03:07:26 GMT-0600 (Central Standard Time),"Mozilla/5.0 (Windows NT 10.0; WOW64) AppleWebKit/537.36 (KHTML, like Gecko) Chrome/62.0.3202.94 Safari/537.36",148,"[0.8, 0.4, 0.2]","[0.9, 0.5, 0.1]","[u'red', u'black', u'blue']","[u'left', u'middle', u'right']","[0.9, 0.5, 0.1]","[u'medium', u'high', u'low']",red,49,left,medium,False,False,241,6700,NA
A3L2UB07EZJAMD,Sun Dec 03 2017 02:58:15 GMT-0600 (Central Standard Time),Sun Dec 03 2017 03:07:26 GMT-0600 (Central Standard Time),"Mozilla/5.0 (Windows NT 10.0; WOW64) AppleWebKit/537.36 (KHTML, like Gecko) Chrome/62.0.3202.94 Safari/537.36",149,"[0.8, 0.4, 0.2]","[0.9, 0.5, 0.1]","[u'red', u'black', u'blue']","[u'left', u'middle', u'right']","[0.9, 0.5, 0.1]","[u'medium', u'high', u'low']",red,49,left,medium,True,False,358,6800,NA
A3L2UB07EZJAMD,Sun Dec 03 2017 02:58:15 GMT-0600 (Central Standard Time),Sun Dec 03 2017 03:07:26 GMT-0600 (Central Standard Time),"Mozilla/5.0 (Windows NT 10.0; WOW64) AppleWebKit/537.36 (KHTML, like Gecko) Chrome/62.0.3202.94 Safari/537.36",150,"[0.8, 0.4, 0.2]","[0.9, 0.5, 0.1]","[u'red', u'black', u'blue']","[u'left', u'middle', u'right']","[0.9, 0.5, 0.1]","[u'medium', u'high', u'low']",red,49,left,medium,False,False,794,6750,NA
A3L2UB07EZJAMD,Sun Dec 03 2017 02:58:15 GMT-0600 (Central Standard Time),Sun Dec 03 2017 03:07:26 GMT-0600 (Central Standard Time),"Mozilla/5.0 (Windows NT 10.0; WOW64) AppleWebKit/537.36 (KHTML, like Gecko) Chrome/62.0.3202.94 Safari/537.36",151,"[0.8, 0.4, 0.2]","[0.9, 0.5, 0.1]","[u'red', u'black', u'blue']","[u'left', u'middle', u'right']","[0.9, 0.5, 0.1]","[u'medium', u'high', u'low']",red,49,left,medium,True,False,291,6850,NA
A3L2UB07EZJAMD,Sun Dec 03 2017 02:58:15 GMT-0600 (Central Standard Time),Sun Dec 03 2017 03:07:26 GMT-0600 (Central Standard Time),"Mozilla/5.0 (Windows NT 10.0; WOW64) AppleWebKit/537.36 (KHTML, like Gecko) Chrome/62.0.3202.94 Safari/537.36",152,"[0.8, 0.4, 0.2]","[0.9, 0.5, 0.1]","[u'red', u'black', u'blue']","[u'left', u'middle', u'right']","[0.9, 0.5, 0.1]","[u'medium', u'high', u'low']",black,50,middle,high,True,False,675,6950,NA
A3L2UB07EZJAMD,Sun Dec 03 2017 02:58:15 GMT-0600 (Central Standard Time),Sun Dec 03 2017 03:07:26 GMT-0600 (Central Standard Time),"Mozilla/5.0 (Windows NT 10.0; WOW64) AppleWebKit/537.36 (KHTML, like Gecko) Chrome/62.0.3202.94 Safari/537.36",153,"[0.8, 0.4, 0.2]","[0.9, 0.5, 0.1]","[u'red', u'black', u'blue']","[u'left', u'middle', u'right']","[0.9, 0.5, 0.1]","[u'medium', u'high', u'low']",black,50,middle,high,True,False,72,7050,NA
A3L2UB07EZJAMD,Sun Dec 03 2017 02:58:15 GMT-0600 (Central Standard Time),Sun Dec 03 2017 03:07:26 GMT-0600 (Central Standard Time),"Mozilla/5.0 (Windows NT 10.0; WOW64) AppleWebKit/537.36 (KHTML, like Gecko) Chrome/62.0.3202.94 Safari/537.36",154,"[0.8, 0.4, 0.2]","[0.9, 0.5, 0.1]","[u'red', u'black', u'blue']","[u'left', u'middle', u'right']","[0.9, 0.5, 0.1]","[u'medium', u'high', u'low']",black,50,middle,high,True,False,442,7150,NA
A3L2UB07EZJAMD,Sun Dec 03 2017 02:58:15 GMT-0600 (Central Standard Time),Sun Dec 03 2017 03:07:26 GMT-0600 (Central Standard Time),"Mozilla/5.0 (Windows NT 10.0; WOW64) AppleWebKit/537.36 (KHTML, like Gecko) Chrome/62.0.3202.94 Safari/537.36",155,"[0.8, 0.4, 0.2]","[0.9, 0.5, 0.1]","[u'red', u'black', u'blue']","[u'left', u'middle', u'right']","[0.9, 0.5, 0.1]","[u'medium', u'high', u'low']",black,50,middle,high,False,False,229,7100,NA
A3L2UB07EZJAMD,Sun Dec 03 2017 02:58:15 GMT-0600 (Central Standard Time),Sun Dec 03 2017 03:07:26 GMT-0600 (Central Standard Time),"Mozilla/5.0 (Windows NT 10.0; WOW64) AppleWebKit/537.36 (KHTML, like Gecko) Chrome/62.0.3202.94 Safari/537.36",156,"[0.8, 0.4, 0.2]","[0.9, 0.5, 0.1]","[u'red', u'black', u'blue']","[u'left', u'middle', u'right']","[0.9, 0.5, 0.1]","[u'medium', u'high', u'low']",black,50,middle,high,True,False,322,7200,NA
A3L2UB07EZJAMD,Sun Dec 03 2017 02:58:15 GMT-0600 (Central Standard Time),Sun Dec 03 2017 03:07:26 GMT-0600 (Central Standard Time),"Mozilla/5.0 (Windows NT 10.0; WOW64) AppleWebKit/537.36 (KHTML, like Gecko) Chrome/62.0.3202.94 Safari/537.36",157,"[0.8, 0.4, 0.2]","[0.9, 0.5, 0.1]","[u'red', u'black', u'blue']","[u'left', u'middle', u'right']","[0.9, 0.5, 0.1]","[u'medium', u'high', u'low']",blue,51,right,low,False,False,610,7150,NA
A3L2UB07EZJAMD,Sun Dec 03 2017 02:58:15 GMT-0600 (Central Standard Time),Sun Dec 03 2017 03:07:26 GMT-0600 (Central Standard Time),"Mozilla/5.0 (Windows NT 10.0; WOW64) AppleWebKit/537.36 (KHTML, like Gecko) Chrome/62.0.3202.94 Safari/537.36",158,"[0.8, 0.4, 0.2]","[0.9, 0.5, 0.1]","[u'red', u'black', u'blue']","[u'left', u'middle', u'right']","[0.9, 0.5, 0.1]","[u'medium', u'high', u'low']",blue,51,right,low,True,False,338,7250,NA
A3L2UB07EZJAMD,Sun Dec 03 2017 02:58:15 GMT-0600 (Central Standard Time),Sun Dec 03 2017 03:07:26 GMT-0600 (Central Standard Time),"Mozilla/5.0 (Windows NT 10.0; WOW64) AppleWebKit/537.36 (KHTML, like Gecko) Chrome/62.0.3202.94 Safari/537.36",159,"[0.8, 0.4, 0.2]","[0.9, 0.5, 0.1]","[u'red', u'black', u'blue']","[u'left', u'middle', u'right']","[0.9, 0.5, 0.1]","[u'medium', u'high', u'low']",blue,51,right,low,True,False,226,7350,NA
A3L2UB07EZJAMD,Sun Dec 03 2017 02:58:15 GMT-0600 (Central Standard Time),Sun Dec 03 2017 03:07:26 GMT-0600 (Central Standard Time),"Mozilla/5.0 (Windows NT 10.0; WOW64) AppleWebKit/537.36 (KHTML, like Gecko) Chrome/62.0.3202.94 Safari/537.36",160,"[0.8, 0.4, 0.2]","[0.9, 0.5, 0.1]","[u'red', u'black', u'blue']","[u'left', u'middle', u'right']","[0.9, 0.5, 0.1]","[u'medium', u'high', u'low']",blue,51,right,low,False,False,243,7300,NA
