A30VLAIIJIG5IS,Sun Dec 03 2017 16:36:23 GMT-0500 (Eastern Standard Time),Sun Dec 03 2017 16:49:14 GMT-0500 (Eastern Standard Time),"Mozilla/5.0 (Windows NT 10.0; Win64; x64) AppleWebKit/537.36 (KHTML, like Gecko) Chrome/62.0.3202.94 Safari/537.36",1,"[0.8, 0.4, 0.2]","[0.9, 0.5, 0.1]","[u'red', u'black', u'blue']","[u'left', u'middle', u'right']","[0.8, 0.4, 0.2]","[u'high', u'medium', u'low']",black,50,middle,medium,True,False,1056,100,NA
A30VLAIIJIG5IS,Sun Dec 03 2017 16:36:23 GMT-0500 (Eastern Standard Time),Sun Dec 03 2017 16:49:14 GMT-0500 (Eastern Standard Time),"Mozilla/5.0 (Windows NT 10.0; Win64; x64) AppleWebKit/537.36 (KHTML, like Gecko) Chrome/62.0.3202.94 Safari/537.36",2,"[0.8, 0.4, 0.2]","[0.9, 0.5, 0.1]","[u'red', u'black', u'blue']","[u'left', u'middle', u'right']","[0.8, 0.4, 0.2]","[u'high', u'medium', u'low']",black,50,middle,medium,False,False,432,50,NA
A30VLAIIJIG5IS,Sun Dec 03 2017 16:36:23 GMT-0500 (Eastern Standard Time),Sun Dec 03 2017 16:49:14 GMT-0500 (Eastern Standard Time),"Mozilla/5.0 (Windows NT 10.0; Win64; x64) AppleWebKit/537.36 (KHTML, like Gecko) Chrome/62.0.3202.94 Safari/537.36",3,"[0.8, 0.4, 0.2]","[0.9, 0.5, 0.1]","[u'red', u'black', u'blue']","[u'left', u'middle', u'right']","[0.8, 0.4, 0.2]","[u'high', u'medium', u'low']",blue,51,right,low,False,False,369,0,NA
A30VLAIIJIG5IS,Sun Dec 03 2017 16:36:23 GMT-0500 (Eastern Standard Time),Sun Dec 03 2017 16:49:14 GMT-0500 (Eastern Standard Time),"Mozilla/5.0 (Windows NT 10.0; Win64; x64) AppleWebKit/537.36 (KHTML, like Gecko) Chrome/62.0.3202.94 Safari/537.36",4,"[0.8, 0.4, 0.2]","[0.9, 0.5, 0.1]","[u'red', u'black', u'blue']","[u'left', u'middle', u'right']","[0.8, 0.4, 0.2]","[u'high', u'medium', u'low']",red,49,left,high,True,False,402,100,NA
A30VLAIIJIG5IS,Sun Dec 03 2017 16:36:23 GMT-0500 (Eastern Standard Time),Sun Dec 03 2017 16:49:14 GMT-0500 (Eastern Standard Time),"Mozilla/5.0 (Windows NT 10.0; Win64; x64) AppleWebKit/537.36 (KHTML, like Gecko) Chrome/62.0.3202.94 Safari/537.36",5,"[0.8, 0.4, 0.2]","[0.9, 0.5, 0.1]","[u'red', u'black', u'blue']","[u'left', u'middle', u'right']","[0.8, 0.4, 0.2]","[u'high', u'medium', u'low']",red,49,left,high,True,False,379,200,NA
A30VLAIIJIG5IS,Sun Dec 03 2017 16:36:23 GMT-0500 (Eastern Standard Time),Sun Dec 03 2017 16:49:14 GMT-0500 (Eastern Standard Time),"Mozilla/5.0 (Windows NT 10.0; Win64; x64) AppleWebKit/537.36 (KHTML, like Gecko) Chrome/62.0.3202.94 Safari/537.36",6,"[0.8, 0.4, 0.2]","[0.9, 0.5, 0.1]","[u'red', u'black', u'blue']","[u'left', u'middle', u'right']","[0.8, 0.4, 0.2]","[u'high', u'medium', u'low']",red,49,left,high,False,False,403,150,NA
A30VLAIIJIG5IS,Sun Dec 03 2017 16:36:23 GMT-0500 (Eastern Standard Time),Sun Dec 03 2017 16:49:14 GMT-0500 (Eastern Standard Time),"Mozilla/5.0 (Windows NT 10.0; Win64; x64) AppleWebKit/537.36 (KHTML, like Gecko) Chrome/62.0.3202.94 Safari/537.36",7,"[0.8, 0.4, 0.2]","[0.9, 0.5, 0.1]","[u'red', u'black', u'blue']","[u'left', u'middle', u'right']","[0.8, 0.4, 0.2]","[u'high', u'medium', u'low']",red,49,left,high,True,False,238,250,NA
A30VLAIIJIG5IS,Sun Dec 03 2017 16:36:23 GMT-0500 (Eastern Standard Time),Sun Dec 03 2017 16:49:14 GMT-0500 (Eastern Standard Time),"Mozilla/5.0 (Windows NT 10.0; Win64; x64) AppleWebKit/537.36 (KHTML, like Gecko) Chrome/62.0.3202.94 Safari/537.36",8,"[0.8, 0.4, 0.2]","[0.9, 0.5, 0.1]","[u'red', u'black', u'blue']","[u'left', u'middle', u'right']","[0.8, 0.4, 0.2]","[u'high', u'medium', u'low']",red,49,left,high,True,False,435,350,NA
A30VLAIIJIG5IS,Sun Dec 03 2017 16:36:23 GMT-0500 (Eastern Standard Time),Sun Dec 03 2017 16:49:14 GMT-0500 (Eastern Standard Time),"Mozilla/5.0 (Windows NT 10.0; Win64; x64) AppleWebKit/537.36 (KHTML, like Gecko) Chrome/62.0.3202.94 Safari/537.36",9,"[0.8, 0.4, 0.2]","[0.9, 0.5, 0.1]","[u'red', u'black', u'blue']","[u'left', u'middle', u'right']","[0.8, 0.4, 0.2]","[u'high', u'medium', u'low']",red,49,left,high,True,False,393,450,NA
A30VLAIIJIG5IS,Sun Dec 03 2017 16:36:23 GMT-0500 (Eastern Standard Time),Sun Dec 03 2017 16:49:14 GMT-0500 (Eastern Standard Time),"Mozilla/5.0 (Windows NT 10.0; Win64; x64) AppleWebKit/537.36 (KHTML, like Gecko) Chrome/62.0.3202.94 Safari/537.36",10,"[0.8, 0.4, 0.2]","[0.9, 0.5, 0.1]","[u'red', u'black', u'blue']","[u'left', u'middle', u'right']","[0.8, 0.4, 0.2]","[u'high', u'medium', u'low']",red,49,left,high,False,False,312,400,NA
A30VLAIIJIG5IS,Sun Dec 03 2017 16:36:23 GMT-0500 (Eastern Standard Time),Sun Dec 03 2017 16:49:14 GMT-0500 (Eastern Standard Time),"Mozilla/5.0 (Windows NT 10.0; Win64; x64) AppleWebKit/537.36 (KHTML, like Gecko) Chrome/62.0.3202.94 Safari/537.36",11,"[0.8, 0.4, 0.2]","[0.9, 0.5, 0.1]","[u'red', u'black', u'blue']","[u'left', u'middle', u'right']","[0.8, 0.4, 0.2]","[u'high', u'medium', u'low']",red,49,left,high,True,False,374,500,NA
A30VLAIIJIG5IS,Sun Dec 03 2017 16:36:23 GMT-0500 (Eastern Standard Time),Sun Dec 03 2017 16:49:14 GMT-0500 (Eastern Standard Time),"Mozilla/5.0 (Windows NT 10.0; Win64; x64) AppleWebKit/537.36 (KHTML, like Gecko) Chrome/62.0.3202.94 Safari/537.36",12,"[0.8, 0.4, 0.2]","[0.9, 0.5, 0.1]","[u'red', u'black', u'blue']","[u'left', u'middle', u'right']","[0.8, 0.4, 0.2]","[u'high', u'medium', u'low']",red,49,left,high,True,True,353,600,NA
A30VLAIIJIG5IS,Sun Dec 03 2017 16:36:23 GMT-0500 (Eastern Standard Time),Sun Dec 03 2017 16:49:14 GMT-0500 (Eastern Standard Time),"Mozilla/5.0 (Windows NT 10.0; Win64; x64) AppleWebKit/537.36 (KHTML, like Gecko) Chrome/62.0.3202.94 Safari/537.36",13,"[0.8, 0.4, 0.2]","[0.9, 0.5, 0.1]","[u'red', u'black', u'blue']","[u'left', u'middle', u'right']","[0.8, 0.4, 0.2]","[u'low', u'high', u'medium']",red,49,left,low,False,False,477,550,NA
A30VLAIIJIG5IS,Sun Dec 03 2017 16:36:23 GMT-0500 (Eastern Standard Time),Sun Dec 03 2017 16:49:14 GMT-0500 (Eastern Standard Time),"Mozilla/5.0 (Windows NT 10.0; Win64; x64) AppleWebKit/537.36 (KHTML, like Gecko) Chrome/62.0.3202.94 Safari/537.36",14,"[0.8, 0.4, 0.2]","[0.9, 0.5, 0.1]","[u'red', u'black', u'blue']","[u'left', u'middle', u'right']","[0.8, 0.4, 0.2]","[u'low', u'high', u'medium']",red,49,left,low,False,False,359,500,NA
A30VLAIIJIG5IS,Sun Dec 03 2017 16:36:23 GMT-0500 (Eastern Standard Time),Sun Dec 03 2017 16:49:14 GMT-0500 (Eastern Standard Time),"Mozilla/5.0 (Windows NT 10.0; Win64; x64) AppleWebKit/537.36 (KHTML, like Gecko) Chrome/62.0.3202.94 Safari/537.36",15,"[0.8, 0.4, 0.2]","[0.9, 0.5, 0.1]","[u'red', u'black', u'blue']","[u'left', u'middle', u'right']","[0.8, 0.4, 0.2]","[u'low', u'high', u'medium']",black,50,middle,high,True,False,119,600,NA
A30VLAIIJIG5IS,Sun Dec 03 2017 16:36:23 GMT-0500 (Eastern Standard Time),Sun Dec 03 2017 16:49:14 GMT-0500 (Eastern Standard Time),"Mozilla/5.0 (Windows NT 10.0; Win64; x64) AppleWebKit/537.36 (KHTML, like Gecko) Chrome/62.0.3202.94 Safari/537.36",16,"[0.8, 0.4, 0.2]","[0.9, 0.5, 0.1]","[u'red', u'black', u'blue']","[u'left', u'middle', u'right']","[0.8, 0.4, 0.2]","[u'low', u'high', u'medium']",black,50,middle,high,True,False,360,700,NA
A30VLAIIJIG5IS,Sun Dec 03 2017 16:36:23 GMT-0500 (Eastern Standard Time),Sun Dec 03 2017 16:49:14 GMT-0500 (Eastern Standard Time),"Mozilla/5.0 (Windows NT 10.0; Win64; x64) AppleWebKit/537.36 (KHTML, like Gecko) Chrome/62.0.3202.94 Safari/537.36",17,"[0.8, 0.4, 0.2]","[0.9, 0.5, 0.1]","[u'red', u'black', u'blue']","[u'left', u'middle', u'right']","[0.8, 0.4, 0.2]","[u'low', u'high', u'medium']",black,50,middle,high,True,False,350,800,NA
A30VLAIIJIG5IS,Sun Dec 03 2017 16:36:23 GMT-0500 (Eastern Standard Time),Sun Dec 03 2017 16:49:14 GMT-0500 (Eastern Standard Time),"Mozilla/5.0 (Windows NT 10.0; Win64; x64) AppleWebKit/537.36 (KHTML, like Gecko) Chrome/62.0.3202.94 Safari/537.36",18,"[0.8, 0.4, 0.2]","[0.9, 0.5, 0.1]","[u'red', u'black', u'blue']","[u'left', u'middle', u'right']","[0.8, 0.4, 0.2]","[u'low', u'high', u'medium']",black,50,middle,high,True,False,289,900,NA
A30VLAIIJIG5IS,Sun Dec 03 2017 16:36:23 GMT-0500 (Eastern Standard Time),Sun Dec 03 2017 16:49:14 GMT-0500 (Eastern Standard Time),"Mozilla/5.0 (Windows NT 10.0; Win64; x64) AppleWebKit/537.36 (KHTML, like Gecko) Chrome/62.0.3202.94 Safari/537.36",19,"[0.8, 0.4, 0.2]","[0.9, 0.5, 0.1]","[u'red', u'black', u'blue']","[u'left', u'middle', u'right']","[0.8, 0.4, 0.2]","[u'low', u'high', u'medium']",black,50,middle,high,True,False,296,1000,NA
A30VLAIIJIG5IS,Sun Dec 03 2017 16:36:23 GMT-0500 (Eastern Standard Time),Sun Dec 03 2017 16:49:14 GMT-0500 (Eastern Standard Time),"Mozilla/5.0 (Windows NT 10.0; Win64; x64) AppleWebKit/537.36 (KHTML, like Gecko) Chrome/62.0.3202.94 Safari/537.36",20,"[0.8, 0.4, 0.2]","[0.9, 0.5, 0.1]","[u'red', u'black', u'blue']","[u'left', u'middle', u'right']","[0.8, 0.4, 0.2]","[u'low', u'high', u'medium']",black,50,middle,high,False,False,309,950,NA
A30VLAIIJIG5IS,Sun Dec 03 2017 16:36:23 GMT-0500 (Eastern Standard Time),Sun Dec 03 2017 16:49:14 GMT-0500 (Eastern Standard Time),"Mozilla/5.0 (Windows NT 10.0; Win64; x64) AppleWebKit/537.36 (KHTML, like Gecko) Chrome/62.0.3202.94 Safari/537.36",21,"[0.8, 0.4, 0.2]","[0.9, 0.5, 0.1]","[u'red', u'black', u'blue']","[u'left', u'middle', u'right']","[0.8, 0.4, 0.2]","[u'low', u'high', u'medium']",black,50,middle,high,True,False,348,1050,NA
A30VLAIIJIG5IS,Sun Dec 03 2017 16:36:23 GMT-0500 (Eastern Standard Time),Sun Dec 03 2017 16:49:14 GMT-0500 (Eastern Standard Time),"Mozilla/5.0 (Windows NT 10.0; Win64; x64) AppleWebKit/537.36 (KHTML, like Gecko) Chrome/62.0.3202.94 Safari/537.36",22,"[0.8, 0.4, 0.2]","[0.9, 0.5, 0.1]","[u'red', u'black', u'blue']","[u'left', u'middle', u'right']","[0.8, 0.4, 0.2]","[u'low', u'high', u'medium']",black,50,middle,high,True,False,414,1150,NA
A30VLAIIJIG5IS,Sun Dec 03 2017 16:36:23 GMT-0500 (Eastern Standard Time),Sun Dec 03 2017 16:49:14 GMT-0500 (Eastern Standard Time),"Mozilla/5.0 (Windows NT 10.0; Win64; x64) AppleWebKit/537.36 (KHTML, like Gecko) Chrome/62.0.3202.94 Safari/537.36",23,"[0.8, 0.4, 0.2]","[0.9, 0.5, 0.1]","[u'red', u'black', u'blue']","[u'left', u'middle', u'right']","[0.8, 0.4, 0.2]","[u'low', u'high', u'medium']",black,50,middle,high,True,True,307,1250,NA
A30VLAIIJIG5IS,Sun Dec 03 2017 16:36:23 GMT-0500 (Eastern Standard Time),Sun Dec 03 2017 16:49:14 GMT-0500 (Eastern Standard Time),"Mozilla/5.0 (Windows NT 10.0; Win64; x64) AppleWebKit/537.36 (KHTML, like Gecko) Chrome/62.0.3202.94 Safari/537.36",24,"[0.8, 0.4, 0.2]","[0.9, 0.5, 0.1]","[u'red', u'black', u'blue']","[u'left', u'middle', u'right']","[0.8, 0.4, 0.2]","[u'low', u'medium', u'high']",black,50,middle,medium,False,False,297,1200,NA
A30VLAIIJIG5IS,Sun Dec 03 2017 16:36:23 GMT-0500 (Eastern Standard Time),Sun Dec 03 2017 16:49:14 GMT-0500 (Eastern Standard Time),"Mozilla/5.0 (Windows NT 10.0; Win64; x64) AppleWebKit/537.36 (KHTML, like Gecko) Chrome/62.0.3202.94 Safari/537.36",25,"[0.8, 0.4, 0.2]","[0.9, 0.5, 0.1]","[u'red', u'black', u'blue']","[u'left', u'middle', u'right']","[0.8, 0.4, 0.2]","[u'low', u'medium', u'high']",black,50,middle,medium,False,False,354,1150,NA
A30VLAIIJIG5IS,Sun Dec 03 2017 16:36:23 GMT-0500 (Eastern Standard Time),Sun Dec 03 2017 16:49:14 GMT-0500 (Eastern Standard Time),"Mozilla/5.0 (Windows NT 10.0; Win64; x64) AppleWebKit/537.36 (KHTML, like Gecko) Chrome/62.0.3202.94 Safari/537.36",26,"[0.8, 0.4, 0.2]","[0.9, 0.5, 0.1]","[u'red', u'black', u'blue']","[u'left', u'middle', u'right']","[0.8, 0.4, 0.2]","[u'low', u'medium', u'high']",black,50,middle,medium,False,False,110,1100,NA
A30VLAIIJIG5IS,Sun Dec 03 2017 16:36:23 GMT-0500 (Eastern Standard Time),Sun Dec 03 2017 16:49:14 GMT-0500 (Eastern Standard Time),"Mozilla/5.0 (Windows NT 10.0; Win64; x64) AppleWebKit/537.36 (KHTML, like Gecko) Chrome/62.0.3202.94 Safari/537.36",27,"[0.8, 0.4, 0.2]","[0.9, 0.5, 0.1]","[u'red', u'black', u'blue']","[u'left', u'middle', u'right']","[0.8, 0.4, 0.2]","[u'low', u'medium', u'high']",blue,51,right,high,True,False,1205,1200,NA
A30VLAIIJIG5IS,Sun Dec 03 2017 16:36:23 GMT-0500 (Eastern Standard Time),Sun Dec 03 2017 16:49:14 GMT-0500 (Eastern Standard Time),"Mozilla/5.0 (Windows NT 10.0; Win64; x64) AppleWebKit/537.36 (KHTML, like Gecko) Chrome/62.0.3202.94 Safari/537.36",28,"[0.8, 0.4, 0.2]","[0.9, 0.5, 0.1]","[u'red', u'black', u'blue']","[u'left', u'middle', u'right']","[0.8, 0.4, 0.2]","[u'low', u'medium', u'high']",blue,51,right,high,True,False,1491,1300,NA
A30VLAIIJIG5IS,Sun Dec 03 2017 16:36:23 GMT-0500 (Eastern Standard Time),Sun Dec 03 2017 16:49:14 GMT-0500 (Eastern Standard Time),"Mozilla/5.0 (Windows NT 10.0; Win64; x64) AppleWebKit/537.36 (KHTML, like Gecko) Chrome/62.0.3202.94 Safari/537.36",29,"[0.8, 0.4, 0.2]","[0.9, 0.5, 0.1]","[u'red', u'black', u'blue']","[u'left', u'middle', u'right']","[0.8, 0.4, 0.2]","[u'low', u'medium', u'high']",blue,51,right,high,True,False,239,1400,NA
A30VLAIIJIG5IS,Sun Dec 03 2017 16:36:23 GMT-0500 (Eastern Standard Time),Sun Dec 03 2017 16:49:14 GMT-0500 (Eastern Standard Time),"Mozilla/5.0 (Windows NT 10.0; Win64; x64) AppleWebKit/537.36 (KHTML, like Gecko) Chrome/62.0.3202.94 Safari/537.36",30,"[0.8, 0.4, 0.2]","[0.9, 0.5, 0.1]","[u'red', u'black', u'blue']","[u'left', u'middle', u'right']","[0.8, 0.4, 0.2]","[u'low', u'medium', u'high']",blue,51,right,high,True,False,401,1500,NA
A30VLAIIJIG5IS,Sun Dec 03 2017 16:36:23 GMT-0500 (Eastern Standard Time),Sun Dec 03 2017 16:49:14 GMT-0500 (Eastern Standard Time),"Mozilla/5.0 (Windows NT 10.0; Win64; x64) AppleWebKit/537.36 (KHTML, like Gecko) Chrome/62.0.3202.94 Safari/537.36",31,"[0.8, 0.4, 0.2]","[0.9, 0.5, 0.1]","[u'red', u'black', u'blue']","[u'left', u'middle', u'right']","[0.8, 0.4, 0.2]","[u'low', u'medium', u'high']",blue,51,right,high,False,False,481,1450,NA
A30VLAIIJIG5IS,Sun Dec 03 2017 16:36:23 GMT-0500 (Eastern Standard Time),Sun Dec 03 2017 16:49:14 GMT-0500 (Eastern Standard Time),"Mozilla/5.0 (Windows NT 10.0; Win64; x64) AppleWebKit/537.36 (KHTML, like Gecko) Chrome/62.0.3202.94 Safari/537.36",32,"[0.8, 0.4, 0.2]","[0.9, 0.5, 0.1]","[u'red', u'black', u'blue']","[u'left', u'middle', u'right']","[0.8, 0.4, 0.2]","[u'low', u'medium', u'high']",blue,51,right,high,True,False,405,1550,NA
A30VLAIIJIG5IS,Sun Dec 03 2017 16:36:23 GMT-0500 (Eastern Standard Time),Sun Dec 03 2017 16:49:14 GMT-0500 (Eastern Standard Time),"Mozilla/5.0 (Windows NT 10.0; Win64; x64) AppleWebKit/537.36 (KHTML, like Gecko) Chrome/62.0.3202.94 Safari/537.36",33,"[0.8, 0.4, 0.2]","[0.9, 0.5, 0.1]","[u'red', u'black', u'blue']","[u'left', u'middle', u'right']","[0.8, 0.4, 0.2]","[u'low', u'medium', u'high']",blue,51,right,high,True,False,381,1650,NA
A30VLAIIJIG5IS,Sun Dec 03 2017 16:36:23 GMT-0500 (Eastern Standard Time),Sun Dec 03 2017 16:49:14 GMT-0500 (Eastern Standard Time),"Mozilla/5.0 (Windows NT 10.0; Win64; x64) AppleWebKit/537.36 (KHTML, like Gecko) Chrome/62.0.3202.94 Safari/537.36",34,"[0.8, 0.4, 0.2]","[0.9, 0.5, 0.1]","[u'red', u'black', u'blue']","[u'left', u'middle', u'right']","[0.8, 0.4, 0.2]","[u'low', u'medium', u'high']",blue,51,right,high,False,False,359,1600,NA
A30VLAIIJIG5IS,Sun Dec 03 2017 16:36:23 GMT-0500 (Eastern Standard Time),Sun Dec 03 2017 16:49:14 GMT-0500 (Eastern Standard Time),"Mozilla/5.0 (Windows NT 10.0; Win64; x64) AppleWebKit/537.36 (KHTML, like Gecko) Chrome/62.0.3202.94 Safari/537.36",35,"[0.8, 0.4, 0.2]","[0.9, 0.5, 0.1]","[u'red', u'black', u'blue']","[u'left', u'middle', u'right']","[0.8, 0.4, 0.2]","[u'low', u'medium', u'high']",blue,51,right,high,True,True,373,1700,NA
A30VLAIIJIG5IS,Sun Dec 03 2017 16:36:23 GMT-0500 (Eastern Standard Time),Sun Dec 03 2017 16:49:14 GMT-0500 (Eastern Standard Time),"Mozilla/5.0 (Windows NT 10.0; Win64; x64) AppleWebKit/537.36 (KHTML, like Gecko) Chrome/62.0.3202.94 Safari/537.36",36,"[0.8, 0.4, 0.2]","[0.9, 0.5, 0.1]","[u'red', u'black', u'blue']","[u'left', u'middle', u'right']","[0.8, 0.4, 0.2]","[u'medium', u'high', u'low']",blue,51,right,low,False,False,310,1650,NA
A30VLAIIJIG5IS,Sun Dec 03 2017 16:36:23 GMT-0500 (Eastern Standard Time),Sun Dec 03 2017 16:49:14 GMT-0500 (Eastern Standard Time),"Mozilla/5.0 (Windows NT 10.0; Win64; x64) AppleWebKit/537.36 (KHTML, like Gecko) Chrome/62.0.3202.94 Safari/537.36",37,"[0.8, 0.4, 0.2]","[0.9, 0.5, 0.1]","[u'red', u'black', u'blue']","[u'left', u'middle', u'right']","[0.8, 0.4, 0.2]","[u'medium', u'high', u'low']",blue,51,right,low,False,False,370,1600,NA
A30VLAIIJIG5IS,Sun Dec 03 2017 16:36:23 GMT-0500 (Eastern Standard Time),Sun Dec 03 2017 16:49:14 GMT-0500 (Eastern Standard Time),"Mozilla/5.0 (Windows NT 10.0; Win64; x64) AppleWebKit/537.36 (KHTML, like Gecko) Chrome/62.0.3202.94 Safari/537.36",38,"[0.8, 0.4, 0.2]","[0.9, 0.5, 0.1]","[u'red', u'black', u'blue']","[u'left', u'middle', u'right']","[0.8, 0.4, 0.2]","[u'medium', u'high', u'low']",blue,51,right,low,False,False,32,1550,NA
A30VLAIIJIG5IS,Sun Dec 03 2017 16:36:23 GMT-0500 (Eastern Standard Time),Sun Dec 03 2017 16:49:14 GMT-0500 (Eastern Standard Time),"Mozilla/5.0 (Windows NT 10.0; Win64; x64) AppleWebKit/537.36 (KHTML, like Gecko) Chrome/62.0.3202.94 Safari/537.36",39,"[0.8, 0.4, 0.2]","[0.9, 0.5, 0.1]","[u'red', u'black', u'blue']","[u'left', u'middle', u'right']","[0.8, 0.4, 0.2]","[u'medium', u'high', u'low']",red,49,left,medium,False,False,981,1500,NA
A30VLAIIJIG5IS,Sun Dec 03 2017 16:36:23 GMT-0500 (Eastern Standard Time),Sun Dec 03 2017 16:49:14 GMT-0500 (Eastern Standard Time),"Mozilla/5.0 (Windows NT 10.0; Win64; x64) AppleWebKit/537.36 (KHTML, like Gecko) Chrome/62.0.3202.94 Safari/537.36",40,"[0.8, 0.4, 0.2]","[0.9, 0.5, 0.1]","[u'red', u'black', u'blue']","[u'left', u'middle', u'right']","[0.8, 0.4, 0.2]","[u'medium', u'high', u'low']",black,50,middle,high,True,False,374,1600,NA
A30VLAIIJIG5IS,Sun Dec 03 2017 16:36:23 GMT-0500 (Eastern Standard Time),Sun Dec 03 2017 16:49:14 GMT-0500 (Eastern Standard Time),"Mozilla/5.0 (Windows NT 10.0; Win64; x64) AppleWebKit/537.36 (KHTML, like Gecko) Chrome/62.0.3202.94 Safari/537.36",41,"[0.8, 0.4, 0.2]","[0.9, 0.5, 0.1]","[u'red', u'black', u'blue']","[u'left', u'middle', u'right']","[0.8, 0.4, 0.2]","[u'high', u'medium', u'low']",black,50,middle,medium,False,False,543,1550,NA
A30VLAIIJIG5IS,Sun Dec 03 2017 16:36:23 GMT-0500 (Eastern Standard Time),Sun Dec 03 2017 16:49:14 GMT-0500 (Eastern Standard Time),"Mozilla/5.0 (Windows NT 10.0; Win64; x64) AppleWebKit/537.36 (KHTML, like Gecko) Chrome/62.0.3202.94 Safari/537.36",42,"[0.8, 0.4, 0.2]","[0.9, 0.5, 0.1]","[u'red', u'black', u'blue']","[u'left', u'middle', u'right']","[0.8, 0.4, 0.2]","[u'high', u'medium', u'low']",red,49,left,high,False,False,769,1500,NA
A30VLAIIJIG5IS,Sun Dec 03 2017 16:36:23 GMT-0500 (Eastern Standard Time),Sun Dec 03 2017 16:49:14 GMT-0500 (Eastern Standard Time),"Mozilla/5.0 (Windows NT 10.0; Win64; x64) AppleWebKit/537.36 (KHTML, like Gecko) Chrome/62.0.3202.94 Safari/537.36",43,"[0.8, 0.4, 0.2]","[0.9, 0.5, 0.1]","[u'red', u'black', u'blue']","[u'left', u'middle', u'right']","[0.8, 0.4, 0.2]","[u'high', u'medium', u'low']",blue,51,right,low,False,False,397,1450,NA
A30VLAIIJIG5IS,Sun Dec 03 2017 16:36:23 GMT-0500 (Eastern Standard Time),Sun Dec 03 2017 16:49:14 GMT-0500 (Eastern Standard Time),"Mozilla/5.0 (Windows NT 10.0; Win64; x64) AppleWebKit/537.36 (KHTML, like Gecko) Chrome/62.0.3202.94 Safari/537.36",44,"[0.8, 0.4, 0.2]","[0.9, 0.5, 0.1]","[u'red', u'black', u'blue']","[u'left', u'middle', u'right']","[0.8, 0.4, 0.2]","[u'high', u'medium', u'low']",black,50,middle,medium,False,False,339,1400,NA
A30VLAIIJIG5IS,Sun Dec 03 2017 16:36:23 GMT-0500 (Eastern Standard Time),Sun Dec 03 2017 16:49:14 GMT-0500 (Eastern Standard Time),"Mozilla/5.0 (Windows NT 10.0; Win64; x64) AppleWebKit/537.36 (KHTML, like Gecko) Chrome/62.0.3202.94 Safari/537.36",45,"[0.8, 0.4, 0.2]","[0.9, 0.5, 0.1]","[u'red', u'black', u'blue']","[u'left', u'middle', u'right']","[0.8, 0.4, 0.2]","[u'high', u'medium', u'low']",red,49,left,high,False,False,454,1350,NA
A30VLAIIJIG5IS,Sun Dec 03 2017 16:36:23 GMT-0500 (Eastern Standard Time),Sun Dec 03 2017 16:49:14 GMT-0500 (Eastern Standard Time),"Mozilla/5.0 (Windows NT 10.0; Win64; x64) AppleWebKit/537.36 (KHTML, like Gecko) Chrome/62.0.3202.94 Safari/537.36",46,"[0.8, 0.4, 0.2]","[0.9, 0.5, 0.1]","[u'red', u'black', u'blue']","[u'left', u'middle', u'right']","[0.8, 0.4, 0.2]","[u'high', u'medium', u'low']",blue,51,right,low,False,False,415,1300,NA
A30VLAIIJIG5IS,Sun Dec 03 2017 16:36:23 GMT-0500 (Eastern Standard Time),Sun Dec 03 2017 16:49:14 GMT-0500 (Eastern Standard Time),"Mozilla/5.0 (Windows NT 10.0; Win64; x64) AppleWebKit/537.36 (KHTML, like Gecko) Chrome/62.0.3202.94 Safari/537.36",47,"[0.8, 0.4, 0.2]","[0.9, 0.5, 0.1]","[u'red', u'black', u'blue']","[u'left', u'middle', u'right']","[0.8, 0.4, 0.2]","[u'high', u'medium', u'low']",black,50,middle,medium,False,False,102,1250,NA
A30VLAIIJIG5IS,Sun Dec 03 2017 16:36:23 GMT-0500 (Eastern Standard Time),Sun Dec 03 2017 16:49:14 GMT-0500 (Eastern Standard Time),"Mozilla/5.0 (Windows NT 10.0; Win64; x64) AppleWebKit/537.36 (KHTML, like Gecko) Chrome/62.0.3202.94 Safari/537.36",48,"[0.8, 0.4, 0.2]","[0.9, 0.5, 0.1]","[u'red', u'black', u'blue']","[u'left', u'middle', u'right']","[0.8, 0.4, 0.2]","[u'high', u'medium', u'low']",red,49,left,high,True,False,422,1350,NA
A30VLAIIJIG5IS,Sun Dec 03 2017 16:36:23 GMT-0500 (Eastern Standard Time),Sun Dec 03 2017 16:49:14 GMT-0500 (Eastern Standard Time),"Mozilla/5.0 (Windows NT 10.0; Win64; x64) AppleWebKit/537.36 (KHTML, like Gecko) Chrome/62.0.3202.94 Safari/537.36",49,"[0.8, 0.4, 0.2]","[0.9, 0.5, 0.1]","[u'red', u'black', u'blue']","[u'left', u'middle', u'right']","[0.8, 0.4, 0.2]","[u'high', u'medium', u'low']",red,49,left,high,True,False,393,1450,NA
A30VLAIIJIG5IS,Sun Dec 03 2017 16:36:23 GMT-0500 (Eastern Standard Time),Sun Dec 03 2017 16:49:14 GMT-0500 (Eastern Standard Time),"Mozilla/5.0 (Windows NT 10.0; Win64; x64) AppleWebKit/537.36 (KHTML, like Gecko) Chrome/62.0.3202.94 Safari/537.36",50,"[0.8, 0.4, 0.2]","[0.9, 0.5, 0.1]","[u'red', u'black', u'blue']","[u'left', u'middle', u'right']","[0.8, 0.4, 0.2]","[u'high', u'medium', u'low']",red,49,left,high,True,False,349,1550,NA
A30VLAIIJIG5IS,Sun Dec 03 2017 16:36:23 GMT-0500 (Eastern Standard Time),Sun Dec 03 2017 16:49:14 GMT-0500 (Eastern Standard Time),"Mozilla/5.0 (Windows NT 10.0; Win64; x64) AppleWebKit/537.36 (KHTML, like Gecko) Chrome/62.0.3202.94 Safari/537.36",51,"[0.8, 0.4, 0.2]","[0.9, 0.5, 0.1]","[u'red', u'black', u'blue']","[u'left', u'middle', u'right']","[0.8, 0.4, 0.2]","[u'high', u'medium', u'low']",red,49,left,high,True,False,345,1650,NA
A30VLAIIJIG5IS,Sun Dec 03 2017 16:36:23 GMT-0500 (Eastern Standard Time),Sun Dec 03 2017 16:49:14 GMT-0500 (Eastern Standard Time),"Mozilla/5.0 (Windows NT 10.0; Win64; x64) AppleWebKit/537.36 (KHTML, like Gecko) Chrome/62.0.3202.94 Safari/537.36",52,"[0.8, 0.4, 0.2]","[0.9, 0.5, 0.1]","[u'red', u'black', u'blue']","[u'left', u'middle', u'right']","[0.8, 0.4, 0.2]","[u'high', u'medium', u'low']",red,49,left,high,True,False,401,1750,NA
A30VLAIIJIG5IS,Sun Dec 03 2017 16:36:23 GMT-0500 (Eastern Standard Time),Sun Dec 03 2017 16:49:14 GMT-0500 (Eastern Standard Time),"Mozilla/5.0 (Windows NT 10.0; Win64; x64) AppleWebKit/537.36 (KHTML, like Gecko) Chrome/62.0.3202.94 Safari/537.36",53,"[0.8, 0.4, 0.2]","[0.9, 0.5, 0.1]","[u'red', u'black', u'blue']","[u'left', u'middle', u'right']","[0.8, 0.4, 0.2]","[u'high', u'medium', u'low']",red,49,left,high,True,False,363,1850,NA
A30VLAIIJIG5IS,Sun Dec 03 2017 16:36:23 GMT-0500 (Eastern Standard Time),Sun Dec 03 2017 16:49:14 GMT-0500 (Eastern Standard Time),"Mozilla/5.0 (Windows NT 10.0; Win64; x64) AppleWebKit/537.36 (KHTML, like Gecko) Chrome/62.0.3202.94 Safari/537.36",54,"[0.8, 0.4, 0.2]","[0.9, 0.5, 0.1]","[u'red', u'black', u'blue']","[u'left', u'middle', u'right']","[0.8, 0.4, 0.2]","[u'high', u'medium', u'low']",red,49,left,high,True,False,390,1950,NA
A30VLAIIJIG5IS,Sun Dec 03 2017 16:36:23 GMT-0500 (Eastern Standard Time),Sun Dec 03 2017 16:49:14 GMT-0500 (Eastern Standard Time),"Mozilla/5.0 (Windows NT 10.0; Win64; x64) AppleWebKit/537.36 (KHTML, like Gecko) Chrome/62.0.3202.94 Safari/537.36",55,"[0.8, 0.4, 0.2]","[0.9, 0.5, 0.1]","[u'red', u'black', u'blue']","[u'left', u'middle', u'right']","[0.8, 0.4, 0.2]","[u'high', u'medium', u'low']",red,49,left,high,False,False,386,1900,NA
A30VLAIIJIG5IS,Sun Dec 03 2017 16:36:23 GMT-0500 (Eastern Standard Time),Sun Dec 03 2017 16:49:14 GMT-0500 (Eastern Standard Time),"Mozilla/5.0 (Windows NT 10.0; Win64; x64) AppleWebKit/537.36 (KHTML, like Gecko) Chrome/62.0.3202.94 Safari/537.36",56,"[0.8, 0.4, 0.2]","[0.9, 0.5, 0.1]","[u'red', u'black', u'blue']","[u'left', u'middle', u'right']","[0.8, 0.4, 0.2]","[u'high', u'medium', u'low']",red,49,left,high,True,True,409,2000,NA
A30VLAIIJIG5IS,Sun Dec 03 2017 16:36:23 GMT-0500 (Eastern Standard Time),Sun Dec 03 2017 16:49:14 GMT-0500 (Eastern Standard Time),"Mozilla/5.0 (Windows NT 10.0; Win64; x64) AppleWebKit/537.36 (KHTML, like Gecko) Chrome/62.0.3202.94 Safari/537.36",57,"[0.8, 0.4, 0.2]","[0.9, 0.5, 0.1]","[u'red', u'black', u'blue']","[u'left', u'middle', u'right']","[0.8, 0.4, 0.2]","[u'low', u'medium', u'high']",red,49,left,low,False,False,371,1950,NA
A30VLAIIJIG5IS,Sun Dec 03 2017 16:36:23 GMT-0500 (Eastern Standard Time),Sun Dec 03 2017 16:49:14 GMT-0500 (Eastern Standard Time),"Mozilla/5.0 (Windows NT 10.0; Win64; x64) AppleWebKit/537.36 (KHTML, like Gecko) Chrome/62.0.3202.94 Safari/537.36",58,"[0.8, 0.4, 0.2]","[0.9, 0.5, 0.1]","[u'red', u'black', u'blue']","[u'left', u'middle', u'right']","[0.8, 0.4, 0.2]","[u'low', u'medium', u'high']",red,49,left,low,False,False,342,1900,NA
A30VLAIIJIG5IS,Sun Dec 03 2017 16:36:23 GMT-0500 (Eastern Standard Time),Sun Dec 03 2017 16:49:14 GMT-0500 (Eastern Standard Time),"Mozilla/5.0 (Windows NT 10.0; Win64; x64) AppleWebKit/537.36 (KHTML, like Gecko) Chrome/62.0.3202.94 Safari/537.36",59,"[0.8, 0.4, 0.2]","[0.9, 0.5, 0.1]","[u'red', u'black', u'blue']","[u'left', u'middle', u'right']","[0.8, 0.4, 0.2]","[u'low', u'medium', u'high']",black,50,middle,medium,True,False,334,2000,NA
A30VLAIIJIG5IS,Sun Dec 03 2017 16:36:23 GMT-0500 (Eastern Standard Time),Sun Dec 03 2017 16:49:14 GMT-0500 (Eastern Standard Time),"Mozilla/5.0 (Windows NT 10.0; Win64; x64) AppleWebKit/537.36 (KHTML, like Gecko) Chrome/62.0.3202.94 Safari/537.36",60,"[0.8, 0.4, 0.2]","[0.9, 0.5, 0.1]","[u'red', u'black', u'blue']","[u'left', u'middle', u'right']","[0.8, 0.4, 0.2]","[u'low', u'medium', u'high']",black,50,middle,medium,True,False,279,2100,NA
A30VLAIIJIG5IS,Sun Dec 03 2017 16:36:23 GMT-0500 (Eastern Standard Time),Sun Dec 03 2017 16:49:14 GMT-0500 (Eastern Standard Time),"Mozilla/5.0 (Windows NT 10.0; Win64; x64) AppleWebKit/537.36 (KHTML, like Gecko) Chrome/62.0.3202.94 Safari/537.36",61,"[0.8, 0.4, 0.2]","[0.9, 0.5, 0.1]","[u'red', u'black', u'blue']","[u'left', u'middle', u'right']","[0.8, 0.4, 0.2]","[u'low', u'medium', u'high']",black,50,middle,medium,False,False,234,2050,NA
A30VLAIIJIG5IS,Sun Dec 03 2017 16:36:23 GMT-0500 (Eastern Standard Time),Sun Dec 03 2017 16:49:14 GMT-0500 (Eastern Standard Time),"Mozilla/5.0 (Windows NT 10.0; Win64; x64) AppleWebKit/537.36 (KHTML, like Gecko) Chrome/62.0.3202.94 Safari/537.36",62,"[0.8, 0.4, 0.2]","[0.9, 0.5, 0.1]","[u'red', u'black', u'blue']","[u'left', u'middle', u'right']","[0.8, 0.4, 0.2]","[u'low', u'medium', u'high']",black,50,middle,medium,True,False,282,2150,NA
A30VLAIIJIG5IS,Sun Dec 03 2017 16:36:23 GMT-0500 (Eastern Standard Time),Sun Dec 03 2017 16:49:14 GMT-0500 (Eastern Standard Time),"Mozilla/5.0 (Windows NT 10.0; Win64; x64) AppleWebKit/537.36 (KHTML, like Gecko) Chrome/62.0.3202.94 Safari/537.36",63,"[0.8, 0.4, 0.2]","[0.9, 0.5, 0.1]","[u'red', u'black', u'blue']","[u'left', u'middle', u'right']","[0.8, 0.4, 0.2]","[u'low', u'medium', u'high']",black,50,middle,medium,False,False,7,2100,NA
A30VLAIIJIG5IS,Sun Dec 03 2017 16:36:23 GMT-0500 (Eastern Standard Time),Sun Dec 03 2017 16:49:14 GMT-0500 (Eastern Standard Time),"Mozilla/5.0 (Windows NT 10.0; Win64; x64) AppleWebKit/537.36 (KHTML, like Gecko) Chrome/62.0.3202.94 Safari/537.36",64,"[0.8, 0.4, 0.2]","[0.9, 0.5, 0.1]","[u'red', u'black', u'blue']","[u'left', u'middle', u'right']","[0.8, 0.4, 0.2]","[u'low', u'medium', u'high']",black,50,middle,medium,True,False,884,2200,NA
A30VLAIIJIG5IS,Sun Dec 03 2017 16:36:23 GMT-0500 (Eastern Standard Time),Sun Dec 03 2017 16:49:14 GMT-0500 (Eastern Standard Time),"Mozilla/5.0 (Windows NT 10.0; Win64; x64) AppleWebKit/537.36 (KHTML, like Gecko) Chrome/62.0.3202.94 Safari/537.36",65,"[0.8, 0.4, 0.2]","[0.9, 0.5, 0.1]","[u'red', u'black', u'blue']","[u'left', u'middle', u'right']","[0.8, 0.4, 0.2]","[u'low', u'medium', u'high']",black,50,middle,medium,False,False,318,2150,NA
A30VLAIIJIG5IS,Sun Dec 03 2017 16:36:23 GMT-0500 (Eastern Standard Time),Sun Dec 03 2017 16:49:14 GMT-0500 (Eastern Standard Time),"Mozilla/5.0 (Windows NT 10.0; Win64; x64) AppleWebKit/537.36 (KHTML, like Gecko) Chrome/62.0.3202.94 Safari/537.36",66,"[0.8, 0.4, 0.2]","[0.9, 0.5, 0.1]","[u'red', u'black', u'blue']","[u'left', u'middle', u'right']","[0.8, 0.4, 0.2]","[u'low', u'medium', u'high']",black,50,middle,medium,False,False,357,2100,NA
A30VLAIIJIG5IS,Sun Dec 03 2017 16:36:23 GMT-0500 (Eastern Standard Time),Sun Dec 03 2017 16:49:14 GMT-0500 (Eastern Standard Time),"Mozilla/5.0 (Windows NT 10.0; Win64; x64) AppleWebKit/537.36 (KHTML, like Gecko) Chrome/62.0.3202.94 Safari/537.36",67,"[0.8, 0.4, 0.2]","[0.9, 0.5, 0.1]","[u'red', u'black', u'blue']","[u'left', u'middle', u'right']","[0.8, 0.4, 0.2]","[u'low', u'medium', u'high']",blue,51,right,high,False,False,375,2050,NA
A30VLAIIJIG5IS,Sun Dec 03 2017 16:36:23 GMT-0500 (Eastern Standard Time),Sun Dec 03 2017 16:49:14 GMT-0500 (Eastern Standard Time),"Mozilla/5.0 (Windows NT 10.0; Win64; x64) AppleWebKit/537.36 (KHTML, like Gecko) Chrome/62.0.3202.94 Safari/537.36",68,"[0.8, 0.4, 0.2]","[0.9, 0.5, 0.1]","[u'red', u'black', u'blue']","[u'left', u'middle', u'right']","[0.8, 0.4, 0.2]","[u'low', u'medium', u'high']",blue,51,right,high,True,False,370,2150,NA
A30VLAIIJIG5IS,Sun Dec 03 2017 16:36:23 GMT-0500 (Eastern Standard Time),Sun Dec 03 2017 16:49:14 GMT-0500 (Eastern Standard Time),"Mozilla/5.0 (Windows NT 10.0; Win64; x64) AppleWebKit/537.36 (KHTML, like Gecko) Chrome/62.0.3202.94 Safari/537.36",69,"[0.8, 0.4, 0.2]","[0.9, 0.5, 0.1]","[u'red', u'black', u'blue']","[u'left', u'middle', u'right']","[0.8, 0.4, 0.2]","[u'low', u'medium', u'high']",blue,51,right,high,True,False,391,2250,NA
A30VLAIIJIG5IS,Sun Dec 03 2017 16:36:23 GMT-0500 (Eastern Standard Time),Sun Dec 03 2017 16:49:14 GMT-0500 (Eastern Standard Time),"Mozilla/5.0 (Windows NT 10.0; Win64; x64) AppleWebKit/537.36 (KHTML, like Gecko) Chrome/62.0.3202.94 Safari/537.36",70,"[0.8, 0.4, 0.2]","[0.9, 0.5, 0.1]","[u'red', u'black', u'blue']","[u'left', u'middle', u'right']","[0.8, 0.4, 0.2]","[u'low', u'medium', u'high']",blue,51,right,high,False,False,326,2200,NA
A30VLAIIJIG5IS,Sun Dec 03 2017 16:36:23 GMT-0500 (Eastern Standard Time),Sun Dec 03 2017 16:49:14 GMT-0500 (Eastern Standard Time),"Mozilla/5.0 (Windows NT 10.0; Win64; x64) AppleWebKit/537.36 (KHTML, like Gecko) Chrome/62.0.3202.94 Safari/537.36",71,"[0.8, 0.4, 0.2]","[0.9, 0.5, 0.1]","[u'red', u'black', u'blue']","[u'left', u'middle', u'right']","[0.8, 0.4, 0.2]","[u'low', u'medium', u'high']",blue,51,right,high,False,False,376,2150,NA
A30VLAIIJIG5IS,Sun Dec 03 2017 16:36:23 GMT-0500 (Eastern Standard Time),Sun Dec 03 2017 16:49:14 GMT-0500 (Eastern Standard Time),"Mozilla/5.0 (Windows NT 10.0; Win64; x64) AppleWebKit/537.36 (KHTML, like Gecko) Chrome/62.0.3202.94 Safari/537.36",72,"[0.8, 0.4, 0.2]","[0.9, 0.5, 0.1]","[u'red', u'black', u'blue']","[u'left', u'middle', u'right']","[0.8, 0.4, 0.2]","[u'low', u'medium', u'high']",blue,51,right,high,True,False,385,2250,NA
A30VLAIIJIG5IS,Sun Dec 03 2017 16:36:23 GMT-0500 (Eastern Standard Time),Sun Dec 03 2017 16:49:14 GMT-0500 (Eastern Standard Time),"Mozilla/5.0 (Windows NT 10.0; Win64; x64) AppleWebKit/537.36 (KHTML, like Gecko) Chrome/62.0.3202.94 Safari/537.36",73,"[0.8, 0.4, 0.2]","[0.9, 0.5, 0.1]","[u'red', u'black', u'blue']","[u'left', u'middle', u'right']","[0.8, 0.4, 0.2]","[u'low', u'medium', u'high']",blue,51,right,high,True,False,387,2350,NA
A30VLAIIJIG5IS,Sun Dec 03 2017 16:36:23 GMT-0500 (Eastern Standard Time),Sun Dec 03 2017 16:49:14 GMT-0500 (Eastern Standard Time),"Mozilla/5.0 (Windows NT 10.0; Win64; x64) AppleWebKit/537.36 (KHTML, like Gecko) Chrome/62.0.3202.94 Safari/537.36",74,"[0.8, 0.4, 0.2]","[0.9, 0.5, 0.1]","[u'red', u'black', u'blue']","[u'left', u'middle', u'right']","[0.8, 0.4, 0.2]","[u'low', u'medium', u'high']",blue,51,right,high,False,False,375,2300,NA
A30VLAIIJIG5IS,Sun Dec 03 2017 16:36:23 GMT-0500 (Eastern Standard Time),Sun Dec 03 2017 16:49:14 GMT-0500 (Eastern Standard Time),"Mozilla/5.0 (Windows NT 10.0; Win64; x64) AppleWebKit/537.36 (KHTML, like Gecko) Chrome/62.0.3202.94 Safari/537.36",75,"[0.8, 0.4, 0.2]","[0.9, 0.5, 0.1]","[u'red', u'black', u'blue']","[u'left', u'middle', u'right']","[0.8, 0.4, 0.2]","[u'low', u'medium', u'high']",blue,51,right,high,True,True,393,2400,NA
A30VLAIIJIG5IS,Sun Dec 03 2017 16:36:23 GMT-0500 (Eastern Standard Time),Sun Dec 03 2017 16:49:14 GMT-0500 (Eastern Standard Time),"Mozilla/5.0 (Windows NT 10.0; Win64; x64) AppleWebKit/537.36 (KHTML, like Gecko) Chrome/62.0.3202.94 Safari/537.36",76,"[0.8, 0.4, 0.2]","[0.9, 0.5, 0.1]","[u'red', u'black', u'blue']","[u'left', u'middle', u'right']","[0.8, 0.4, 0.2]","[u'low', u'high', u'medium']",blue,51,right,medium,True,False,312,2500,NA
A30VLAIIJIG5IS,Sun Dec 03 2017 16:36:23 GMT-0500 (Eastern Standard Time),Sun Dec 03 2017 16:49:14 GMT-0500 (Eastern Standard Time),"Mozilla/5.0 (Windows NT 10.0; Win64; x64) AppleWebKit/537.36 (KHTML, like Gecko) Chrome/62.0.3202.94 Safari/537.36",77,"[0.8, 0.4, 0.2]","[0.9, 0.5, 0.1]","[u'red', u'black', u'blue']","[u'left', u'middle', u'right']","[0.8, 0.4, 0.2]","[u'low', u'high', u'medium']",blue,51,right,medium,False,False,324,2450,NA
A30VLAIIJIG5IS,Sun Dec 03 2017 16:36:23 GMT-0500 (Eastern Standard Time),Sun Dec 03 2017 16:49:14 GMT-0500 (Eastern Standard Time),"Mozilla/5.0 (Windows NT 10.0; Win64; x64) AppleWebKit/537.36 (KHTML, like Gecko) Chrome/62.0.3202.94 Safari/537.36",78,"[0.8, 0.4, 0.2]","[0.9, 0.5, 0.1]","[u'red', u'black', u'blue']","[u'left', u'middle', u'right']","[0.8, 0.4, 0.2]","[u'low', u'high', u'medium']",blue,51,right,medium,True,False,399,2550,NA
A30VLAIIJIG5IS,Sun Dec 03 2017 16:36:23 GMT-0500 (Eastern Standard Time),Sun Dec 03 2017 16:49:14 GMT-0500 (Eastern Standard Time),"Mozilla/5.0 (Windows NT 10.0; Win64; x64) AppleWebKit/537.36 (KHTML, like Gecko) Chrome/62.0.3202.94 Safari/537.36",79,"[0.8, 0.4, 0.2]","[0.9, 0.5, 0.1]","[u'red', u'black', u'blue']","[u'left', u'middle', u'right']","[0.8, 0.4, 0.2]","[u'low', u'high', u'medium']",blue,51,right,medium,True,False,612,2650,NA
A30VLAIIJIG5IS,Sun Dec 03 2017 16:36:23 GMT-0500 (Eastern Standard Time),Sun Dec 03 2017 16:49:14 GMT-0500 (Eastern Standard Time),"Mozilla/5.0 (Windows NT 10.0; Win64; x64) AppleWebKit/537.36 (KHTML, like Gecko) Chrome/62.0.3202.94 Safari/537.36",80,"[0.8, 0.4, 0.2]","[0.9, 0.5, 0.1]","[u'red', u'black', u'blue']","[u'left', u'middle', u'right']","[0.8, 0.4, 0.2]","[u'low', u'high', u'medium']",blue,51,right,medium,True,False,351,2750,NA
A30VLAIIJIG5IS,Sun Dec 03 2017 16:36:23 GMT-0500 (Eastern Standard Time),Sun Dec 03 2017 16:49:14 GMT-0500 (Eastern Standard Time),"Mozilla/5.0 (Windows NT 10.0; Win64; x64) AppleWebKit/537.36 (KHTML, like Gecko) Chrome/62.0.3202.94 Safari/537.36",81,"[0.8, 0.4, 0.2]","[0.9, 0.5, 0.1]","[u'red', u'black', u'blue']","[u'left', u'middle', u'right']","[0.9, 0.5, 0.1]","[u'medium', u'low', u'high']",black,50,middle,low,True,False,432,2850,NA
A30VLAIIJIG5IS,Sun Dec 03 2017 16:36:23 GMT-0500 (Eastern Standard Time),Sun Dec 03 2017 16:49:14 GMT-0500 (Eastern Standard Time),"Mozilla/5.0 (Windows NT 10.0; Win64; x64) AppleWebKit/537.36 (KHTML, like Gecko) Chrome/62.0.3202.94 Safari/537.36",82,"[0.8, 0.4, 0.2]","[0.9, 0.5, 0.1]","[u'red', u'black', u'blue']","[u'left', u'middle', u'right']","[0.9, 0.5, 0.1]","[u'medium', u'low', u'high']",black,50,middle,low,False,False,322,2800,NA
A30VLAIIJIG5IS,Sun Dec 03 2017 16:36:23 GMT-0500 (Eastern Standard Time),Sun Dec 03 2017 16:49:14 GMT-0500 (Eastern Standard Time),"Mozilla/5.0 (Windows NT 10.0; Win64; x64) AppleWebKit/537.36 (KHTML, like Gecko) Chrome/62.0.3202.94 Safari/537.36",83,"[0.8, 0.4, 0.2]","[0.9, 0.5, 0.1]","[u'red', u'black', u'blue']","[u'left', u'middle', u'right']","[0.9, 0.5, 0.1]","[u'medium', u'low', u'high']",black,50,middle,low,False,False,336,2750,NA
A30VLAIIJIG5IS,Sun Dec 03 2017 16:36:23 GMT-0500 (Eastern Standard Time),Sun Dec 03 2017 16:49:14 GMT-0500 (Eastern Standard Time),"Mozilla/5.0 (Windows NT 10.0; Win64; x64) AppleWebKit/537.36 (KHTML, like Gecko) Chrome/62.0.3202.94 Safari/537.36",84,"[0.8, 0.4, 0.2]","[0.9, 0.5, 0.1]","[u'red', u'black', u'blue']","[u'left', u'middle', u'right']","[0.9, 0.5, 0.1]","[u'medium', u'low', u'high']",black,50,middle,low,False,False,282,2700,NA
A30VLAIIJIG5IS,Sun Dec 03 2017 16:36:23 GMT-0500 (Eastern Standard Time),Sun Dec 03 2017 16:49:14 GMT-0500 (Eastern Standard Time),"Mozilla/5.0 (Windows NT 10.0; Win64; x64) AppleWebKit/537.36 (KHTML, like Gecko) Chrome/62.0.3202.94 Safari/537.36",85,"[0.8, 0.4, 0.2]","[0.9, 0.5, 0.1]","[u'red', u'black', u'blue']","[u'left', u'middle', u'right']","[0.9, 0.5, 0.1]","[u'medium', u'low', u'high']",red,49,left,medium,True,False,781,2800,NA
A30VLAIIJIG5IS,Sun Dec 03 2017 16:36:23 GMT-0500 (Eastern Standard Time),Sun Dec 03 2017 16:49:14 GMT-0500 (Eastern Standard Time),"Mozilla/5.0 (Windows NT 10.0; Win64; x64) AppleWebKit/537.36 (KHTML, like Gecko) Chrome/62.0.3202.94 Safari/537.36",86,"[0.8, 0.4, 0.2]","[0.9, 0.5, 0.1]","[u'red', u'black', u'blue']","[u'left', u'middle', u'right']","[0.9, 0.5, 0.1]","[u'medium', u'low', u'high']",red,49,left,medium,True,False,342,2900,NA
A30VLAIIJIG5IS,Sun Dec 03 2017 16:36:23 GMT-0500 (Eastern Standard Time),Sun Dec 03 2017 16:49:14 GMT-0500 (Eastern Standard Time),"Mozilla/5.0 (Windows NT 10.0; Win64; x64) AppleWebKit/537.36 (KHTML, like Gecko) Chrome/62.0.3202.94 Safari/537.36",87,"[0.8, 0.4, 0.2]","[0.9, 0.5, 0.1]","[u'red', u'black', u'blue']","[u'left', u'middle', u'right']","[0.9, 0.5, 0.1]","[u'medium', u'low', u'high']",red,49,left,medium,False,False,325,2850,NA
A30VLAIIJIG5IS,Sun Dec 03 2017 16:36:23 GMT-0500 (Eastern Standard Time),Sun Dec 03 2017 16:49:14 GMT-0500 (Eastern Standard Time),"Mozilla/5.0 (Windows NT 10.0; Win64; x64) AppleWebKit/537.36 (KHTML, like Gecko) Chrome/62.0.3202.94 Safari/537.36",88,"[0.8, 0.4, 0.2]","[0.9, 0.5, 0.1]","[u'red', u'black', u'blue']","[u'left', u'middle', u'right']","[0.9, 0.5, 0.1]","[u'medium', u'low', u'high']",red,49,left,medium,False,False,346,2800,NA
A30VLAIIJIG5IS,Sun Dec 03 2017 16:36:23 GMT-0500 (Eastern Standard Time),Sun Dec 03 2017 16:49:14 GMT-0500 (Eastern Standard Time),"Mozilla/5.0 (Windows NT 10.0; Win64; x64) AppleWebKit/537.36 (KHTML, like Gecko) Chrome/62.0.3202.94 Safari/537.36",89,"[0.8, 0.4, 0.2]","[0.9, 0.5, 0.1]","[u'red', u'black', u'blue']","[u'left', u'middle', u'right']","[0.9, 0.5, 0.1]","[u'medium', u'low', u'high']",red,49,left,medium,False,False,109,2750,NA
A30VLAIIJIG5IS,Sun Dec 03 2017 16:36:23 GMT-0500 (Eastern Standard Time),Sun Dec 03 2017 16:49:14 GMT-0500 (Eastern Standard Time),"Mozilla/5.0 (Windows NT 10.0; Win64; x64) AppleWebKit/537.36 (KHTML, like Gecko) Chrome/62.0.3202.94 Safari/537.36",90,"[0.8, 0.4, 0.2]","[0.9, 0.5, 0.1]","[u'red', u'black', u'blue']","[u'left', u'middle', u'right']","[0.9, 0.5, 0.1]","[u'medium', u'low', u'high']",red,49,left,medium,True,False,36,2850,NA
A30VLAIIJIG5IS,Sun Dec 03 2017 16:36:23 GMT-0500 (Eastern Standard Time),Sun Dec 03 2017 16:49:14 GMT-0500 (Eastern Standard Time),"Mozilla/5.0 (Windows NT 10.0; Win64; x64) AppleWebKit/537.36 (KHTML, like Gecko) Chrome/62.0.3202.94 Safari/537.36",91,"[0.8, 0.4, 0.2]","[0.9, 0.5, 0.1]","[u'red', u'black', u'blue']","[u'left', u'middle', u'right']","[0.9, 0.5, 0.1]","[u'medium', u'low', u'high']",red,49,left,medium,False,False,544,2800,NA
A30VLAIIJIG5IS,Sun Dec 03 2017 16:36:23 GMT-0500 (Eastern Standard Time),Sun Dec 03 2017 16:49:14 GMT-0500 (Eastern Standard Time),"Mozilla/5.0 (Windows NT 10.0; Win64; x64) AppleWebKit/537.36 (KHTML, like Gecko) Chrome/62.0.3202.94 Safari/537.36",92,"[0.8, 0.4, 0.2]","[0.9, 0.5, 0.1]","[u'red', u'black', u'blue']","[u'left', u'middle', u'right']","[0.9, 0.5, 0.1]","[u'medium', u'low', u'high']",blue,51,right,high,True,False,360,2900,NA
A30VLAIIJIG5IS,Sun Dec 03 2017 16:36:23 GMT-0500 (Eastern Standard Time),Sun Dec 03 2017 16:49:14 GMT-0500 (Eastern Standard Time),"Mozilla/5.0 (Windows NT 10.0; Win64; x64) AppleWebKit/537.36 (KHTML, like Gecko) Chrome/62.0.3202.94 Safari/537.36",93,"[0.8, 0.4, 0.2]","[0.9, 0.5, 0.1]","[u'red', u'black', u'blue']","[u'left', u'middle', u'right']","[0.9, 0.5, 0.1]","[u'medium', u'low', u'high']",blue,51,right,high,True,False,258,3000,NA
A30VLAIIJIG5IS,Sun Dec 03 2017 16:36:23 GMT-0500 (Eastern Standard Time),Sun Dec 03 2017 16:49:14 GMT-0500 (Eastern Standard Time),"Mozilla/5.0 (Windows NT 10.0; Win64; x64) AppleWebKit/537.36 (KHTML, like Gecko) Chrome/62.0.3202.94 Safari/537.36",94,"[0.8, 0.4, 0.2]","[0.9, 0.5, 0.1]","[u'red', u'black', u'blue']","[u'left', u'middle', u'right']","[0.9, 0.5, 0.1]","[u'medium', u'low', u'high']",blue,51,right,high,True,False,312,3100,NA
A30VLAIIJIG5IS,Sun Dec 03 2017 16:36:23 GMT-0500 (Eastern Standard Time),Sun Dec 03 2017 16:49:14 GMT-0500 (Eastern Standard Time),"Mozilla/5.0 (Windows NT 10.0; Win64; x64) AppleWebKit/537.36 (KHTML, like Gecko) Chrome/62.0.3202.94 Safari/537.36",95,"[0.8, 0.4, 0.2]","[0.9, 0.5, 0.1]","[u'red', u'black', u'blue']","[u'left', u'middle', u'right']","[0.9, 0.5, 0.1]","[u'medium', u'low', u'high']",blue,51,right,high,True,False,307,3200,NA
A30VLAIIJIG5IS,Sun Dec 03 2017 16:36:23 GMT-0500 (Eastern Standard Time),Sun Dec 03 2017 16:49:14 GMT-0500 (Eastern Standard Time),"Mozilla/5.0 (Windows NT 10.0; Win64; x64) AppleWebKit/537.36 (KHTML, like Gecko) Chrome/62.0.3202.94 Safari/537.36",96,"[0.8, 0.4, 0.2]","[0.9, 0.5, 0.1]","[u'red', u'black', u'blue']","[u'left', u'middle', u'right']","[0.9, 0.5, 0.1]","[u'medium', u'low', u'high']",blue,51,right,high,True,False,286,3300,NA
A30VLAIIJIG5IS,Sun Dec 03 2017 16:36:23 GMT-0500 (Eastern Standard Time),Sun Dec 03 2017 16:49:14 GMT-0500 (Eastern Standard Time),"Mozilla/5.0 (Windows NT 10.0; Win64; x64) AppleWebKit/537.36 (KHTML, like Gecko) Chrome/62.0.3202.94 Safari/537.36",97,"[0.8, 0.4, 0.2]","[0.9, 0.5, 0.1]","[u'red', u'black', u'blue']","[u'left', u'middle', u'right']","[0.9, 0.5, 0.1]","[u'medium', u'low', u'high']",blue,51,right,high,True,False,297,3400,NA
A30VLAIIJIG5IS,Sun Dec 03 2017 16:36:23 GMT-0500 (Eastern Standard Time),Sun Dec 03 2017 16:49:14 GMT-0500 (Eastern Standard Time),"Mozilla/5.0 (Windows NT 10.0; Win64; x64) AppleWebKit/537.36 (KHTML, like Gecko) Chrome/62.0.3202.94 Safari/537.36",98,"[0.8, 0.4, 0.2]","[0.9, 0.5, 0.1]","[u'red', u'black', u'blue']","[u'left', u'middle', u'right']","[0.9, 0.5, 0.1]","[u'medium', u'low', u'high']",blue,51,right,high,True,False,333,3500,NA
A30VLAIIJIG5IS,Sun Dec 03 2017 16:36:23 GMT-0500 (Eastern Standard Time),Sun Dec 03 2017 16:49:14 GMT-0500 (Eastern Standard Time),"Mozilla/5.0 (Windows NT 10.0; Win64; x64) AppleWebKit/537.36 (KHTML, like Gecko) Chrome/62.0.3202.94 Safari/537.36",99,"[0.8, 0.4, 0.2]","[0.9, 0.5, 0.1]","[u'red', u'black', u'blue']","[u'left', u'middle', u'right']","[0.9, 0.5, 0.1]","[u'medium', u'low', u'high']",blue,51,right,high,True,False,458,3600,NA
A30VLAIIJIG5IS,Sun Dec 03 2017 16:36:23 GMT-0500 (Eastern Standard Time),Sun Dec 03 2017 16:49:14 GMT-0500 (Eastern Standard Time),"Mozilla/5.0 (Windows NT 10.0; Win64; x64) AppleWebKit/537.36 (KHTML, like Gecko) Chrome/62.0.3202.94 Safari/537.36",100,"[0.8, 0.4, 0.2]","[0.9, 0.5, 0.1]","[u'red', u'black', u'blue']","[u'left', u'middle', u'right']","[0.9, 0.5, 0.1]","[u'medium', u'low', u'high']",blue,51,right,high,True,True,357,3700,NA
A30VLAIIJIG5IS,Sun Dec 03 2017 16:36:23 GMT-0500 (Eastern Standard Time),Sun Dec 03 2017 16:49:14 GMT-0500 (Eastern Standard Time),"Mozilla/5.0 (Windows NT 10.0; Win64; x64) AppleWebKit/537.36 (KHTML, like Gecko) Chrome/62.0.3202.94 Safari/537.36",101,"[0.8, 0.4, 0.2]","[0.9, 0.5, 0.1]","[u'red', u'black', u'blue']","[u'left', u'middle', u'right']","[0.9, 0.5, 0.1]","[u'high', u'low', u'medium']",blue,51,right,medium,False,False,303,3650,NA
A30VLAIIJIG5IS,Sun Dec 03 2017 16:36:23 GMT-0500 (Eastern Standard Time),Sun Dec 03 2017 16:49:14 GMT-0500 (Eastern Standard Time),"Mozilla/5.0 (Windows NT 10.0; Win64; x64) AppleWebKit/537.36 (KHTML, like Gecko) Chrome/62.0.3202.94 Safari/537.36",102,"[0.8, 0.4, 0.2]","[0.9, 0.5, 0.1]","[u'red', u'black', u'blue']","[u'left', u'middle', u'right']","[0.9, 0.5, 0.1]","[u'high', u'low', u'medium']",blue,51,right,medium,True,False,341,3750,NA
A30VLAIIJIG5IS,Sun Dec 03 2017 16:36:23 GMT-0500 (Eastern Standard Time),Sun Dec 03 2017 16:49:14 GMT-0500 (Eastern Standard Time),"Mozilla/5.0 (Windows NT 10.0; Win64; x64) AppleWebKit/537.36 (KHTML, like Gecko) Chrome/62.0.3202.94 Safari/537.36",103,"[0.8, 0.4, 0.2]","[0.9, 0.5, 0.1]","[u'red', u'black', u'blue']","[u'left', u'middle', u'right']","[0.9, 0.5, 0.1]","[u'high', u'low', u'medium']",blue,51,right,medium,False,False,291,3700,NA
A30VLAIIJIG5IS,Sun Dec 03 2017 16:36:23 GMT-0500 (Eastern Standard Time),Sun Dec 03 2017 16:49:14 GMT-0500 (Eastern Standard Time),"Mozilla/5.0 (Windows NT 10.0; Win64; x64) AppleWebKit/537.36 (KHTML, like Gecko) Chrome/62.0.3202.94 Safari/537.36",104,"[0.8, 0.4, 0.2]","[0.9, 0.5, 0.1]","[u'red', u'black', u'blue']","[u'left', u'middle', u'right']","[0.9, 0.5, 0.1]","[u'high', u'low', u'medium']",blue,51,right,medium,True,False,329,3800,NA
A30VLAIIJIG5IS,Sun Dec 03 2017 16:36:23 GMT-0500 (Eastern Standard Time),Sun Dec 03 2017 16:49:14 GMT-0500 (Eastern Standard Time),"Mozilla/5.0 (Windows NT 10.0; Win64; x64) AppleWebKit/537.36 (KHTML, like Gecko) Chrome/62.0.3202.94 Safari/537.36",105,"[0.8, 0.4, 0.2]","[0.9, 0.5, 0.1]","[u'red', u'black', u'blue']","[u'left', u'middle', u'right']","[0.9, 0.5, 0.1]","[u'high', u'low', u'medium']",blue,51,right,medium,False,False,360,3750,NA
A30VLAIIJIG5IS,Sun Dec 03 2017 16:36:23 GMT-0500 (Eastern Standard Time),Sun Dec 03 2017 16:49:14 GMT-0500 (Eastern Standard Time),"Mozilla/5.0 (Windows NT 10.0; Win64; x64) AppleWebKit/537.36 (KHTML, like Gecko) Chrome/62.0.3202.94 Safari/537.36",106,"[0.8, 0.4, 0.2]","[0.9, 0.5, 0.1]","[u'red', u'black', u'blue']","[u'left', u'middle', u'right']","[0.9, 0.5, 0.1]","[u'high', u'low', u'medium']",blue,51,right,medium,False,False,333,3700,NA
A30VLAIIJIG5IS,Sun Dec 03 2017 16:36:23 GMT-0500 (Eastern Standard Time),Sun Dec 03 2017 16:49:14 GMT-0500 (Eastern Standard Time),"Mozilla/5.0 (Windows NT 10.0; Win64; x64) AppleWebKit/537.36 (KHTML, like Gecko) Chrome/62.0.3202.94 Safari/537.36",107,"[0.8, 0.4, 0.2]","[0.9, 0.5, 0.1]","[u'red', u'black', u'blue']","[u'left', u'middle', u'right']","[0.9, 0.5, 0.1]","[u'high', u'low', u'medium']",blue,51,right,medium,True,False,171,3800,NA
A30VLAIIJIG5IS,Sun Dec 03 2017 16:36:23 GMT-0500 (Eastern Standard Time),Sun Dec 03 2017 16:49:14 GMT-0500 (Eastern Standard Time),"Mozilla/5.0 (Windows NT 10.0; Win64; x64) AppleWebKit/537.36 (KHTML, like Gecko) Chrome/62.0.3202.94 Safari/537.36",108,"[0.8, 0.4, 0.2]","[0.9, 0.5, 0.1]","[u'red', u'black', u'blue']","[u'left', u'middle', u'right']","[0.9, 0.5, 0.1]","[u'high', u'low', u'medium']",blue,51,right,medium,False,False,353,3750,NA
A30VLAIIJIG5IS,Sun Dec 03 2017 16:36:23 GMT-0500 (Eastern Standard Time),Sun Dec 03 2017 16:49:14 GMT-0500 (Eastern Standard Time),"Mozilla/5.0 (Windows NT 10.0; Win64; x64) AppleWebKit/537.36 (KHTML, like Gecko) Chrome/62.0.3202.94 Safari/537.36",109,"[0.8, 0.4, 0.2]","[0.9, 0.5, 0.1]","[u'red', u'black', u'blue']","[u'left', u'middle', u'right']","[0.9, 0.5, 0.1]","[u'high', u'low', u'medium']",blue,51,right,medium,True,False,172,3850,NA
A30VLAIIJIG5IS,Sun Dec 03 2017 16:36:23 GMT-0500 (Eastern Standard Time),Sun Dec 03 2017 16:49:14 GMT-0500 (Eastern Standard Time),"Mozilla/5.0 (Windows NT 10.0; Win64; x64) AppleWebKit/537.36 (KHTML, like Gecko) Chrome/62.0.3202.94 Safari/537.36",110,"[0.8, 0.4, 0.2]","[0.9, 0.5, 0.1]","[u'red', u'black', u'blue']","[u'left', u'middle', u'right']","[0.9, 0.5, 0.1]","[u'high', u'low', u'medium']",blue,51,right,medium,True,False,349,3950,NA
A30VLAIIJIG5IS,Sun Dec 03 2017 16:36:23 GMT-0500 (Eastern Standard Time),Sun Dec 03 2017 16:49:14 GMT-0500 (Eastern Standard Time),"Mozilla/5.0 (Windows NT 10.0; Win64; x64) AppleWebKit/537.36 (KHTML, like Gecko) Chrome/62.0.3202.94 Safari/537.36",111,"[0.8, 0.4, 0.2]","[0.9, 0.5, 0.1]","[u'red', u'black', u'blue']","[u'left', u'middle', u'right']","[0.9, 0.5, 0.1]","[u'high', u'low', u'medium']",blue,51,right,medium,True,False,280,4050,NA
A30VLAIIJIG5IS,Sun Dec 03 2017 16:36:23 GMT-0500 (Eastern Standard Time),Sun Dec 03 2017 16:49:14 GMT-0500 (Eastern Standard Time),"Mozilla/5.0 (Windows NT 10.0; Win64; x64) AppleWebKit/537.36 (KHTML, like Gecko) Chrome/62.0.3202.94 Safari/537.36",112,"[0.8, 0.4, 0.2]","[0.9, 0.5, 0.1]","[u'red', u'black', u'blue']","[u'left', u'middle', u'right']","[0.9, 0.5, 0.1]","[u'high', u'low', u'medium']",blue,51,right,medium,True,False,312,4150,NA
A30VLAIIJIG5IS,Sun Dec 03 2017 16:36:23 GMT-0500 (Eastern Standard Time),Sun Dec 03 2017 16:49:14 GMT-0500 (Eastern Standard Time),"Mozilla/5.0 (Windows NT 10.0; Win64; x64) AppleWebKit/537.36 (KHTML, like Gecko) Chrome/62.0.3202.94 Safari/537.36",113,"[0.8, 0.4, 0.2]","[0.9, 0.5, 0.1]","[u'red', u'black', u'blue']","[u'left', u'middle', u'right']","[0.9, 0.5, 0.1]","[u'high', u'low', u'medium']",blue,51,right,medium,False,False,343,4100,NA
A30VLAIIJIG5IS,Sun Dec 03 2017 16:36:23 GMT-0500 (Eastern Standard Time),Sun Dec 03 2017 16:49:14 GMT-0500 (Eastern Standard Time),"Mozilla/5.0 (Windows NT 10.0; Win64; x64) AppleWebKit/537.36 (KHTML, like Gecko) Chrome/62.0.3202.94 Safari/537.36",114,"[0.8, 0.4, 0.2]","[0.9, 0.5, 0.1]","[u'red', u'black', u'blue']","[u'left', u'middle', u'right']","[0.9, 0.5, 0.1]","[u'high', u'low', u'medium']",blue,51,right,medium,False,False,273,4050,NA
A30VLAIIJIG5IS,Sun Dec 03 2017 16:36:23 GMT-0500 (Eastern Standard Time),Sun Dec 03 2017 16:49:14 GMT-0500 (Eastern Standard Time),"Mozilla/5.0 (Windows NT 10.0; Win64; x64) AppleWebKit/537.36 (KHTML, like Gecko) Chrome/62.0.3202.94 Safari/537.36",115,"[0.8, 0.4, 0.2]","[0.9, 0.5, 0.1]","[u'red', u'black', u'blue']","[u'left', u'middle', u'right']","[0.9, 0.5, 0.1]","[u'high', u'low', u'medium']",blue,51,right,medium,True,False,202,4150,NA
A30VLAIIJIG5IS,Sun Dec 03 2017 16:36:23 GMT-0500 (Eastern Standard Time),Sun Dec 03 2017 16:49:14 GMT-0500 (Eastern Standard Time),"Mozilla/5.0 (Windows NT 10.0; Win64; x64) AppleWebKit/537.36 (KHTML, like Gecko) Chrome/62.0.3202.94 Safari/537.36",116,"[0.8, 0.4, 0.2]","[0.9, 0.5, 0.1]","[u'red', u'black', u'blue']","[u'left', u'middle', u'right']","[0.9, 0.5, 0.1]","[u'high', u'low', u'medium']",blue,51,right,medium,False,False,322,4100,NA
A30VLAIIJIG5IS,Sun Dec 03 2017 16:36:23 GMT-0500 (Eastern Standard Time),Sun Dec 03 2017 16:49:14 GMT-0500 (Eastern Standard Time),"Mozilla/5.0 (Windows NT 10.0; Win64; x64) AppleWebKit/537.36 (KHTML, like Gecko) Chrome/62.0.3202.94 Safari/537.36",117,"[0.8, 0.4, 0.2]","[0.9, 0.5, 0.1]","[u'red', u'black', u'blue']","[u'left', u'middle', u'right']","[0.9, 0.5, 0.1]","[u'high', u'low', u'medium']",blue,51,right,medium,False,False,218,4050,NA
A30VLAIIJIG5IS,Sun Dec 03 2017 16:36:23 GMT-0500 (Eastern Standard Time),Sun Dec 03 2017 16:49:14 GMT-0500 (Eastern Standard Time),"Mozilla/5.0 (Windows NT 10.0; Win64; x64) AppleWebKit/537.36 (KHTML, like Gecko) Chrome/62.0.3202.94 Safari/537.36",118,"[0.8, 0.4, 0.2]","[0.9, 0.5, 0.1]","[u'red', u'black', u'blue']","[u'left', u'middle', u'right']","[0.9, 0.5, 0.1]","[u'high', u'low', u'medium']",black,50,middle,low,False,False,656,4000,NA
A30VLAIIJIG5IS,Sun Dec 03 2017 16:36:23 GMT-0500 (Eastern Standard Time),Sun Dec 03 2017 16:49:14 GMT-0500 (Eastern Standard Time),"Mozilla/5.0 (Windows NT 10.0; Win64; x64) AppleWebKit/537.36 (KHTML, like Gecko) Chrome/62.0.3202.94 Safari/537.36",119,"[0.8, 0.4, 0.2]","[0.9, 0.5, 0.1]","[u'red', u'black', u'blue']","[u'left', u'middle', u'right']","[0.9, 0.5, 0.1]","[u'high', u'low', u'medium']",red,49,left,high,True,False,353,4100,NA
A30VLAIIJIG5IS,Sun Dec 03 2017 16:36:23 GMT-0500 (Eastern Standard Time),Sun Dec 03 2017 16:49:14 GMT-0500 (Eastern Standard Time),"Mozilla/5.0 (Windows NT 10.0; Win64; x64) AppleWebKit/537.36 (KHTML, like Gecko) Chrome/62.0.3202.94 Safari/537.36",120,"[0.8, 0.4, 0.2]","[0.9, 0.5, 0.1]","[u'red', u'black', u'blue']","[u'left', u'middle', u'right']","[0.9, 0.5, 0.1]","[u'high', u'low', u'medium']",red,49,left,high,True,False,282,4200,NA
A30VLAIIJIG5IS,Sun Dec 03 2017 16:36:23 GMT-0500 (Eastern Standard Time),Sun Dec 03 2017 16:49:14 GMT-0500 (Eastern Standard Time),"Mozilla/5.0 (Windows NT 10.0; Win64; x64) AppleWebKit/537.36 (KHTML, like Gecko) Chrome/62.0.3202.94 Safari/537.36",121,"[0.8, 0.4, 0.2]","[0.9, 0.5, 0.1]","[u'red', u'black', u'blue']","[u'left', u'middle', u'right']","[0.9, 0.5, 0.1]","[u'low', u'high', u'medium']",red,49,left,low,False,False,408,4150,NA
A30VLAIIJIG5IS,Sun Dec 03 2017 16:36:23 GMT-0500 (Eastern Standard Time),Sun Dec 03 2017 16:49:14 GMT-0500 (Eastern Standard Time),"Mozilla/5.0 (Windows NT 10.0; Win64; x64) AppleWebKit/537.36 (KHTML, like Gecko) Chrome/62.0.3202.94 Safari/537.36",122,"[0.8, 0.4, 0.2]","[0.9, 0.5, 0.1]","[u'red', u'black', u'blue']","[u'left', u'middle', u'right']","[0.9, 0.5, 0.1]","[u'low', u'high', u'medium']",black,50,middle,high,True,False,360,4250,NA
A30VLAIIJIG5IS,Sun Dec 03 2017 16:36:23 GMT-0500 (Eastern Standard Time),Sun Dec 03 2017 16:49:14 GMT-0500 (Eastern Standard Time),"Mozilla/5.0 (Windows NT 10.0; Win64; x64) AppleWebKit/537.36 (KHTML, like Gecko) Chrome/62.0.3202.94 Safari/537.36",123,"[0.8, 0.4, 0.2]","[0.9, 0.5, 0.1]","[u'red', u'black', u'blue']","[u'left', u'middle', u'right']","[0.9, 0.5, 0.1]","[u'low', u'high', u'medium']",black,50,middle,high,True,False,344,4350,NA
A30VLAIIJIG5IS,Sun Dec 03 2017 16:36:23 GMT-0500 (Eastern Standard Time),Sun Dec 03 2017 16:49:14 GMT-0500 (Eastern Standard Time),"Mozilla/5.0 (Windows NT 10.0; Win64; x64) AppleWebKit/537.36 (KHTML, like Gecko) Chrome/62.0.3202.94 Safari/537.36",124,"[0.8, 0.4, 0.2]","[0.9, 0.5, 0.1]","[u'red', u'black', u'blue']","[u'left', u'middle', u'right']","[0.9, 0.5, 0.1]","[u'low', u'high', u'medium']",black,50,middle,high,True,False,293,4450,NA
A30VLAIIJIG5IS,Sun Dec 03 2017 16:36:23 GMT-0500 (Eastern Standard Time),Sun Dec 03 2017 16:49:14 GMT-0500 (Eastern Standard Time),"Mozilla/5.0 (Windows NT 10.0; Win64; x64) AppleWebKit/537.36 (KHTML, like Gecko) Chrome/62.0.3202.94 Safari/537.36",125,"[0.8, 0.4, 0.2]","[0.9, 0.5, 0.1]","[u'red', u'black', u'blue']","[u'left', u'middle', u'right']","[0.9, 0.5, 0.1]","[u'low', u'high', u'medium']",black,50,middle,high,True,False,218,4550,NA
A30VLAIIJIG5IS,Sun Dec 03 2017 16:36:23 GMT-0500 (Eastern Standard Time),Sun Dec 03 2017 16:49:14 GMT-0500 (Eastern Standard Time),"Mozilla/5.0 (Windows NT 10.0; Win64; x64) AppleWebKit/537.36 (KHTML, like Gecko) Chrome/62.0.3202.94 Safari/537.36",126,"[0.8, 0.4, 0.2]","[0.9, 0.5, 0.1]","[u'red', u'black', u'blue']","[u'left', u'middle', u'right']","[0.9, 0.5, 0.1]","[u'low', u'high', u'medium']",black,50,middle,high,True,False,375,4650,NA
A30VLAIIJIG5IS,Sun Dec 03 2017 16:36:23 GMT-0500 (Eastern Standard Time),Sun Dec 03 2017 16:49:14 GMT-0500 (Eastern Standard Time),"Mozilla/5.0 (Windows NT 10.0; Win64; x64) AppleWebKit/537.36 (KHTML, like Gecko) Chrome/62.0.3202.94 Safari/537.36",127,"[0.8, 0.4, 0.2]","[0.9, 0.5, 0.1]","[u'red', u'black', u'blue']","[u'left', u'middle', u'right']","[0.9, 0.5, 0.1]","[u'low', u'high', u'medium']",black,50,middle,high,True,False,327,4750,NA
A30VLAIIJIG5IS,Sun Dec 03 2017 16:36:23 GMT-0500 (Eastern Standard Time),Sun Dec 03 2017 16:49:14 GMT-0500 (Eastern Standard Time),"Mozilla/5.0 (Windows NT 10.0; Win64; x64) AppleWebKit/537.36 (KHTML, like Gecko) Chrome/62.0.3202.94 Safari/537.36",128,"[0.8, 0.4, 0.2]","[0.9, 0.5, 0.1]","[u'red', u'black', u'blue']","[u'left', u'middle', u'right']","[0.9, 0.5, 0.1]","[u'low', u'high', u'medium']",black,50,middle,high,True,False,403,4850,NA
A30VLAIIJIG5IS,Sun Dec 03 2017 16:36:23 GMT-0500 (Eastern Standard Time),Sun Dec 03 2017 16:49:14 GMT-0500 (Eastern Standard Time),"Mozilla/5.0 (Windows NT 10.0; Win64; x64) AppleWebKit/537.36 (KHTML, like Gecko) Chrome/62.0.3202.94 Safari/537.36",129,"[0.8, 0.4, 0.2]","[0.9, 0.5, 0.1]","[u'red', u'black', u'blue']","[u'left', u'middle', u'right']","[0.9, 0.5, 0.1]","[u'low', u'high', u'medium']",black,50,middle,high,True,False,428,4950,NA
A30VLAIIJIG5IS,Sun Dec 03 2017 16:36:23 GMT-0500 (Eastern Standard Time),Sun Dec 03 2017 16:49:14 GMT-0500 (Eastern Standard Time),"Mozilla/5.0 (Windows NT 10.0; Win64; x64) AppleWebKit/537.36 (KHTML, like Gecko) Chrome/62.0.3202.94 Safari/537.36",130,"[0.8, 0.4, 0.2]","[0.9, 0.5, 0.1]","[u'red', u'black', u'blue']","[u'left', u'middle', u'right']","[0.9, 0.5, 0.1]","[u'low', u'high', u'medium']",black,50,middle,high,True,True,396,5050,NA
A30VLAIIJIG5IS,Sun Dec 03 2017 16:36:23 GMT-0500 (Eastern Standard Time),Sun Dec 03 2017 16:49:14 GMT-0500 (Eastern Standard Time),"Mozilla/5.0 (Windows NT 10.0; Win64; x64) AppleWebKit/537.36 (KHTML, like Gecko) Chrome/62.0.3202.94 Safari/537.36",131,"[0.8, 0.4, 0.2]","[0.9, 0.5, 0.1]","[u'red', u'black', u'blue']","[u'left', u'middle', u'right']","[0.9, 0.5, 0.1]","[u'medium', u'low', u'high']",black,50,middle,low,False,False,354,5000,NA
A30VLAIIJIG5IS,Sun Dec 03 2017 16:36:23 GMT-0500 (Eastern Standard Time),Sun Dec 03 2017 16:49:14 GMT-0500 (Eastern Standard Time),"Mozilla/5.0 (Windows NT 10.0; Win64; x64) AppleWebKit/537.36 (KHTML, like Gecko) Chrome/62.0.3202.94 Safari/537.36",132,"[0.8, 0.4, 0.2]","[0.9, 0.5, 0.1]","[u'red', u'black', u'blue']","[u'left', u'middle', u'right']","[0.9, 0.5, 0.1]","[u'medium', u'low', u'high']",black,50,middle,low,False,False,348,4950,NA
A30VLAIIJIG5IS,Sun Dec 03 2017 16:36:23 GMT-0500 (Eastern Standard Time),Sun Dec 03 2017 16:49:14 GMT-0500 (Eastern Standard Time),"Mozilla/5.0 (Windows NT 10.0; Win64; x64) AppleWebKit/537.36 (KHTML, like Gecko) Chrome/62.0.3202.94 Safari/537.36",133,"[0.8, 0.4, 0.2]","[0.9, 0.5, 0.1]","[u'red', u'black', u'blue']","[u'left', u'middle', u'right']","[0.9, 0.5, 0.1]","[u'medium', u'low', u'high']",black,50,middle,low,False,False,385,4900,NA
A30VLAIIJIG5IS,Sun Dec 03 2017 16:36:23 GMT-0500 (Eastern Standard Time),Sun Dec 03 2017 16:49:14 GMT-0500 (Eastern Standard Time),"Mozilla/5.0 (Windows NT 10.0; Win64; x64) AppleWebKit/537.36 (KHTML, like Gecko) Chrome/62.0.3202.94 Safari/537.36",134,"[0.8, 0.4, 0.2]","[0.9, 0.5, 0.1]","[u'red', u'black', u'blue']","[u'left', u'middle', u'right']","[0.9, 0.5, 0.1]","[u'medium', u'low', u'high']",blue,51,right,high,True,False,337,5000,NA
A30VLAIIJIG5IS,Sun Dec 03 2017 16:36:23 GMT-0500 (Eastern Standard Time),Sun Dec 03 2017 16:49:14 GMT-0500 (Eastern Standard Time),"Mozilla/5.0 (Windows NT 10.0; Win64; x64) AppleWebKit/537.36 (KHTML, like Gecko) Chrome/62.0.3202.94 Safari/537.36",135,"[0.8, 0.4, 0.2]","[0.9, 0.5, 0.1]","[u'red', u'black', u'blue']","[u'left', u'middle', u'right']","[0.9, 0.5, 0.1]","[u'medium', u'low', u'high']",blue,51,right,high,True,False,394,5100,NA
A30VLAIIJIG5IS,Sun Dec 03 2017 16:36:23 GMT-0500 (Eastern Standard Time),Sun Dec 03 2017 16:49:14 GMT-0500 (Eastern Standard Time),"Mozilla/5.0 (Windows NT 10.0; Win64; x64) AppleWebKit/537.36 (KHTML, like Gecko) Chrome/62.0.3202.94 Safari/537.36",136,"[0.8, 0.4, 0.2]","[0.9, 0.5, 0.1]","[u'red', u'black', u'blue']","[u'left', u'middle', u'right']","[0.9, 0.5, 0.1]","[u'medium', u'low', u'high']",blue,51,right,high,True,False,374,5200,NA
A30VLAIIJIG5IS,Sun Dec 03 2017 16:36:23 GMT-0500 (Eastern Standard Time),Sun Dec 03 2017 16:49:14 GMT-0500 (Eastern Standard Time),"Mozilla/5.0 (Windows NT 10.0; Win64; x64) AppleWebKit/537.36 (KHTML, like Gecko) Chrome/62.0.3202.94 Safari/537.36",137,"[0.8, 0.4, 0.2]","[0.9, 0.5, 0.1]","[u'red', u'black', u'blue']","[u'left', u'middle', u'right']","[0.9, 0.5, 0.1]","[u'medium', u'low', u'high']",blue,51,right,high,True,False,324,5300,NA
A30VLAIIJIG5IS,Sun Dec 03 2017 16:36:23 GMT-0500 (Eastern Standard Time),Sun Dec 03 2017 16:49:14 GMT-0500 (Eastern Standard Time),"Mozilla/5.0 (Windows NT 10.0; Win64; x64) AppleWebKit/537.36 (KHTML, like Gecko) Chrome/62.0.3202.94 Safari/537.36",138,"[0.8, 0.4, 0.2]","[0.9, 0.5, 0.1]","[u'red', u'black', u'blue']","[u'left', u'middle', u'right']","[0.9, 0.5, 0.1]","[u'medium', u'low', u'high']",blue,51,right,high,True,False,410,5400,NA
A30VLAIIJIG5IS,Sun Dec 03 2017 16:36:23 GMT-0500 (Eastern Standard Time),Sun Dec 03 2017 16:49:14 GMT-0500 (Eastern Standard Time),"Mozilla/5.0 (Windows NT 10.0; Win64; x64) AppleWebKit/537.36 (KHTML, like Gecko) Chrome/62.0.3202.94 Safari/537.36",139,"[0.8, 0.4, 0.2]","[0.9, 0.5, 0.1]","[u'red', u'black', u'blue']","[u'left', u'middle', u'right']","[0.9, 0.5, 0.1]","[u'medium', u'low', u'high']",blue,51,right,high,True,False,307,5500,NA
A30VLAIIJIG5IS,Sun Dec 03 2017 16:36:23 GMT-0500 (Eastern Standard Time),Sun Dec 03 2017 16:49:14 GMT-0500 (Eastern Standard Time),"Mozilla/5.0 (Windows NT 10.0; Win64; x64) AppleWebKit/537.36 (KHTML, like Gecko) Chrome/62.0.3202.94 Safari/537.36",140,"[0.8, 0.4, 0.2]","[0.9, 0.5, 0.1]","[u'red', u'black', u'blue']","[u'left', u'middle', u'right']","[0.9, 0.5, 0.1]","[u'medium', u'low', u'high']",blue,51,right,high,True,False,318,5600,NA
A30VLAIIJIG5IS,Sun Dec 03 2017 16:36:23 GMT-0500 (Eastern Standard Time),Sun Dec 03 2017 16:49:14 GMT-0500 (Eastern Standard Time),"Mozilla/5.0 (Windows NT 10.0; Win64; x64) AppleWebKit/537.36 (KHTML, like Gecko) Chrome/62.0.3202.94 Safari/537.36",141,"[0.8, 0.4, 0.2]","[0.9, 0.5, 0.1]","[u'red', u'black', u'blue']","[u'left', u'middle', u'right']","[0.9, 0.5, 0.1]","[u'medium', u'low', u'high']",blue,51,right,high,False,False,327,5550,NA
A30VLAIIJIG5IS,Sun Dec 03 2017 16:36:23 GMT-0500 (Eastern Standard Time),Sun Dec 03 2017 16:49:14 GMT-0500 (Eastern Standard Time),"Mozilla/5.0 (Windows NT 10.0; Win64; x64) AppleWebKit/537.36 (KHTML, like Gecko) Chrome/62.0.3202.94 Safari/537.36",142,"[0.8, 0.4, 0.2]","[0.9, 0.5, 0.1]","[u'red', u'black', u'blue']","[u'left', u'middle', u'right']","[0.9, 0.5, 0.1]","[u'medium', u'low', u'high']",blue,51,right,high,True,True,294,5650,NA
A30VLAIIJIG5IS,Sun Dec 03 2017 16:36:23 GMT-0500 (Eastern Standard Time),Sun Dec 03 2017 16:49:14 GMT-0500 (Eastern Standard Time),"Mozilla/5.0 (Windows NT 10.0; Win64; x64) AppleWebKit/537.36 (KHTML, like Gecko) Chrome/62.0.3202.94 Safari/537.36",143,"[0.8, 0.4, 0.2]","[0.9, 0.5, 0.1]","[u'red', u'black', u'blue']","[u'left', u'middle', u'right']","[0.9, 0.5, 0.1]","[u'low', u'high', u'medium']",blue,51,right,medium,False,False,439,5600,NA
A30VLAIIJIG5IS,Sun Dec 03 2017 16:36:23 GMT-0500 (Eastern Standard Time),Sun Dec 03 2017 16:49:14 GMT-0500 (Eastern Standard Time),"Mozilla/5.0 (Windows NT 10.0; Win64; x64) AppleWebKit/537.36 (KHTML, like Gecko) Chrome/62.0.3202.94 Safari/537.36",144,"[0.8, 0.4, 0.2]","[0.9, 0.5, 0.1]","[u'red', u'black', u'blue']","[u'left', u'middle', u'right']","[0.9, 0.5, 0.1]","[u'low', u'high', u'medium']",blue,51,right,medium,True,False,401,5700,NA
A30VLAIIJIG5IS,Sun Dec 03 2017 16:36:23 GMT-0500 (Eastern Standard Time),Sun Dec 03 2017 16:49:14 GMT-0500 (Eastern Standard Time),"Mozilla/5.0 (Windows NT 10.0; Win64; x64) AppleWebKit/537.36 (KHTML, like Gecko) Chrome/62.0.3202.94 Safari/537.36",145,"[0.8, 0.4, 0.2]","[0.9, 0.5, 0.1]","[u'red', u'black', u'blue']","[u'left', u'middle', u'right']","[0.9, 0.5, 0.1]","[u'low', u'high', u'medium']",blue,51,right,medium,False,False,354,5650,NA
A30VLAIIJIG5IS,Sun Dec 03 2017 16:36:23 GMT-0500 (Eastern Standard Time),Sun Dec 03 2017 16:49:14 GMT-0500 (Eastern Standard Time),"Mozilla/5.0 (Windows NT 10.0; Win64; x64) AppleWebKit/537.36 (KHTML, like Gecko) Chrome/62.0.3202.94 Safari/537.36",146,"[0.8, 0.4, 0.2]","[0.9, 0.5, 0.1]","[u'red', u'black', u'blue']","[u'left', u'middle', u'right']","[0.9, 0.5, 0.1]","[u'low', u'high', u'medium']",red,49,left,low,False,False,396,5600,NA
A30VLAIIJIG5IS,Sun Dec 03 2017 16:36:23 GMT-0500 (Eastern Standard Time),Sun Dec 03 2017 16:49:14 GMT-0500 (Eastern Standard Time),"Mozilla/5.0 (Windows NT 10.0; Win64; x64) AppleWebKit/537.36 (KHTML, like Gecko) Chrome/62.0.3202.94 Safari/537.36",147,"[0.8, 0.4, 0.2]","[0.9, 0.5, 0.1]","[u'red', u'black', u'blue']","[u'left', u'middle', u'right']","[0.9, 0.5, 0.1]","[u'low', u'high', u'medium']",black,50,middle,high,True,False,319,5700,NA
A30VLAIIJIG5IS,Sun Dec 03 2017 16:36:23 GMT-0500 (Eastern Standard Time),Sun Dec 03 2017 16:49:14 GMT-0500 (Eastern Standard Time),"Mozilla/5.0 (Windows NT 10.0; Win64; x64) AppleWebKit/537.36 (KHTML, like Gecko) Chrome/62.0.3202.94 Safari/537.36",148,"[0.8, 0.4, 0.2]","[0.9, 0.5, 0.1]","[u'red', u'black', u'blue']","[u'left', u'middle', u'right']","[0.9, 0.5, 0.1]","[u'low', u'high', u'medium']",black,50,middle,high,False,False,327,5650,NA
A30VLAIIJIG5IS,Sun Dec 03 2017 16:36:23 GMT-0500 (Eastern Standard Time),Sun Dec 03 2017 16:49:14 GMT-0500 (Eastern Standard Time),"Mozilla/5.0 (Windows NT 10.0; Win64; x64) AppleWebKit/537.36 (KHTML, like Gecko) Chrome/62.0.3202.94 Safari/537.36",149,"[0.8, 0.4, 0.2]","[0.9, 0.5, 0.1]","[u'red', u'black', u'blue']","[u'left', u'middle', u'right']","[0.9, 0.5, 0.1]","[u'low', u'high', u'medium']",blue,51,right,medium,True,False,375,5750,NA
A30VLAIIJIG5IS,Sun Dec 03 2017 16:36:23 GMT-0500 (Eastern Standard Time),Sun Dec 03 2017 16:49:14 GMT-0500 (Eastern Standard Time),"Mozilla/5.0 (Windows NT 10.0; Win64; x64) AppleWebKit/537.36 (KHTML, like Gecko) Chrome/62.0.3202.94 Safari/537.36",150,"[0.8, 0.4, 0.2]","[0.9, 0.5, 0.1]","[u'red', u'black', u'blue']","[u'left', u'middle', u'right']","[0.9, 0.5, 0.1]","[u'low', u'high', u'medium']",blue,51,right,medium,False,False,319,5700,NA
A30VLAIIJIG5IS,Sun Dec 03 2017 16:36:23 GMT-0500 (Eastern Standard Time),Sun Dec 03 2017 16:49:14 GMT-0500 (Eastern Standard Time),"Mozilla/5.0 (Windows NT 10.0; Win64; x64) AppleWebKit/537.36 (KHTML, like Gecko) Chrome/62.0.3202.94 Safari/537.36",151,"[0.8, 0.4, 0.2]","[0.9, 0.5, 0.1]","[u'red', u'black', u'blue']","[u'left', u'middle', u'right']","[0.9, 0.5, 0.1]","[u'low', u'high', u'medium']",blue,51,right,medium,False,False,269,5650,NA
A30VLAIIJIG5IS,Sun Dec 03 2017 16:36:23 GMT-0500 (Eastern Standard Time),Sun Dec 03 2017 16:49:14 GMT-0500 (Eastern Standard Time),"Mozilla/5.0 (Windows NT 10.0; Win64; x64) AppleWebKit/537.36 (KHTML, like Gecko) Chrome/62.0.3202.94 Safari/537.36",152,"[0.8, 0.4, 0.2]","[0.9, 0.5, 0.1]","[u'red', u'black', u'blue']","[u'left', u'middle', u'right']","[0.9, 0.5, 0.1]","[u'low', u'high', u'medium']",black,50,middle,high,True,False,317,5750,NA
A30VLAIIJIG5IS,Sun Dec 03 2017 16:36:23 GMT-0500 (Eastern Standard Time),Sun Dec 03 2017 16:49:14 GMT-0500 (Eastern Standard Time),"Mozilla/5.0 (Windows NT 10.0; Win64; x64) AppleWebKit/537.36 (KHTML, like Gecko) Chrome/62.0.3202.94 Safari/537.36",153,"[0.8, 0.4, 0.2]","[0.9, 0.5, 0.1]","[u'red', u'black', u'blue']","[u'left', u'middle', u'right']","[0.9, 0.5, 0.1]","[u'low', u'high', u'medium']",black,50,middle,high,True,False,346,5850,NA
A30VLAIIJIG5IS,Sun Dec 03 2017 16:36:23 GMT-0500 (Eastern Standard Time),Sun Dec 03 2017 16:49:14 GMT-0500 (Eastern Standard Time),"Mozilla/5.0 (Windows NT 10.0; Win64; x64) AppleWebKit/537.36 (KHTML, like Gecko) Chrome/62.0.3202.94 Safari/537.36",154,"[0.8, 0.4, 0.2]","[0.9, 0.5, 0.1]","[u'red', u'black', u'blue']","[u'left', u'middle', u'right']","[0.9, 0.5, 0.1]","[u'low', u'high', u'medium']",black,50,middle,high,True,False,281,5950,NA
A30VLAIIJIG5IS,Sun Dec 03 2017 16:36:23 GMT-0500 (Eastern Standard Time),Sun Dec 03 2017 16:49:14 GMT-0500 (Eastern Standard Time),"Mozilla/5.0 (Windows NT 10.0; Win64; x64) AppleWebKit/537.36 (KHTML, like Gecko) Chrome/62.0.3202.94 Safari/537.36",155,"[0.8, 0.4, 0.2]","[0.9, 0.5, 0.1]","[u'red', u'black', u'blue']","[u'left', u'middle', u'right']","[0.9, 0.5, 0.1]","[u'low', u'high', u'medium']",black,50,middle,high,True,False,403,6050,NA
A30VLAIIJIG5IS,Sun Dec 03 2017 16:36:23 GMT-0500 (Eastern Standard Time),Sun Dec 03 2017 16:49:14 GMT-0500 (Eastern Standard Time),"Mozilla/5.0 (Windows NT 10.0; Win64; x64) AppleWebKit/537.36 (KHTML, like Gecko) Chrome/62.0.3202.94 Safari/537.36",156,"[0.8, 0.4, 0.2]","[0.9, 0.5, 0.1]","[u'red', u'black', u'blue']","[u'left', u'middle', u'right']","[0.9, 0.5, 0.1]","[u'low', u'high', u'medium']",black,50,middle,high,True,False,408,6150,NA
A30VLAIIJIG5IS,Sun Dec 03 2017 16:36:23 GMT-0500 (Eastern Standard Time),Sun Dec 03 2017 16:49:14 GMT-0500 (Eastern Standard Time),"Mozilla/5.0 (Windows NT 10.0; Win64; x64) AppleWebKit/537.36 (KHTML, like Gecko) Chrome/62.0.3202.94 Safari/537.36",157,"[0.8, 0.4, 0.2]","[0.9, 0.5, 0.1]","[u'red', u'black', u'blue']","[u'left', u'middle', u'right']","[0.9, 0.5, 0.1]","[u'low', u'high', u'medium']",black,50,middle,high,True,False,339,6250,NA
A30VLAIIJIG5IS,Sun Dec 03 2017 16:36:23 GMT-0500 (Eastern Standard Time),Sun Dec 03 2017 16:49:14 GMT-0500 (Eastern Standard Time),"Mozilla/5.0 (Windows NT 10.0; Win64; x64) AppleWebKit/537.36 (KHTML, like Gecko) Chrome/62.0.3202.94 Safari/537.36",158,"[0.8, 0.4, 0.2]","[0.9, 0.5, 0.1]","[u'red', u'black', u'blue']","[u'left', u'middle', u'right']","[0.9, 0.5, 0.1]","[u'low', u'high', u'medium']",black,50,middle,high,True,False,348,6350,NA
A30VLAIIJIG5IS,Sun Dec 03 2017 16:36:23 GMT-0500 (Eastern Standard Time),Sun Dec 03 2017 16:49:14 GMT-0500 (Eastern Standard Time),"Mozilla/5.0 (Windows NT 10.0; Win64; x64) AppleWebKit/537.36 (KHTML, like Gecko) Chrome/62.0.3202.94 Safari/537.36",159,"[0.8, 0.4, 0.2]","[0.9, 0.5, 0.1]","[u'red', u'black', u'blue']","[u'left', u'middle', u'right']","[0.9, 0.5, 0.1]","[u'low', u'high', u'medium']",black,50,middle,high,True,False,353,6450,NA
A30VLAIIJIG5IS,Sun Dec 03 2017 16:36:23 GMT-0500 (Eastern Standard Time),Sun Dec 03 2017 16:49:14 GMT-0500 (Eastern Standard Time),"Mozilla/5.0 (Windows NT 10.0; Win64; x64) AppleWebKit/537.36 (KHTML, like Gecko) Chrome/62.0.3202.94 Safari/537.36",160,"[0.8, 0.4, 0.2]","[0.9, 0.5, 0.1]","[u'red', u'black', u'blue']","[u'left', u'middle', u'right']","[0.9, 0.5, 0.1]","[u'low', u'high', u'medium']",black,50,middle,high,True,True,379,6550,NA
