A2Q1BZPQ1BFPSM,Mon Dec 04 2017 08:09:17 GMT-0500 (Eastern Standard Time),Mon Dec 04 2017 08:17:34 GMT-0500 (Eastern Standard Time),Mozilla/5.0 (Windows NT 10.0; WOW64; rv:52.0) Gecko/20100101 Firefox/52.0,1,"[0.9, 0.5, 0.1]","[0.8, 0.4, 0.2]","[u'black', u'blue', u'red']","[u'left', u'middle', u'right']","[0.9, 0.5, 0.1]","[u'low', u'high', u'medium']",black,49,left,low,False,False,2309,-50,NA
A2Q1BZPQ1BFPSM,Mon Dec 04 2017 08:09:17 GMT-0500 (Eastern Standard Time),Mon Dec 04 2017 08:17:34 GMT-0500 (Eastern Standard Time),Mozilla/5.0 (Windows NT 10.0; WOW64; rv:52.0) Gecko/20100101 Firefox/52.0,2,"[0.9, 0.5, 0.1]","[0.8, 0.4, 0.2]","[u'black', u'blue', u'red']","[u'left', u'middle', u'right']","[0.9, 0.5, 0.1]","[u'low', u'high', u'medium']",blue,50,middle,high,True,False,1072,50,NA
A2Q1BZPQ1BFPSM,Mon Dec 04 2017 08:09:17 GMT-0500 (Eastern Standard Time),Mon Dec 04 2017 08:17:34 GMT-0500 (Eastern Standard Time),Mozilla/5.0 (Windows NT 10.0; WOW64; rv:52.0) Gecko/20100101 Firefox/52.0,3,"[0.9, 0.5, 0.1]","[0.8, 0.4, 0.2]","[u'black', u'blue', u'red']","[u'left', u'middle', u'right']","[0.9, 0.5, 0.1]","[u'low', u'high', u'medium']",red,51,right,medium,True,False,1305,150,NA
A2Q1BZPQ1BFPSM,Mon Dec 04 2017 08:09:17 GMT-0500 (Eastern Standard Time),Mon Dec 04 2017 08:17:34 GMT-0500 (Eastern Standard Time),Mozilla/5.0 (Windows NT 10.0; WOW64; rv:52.0) Gecko/20100101 Firefox/52.0,4,"[0.9, 0.5, 0.1]","[0.8, 0.4, 0.2]","[u'black', u'blue', u'red']","[u'left', u'middle', u'right']","[0.9, 0.5, 0.1]","[u'low', u'high', u'medium']",red,51,right,medium,True,False,1313,250,NA
A2Q1BZPQ1BFPSM,Mon Dec 04 2017 08:09:17 GMT-0500 (Eastern Standard Time),Mon Dec 04 2017 08:17:34 GMT-0500 (Eastern Standard Time),Mozilla/5.0 (Windows NT 10.0; WOW64; rv:52.0) Gecko/20100101 Firefox/52.0,5,"[0.9, 0.5, 0.1]","[0.8, 0.4, 0.2]","[u'black', u'blue', u'red']","[u'left', u'middle', u'right']","[0.9, 0.5, 0.1]","[u'low', u'high', u'medium']",blue,50,middle,high,True,False,974,350,NA
A2Q1BZPQ1BFPSM,Mon Dec 04 2017 08:09:17 GMT-0500 (Eastern Standard Time),Mon Dec 04 2017 08:17:34 GMT-0500 (Eastern Standard Time),Mozilla/5.0 (Windows NT 10.0; WOW64; rv:52.0) Gecko/20100101 Firefox/52.0,6,"[0.9, 0.5, 0.1]","[0.8, 0.4, 0.2]","[u'black', u'blue', u'red']","[u'left', u'middle', u'right']","[0.9, 0.5, 0.1]","[u'low', u'high', u'medium']",red,51,right,medium,True,False,777,450,NA
A2Q1BZPQ1BFPSM,Mon Dec 04 2017 08:09:17 GMT-0500 (Eastern Standard Time),Mon Dec 04 2017 08:17:34 GMT-0500 (Eastern Standard Time),Mozilla/5.0 (Windows NT 10.0; WOW64; rv:52.0) Gecko/20100101 Firefox/52.0,7,"[0.9, 0.5, 0.1]","[0.8, 0.4, 0.2]","[u'black', u'blue', u'red']","[u'left', u'middle', u'right']","[0.9, 0.5, 0.1]","[u'low', u'high', u'medium']",blue,50,middle,high,True,False,709,550,NA
A2Q1BZPQ1BFPSM,Mon Dec 04 2017 08:09:17 GMT-0500 (Eastern Standard Time),Mon Dec 04 2017 08:17:34 GMT-0500 (Eastern Standard Time),Mozilla/5.0 (Windows NT 10.0; WOW64; rv:52.0) Gecko/20100101 Firefox/52.0,8,"[0.9, 0.5, 0.1]","[0.8, 0.4, 0.2]","[u'black', u'blue', u'red']","[u'left', u'middle', u'right']","[0.9, 0.5, 0.1]","[u'low', u'high', u'medium']",red,51,right,medium,False,False,840,500,NA
A2Q1BZPQ1BFPSM,Mon Dec 04 2017 08:09:17 GMT-0500 (Eastern Standard Time),Mon Dec 04 2017 08:17:34 GMT-0500 (Eastern Standard Time),Mozilla/5.0 (Windows NT 10.0; WOW64; rv:52.0) Gecko/20100101 Firefox/52.0,9,"[0.9, 0.5, 0.1]","[0.8, 0.4, 0.2]","[u'black', u'blue', u'red']","[u'left', u'middle', u'right']","[0.9, 0.5, 0.1]","[u'low', u'high', u'medium']",blue,50,middle,high,True,False,835,600,NA
A2Q1BZPQ1BFPSM,Mon Dec 04 2017 08:09:17 GMT-0500 (Eastern Standard Time),Mon Dec 04 2017 08:17:34 GMT-0500 (Eastern Standard Time),Mozilla/5.0 (Windows NT 10.0; WOW64; rv:52.0) Gecko/20100101 Firefox/52.0,10,"[0.9, 0.5, 0.1]","[0.8, 0.4, 0.2]","[u'black', u'blue', u'red']","[u'left', u'middle', u'right']","[0.9, 0.5, 0.1]","[u'low', u'high', u'medium']",blue,50,middle,high,True,False,791,700,NA
A2Q1BZPQ1BFPSM,Mon Dec 04 2017 08:09:17 GMT-0500 (Eastern Standard Time),Mon Dec 04 2017 08:17:34 GMT-0500 (Eastern Standard Time),Mozilla/5.0 (Windows NT 10.0; WOW64; rv:52.0) Gecko/20100101 Firefox/52.0,11,"[0.9, 0.5, 0.1]","[0.8, 0.4, 0.2]","[u'black', u'blue', u'red']","[u'left', u'middle', u'right']","[0.9, 0.5, 0.1]","[u'low', u'high', u'medium']",blue,50,middle,high,False,False,760,650,NA
A2Q1BZPQ1BFPSM,Mon Dec 04 2017 08:09:17 GMT-0500 (Eastern Standard Time),Mon Dec 04 2017 08:17:34 GMT-0500 (Eastern Standard Time),Mozilla/5.0 (Windows NT 10.0; WOW64; rv:52.0) Gecko/20100101 Firefox/52.0,12,"[0.9, 0.5, 0.1]","[0.8, 0.4, 0.2]","[u'black', u'blue', u'red']","[u'left', u'middle', u'right']","[0.9, 0.5, 0.1]","[u'low', u'high', u'medium']",blue,50,middle,high,True,False,1074,750,NA
A2Q1BZPQ1BFPSM,Mon Dec 04 2017 08:09:17 GMT-0500 (Eastern Standard Time),Mon Dec 04 2017 08:17:34 GMT-0500 (Eastern Standard Time),Mozilla/5.0 (Windows NT 10.0; WOW64; rv:52.0) Gecko/20100101 Firefox/52.0,13,"[0.9, 0.5, 0.1]","[0.8, 0.4, 0.2]","[u'black', u'blue', u'red']","[u'left', u'middle', u'right']","[0.9, 0.5, 0.1]","[u'low', u'high', u'medium']",blue,50,middle,high,True,False,725,850,NA
A2Q1BZPQ1BFPSM,Mon Dec 04 2017 08:09:17 GMT-0500 (Eastern Standard Time),Mon Dec 04 2017 08:17:34 GMT-0500 (Eastern Standard Time),Mozilla/5.0 (Windows NT 10.0; WOW64; rv:52.0) Gecko/20100101 Firefox/52.0,14,"[0.9, 0.5, 0.1]","[0.8, 0.4, 0.2]","[u'black', u'blue', u'red']","[u'left', u'middle', u'right']","[0.9, 0.5, 0.1]","[u'low', u'high', u'medium']",blue,50,middle,high,True,False,735,950,NA
A2Q1BZPQ1BFPSM,Mon Dec 04 2017 08:09:17 GMT-0500 (Eastern Standard Time),Mon Dec 04 2017 08:17:34 GMT-0500 (Eastern Standard Time),Mozilla/5.0 (Windows NT 10.0; WOW64; rv:52.0) Gecko/20100101 Firefox/52.0,15,"[0.9, 0.5, 0.1]","[0.8, 0.4, 0.2]","[u'black', u'blue', u'red']","[u'left', u'middle', u'right']","[0.9, 0.5, 0.1]","[u'low', u'high', u'medium']",blue,50,middle,high,True,False,651,1050,NA
A2Q1BZPQ1BFPSM,Mon Dec 04 2017 08:09:17 GMT-0500 (Eastern Standard Time),Mon Dec 04 2017 08:17:34 GMT-0500 (Eastern Standard Time),Mozilla/5.0 (Windows NT 10.0; WOW64; rv:52.0) Gecko/20100101 Firefox/52.0,16,"[0.9, 0.5, 0.1]","[0.8, 0.4, 0.2]","[u'black', u'blue', u'red']","[u'left', u'middle', u'right']","[0.9, 0.5, 0.1]","[u'low', u'high', u'medium']",blue,50,middle,high,True,False,657,1150,NA
A2Q1BZPQ1BFPSM,Mon Dec 04 2017 08:09:17 GMT-0500 (Eastern Standard Time),Mon Dec 04 2017 08:17:34 GMT-0500 (Eastern Standard Time),Mozilla/5.0 (Windows NT 10.0; WOW64; rv:52.0) Gecko/20100101 Firefox/52.0,17,"[0.9, 0.5, 0.1]","[0.8, 0.4, 0.2]","[u'black', u'blue', u'red']","[u'left', u'middle', u'right']","[0.9, 0.5, 0.1]","[u'low', u'high', u'medium']",blue,50,middle,high,True,True,450,1250,NA
A2Q1BZPQ1BFPSM,Mon Dec 04 2017 08:09:17 GMT-0500 (Eastern Standard Time),Mon Dec 04 2017 08:17:34 GMT-0500 (Eastern Standard Time),Mozilla/5.0 (Windows NT 10.0; WOW64; rv:52.0) Gecko/20100101 Firefox/52.0,18,"[0.9, 0.5, 0.1]","[0.8, 0.4, 0.2]","[u'black', u'blue', u'red']","[u'left', u'middle', u'right']","[0.9, 0.5, 0.1]","[u'high', u'medium', u'low']",blue,50,middle,medium,True,False,481,1350,NA
A2Q1BZPQ1BFPSM,Mon Dec 04 2017 08:09:17 GMT-0500 (Eastern Standard Time),Mon Dec 04 2017 08:17:34 GMT-0500 (Eastern Standard Time),Mozilla/5.0 (Windows NT 10.0; WOW64; rv:52.0) Gecko/20100101 Firefox/52.0,19,"[0.9, 0.5, 0.1]","[0.8, 0.4, 0.2]","[u'black', u'blue', u'red']","[u'left', u'middle', u'right']","[0.9, 0.5, 0.1]","[u'high', u'medium', u'low']",blue,50,middle,medium,False,False,445,1300,NA
A2Q1BZPQ1BFPSM,Mon Dec 04 2017 08:09:17 GMT-0500 (Eastern Standard Time),Mon Dec 04 2017 08:17:34 GMT-0500 (Eastern Standard Time),Mozilla/5.0 (Windows NT 10.0; WOW64; rv:52.0) Gecko/20100101 Firefox/52.0,20,"[0.9, 0.5, 0.1]","[0.8, 0.4, 0.2]","[u'black', u'blue', u'red']","[u'left', u'middle', u'right']","[0.9, 0.5, 0.1]","[u'high', u'medium', u'low']",blue,50,middle,medium,False,False,567,1250,NA
A2Q1BZPQ1BFPSM,Mon Dec 04 2017 08:09:17 GMT-0500 (Eastern Standard Time),Mon Dec 04 2017 08:17:34 GMT-0500 (Eastern Standard Time),Mozilla/5.0 (Windows NT 10.0; WOW64; rv:52.0) Gecko/20100101 Firefox/52.0,21,"[0.9, 0.5, 0.1]","[0.8, 0.4, 0.2]","[u'black', u'blue', u'red']","[u'left', u'middle', u'right']","[0.9, 0.5, 0.1]","[u'high', u'medium', u'low']",blue,50,middle,medium,False,False,433,1200,NA
A2Q1BZPQ1BFPSM,Mon Dec 04 2017 08:09:17 GMT-0500 (Eastern Standard Time),Mon Dec 04 2017 08:17:34 GMT-0500 (Eastern Standard Time),Mozilla/5.0 (Windows NT 10.0; WOW64; rv:52.0) Gecko/20100101 Firefox/52.0,22,"[0.9, 0.5, 0.1]","[0.8, 0.4, 0.2]","[u'black', u'blue', u'red']","[u'left', u'middle', u'right']","[0.9, 0.5, 0.1]","[u'high', u'medium', u'low']",red,51,right,low,False,False,493,1150,NA
A2Q1BZPQ1BFPSM,Mon Dec 04 2017 08:09:17 GMT-0500 (Eastern Standard Time),Mon Dec 04 2017 08:17:34 GMT-0500 (Eastern Standard Time),Mozilla/5.0 (Windows NT 10.0; WOW64; rv:52.0) Gecko/20100101 Firefox/52.0,23,"[0.9, 0.5, 0.1]","[0.8, 0.4, 0.2]","[u'black', u'blue', u'red']","[u'left', u'middle', u'right']","[0.9, 0.5, 0.1]","[u'high', u'medium', u'low']",black,49,left,high,True,False,476,1250,NA
A2Q1BZPQ1BFPSM,Mon Dec 04 2017 08:09:17 GMT-0500 (Eastern Standard Time),Mon Dec 04 2017 08:17:34 GMT-0500 (Eastern Standard Time),Mozilla/5.0 (Windows NT 10.0; WOW64; rv:52.0) Gecko/20100101 Firefox/52.0,24,"[0.9, 0.5, 0.1]","[0.8, 0.4, 0.2]","[u'black', u'blue', u'red']","[u'left', u'middle', u'right']","[0.9, 0.5, 0.1]","[u'high', u'medium', u'low']",black,49,left,high,True,False,531,1350,NA
A2Q1BZPQ1BFPSM,Mon Dec 04 2017 08:09:17 GMT-0500 (Eastern Standard Time),Mon Dec 04 2017 08:17:34 GMT-0500 (Eastern Standard Time),Mozilla/5.0 (Windows NT 10.0; WOW64; rv:52.0) Gecko/20100101 Firefox/52.0,25,"[0.9, 0.5, 0.1]","[0.8, 0.4, 0.2]","[u'black', u'blue', u'red']","[u'left', u'middle', u'right']","[0.9, 0.5, 0.1]","[u'high', u'medium', u'low']",black,49,left,high,True,False,768,1450,NA
A2Q1BZPQ1BFPSM,Mon Dec 04 2017 08:09:17 GMT-0500 (Eastern Standard Time),Mon Dec 04 2017 08:17:34 GMT-0500 (Eastern Standard Time),Mozilla/5.0 (Windows NT 10.0; WOW64; rv:52.0) Gecko/20100101 Firefox/52.0,26,"[0.9, 0.5, 0.1]","[0.8, 0.4, 0.2]","[u'black', u'blue', u'red']","[u'left', u'middle', u'right']","[0.9, 0.5, 0.1]","[u'high', u'medium', u'low']",black,49,left,high,True,False,957,1550,NA
A2Q1BZPQ1BFPSM,Mon Dec 04 2017 08:09:17 GMT-0500 (Eastern Standard Time),Mon Dec 04 2017 08:17:34 GMT-0500 (Eastern Standard Time),Mozilla/5.0 (Windows NT 10.0; WOW64; rv:52.0) Gecko/20100101 Firefox/52.0,27,"[0.9, 0.5, 0.1]","[0.8, 0.4, 0.2]","[u'black', u'blue', u'red']","[u'left', u'middle', u'right']","[0.9, 0.5, 0.1]","[u'high', u'medium', u'low']",black,49,left,high,False,False,527,1500,NA
A2Q1BZPQ1BFPSM,Mon Dec 04 2017 08:09:17 GMT-0500 (Eastern Standard Time),Mon Dec 04 2017 08:17:34 GMT-0500 (Eastern Standard Time),Mozilla/5.0 (Windows NT 10.0; WOW64; rv:52.0) Gecko/20100101 Firefox/52.0,28,"[0.9, 0.5, 0.1]","[0.8, 0.4, 0.2]","[u'black', u'blue', u'red']","[u'left', u'middle', u'right']","[0.9, 0.5, 0.1]","[u'high', u'medium', u'low']",black,49,left,high,True,False,735,1600,NA
A2Q1BZPQ1BFPSM,Mon Dec 04 2017 08:09:17 GMT-0500 (Eastern Standard Time),Mon Dec 04 2017 08:17:34 GMT-0500 (Eastern Standard Time),Mozilla/5.0 (Windows NT 10.0; WOW64; rv:52.0) Gecko/20100101 Firefox/52.0,29,"[0.9, 0.5, 0.1]","[0.8, 0.4, 0.2]","[u'black', u'blue', u'red']","[u'left', u'middle', u'right']","[0.9, 0.5, 0.1]","[u'high', u'medium', u'low']",black,49,left,high,True,False,701,1700,NA
A2Q1BZPQ1BFPSM,Mon Dec 04 2017 08:09:17 GMT-0500 (Eastern Standard Time),Mon Dec 04 2017 08:17:34 GMT-0500 (Eastern Standard Time),Mozilla/5.0 (Windows NT 10.0; WOW64; rv:52.0) Gecko/20100101 Firefox/52.0,30,"[0.9, 0.5, 0.1]","[0.8, 0.4, 0.2]","[u'black', u'blue', u'red']","[u'left', u'middle', u'right']","[0.9, 0.5, 0.1]","[u'high', u'medium', u'low']",black,49,left,high,True,False,673,1800,NA
A2Q1BZPQ1BFPSM,Mon Dec 04 2017 08:09:17 GMT-0500 (Eastern Standard Time),Mon Dec 04 2017 08:17:34 GMT-0500 (Eastern Standard Time),Mozilla/5.0 (Windows NT 10.0; WOW64; rv:52.0) Gecko/20100101 Firefox/52.0,31,"[0.9, 0.5, 0.1]","[0.8, 0.4, 0.2]","[u'black', u'blue', u'red']","[u'left', u'middle', u'right']","[0.9, 0.5, 0.1]","[u'high', u'medium', u'low']",black,49,left,high,True,True,428,1900,NA
A2Q1BZPQ1BFPSM,Mon Dec 04 2017 08:09:17 GMT-0500 (Eastern Standard Time),Mon Dec 04 2017 08:17:34 GMT-0500 (Eastern Standard Time),Mozilla/5.0 (Windows NT 10.0; WOW64; rv:52.0) Gecko/20100101 Firefox/52.0,32,"[0.9, 0.5, 0.1]","[0.8, 0.4, 0.2]","[u'black', u'blue', u'red']","[u'left', u'middle', u'right']","[0.9, 0.5, 0.1]","[u'medium', u'low', u'high']",black,49,left,medium,False,False,406,1850,NA
A2Q1BZPQ1BFPSM,Mon Dec 04 2017 08:09:17 GMT-0500 (Eastern Standard Time),Mon Dec 04 2017 08:17:34 GMT-0500 (Eastern Standard Time),Mozilla/5.0 (Windows NT 10.0; WOW64; rv:52.0) Gecko/20100101 Firefox/52.0,33,"[0.9, 0.5, 0.1]","[0.8, 0.4, 0.2]","[u'black', u'blue', u'red']","[u'left', u'middle', u'right']","[0.9, 0.5, 0.1]","[u'medium', u'low', u'high']",black,49,left,medium,False,False,597,1800,NA
A2Q1BZPQ1BFPSM,Mon Dec 04 2017 08:09:17 GMT-0500 (Eastern Standard Time),Mon Dec 04 2017 08:17:34 GMT-0500 (Eastern Standard Time),Mozilla/5.0 (Windows NT 10.0; WOW64; rv:52.0) Gecko/20100101 Firefox/52.0,34,"[0.9, 0.5, 0.1]","[0.8, 0.4, 0.2]","[u'black', u'blue', u'red']","[u'left', u'middle', u'right']","[0.9, 0.5, 0.1]","[u'medium', u'low', u'high']",red,51,right,high,True,False,462,1900,NA
A2Q1BZPQ1BFPSM,Mon Dec 04 2017 08:09:17 GMT-0500 (Eastern Standard Time),Mon Dec 04 2017 08:17:34 GMT-0500 (Eastern Standard Time),Mozilla/5.0 (Windows NT 10.0; WOW64; rv:52.0) Gecko/20100101 Firefox/52.0,35,"[0.9, 0.5, 0.1]","[0.8, 0.4, 0.2]","[u'black', u'blue', u'red']","[u'left', u'middle', u'right']","[0.9, 0.5, 0.1]","[u'medium', u'low', u'high']",red,51,right,high,True,False,720,2000,NA
A2Q1BZPQ1BFPSM,Mon Dec 04 2017 08:09:17 GMT-0500 (Eastern Standard Time),Mon Dec 04 2017 08:17:34 GMT-0500 (Eastern Standard Time),Mozilla/5.0 (Windows NT 10.0; WOW64; rv:52.0) Gecko/20100101 Firefox/52.0,36,"[0.9, 0.5, 0.1]","[0.8, 0.4, 0.2]","[u'black', u'blue', u'red']","[u'left', u'middle', u'right']","[0.9, 0.5, 0.1]","[u'medium', u'low', u'high']",red,51,right,high,True,False,440,2100,NA
A2Q1BZPQ1BFPSM,Mon Dec 04 2017 08:09:17 GMT-0500 (Eastern Standard Time),Mon Dec 04 2017 08:17:34 GMT-0500 (Eastern Standard Time),Mozilla/5.0 (Windows NT 10.0; WOW64; rv:52.0) Gecko/20100101 Firefox/52.0,37,"[0.9, 0.5, 0.1]","[0.8, 0.4, 0.2]","[u'black', u'blue', u'red']","[u'left', u'middle', u'right']","[0.9, 0.5, 0.1]","[u'medium', u'low', u'high']",red,51,right,high,True,False,625,2200,NA
A2Q1BZPQ1BFPSM,Mon Dec 04 2017 08:09:17 GMT-0500 (Eastern Standard Time),Mon Dec 04 2017 08:17:34 GMT-0500 (Eastern Standard Time),Mozilla/5.0 (Windows NT 10.0; WOW64; rv:52.0) Gecko/20100101 Firefox/52.0,38,"[0.9, 0.5, 0.1]","[0.8, 0.4, 0.2]","[u'black', u'blue', u'red']","[u'left', u'middle', u'right']","[0.9, 0.5, 0.1]","[u'medium', u'low', u'high']",red,51,right,high,True,False,697,2300,NA
A2Q1BZPQ1BFPSM,Mon Dec 04 2017 08:09:17 GMT-0500 (Eastern Standard Time),Mon Dec 04 2017 08:17:34 GMT-0500 (Eastern Standard Time),Mozilla/5.0 (Windows NT 10.0; WOW64; rv:52.0) Gecko/20100101 Firefox/52.0,39,"[0.9, 0.5, 0.1]","[0.8, 0.4, 0.2]","[u'black', u'blue', u'red']","[u'left', u'middle', u'right']","[0.9, 0.5, 0.1]","[u'medium', u'low', u'high']",red,51,right,high,True,False,516,2400,NA
A2Q1BZPQ1BFPSM,Mon Dec 04 2017 08:09:17 GMT-0500 (Eastern Standard Time),Mon Dec 04 2017 08:17:34 GMT-0500 (Eastern Standard Time),Mozilla/5.0 (Windows NT 10.0; WOW64; rv:52.0) Gecko/20100101 Firefox/52.0,40,"[0.9, 0.5, 0.1]","[0.8, 0.4, 0.2]","[u'black', u'blue', u'red']","[u'left', u'middle', u'right']","[0.9, 0.5, 0.1]","[u'medium', u'low', u'high']",red,51,right,high,True,False,429,2500,NA
A2Q1BZPQ1BFPSM,Mon Dec 04 2017 08:09:17 GMT-0500 (Eastern Standard Time),Mon Dec 04 2017 08:17:34 GMT-0500 (Eastern Standard Time),Mozilla/5.0 (Windows NT 10.0; WOW64; rv:52.0) Gecko/20100101 Firefox/52.0,41,"[0.9, 0.5, 0.1]","[0.8, 0.4, 0.2]","[u'black', u'blue', u'red']","[u'left', u'middle', u'right']","[0.9, 0.5, 0.1]","[u'high', u'medium', u'low']",black,49,left,high,True,False,1449,2600,NA
A2Q1BZPQ1BFPSM,Mon Dec 04 2017 08:09:17 GMT-0500 (Eastern Standard Time),Mon Dec 04 2017 08:17:34 GMT-0500 (Eastern Standard Time),Mozilla/5.0 (Windows NT 10.0; WOW64; rv:52.0) Gecko/20100101 Firefox/52.0,42,"[0.9, 0.5, 0.1]","[0.8, 0.4, 0.2]","[u'black', u'blue', u'red']","[u'left', u'middle', u'right']","[0.9, 0.5, 0.1]","[u'high', u'medium', u'low']",black,49,left,high,True,False,971,2700,NA
A2Q1BZPQ1BFPSM,Mon Dec 04 2017 08:09:17 GMT-0500 (Eastern Standard Time),Mon Dec 04 2017 08:17:34 GMT-0500 (Eastern Standard Time),Mozilla/5.0 (Windows NT 10.0; WOW64; rv:52.0) Gecko/20100101 Firefox/52.0,43,"[0.9, 0.5, 0.1]","[0.8, 0.4, 0.2]","[u'black', u'blue', u'red']","[u'left', u'middle', u'right']","[0.9, 0.5, 0.1]","[u'high', u'medium', u'low']",black,49,left,high,True,False,424,2800,NA
A2Q1BZPQ1BFPSM,Mon Dec 04 2017 08:09:17 GMT-0500 (Eastern Standard Time),Mon Dec 04 2017 08:17:34 GMT-0500 (Eastern Standard Time),Mozilla/5.0 (Windows NT 10.0; WOW64; rv:52.0) Gecko/20100101 Firefox/52.0,44,"[0.9, 0.5, 0.1]","[0.8, 0.4, 0.2]","[u'black', u'blue', u'red']","[u'left', u'middle', u'right']","[0.9, 0.5, 0.1]","[u'high', u'medium', u'low']",black,49,left,high,True,False,716,2900,NA
A2Q1BZPQ1BFPSM,Mon Dec 04 2017 08:09:17 GMT-0500 (Eastern Standard Time),Mon Dec 04 2017 08:17:34 GMT-0500 (Eastern Standard Time),Mozilla/5.0 (Windows NT 10.0; WOW64; rv:52.0) Gecko/20100101 Firefox/52.0,45,"[0.9, 0.5, 0.1]","[0.8, 0.4, 0.2]","[u'black', u'blue', u'red']","[u'left', u'middle', u'right']","[0.9, 0.5, 0.1]","[u'high', u'medium', u'low']",black,49,left,high,True,False,572,3000,NA
A2Q1BZPQ1BFPSM,Mon Dec 04 2017 08:09:17 GMT-0500 (Eastern Standard Time),Mon Dec 04 2017 08:17:34 GMT-0500 (Eastern Standard Time),Mozilla/5.0 (Windows NT 10.0; WOW64; rv:52.0) Gecko/20100101 Firefox/52.0,46,"[0.9, 0.5, 0.1]","[0.8, 0.4, 0.2]","[u'black', u'blue', u'red']","[u'left', u'middle', u'right']","[0.9, 0.5, 0.1]","[u'high', u'medium', u'low']",black,49,left,high,True,False,514,3100,NA
A2Q1BZPQ1BFPSM,Mon Dec 04 2017 08:09:17 GMT-0500 (Eastern Standard Time),Mon Dec 04 2017 08:17:34 GMT-0500 (Eastern Standard Time),Mozilla/5.0 (Windows NT 10.0; WOW64; rv:52.0) Gecko/20100101 Firefox/52.0,47,"[0.9, 0.5, 0.1]","[0.8, 0.4, 0.2]","[u'black', u'blue', u'red']","[u'left', u'middle', u'right']","[0.9, 0.5, 0.1]","[u'high', u'medium', u'low']",black,49,left,high,True,False,390,3200,NA
A2Q1BZPQ1BFPSM,Mon Dec 04 2017 08:09:17 GMT-0500 (Eastern Standard Time),Mon Dec 04 2017 08:17:34 GMT-0500 (Eastern Standard Time),Mozilla/5.0 (Windows NT 10.0; WOW64; rv:52.0) Gecko/20100101 Firefox/52.0,48,"[0.9, 0.5, 0.1]","[0.8, 0.4, 0.2]","[u'black', u'blue', u'red']","[u'left', u'middle', u'right']","[0.9, 0.5, 0.1]","[u'high', u'medium', u'low']",black,49,left,high,True,False,388,3300,NA
A2Q1BZPQ1BFPSM,Mon Dec 04 2017 08:09:17 GMT-0500 (Eastern Standard Time),Mon Dec 04 2017 08:17:34 GMT-0500 (Eastern Standard Time),Mozilla/5.0 (Windows NT 10.0; WOW64; rv:52.0) Gecko/20100101 Firefox/52.0,49,"[0.9, 0.5, 0.1]","[0.8, 0.4, 0.2]","[u'black', u'blue', u'red']","[u'left', u'middle', u'right']","[0.9, 0.5, 0.1]","[u'high', u'medium', u'low']",black,49,left,high,True,True,569,3400,NA
A2Q1BZPQ1BFPSM,Mon Dec 04 2017 08:09:17 GMT-0500 (Eastern Standard Time),Mon Dec 04 2017 08:17:34 GMT-0500 (Eastern Standard Time),Mozilla/5.0 (Windows NT 10.0; WOW64; rv:52.0) Gecko/20100101 Firefox/52.0,50,"[0.9, 0.5, 0.1]","[0.8, 0.4, 0.2]","[u'black', u'blue', u'red']","[u'left', u'middle', u'right']","[0.9, 0.5, 0.1]","[u'low', u'high', u'medium']",black,49,left,low,False,False,424,3350,NA
A2Q1BZPQ1BFPSM,Mon Dec 04 2017 08:09:17 GMT-0500 (Eastern Standard Time),Mon Dec 04 2017 08:17:34 GMT-0500 (Eastern Standard Time),Mozilla/5.0 (Windows NT 10.0; WOW64; rv:52.0) Gecko/20100101 Firefox/52.0,51,"[0.9, 0.5, 0.1]","[0.8, 0.4, 0.2]","[u'black', u'blue', u'red']","[u'left', u'middle', u'right']","[0.9, 0.5, 0.1]","[u'low', u'high', u'medium']",black,49,left,low,True,False,414,3450,NA
A2Q1BZPQ1BFPSM,Mon Dec 04 2017 08:09:17 GMT-0500 (Eastern Standard Time),Mon Dec 04 2017 08:17:34 GMT-0500 (Eastern Standard Time),Mozilla/5.0 (Windows NT 10.0; WOW64; rv:52.0) Gecko/20100101 Firefox/52.0,52,"[0.9, 0.5, 0.1]","[0.8, 0.4, 0.2]","[u'black', u'blue', u'red']","[u'left', u'middle', u'right']","[0.9, 0.5, 0.1]","[u'low', u'high', u'medium']",black,49,left,low,False,False,1027,3400,NA
A2Q1BZPQ1BFPSM,Mon Dec 04 2017 08:09:17 GMT-0500 (Eastern Standard Time),Mon Dec 04 2017 08:17:34 GMT-0500 (Eastern Standard Time),Mozilla/5.0 (Windows NT 10.0; WOW64; rv:52.0) Gecko/20100101 Firefox/52.0,53,"[0.9, 0.5, 0.1]","[0.8, 0.4, 0.2]","[u'black', u'blue', u'red']","[u'left', u'middle', u'right']","[0.9, 0.5, 0.1]","[u'low', u'high', u'medium']",blue,50,middle,high,True,False,667,3500,NA
A2Q1BZPQ1BFPSM,Mon Dec 04 2017 08:09:17 GMT-0500 (Eastern Standard Time),Mon Dec 04 2017 08:17:34 GMT-0500 (Eastern Standard Time),Mozilla/5.0 (Windows NT 10.0; WOW64; rv:52.0) Gecko/20100101 Firefox/52.0,54,"[0.9, 0.5, 0.1]","[0.8, 0.4, 0.2]","[u'black', u'blue', u'red']","[u'left', u'middle', u'right']","[0.9, 0.5, 0.1]","[u'low', u'high', u'medium']",blue,50,middle,high,True,False,503,3600,NA
A2Q1BZPQ1BFPSM,Mon Dec 04 2017 08:09:17 GMT-0500 (Eastern Standard Time),Mon Dec 04 2017 08:17:34 GMT-0500 (Eastern Standard Time),Mozilla/5.0 (Windows NT 10.0; WOW64; rv:52.0) Gecko/20100101 Firefox/52.0,55,"[0.9, 0.5, 0.1]","[0.8, 0.4, 0.2]","[u'black', u'blue', u'red']","[u'left', u'middle', u'right']","[0.9, 0.5, 0.1]","[u'low', u'high', u'medium']",blue,50,middle,high,True,False,482,3700,NA
A2Q1BZPQ1BFPSM,Mon Dec 04 2017 08:09:17 GMT-0500 (Eastern Standard Time),Mon Dec 04 2017 08:17:34 GMT-0500 (Eastern Standard Time),Mozilla/5.0 (Windows NT 10.0; WOW64; rv:52.0) Gecko/20100101 Firefox/52.0,56,"[0.9, 0.5, 0.1]","[0.8, 0.4, 0.2]","[u'black', u'blue', u'red']","[u'left', u'middle', u'right']","[0.9, 0.5, 0.1]","[u'low', u'high', u'medium']",blue,50,middle,high,False,False,710,3650,NA
A2Q1BZPQ1BFPSM,Mon Dec 04 2017 08:09:17 GMT-0500 (Eastern Standard Time),Mon Dec 04 2017 08:17:34 GMT-0500 (Eastern Standard Time),Mozilla/5.0 (Windows NT 10.0; WOW64; rv:52.0) Gecko/20100101 Firefox/52.0,57,"[0.9, 0.5, 0.1]","[0.8, 0.4, 0.2]","[u'black', u'blue', u'red']","[u'left', u'middle', u'right']","[0.9, 0.5, 0.1]","[u'low', u'high', u'medium']",blue,50,middle,high,True,False,371,3750,NA
A2Q1BZPQ1BFPSM,Mon Dec 04 2017 08:09:17 GMT-0500 (Eastern Standard Time),Mon Dec 04 2017 08:17:34 GMT-0500 (Eastern Standard Time),Mozilla/5.0 (Windows NT 10.0; WOW64; rv:52.0) Gecko/20100101 Firefox/52.0,58,"[0.9, 0.5, 0.1]","[0.8, 0.4, 0.2]","[u'black', u'blue', u'red']","[u'left', u'middle', u'right']","[0.9, 0.5, 0.1]","[u'low', u'high', u'medium']",blue,50,middle,high,True,False,437,3850,NA
A2Q1BZPQ1BFPSM,Mon Dec 04 2017 08:09:17 GMT-0500 (Eastern Standard Time),Mon Dec 04 2017 08:17:34 GMT-0500 (Eastern Standard Time),Mozilla/5.0 (Windows NT 10.0; WOW64; rv:52.0) Gecko/20100101 Firefox/52.0,59,"[0.9, 0.5, 0.1]","[0.8, 0.4, 0.2]","[u'black', u'blue', u'red']","[u'left', u'middle', u'right']","[0.9, 0.5, 0.1]","[u'low', u'high', u'medium']",blue,50,middle,high,True,False,451,3950,NA
A2Q1BZPQ1BFPSM,Mon Dec 04 2017 08:09:17 GMT-0500 (Eastern Standard Time),Mon Dec 04 2017 08:17:34 GMT-0500 (Eastern Standard Time),Mozilla/5.0 (Windows NT 10.0; WOW64; rv:52.0) Gecko/20100101 Firefox/52.0,60,"[0.9, 0.5, 0.1]","[0.8, 0.4, 0.2]","[u'black', u'blue', u'red']","[u'left', u'middle', u'right']","[0.9, 0.5, 0.1]","[u'low', u'high', u'medium']",blue,50,middle,high,True,False,390,4050,NA
A2Q1BZPQ1BFPSM,Mon Dec 04 2017 08:09:17 GMT-0500 (Eastern Standard Time),Mon Dec 04 2017 08:17:34 GMT-0500 (Eastern Standard Time),Mozilla/5.0 (Windows NT 10.0; WOW64; rv:52.0) Gecko/20100101 Firefox/52.0,61,"[0.9, 0.5, 0.1]","[0.8, 0.4, 0.2]","[u'black', u'blue', u'red']","[u'left', u'middle', u'right']","[0.9, 0.5, 0.1]","[u'low', u'high', u'medium']",blue,50,middle,high,True,True,478,4150,NA
A2Q1BZPQ1BFPSM,Mon Dec 04 2017 08:09:17 GMT-0500 (Eastern Standard Time),Mon Dec 04 2017 08:17:34 GMT-0500 (Eastern Standard Time),Mozilla/5.0 (Windows NT 10.0; WOW64; rv:52.0) Gecko/20100101 Firefox/52.0,62,"[0.9, 0.5, 0.1]","[0.8, 0.4, 0.2]","[u'black', u'blue', u'red']","[u'left', u'middle', u'right']","[0.9, 0.5, 0.1]","[u'medium', u'low', u'high']",blue,50,middle,low,True,False,507,4250,NA
A2Q1BZPQ1BFPSM,Mon Dec 04 2017 08:09:17 GMT-0500 (Eastern Standard Time),Mon Dec 04 2017 08:17:34 GMT-0500 (Eastern Standard Time),Mozilla/5.0 (Windows NT 10.0; WOW64; rv:52.0) Gecko/20100101 Firefox/52.0,63,"[0.9, 0.5, 0.1]","[0.8, 0.4, 0.2]","[u'black', u'blue', u'red']","[u'left', u'middle', u'right']","[0.9, 0.5, 0.1]","[u'medium', u'low', u'high']",blue,50,middle,low,False,False,516,4200,NA
A2Q1BZPQ1BFPSM,Mon Dec 04 2017 08:09:17 GMT-0500 (Eastern Standard Time),Mon Dec 04 2017 08:17:34 GMT-0500 (Eastern Standard Time),Mozilla/5.0 (Windows NT 10.0; WOW64; rv:52.0) Gecko/20100101 Firefox/52.0,64,"[0.9, 0.5, 0.1]","[0.8, 0.4, 0.2]","[u'black', u'blue', u'red']","[u'left', u'middle', u'right']","[0.9, 0.5, 0.1]","[u'medium', u'low', u'high']",blue,50,middle,low,False,False,343,4150,NA
A2Q1BZPQ1BFPSM,Mon Dec 04 2017 08:09:17 GMT-0500 (Eastern Standard Time),Mon Dec 04 2017 08:17:34 GMT-0500 (Eastern Standard Time),Mozilla/5.0 (Windows NT 10.0; WOW64; rv:52.0) Gecko/20100101 Firefox/52.0,65,"[0.9, 0.5, 0.1]","[0.8, 0.4, 0.2]","[u'black', u'blue', u'red']","[u'left', u'middle', u'right']","[0.9, 0.5, 0.1]","[u'medium', u'low', u'high']",red,51,right,high,True,False,480,4250,NA
A2Q1BZPQ1BFPSM,Mon Dec 04 2017 08:09:17 GMT-0500 (Eastern Standard Time),Mon Dec 04 2017 08:17:34 GMT-0500 (Eastern Standard Time),Mozilla/5.0 (Windows NT 10.0; WOW64; rv:52.0) Gecko/20100101 Firefox/52.0,66,"[0.9, 0.5, 0.1]","[0.8, 0.4, 0.2]","[u'black', u'blue', u'red']","[u'left', u'middle', u'right']","[0.9, 0.5, 0.1]","[u'medium', u'low', u'high']",red,51,right,high,True,False,505,4350,NA
A2Q1BZPQ1BFPSM,Mon Dec 04 2017 08:09:17 GMT-0500 (Eastern Standard Time),Mon Dec 04 2017 08:17:34 GMT-0500 (Eastern Standard Time),Mozilla/5.0 (Windows NT 10.0; WOW64; rv:52.0) Gecko/20100101 Firefox/52.0,67,"[0.9, 0.5, 0.1]","[0.8, 0.4, 0.2]","[u'black', u'blue', u'red']","[u'left', u'middle', u'right']","[0.9, 0.5, 0.1]","[u'medium', u'low', u'high']",red,51,right,high,True,False,550,4450,NA
A2Q1BZPQ1BFPSM,Mon Dec 04 2017 08:09:17 GMT-0500 (Eastern Standard Time),Mon Dec 04 2017 08:17:34 GMT-0500 (Eastern Standard Time),Mozilla/5.0 (Windows NT 10.0; WOW64; rv:52.0) Gecko/20100101 Firefox/52.0,68,"[0.9, 0.5, 0.1]","[0.8, 0.4, 0.2]","[u'black', u'blue', u'red']","[u'left', u'middle', u'right']","[0.9, 0.5, 0.1]","[u'medium', u'low', u'high']",red,51,right,high,True,False,494,4550,NA
A2Q1BZPQ1BFPSM,Mon Dec 04 2017 08:09:17 GMT-0500 (Eastern Standard Time),Mon Dec 04 2017 08:17:34 GMT-0500 (Eastern Standard Time),Mozilla/5.0 (Windows NT 10.0; WOW64; rv:52.0) Gecko/20100101 Firefox/52.0,69,"[0.9, 0.5, 0.1]","[0.8, 0.4, 0.2]","[u'black', u'blue', u'red']","[u'left', u'middle', u'right']","[0.9, 0.5, 0.1]","[u'medium', u'low', u'high']",red,51,right,high,True,False,687,4650,NA
A2Q1BZPQ1BFPSM,Mon Dec 04 2017 08:09:17 GMT-0500 (Eastern Standard Time),Mon Dec 04 2017 08:17:34 GMT-0500 (Eastern Standard Time),Mozilla/5.0 (Windows NT 10.0; WOW64; rv:52.0) Gecko/20100101 Firefox/52.0,70,"[0.9, 0.5, 0.1]","[0.8, 0.4, 0.2]","[u'black', u'blue', u'red']","[u'left', u'middle', u'right']","[0.9, 0.5, 0.1]","[u'medium', u'low', u'high']",red,51,right,high,True,False,457,4750,NA
A2Q1BZPQ1BFPSM,Mon Dec 04 2017 08:09:17 GMT-0500 (Eastern Standard Time),Mon Dec 04 2017 08:17:34 GMT-0500 (Eastern Standard Time),Mozilla/5.0 (Windows NT 10.0; WOW64; rv:52.0) Gecko/20100101 Firefox/52.0,71,"[0.9, 0.5, 0.1]","[0.8, 0.4, 0.2]","[u'black', u'blue', u'red']","[u'left', u'middle', u'right']","[0.9, 0.5, 0.1]","[u'medium', u'low', u'high']",red,51,right,high,True,False,532,4850,NA
A2Q1BZPQ1BFPSM,Mon Dec 04 2017 08:09:17 GMT-0500 (Eastern Standard Time),Mon Dec 04 2017 08:17:34 GMT-0500 (Eastern Standard Time),Mozilla/5.0 (Windows NT 10.0; WOW64; rv:52.0) Gecko/20100101 Firefox/52.0,72,"[0.9, 0.5, 0.1]","[0.8, 0.4, 0.2]","[u'black', u'blue', u'red']","[u'left', u'middle', u'right']","[0.9, 0.5, 0.1]","[u'medium', u'low', u'high']",red,51,right,high,True,False,573,4950,NA
A2Q1BZPQ1BFPSM,Mon Dec 04 2017 08:09:17 GMT-0500 (Eastern Standard Time),Mon Dec 04 2017 08:17:34 GMT-0500 (Eastern Standard Time),Mozilla/5.0 (Windows NT 10.0; WOW64; rv:52.0) Gecko/20100101 Firefox/52.0,73,"[0.9, 0.5, 0.1]","[0.8, 0.4, 0.2]","[u'black', u'blue', u'red']","[u'left', u'middle', u'right']","[0.9, 0.5, 0.1]","[u'medium', u'low', u'high']",red,51,right,high,True,True,503,5050,NA
A2Q1BZPQ1BFPSM,Mon Dec 04 2017 08:09:17 GMT-0500 (Eastern Standard Time),Mon Dec 04 2017 08:17:34 GMT-0500 (Eastern Standard Time),Mozilla/5.0 (Windows NT 10.0; WOW64; rv:52.0) Gecko/20100101 Firefox/52.0,74,"[0.9, 0.5, 0.1]","[0.8, 0.4, 0.2]","[u'black', u'blue', u'red']","[u'left', u'middle', u'right']","[0.9, 0.5, 0.1]","[u'low', u'high', u'medium']",red,51,right,medium,False,False,650,5000,NA
A2Q1BZPQ1BFPSM,Mon Dec 04 2017 08:09:17 GMT-0500 (Eastern Standard Time),Mon Dec 04 2017 08:17:34 GMT-0500 (Eastern Standard Time),Mozilla/5.0 (Windows NT 10.0; WOW64; rv:52.0) Gecko/20100101 Firefox/52.0,75,"[0.9, 0.5, 0.1]","[0.8, 0.4, 0.2]","[u'black', u'blue', u'red']","[u'left', u'middle', u'right']","[0.9, 0.5, 0.1]","[u'low', u'high', u'medium']",black,49,left,low,False,False,525,4950,NA
A2Q1BZPQ1BFPSM,Mon Dec 04 2017 08:09:17 GMT-0500 (Eastern Standard Time),Mon Dec 04 2017 08:17:34 GMT-0500 (Eastern Standard Time),Mozilla/5.0 (Windows NT 10.0; WOW64; rv:52.0) Gecko/20100101 Firefox/52.0,76,"[0.9, 0.5, 0.1]","[0.8, 0.4, 0.2]","[u'black', u'blue', u'red']","[u'left', u'middle', u'right']","[0.9, 0.5, 0.1]","[u'low', u'high', u'medium']",blue,50,middle,high,True,False,677,5050,NA
A2Q1BZPQ1BFPSM,Mon Dec 04 2017 08:09:17 GMT-0500 (Eastern Standard Time),Mon Dec 04 2017 08:17:34 GMT-0500 (Eastern Standard Time),Mozilla/5.0 (Windows NT 10.0; WOW64; rv:52.0) Gecko/20100101 Firefox/52.0,77,"[0.9, 0.5, 0.1]","[0.8, 0.4, 0.2]","[u'black', u'blue', u'red']","[u'left', u'middle', u'right']","[0.9, 0.5, 0.1]","[u'low', u'high', u'medium']",blue,50,middle,high,True,False,436,5150,NA
A2Q1BZPQ1BFPSM,Mon Dec 04 2017 08:09:17 GMT-0500 (Eastern Standard Time),Mon Dec 04 2017 08:17:34 GMT-0500 (Eastern Standard Time),Mozilla/5.0 (Windows NT 10.0; WOW64; rv:52.0) Gecko/20100101 Firefox/52.0,78,"[0.9, 0.5, 0.1]","[0.8, 0.4, 0.2]","[u'black', u'blue', u'red']","[u'left', u'middle', u'right']","[0.9, 0.5, 0.1]","[u'low', u'high', u'medium']",blue,50,middle,high,True,False,810,5250,NA
A2Q1BZPQ1BFPSM,Mon Dec 04 2017 08:09:17 GMT-0500 (Eastern Standard Time),Mon Dec 04 2017 08:17:34 GMT-0500 (Eastern Standard Time),Mozilla/5.0 (Windows NT 10.0; WOW64; rv:52.0) Gecko/20100101 Firefox/52.0,79,"[0.9, 0.5, 0.1]","[0.8, 0.4, 0.2]","[u'black', u'blue', u'red']","[u'left', u'middle', u'right']","[0.9, 0.5, 0.1]","[u'low', u'high', u'medium']",blue,50,middle,high,True,False,528,5350,NA
A2Q1BZPQ1BFPSM,Mon Dec 04 2017 08:09:17 GMT-0500 (Eastern Standard Time),Mon Dec 04 2017 08:17:34 GMT-0500 (Eastern Standard Time),Mozilla/5.0 (Windows NT 10.0; WOW64; rv:52.0) Gecko/20100101 Firefox/52.0,80,"[0.9, 0.5, 0.1]","[0.8, 0.4, 0.2]","[u'black', u'blue', u'red']","[u'left', u'middle', u'right']","[0.9, 0.5, 0.1]","[u'low', u'high', u'medium']",blue,50,middle,high,True,False,768,5450,NA
A2Q1BZPQ1BFPSM,Mon Dec 04 2017 08:09:17 GMT-0500 (Eastern Standard Time),Mon Dec 04 2017 08:17:34 GMT-0500 (Eastern Standard Time),Mozilla/5.0 (Windows NT 10.0; WOW64; rv:52.0) Gecko/20100101 Firefox/52.0,81,"[0.9, 0.5, 0.1]","[0.8, 0.4, 0.2]","[u'black', u'blue', u'red']","[u'left', u'middle', u'right']","[0.8, 0.4, 0.2]","[u'medium', u'low', u'high']",black,49,left,medium,False,False,1253,5400,NA
A2Q1BZPQ1BFPSM,Mon Dec 04 2017 08:09:17 GMT-0500 (Eastern Standard Time),Mon Dec 04 2017 08:17:34 GMT-0500 (Eastern Standard Time),Mozilla/5.0 (Windows NT 10.0; WOW64; rv:52.0) Gecko/20100101 Firefox/52.0,82,"[0.9, 0.5, 0.1]","[0.8, 0.4, 0.2]","[u'black', u'blue', u'red']","[u'left', u'middle', u'right']","[0.8, 0.4, 0.2]","[u'medium', u'low', u'high']",blue,50,middle,low,False,False,382,5350,NA
A2Q1BZPQ1BFPSM,Mon Dec 04 2017 08:09:17 GMT-0500 (Eastern Standard Time),Mon Dec 04 2017 08:17:34 GMT-0500 (Eastern Standard Time),Mozilla/5.0 (Windows NT 10.0; WOW64; rv:52.0) Gecko/20100101 Firefox/52.0,83,"[0.9, 0.5, 0.1]","[0.8, 0.4, 0.2]","[u'black', u'blue', u'red']","[u'left', u'middle', u'right']","[0.8, 0.4, 0.2]","[u'medium', u'low', u'high']",red,51,right,high,True,False,287,5450,NA
A2Q1BZPQ1BFPSM,Mon Dec 04 2017 08:09:17 GMT-0500 (Eastern Standard Time),Mon Dec 04 2017 08:17:34 GMT-0500 (Eastern Standard Time),Mozilla/5.0 (Windows NT 10.0; WOW64; rv:52.0) Gecko/20100101 Firefox/52.0,84,"[0.9, 0.5, 0.1]","[0.8, 0.4, 0.2]","[u'black', u'blue', u'red']","[u'left', u'middle', u'right']","[0.8, 0.4, 0.2]","[u'medium', u'low', u'high']",red,51,right,high,True,False,976,5550,NA
A2Q1BZPQ1BFPSM,Mon Dec 04 2017 08:09:17 GMT-0500 (Eastern Standard Time),Mon Dec 04 2017 08:17:34 GMT-0500 (Eastern Standard Time),Mozilla/5.0 (Windows NT 10.0; WOW64; rv:52.0) Gecko/20100101 Firefox/52.0,85,"[0.9, 0.5, 0.1]","[0.8, 0.4, 0.2]","[u'black', u'blue', u'red']","[u'left', u'middle', u'right']","[0.8, 0.4, 0.2]","[u'medium', u'low', u'high']",red,51,right,high,False,False,1059,5500,NA
A2Q1BZPQ1BFPSM,Mon Dec 04 2017 08:09:17 GMT-0500 (Eastern Standard Time),Mon Dec 04 2017 08:17:34 GMT-0500 (Eastern Standard Time),Mozilla/5.0 (Windows NT 10.0; WOW64; rv:52.0) Gecko/20100101 Firefox/52.0,86,"[0.9, 0.5, 0.1]","[0.8, 0.4, 0.2]","[u'black', u'blue', u'red']","[u'left', u'middle', u'right']","[0.8, 0.4, 0.2]","[u'medium', u'low', u'high']",blue,50,middle,low,False,False,534,5450,NA
A2Q1BZPQ1BFPSM,Mon Dec 04 2017 08:09:17 GMT-0500 (Eastern Standard Time),Mon Dec 04 2017 08:17:34 GMT-0500 (Eastern Standard Time),Mozilla/5.0 (Windows NT 10.0; WOW64; rv:52.0) Gecko/20100101 Firefox/52.0,87,"[0.9, 0.5, 0.1]","[0.8, 0.4, 0.2]","[u'black', u'blue', u'red']","[u'left', u'middle', u'right']","[0.8, 0.4, 0.2]","[u'medium', u'low', u'high']",black,49,left,medium,False,False,444,5400,NA
A2Q1BZPQ1BFPSM,Mon Dec 04 2017 08:09:17 GMT-0500 (Eastern Standard Time),Mon Dec 04 2017 08:17:34 GMT-0500 (Eastern Standard Time),Mozilla/5.0 (Windows NT 10.0; WOW64; rv:52.0) Gecko/20100101 Firefox/52.0,88,"[0.9, 0.5, 0.1]","[0.8, 0.4, 0.2]","[u'black', u'blue', u'red']","[u'left', u'middle', u'right']","[0.8, 0.4, 0.2]","[u'medium', u'low', u'high']",blue,50,middle,low,True,False,398,5500,NA
A2Q1BZPQ1BFPSM,Mon Dec 04 2017 08:09:17 GMT-0500 (Eastern Standard Time),Mon Dec 04 2017 08:17:34 GMT-0500 (Eastern Standard Time),Mozilla/5.0 (Windows NT 10.0; WOW64; rv:52.0) Gecko/20100101 Firefox/52.0,89,"[0.9, 0.5, 0.1]","[0.8, 0.4, 0.2]","[u'black', u'blue', u'red']","[u'left', u'middle', u'right']","[0.8, 0.4, 0.2]","[u'medium', u'low', u'high']",blue,50,middle,low,False,False,494,5450,NA
A2Q1BZPQ1BFPSM,Mon Dec 04 2017 08:09:17 GMT-0500 (Eastern Standard Time),Mon Dec 04 2017 08:17:34 GMT-0500 (Eastern Standard Time),Mozilla/5.0 (Windows NT 10.0; WOW64; rv:52.0) Gecko/20100101 Firefox/52.0,90,"[0.9, 0.5, 0.1]","[0.8, 0.4, 0.2]","[u'black', u'blue', u'red']","[u'left', u'middle', u'right']","[0.8, 0.4, 0.2]","[u'medium', u'low', u'high']",red,51,right,high,True,False,60,5550,NA
A2Q1BZPQ1BFPSM,Mon Dec 04 2017 08:09:17 GMT-0500 (Eastern Standard Time),Mon Dec 04 2017 08:17:34 GMT-0500 (Eastern Standard Time),Mozilla/5.0 (Windows NT 10.0; WOW64; rv:52.0) Gecko/20100101 Firefox/52.0,91,"[0.9, 0.5, 0.1]","[0.8, 0.4, 0.2]","[u'black', u'blue', u'red']","[u'left', u'middle', u'right']","[0.8, 0.4, 0.2]","[u'medium', u'low', u'high']",red,51,right,high,False,False,682,5500,NA
A2Q1BZPQ1BFPSM,Mon Dec 04 2017 08:09:17 GMT-0500 (Eastern Standard Time),Mon Dec 04 2017 08:17:34 GMT-0500 (Eastern Standard Time),Mozilla/5.0 (Windows NT 10.0; WOW64; rv:52.0) Gecko/20100101 Firefox/52.0,92,"[0.9, 0.5, 0.1]","[0.8, 0.4, 0.2]","[u'black', u'blue', u'red']","[u'left', u'middle', u'right']","[0.8, 0.4, 0.2]","[u'medium', u'low', u'high']",blue,50,middle,low,False,False,336,5450,NA
A2Q1BZPQ1BFPSM,Mon Dec 04 2017 08:09:17 GMT-0500 (Eastern Standard Time),Mon Dec 04 2017 08:17:34 GMT-0500 (Eastern Standard Time),Mozilla/5.0 (Windows NT 10.0; WOW64; rv:52.0) Gecko/20100101 Firefox/52.0,93,"[0.9, 0.5, 0.1]","[0.8, 0.4, 0.2]","[u'black', u'blue', u'red']","[u'left', u'middle', u'right']","[0.8, 0.4, 0.2]","[u'medium', u'low', u'high']",black,49,left,medium,True,False,132,5550,NA
A2Q1BZPQ1BFPSM,Mon Dec 04 2017 08:09:17 GMT-0500 (Eastern Standard Time),Mon Dec 04 2017 08:17:34 GMT-0500 (Eastern Standard Time),Mozilla/5.0 (Windows NT 10.0; WOW64; rv:52.0) Gecko/20100101 Firefox/52.0,94,"[0.9, 0.5, 0.1]","[0.8, 0.4, 0.2]","[u'black', u'blue', u'red']","[u'left', u'middle', u'right']","[0.8, 0.4, 0.2]","[u'medium', u'low', u'high']",black,49,left,medium,False,False,672,5500,NA
A2Q1BZPQ1BFPSM,Mon Dec 04 2017 08:09:17 GMT-0500 (Eastern Standard Time),Mon Dec 04 2017 08:17:34 GMT-0500 (Eastern Standard Time),Mozilla/5.0 (Windows NT 10.0; WOW64; rv:52.0) Gecko/20100101 Firefox/52.0,95,"[0.9, 0.5, 0.1]","[0.8, 0.4, 0.2]","[u'black', u'blue', u'red']","[u'left', u'middle', u'right']","[0.8, 0.4, 0.2]","[u'medium', u'low', u'high']",blue,50,middle,low,True,False,354,5600,NA
A2Q1BZPQ1BFPSM,Mon Dec 04 2017 08:09:17 GMT-0500 (Eastern Standard Time),Mon Dec 04 2017 08:17:34 GMT-0500 (Eastern Standard Time),Mozilla/5.0 (Windows NT 10.0; WOW64; rv:52.0) Gecko/20100101 Firefox/52.0,96,"[0.9, 0.5, 0.1]","[0.8, 0.4, 0.2]","[u'black', u'blue', u'red']","[u'left', u'middle', u'right']","[0.8, 0.4, 0.2]","[u'medium', u'low', u'high']",red,51,right,high,True,False,1415,5700,NA
A2Q1BZPQ1BFPSM,Mon Dec 04 2017 08:09:17 GMT-0500 (Eastern Standard Time),Mon Dec 04 2017 08:17:34 GMT-0500 (Eastern Standard Time),Mozilla/5.0 (Windows NT 10.0; WOW64; rv:52.0) Gecko/20100101 Firefox/52.0,97,"[0.9, 0.5, 0.1]","[0.8, 0.4, 0.2]","[u'black', u'blue', u'red']","[u'left', u'middle', u'right']","[0.8, 0.4, 0.2]","[u'medium', u'low', u'high']",black,49,left,medium,True,False,737,5800,NA
A2Q1BZPQ1BFPSM,Mon Dec 04 2017 08:09:17 GMT-0500 (Eastern Standard Time),Mon Dec 04 2017 08:17:34 GMT-0500 (Eastern Standard Time),Mozilla/5.0 (Windows NT 10.0; WOW64; rv:52.0) Gecko/20100101 Firefox/52.0,98,"[0.9, 0.5, 0.1]","[0.8, 0.4, 0.2]","[u'black', u'blue', u'red']","[u'left', u'middle', u'right']","[0.8, 0.4, 0.2]","[u'medium', u'low', u'high']",red,51,right,high,True,False,772,5900,NA
A2Q1BZPQ1BFPSM,Mon Dec 04 2017 08:09:17 GMT-0500 (Eastern Standard Time),Mon Dec 04 2017 08:17:34 GMT-0500 (Eastern Standard Time),Mozilla/5.0 (Windows NT 10.0; WOW64; rv:52.0) Gecko/20100101 Firefox/52.0,99,"[0.9, 0.5, 0.1]","[0.8, 0.4, 0.2]","[u'black', u'blue', u'red']","[u'left', u'middle', u'right']","[0.8, 0.4, 0.2]","[u'medium', u'low', u'high']",blue,50,middle,low,False,False,897,5850,NA
A2Q1BZPQ1BFPSM,Mon Dec 04 2017 08:09:17 GMT-0500 (Eastern Standard Time),Mon Dec 04 2017 08:17:34 GMT-0500 (Eastern Standard Time),Mozilla/5.0 (Windows NT 10.0; WOW64; rv:52.0) Gecko/20100101 Firefox/52.0,100,"[0.9, 0.5, 0.1]","[0.8, 0.4, 0.2]","[u'black', u'blue', u'red']","[u'left', u'middle', u'right']","[0.8, 0.4, 0.2]","[u'medium', u'low', u'high']",black,49,left,medium,False,False,665,5800,NA
A2Q1BZPQ1BFPSM,Mon Dec 04 2017 08:09:17 GMT-0500 (Eastern Standard Time),Mon Dec 04 2017 08:17:34 GMT-0500 (Eastern Standard Time),Mozilla/5.0 (Windows NT 10.0; WOW64; rv:52.0) Gecko/20100101 Firefox/52.0,101,"[0.9, 0.5, 0.1]","[0.8, 0.4, 0.2]","[u'black', u'blue', u'red']","[u'left', u'middle', u'right']","[0.8, 0.4, 0.2]","[u'medium', u'low', u'high']",red,51,right,high,False,False,580,5750,NA
A2Q1BZPQ1BFPSM,Mon Dec 04 2017 08:09:17 GMT-0500 (Eastern Standard Time),Mon Dec 04 2017 08:17:34 GMT-0500 (Eastern Standard Time),Mozilla/5.0 (Windows NT 10.0; WOW64; rv:52.0) Gecko/20100101 Firefox/52.0,102,"[0.9, 0.5, 0.1]","[0.8, 0.4, 0.2]","[u'black', u'blue', u'red']","[u'left', u'middle', u'right']","[0.8, 0.4, 0.2]","[u'medium', u'low', u'high']",blue,50,middle,low,False,False,542,5700,NA
A2Q1BZPQ1BFPSM,Mon Dec 04 2017 08:09:17 GMT-0500 (Eastern Standard Time),Mon Dec 04 2017 08:17:34 GMT-0500 (Eastern Standard Time),Mozilla/5.0 (Windows NT 10.0; WOW64; rv:52.0) Gecko/20100101 Firefox/52.0,103,"[0.9, 0.5, 0.1]","[0.8, 0.4, 0.2]","[u'black', u'blue', u'red']","[u'left', u'middle', u'right']","[0.8, 0.4, 0.2]","[u'medium', u'low', u'high']",black,49,left,medium,False,False,259,5650,NA
A2Q1BZPQ1BFPSM,Mon Dec 04 2017 08:09:17 GMT-0500 (Eastern Standard Time),Mon Dec 04 2017 08:17:34 GMT-0500 (Eastern Standard Time),Mozilla/5.0 (Windows NT 10.0; WOW64; rv:52.0) Gecko/20100101 Firefox/52.0,104,"[0.9, 0.5, 0.1]","[0.8, 0.4, 0.2]","[u'black', u'blue', u'red']","[u'left', u'middle', u'right']","[0.8, 0.4, 0.2]","[u'medium', u'low', u'high']",black,49,left,medium,False,False,772,5600,NA
A2Q1BZPQ1BFPSM,Mon Dec 04 2017 08:09:17 GMT-0500 (Eastern Standard Time),Mon Dec 04 2017 08:17:34 GMT-0500 (Eastern Standard Time),Mozilla/5.0 (Windows NT 10.0; WOW64; rv:52.0) Gecko/20100101 Firefox/52.0,105,"[0.9, 0.5, 0.1]","[0.8, 0.4, 0.2]","[u'black', u'blue', u'red']","[u'left', u'middle', u'right']","[0.8, 0.4, 0.2]","[u'medium', u'low', u'high']",blue,50,middle,low,False,False,220,5550,NA
A2Q1BZPQ1BFPSM,Mon Dec 04 2017 08:09:17 GMT-0500 (Eastern Standard Time),Mon Dec 04 2017 08:17:34 GMT-0500 (Eastern Standard Time),Mozilla/5.0 (Windows NT 10.0; WOW64; rv:52.0) Gecko/20100101 Firefox/52.0,106,"[0.9, 0.5, 0.1]","[0.8, 0.4, 0.2]","[u'black', u'blue', u'red']","[u'left', u'middle', u'right']","[0.8, 0.4, 0.2]","[u'medium', u'low', u'high']",red,51,right,high,True,False,66,5650,NA
A2Q1BZPQ1BFPSM,Mon Dec 04 2017 08:09:17 GMT-0500 (Eastern Standard Time),Mon Dec 04 2017 08:17:34 GMT-0500 (Eastern Standard Time),Mozilla/5.0 (Windows NT 10.0; WOW64; rv:52.0) Gecko/20100101 Firefox/52.0,107,"[0.9, 0.5, 0.1]","[0.8, 0.4, 0.2]","[u'black', u'blue', u'red']","[u'left', u'middle', u'right']","[0.8, 0.4, 0.2]","[u'medium', u'low', u'high']",red,51,right,high,True,False,821,5750,NA
A2Q1BZPQ1BFPSM,Mon Dec 04 2017 08:09:17 GMT-0500 (Eastern Standard Time),Mon Dec 04 2017 08:17:34 GMT-0500 (Eastern Standard Time),Mozilla/5.0 (Windows NT 10.0; WOW64; rv:52.0) Gecko/20100101 Firefox/52.0,108,"[0.9, 0.5, 0.1]","[0.8, 0.4, 0.2]","[u'black', u'blue', u'red']","[u'left', u'middle', u'right']","[0.8, 0.4, 0.2]","[u'medium', u'low', u'high']",red,51,right,high,True,False,764,5850,NA
A2Q1BZPQ1BFPSM,Mon Dec 04 2017 08:09:17 GMT-0500 (Eastern Standard Time),Mon Dec 04 2017 08:17:34 GMT-0500 (Eastern Standard Time),Mozilla/5.0 (Windows NT 10.0; WOW64; rv:52.0) Gecko/20100101 Firefox/52.0,109,"[0.9, 0.5, 0.1]","[0.8, 0.4, 0.2]","[u'black', u'blue', u'red']","[u'left', u'middle', u'right']","[0.8, 0.4, 0.2]","[u'medium', u'low', u'high']",red,51,right,high,True,False,575,5950,NA
A2Q1BZPQ1BFPSM,Mon Dec 04 2017 08:09:17 GMT-0500 (Eastern Standard Time),Mon Dec 04 2017 08:17:34 GMT-0500 (Eastern Standard Time),Mozilla/5.0 (Windows NT 10.0; WOW64; rv:52.0) Gecko/20100101 Firefox/52.0,110,"[0.9, 0.5, 0.1]","[0.8, 0.4, 0.2]","[u'black', u'blue', u'red']","[u'left', u'middle', u'right']","[0.8, 0.4, 0.2]","[u'medium', u'low', u'high']",red,51,right,high,True,False,578,6050,NA
A2Q1BZPQ1BFPSM,Mon Dec 04 2017 08:09:17 GMT-0500 (Eastern Standard Time),Mon Dec 04 2017 08:17:34 GMT-0500 (Eastern Standard Time),Mozilla/5.0 (Windows NT 10.0; WOW64; rv:52.0) Gecko/20100101 Firefox/52.0,111,"[0.9, 0.5, 0.1]","[0.8, 0.4, 0.2]","[u'black', u'blue', u'red']","[u'left', u'middle', u'right']","[0.8, 0.4, 0.2]","[u'medium', u'low', u'high']",red,51,right,high,False,False,449,6000,NA
A2Q1BZPQ1BFPSM,Mon Dec 04 2017 08:09:17 GMT-0500 (Eastern Standard Time),Mon Dec 04 2017 08:17:34 GMT-0500 (Eastern Standard Time),Mozilla/5.0 (Windows NT 10.0; WOW64; rv:52.0) Gecko/20100101 Firefox/52.0,112,"[0.9, 0.5, 0.1]","[0.8, 0.4, 0.2]","[u'black', u'blue', u'red']","[u'left', u'middle', u'right']","[0.8, 0.4, 0.2]","[u'medium', u'low', u'high']",red,51,right,high,True,False,356,6100,NA
A2Q1BZPQ1BFPSM,Mon Dec 04 2017 08:09:17 GMT-0500 (Eastern Standard Time),Mon Dec 04 2017 08:17:34 GMT-0500 (Eastern Standard Time),Mozilla/5.0 (Windows NT 10.0; WOW64; rv:52.0) Gecko/20100101 Firefox/52.0,113,"[0.9, 0.5, 0.1]","[0.8, 0.4, 0.2]","[u'black', u'blue', u'red']","[u'left', u'middle', u'right']","[0.8, 0.4, 0.2]","[u'medium', u'low', u'high']",red,51,right,high,True,False,519,6200,NA
A2Q1BZPQ1BFPSM,Mon Dec 04 2017 08:09:17 GMT-0500 (Eastern Standard Time),Mon Dec 04 2017 08:17:34 GMT-0500 (Eastern Standard Time),Mozilla/5.0 (Windows NT 10.0; WOW64; rv:52.0) Gecko/20100101 Firefox/52.0,114,"[0.9, 0.5, 0.1]","[0.8, 0.4, 0.2]","[u'black', u'blue', u'red']","[u'left', u'middle', u'right']","[0.8, 0.4, 0.2]","[u'medium', u'low', u'high']",red,51,right,high,True,True,474,6300,NA
A2Q1BZPQ1BFPSM,Mon Dec 04 2017 08:09:17 GMT-0500 (Eastern Standard Time),Mon Dec 04 2017 08:17:34 GMT-0500 (Eastern Standard Time),Mozilla/5.0 (Windows NT 10.0; WOW64; rv:52.0) Gecko/20100101 Firefox/52.0,115,"[0.9, 0.5, 0.1]","[0.8, 0.4, 0.2]","[u'black', u'blue', u'red']","[u'left', u'middle', u'right']","[0.8, 0.4, 0.2]","[u'medium', u'high', u'low']",red,51,right,low,False,False,522,6250,NA
A2Q1BZPQ1BFPSM,Mon Dec 04 2017 08:09:17 GMT-0500 (Eastern Standard Time),Mon Dec 04 2017 08:17:34 GMT-0500 (Eastern Standard Time),Mozilla/5.0 (Windows NT 10.0; WOW64; rv:52.0) Gecko/20100101 Firefox/52.0,116,"[0.9, 0.5, 0.1]","[0.8, 0.4, 0.2]","[u'black', u'blue', u'red']","[u'left', u'middle', u'right']","[0.8, 0.4, 0.2]","[u'medium', u'high', u'low']",red,51,right,low,False,False,552,6200,NA
A2Q1BZPQ1BFPSM,Mon Dec 04 2017 08:09:17 GMT-0500 (Eastern Standard Time),Mon Dec 04 2017 08:17:34 GMT-0500 (Eastern Standard Time),Mozilla/5.0 (Windows NT 10.0; WOW64; rv:52.0) Gecko/20100101 Firefox/52.0,117,"[0.9, 0.5, 0.1]","[0.8, 0.4, 0.2]","[u'black', u'blue', u'red']","[u'left', u'middle', u'right']","[0.8, 0.4, 0.2]","[u'medium', u'high', u'low']",blue,50,middle,high,True,False,348,6300,NA
A2Q1BZPQ1BFPSM,Mon Dec 04 2017 08:09:17 GMT-0500 (Eastern Standard Time),Mon Dec 04 2017 08:17:34 GMT-0500 (Eastern Standard Time),Mozilla/5.0 (Windows NT 10.0; WOW64; rv:52.0) Gecko/20100101 Firefox/52.0,118,"[0.9, 0.5, 0.1]","[0.8, 0.4, 0.2]","[u'black', u'blue', u'red']","[u'left', u'middle', u'right']","[0.8, 0.4, 0.2]","[u'medium', u'high', u'low']",blue,50,middle,high,True,False,540,6400,NA
A2Q1BZPQ1BFPSM,Mon Dec 04 2017 08:09:17 GMT-0500 (Eastern Standard Time),Mon Dec 04 2017 08:17:34 GMT-0500 (Eastern Standard Time),Mozilla/5.0 (Windows NT 10.0; WOW64; rv:52.0) Gecko/20100101 Firefox/52.0,119,"[0.9, 0.5, 0.1]","[0.8, 0.4, 0.2]","[u'black', u'blue', u'red']","[u'left', u'middle', u'right']","[0.8, 0.4, 0.2]","[u'medium', u'high', u'low']",blue,50,middle,high,True,False,449,6500,NA
A2Q1BZPQ1BFPSM,Mon Dec 04 2017 08:09:17 GMT-0500 (Eastern Standard Time),Mon Dec 04 2017 08:17:34 GMT-0500 (Eastern Standard Time),Mozilla/5.0 (Windows NT 10.0; WOW64; rv:52.0) Gecko/20100101 Firefox/52.0,120,"[0.9, 0.5, 0.1]","[0.8, 0.4, 0.2]","[u'black', u'blue', u'red']","[u'left', u'middle', u'right']","[0.8, 0.4, 0.2]","[u'medium', u'high', u'low']",blue,50,middle,high,True,False,436,6600,NA
A2Q1BZPQ1BFPSM,Mon Dec 04 2017 08:09:17 GMT-0500 (Eastern Standard Time),Mon Dec 04 2017 08:17:34 GMT-0500 (Eastern Standard Time),Mozilla/5.0 (Windows NT 10.0; WOW64; rv:52.0) Gecko/20100101 Firefox/52.0,121,"[0.9, 0.5, 0.1]","[0.8, 0.4, 0.2]","[u'black', u'blue', u'red']","[u'left', u'middle', u'right']","[0.8, 0.4, 0.2]","[u'high', u'medium', u'low']",blue,50,middle,medium,False,False,1739,6550,NA
A2Q1BZPQ1BFPSM,Mon Dec 04 2017 08:09:17 GMT-0500 (Eastern Standard Time),Mon Dec 04 2017 08:17:34 GMT-0500 (Eastern Standard Time),Mozilla/5.0 (Windows NT 10.0; WOW64; rv:52.0) Gecko/20100101 Firefox/52.0,122,"[0.9, 0.5, 0.1]","[0.8, 0.4, 0.2]","[u'black', u'blue', u'red']","[u'left', u'middle', u'right']","[0.8, 0.4, 0.2]","[u'high', u'medium', u'low']",red,51,right,low,False,False,422,6500,NA
A2Q1BZPQ1BFPSM,Mon Dec 04 2017 08:09:17 GMT-0500 (Eastern Standard Time),Mon Dec 04 2017 08:17:34 GMT-0500 (Eastern Standard Time),Mozilla/5.0 (Windows NT 10.0; WOW64; rv:52.0) Gecko/20100101 Firefox/52.0,123,"[0.9, 0.5, 0.1]","[0.8, 0.4, 0.2]","[u'black', u'blue', u'red']","[u'left', u'middle', u'right']","[0.8, 0.4, 0.2]","[u'high', u'medium', u'low']",black,49,left,high,True,False,342,6600,NA
A2Q1BZPQ1BFPSM,Mon Dec 04 2017 08:09:17 GMT-0500 (Eastern Standard Time),Mon Dec 04 2017 08:17:34 GMT-0500 (Eastern Standard Time),Mozilla/5.0 (Windows NT 10.0; WOW64; rv:52.0) Gecko/20100101 Firefox/52.0,124,"[0.9, 0.5, 0.1]","[0.8, 0.4, 0.2]","[u'black', u'blue', u'red']","[u'left', u'middle', u'right']","[0.8, 0.4, 0.2]","[u'high', u'medium', u'low']",black,49,left,high,True,False,445,6700,NA
A2Q1BZPQ1BFPSM,Mon Dec 04 2017 08:09:17 GMT-0500 (Eastern Standard Time),Mon Dec 04 2017 08:17:34 GMT-0500 (Eastern Standard Time),Mozilla/5.0 (Windows NT 10.0; WOW64; rv:52.0) Gecko/20100101 Firefox/52.0,125,"[0.9, 0.5, 0.1]","[0.8, 0.4, 0.2]","[u'black', u'blue', u'red']","[u'left', u'middle', u'right']","[0.8, 0.4, 0.2]","[u'high', u'medium', u'low']",black,49,left,high,True,False,470,6800,NA
A2Q1BZPQ1BFPSM,Mon Dec 04 2017 08:09:17 GMT-0500 (Eastern Standard Time),Mon Dec 04 2017 08:17:34 GMT-0500 (Eastern Standard Time),Mozilla/5.0 (Windows NT 10.0; WOW64; rv:52.0) Gecko/20100101 Firefox/52.0,126,"[0.9, 0.5, 0.1]","[0.8, 0.4, 0.2]","[u'black', u'blue', u'red']","[u'left', u'middle', u'right']","[0.8, 0.4, 0.2]","[u'high', u'medium', u'low']",black,49,left,high,True,False,436,6900,NA
A2Q1BZPQ1BFPSM,Mon Dec 04 2017 08:09:17 GMT-0500 (Eastern Standard Time),Mon Dec 04 2017 08:17:34 GMT-0500 (Eastern Standard Time),Mozilla/5.0 (Windows NT 10.0; WOW64; rv:52.0) Gecko/20100101 Firefox/52.0,127,"[0.9, 0.5, 0.1]","[0.8, 0.4, 0.2]","[u'black', u'blue', u'red']","[u'left', u'middle', u'right']","[0.8, 0.4, 0.2]","[u'high', u'medium', u'low']",black,49,left,high,True,False,499,7000,NA
A2Q1BZPQ1BFPSM,Mon Dec 04 2017 08:09:17 GMT-0500 (Eastern Standard Time),Mon Dec 04 2017 08:17:34 GMT-0500 (Eastern Standard Time),Mozilla/5.0 (Windows NT 10.0; WOW64; rv:52.0) Gecko/20100101 Firefox/52.0,128,"[0.9, 0.5, 0.1]","[0.8, 0.4, 0.2]","[u'black', u'blue', u'red']","[u'left', u'middle', u'right']","[0.8, 0.4, 0.2]","[u'high', u'medium', u'low']",black,49,left,high,False,False,384,6950,NA
A2Q1BZPQ1BFPSM,Mon Dec 04 2017 08:09:17 GMT-0500 (Eastern Standard Time),Mon Dec 04 2017 08:17:34 GMT-0500 (Eastern Standard Time),Mozilla/5.0 (Windows NT 10.0; WOW64; rv:52.0) Gecko/20100101 Firefox/52.0,129,"[0.9, 0.5, 0.1]","[0.8, 0.4, 0.2]","[u'black', u'blue', u'red']","[u'left', u'middle', u'right']","[0.8, 0.4, 0.2]","[u'high', u'medium', u'low']",black,49,left,high,True,False,314,7050,NA
A2Q1BZPQ1BFPSM,Mon Dec 04 2017 08:09:17 GMT-0500 (Eastern Standard Time),Mon Dec 04 2017 08:17:34 GMT-0500 (Eastern Standard Time),Mozilla/5.0 (Windows NT 10.0; WOW64; rv:52.0) Gecko/20100101 Firefox/52.0,130,"[0.9, 0.5, 0.1]","[0.8, 0.4, 0.2]","[u'black', u'blue', u'red']","[u'left', u'middle', u'right']","[0.8, 0.4, 0.2]","[u'high', u'medium', u'low']",black,49,left,high,True,False,366,7150,NA
A2Q1BZPQ1BFPSM,Mon Dec 04 2017 08:09:17 GMT-0500 (Eastern Standard Time),Mon Dec 04 2017 08:17:34 GMT-0500 (Eastern Standard Time),Mozilla/5.0 (Windows NT 10.0; WOW64; rv:52.0) Gecko/20100101 Firefox/52.0,131,"[0.9, 0.5, 0.1]","[0.8, 0.4, 0.2]","[u'black', u'blue', u'red']","[u'left', u'middle', u'right']","[0.8, 0.4, 0.2]","[u'high', u'medium', u'low']",black,49,left,high,True,True,428,7250,NA
A2Q1BZPQ1BFPSM,Mon Dec 04 2017 08:09:17 GMT-0500 (Eastern Standard Time),Mon Dec 04 2017 08:17:34 GMT-0500 (Eastern Standard Time),Mozilla/5.0 (Windows NT 10.0; WOW64; rv:52.0) Gecko/20100101 Firefox/52.0,132,"[0.9, 0.5, 0.1]","[0.8, 0.4, 0.2]","[u'black', u'blue', u'red']","[u'left', u'middle', u'right']","[0.8, 0.4, 0.2]","[u'low', u'high', u'medium']",black,49,left,low,False,False,1103,7200,NA
A2Q1BZPQ1BFPSM,Mon Dec 04 2017 08:09:17 GMT-0500 (Eastern Standard Time),Mon Dec 04 2017 08:17:34 GMT-0500 (Eastern Standard Time),Mozilla/5.0 (Windows NT 10.0; WOW64; rv:52.0) Gecko/20100101 Firefox/52.0,133,"[0.9, 0.5, 0.1]","[0.8, 0.4, 0.2]","[u'black', u'blue', u'red']","[u'left', u'middle', u'right']","[0.8, 0.4, 0.2]","[u'low', u'high', u'medium']",black,49,left,low,False,False,557,7150,NA
A2Q1BZPQ1BFPSM,Mon Dec 04 2017 08:09:17 GMT-0500 (Eastern Standard Time),Mon Dec 04 2017 08:17:34 GMT-0500 (Eastern Standard Time),Mozilla/5.0 (Windows NT 10.0; WOW64; rv:52.0) Gecko/20100101 Firefox/52.0,134,"[0.9, 0.5, 0.1]","[0.8, 0.4, 0.2]","[u'black', u'blue', u'red']","[u'left', u'middle', u'right']","[0.8, 0.4, 0.2]","[u'low', u'high', u'medium']",blue,50,middle,high,True,False,167,7250,NA
A2Q1BZPQ1BFPSM,Mon Dec 04 2017 08:09:17 GMT-0500 (Eastern Standard Time),Mon Dec 04 2017 08:17:34 GMT-0500 (Eastern Standard Time),Mozilla/5.0 (Windows NT 10.0; WOW64; rv:52.0) Gecko/20100101 Firefox/52.0,135,"[0.9, 0.5, 0.1]","[0.8, 0.4, 0.2]","[u'black', u'blue', u'red']","[u'left', u'middle', u'right']","[0.8, 0.4, 0.2]","[u'low', u'high', u'medium']",blue,50,middle,high,False,False,677,7200,NA
A2Q1BZPQ1BFPSM,Mon Dec 04 2017 08:09:17 GMT-0500 (Eastern Standard Time),Mon Dec 04 2017 08:17:34 GMT-0500 (Eastern Standard Time),Mozilla/5.0 (Windows NT 10.0; WOW64; rv:52.0) Gecko/20100101 Firefox/52.0,136,"[0.9, 0.5, 0.1]","[0.8, 0.4, 0.2]","[u'black', u'blue', u'red']","[u'left', u'middle', u'right']","[0.8, 0.4, 0.2]","[u'low', u'high', u'medium']",red,51,right,medium,False,False,27,7150,NA
A2Q1BZPQ1BFPSM,Mon Dec 04 2017 08:09:17 GMT-0500 (Eastern Standard Time),Mon Dec 04 2017 08:17:34 GMT-0500 (Eastern Standard Time),Mozilla/5.0 (Windows NT 10.0; WOW64; rv:52.0) Gecko/20100101 Firefox/52.0,137,"[0.9, 0.5, 0.1]","[0.8, 0.4, 0.2]","[u'black', u'blue', u'red']","[u'left', u'middle', u'right']","[0.8, 0.4, 0.2]","[u'low', u'high', u'medium']",red,51,right,medium,False,False,556,7100,NA
A2Q1BZPQ1BFPSM,Mon Dec 04 2017 08:09:17 GMT-0500 (Eastern Standard Time),Mon Dec 04 2017 08:17:34 GMT-0500 (Eastern Standard Time),Mozilla/5.0 (Windows NT 10.0; WOW64; rv:52.0) Gecko/20100101 Firefox/52.0,138,"[0.9, 0.5, 0.1]","[0.8, 0.4, 0.2]","[u'black', u'blue', u'red']","[u'left', u'middle', u'right']","[0.8, 0.4, 0.2]","[u'low', u'high', u'medium']",blue,50,middle,high,True,False,157,7200,NA
A2Q1BZPQ1BFPSM,Mon Dec 04 2017 08:09:17 GMT-0500 (Eastern Standard Time),Mon Dec 04 2017 08:17:34 GMT-0500 (Eastern Standard Time),Mozilla/5.0 (Windows NT 10.0; WOW64; rv:52.0) Gecko/20100101 Firefox/52.0,139,"[0.9, 0.5, 0.1]","[0.8, 0.4, 0.2]","[u'black', u'blue', u'red']","[u'left', u'middle', u'right']","[0.8, 0.4, 0.2]","[u'low', u'high', u'medium']",blue,50,middle,high,False,False,726,7150,NA
A2Q1BZPQ1BFPSM,Mon Dec 04 2017 08:09:17 GMT-0500 (Eastern Standard Time),Mon Dec 04 2017 08:17:34 GMT-0500 (Eastern Standard Time),Mozilla/5.0 (Windows NT 10.0; WOW64; rv:52.0) Gecko/20100101 Firefox/52.0,140,"[0.9, 0.5, 0.1]","[0.8, 0.4, 0.2]","[u'black', u'blue', u'red']","[u'left', u'middle', u'right']","[0.8, 0.4, 0.2]","[u'low', u'high', u'medium']",black,49,left,low,True,False,471,7250,NA
A2Q1BZPQ1BFPSM,Mon Dec 04 2017 08:09:17 GMT-0500 (Eastern Standard Time),Mon Dec 04 2017 08:17:34 GMT-0500 (Eastern Standard Time),Mozilla/5.0 (Windows NT 10.0; WOW64; rv:52.0) Gecko/20100101 Firefox/52.0,141,"[0.9, 0.5, 0.1]","[0.8, 0.4, 0.2]","[u'black', u'blue', u'red']","[u'left', u'middle', u'right']","[0.8, 0.4, 0.2]","[u'low', u'high', u'medium']",black,49,left,low,True,False,485,7350,NA
A2Q1BZPQ1BFPSM,Mon Dec 04 2017 08:09:17 GMT-0500 (Eastern Standard Time),Mon Dec 04 2017 08:17:34 GMT-0500 (Eastern Standard Time),Mozilla/5.0 (Windows NT 10.0; WOW64; rv:52.0) Gecko/20100101 Firefox/52.0,142,"[0.9, 0.5, 0.1]","[0.8, 0.4, 0.2]","[u'black', u'blue', u'red']","[u'left', u'middle', u'right']","[0.8, 0.4, 0.2]","[u'low', u'high', u'medium']",black,49,left,low,False,False,629,7300,NA
A2Q1BZPQ1BFPSM,Mon Dec 04 2017 08:09:17 GMT-0500 (Eastern Standard Time),Mon Dec 04 2017 08:17:34 GMT-0500 (Eastern Standard Time),Mozilla/5.0 (Windows NT 10.0; WOW64; rv:52.0) Gecko/20100101 Firefox/52.0,143,"[0.9, 0.5, 0.1]","[0.8, 0.4, 0.2]","[u'black', u'blue', u'red']","[u'left', u'middle', u'right']","[0.8, 0.4, 0.2]","[u'low', u'high', u'medium']",black,49,left,low,False,False,362,7250,NA
A2Q1BZPQ1BFPSM,Mon Dec 04 2017 08:09:17 GMT-0500 (Eastern Standard Time),Mon Dec 04 2017 08:17:34 GMT-0500 (Eastern Standard Time),Mozilla/5.0 (Windows NT 10.0; WOW64; rv:52.0) Gecko/20100101 Firefox/52.0,144,"[0.9, 0.5, 0.1]","[0.8, 0.4, 0.2]","[u'black', u'blue', u'red']","[u'left', u'middle', u'right']","[0.8, 0.4, 0.2]","[u'low', u'high', u'medium']",black,49,left,low,False,False,457,7200,NA
A2Q1BZPQ1BFPSM,Mon Dec 04 2017 08:09:17 GMT-0500 (Eastern Standard Time),Mon Dec 04 2017 08:17:34 GMT-0500 (Eastern Standard Time),Mozilla/5.0 (Windows NT 10.0; WOW64; rv:52.0) Gecko/20100101 Firefox/52.0,145,"[0.9, 0.5, 0.1]","[0.8, 0.4, 0.2]","[u'black', u'blue', u'red']","[u'left', u'middle', u'right']","[0.8, 0.4, 0.2]","[u'low', u'high', u'medium']",blue,50,middle,high,True,False,43,7300,NA
A2Q1BZPQ1BFPSM,Mon Dec 04 2017 08:09:17 GMT-0500 (Eastern Standard Time),Mon Dec 04 2017 08:17:34 GMT-0500 (Eastern Standard Time),Mozilla/5.0 (Windows NT 10.0; WOW64; rv:52.0) Gecko/20100101 Firefox/52.0,146,"[0.9, 0.5, 0.1]","[0.8, 0.4, 0.2]","[u'black', u'blue', u'red']","[u'left', u'middle', u'right']","[0.8, 0.4, 0.2]","[u'low', u'high', u'medium']",blue,50,middle,high,False,False,542,7250,NA
A2Q1BZPQ1BFPSM,Mon Dec 04 2017 08:09:17 GMT-0500 (Eastern Standard Time),Mon Dec 04 2017 08:17:34 GMT-0500 (Eastern Standard Time),Mozilla/5.0 (Windows NT 10.0; WOW64; rv:52.0) Gecko/20100101 Firefox/52.0,147,"[0.9, 0.5, 0.1]","[0.8, 0.4, 0.2]","[u'black', u'blue', u'red']","[u'left', u'middle', u'right']","[0.8, 0.4, 0.2]","[u'low', u'high', u'medium']",red,51,right,medium,True,False,97,7350,NA
A2Q1BZPQ1BFPSM,Mon Dec 04 2017 08:09:17 GMT-0500 (Eastern Standard Time),Mon Dec 04 2017 08:17:34 GMT-0500 (Eastern Standard Time),Mozilla/5.0 (Windows NT 10.0; WOW64; rv:52.0) Gecko/20100101 Firefox/52.0,148,"[0.9, 0.5, 0.1]","[0.8, 0.4, 0.2]","[u'black', u'blue', u'red']","[u'left', u'middle', u'right']","[0.8, 0.4, 0.2]","[u'low', u'high', u'medium']",black,49,left,low,True,False,665,7450,NA
A2Q1BZPQ1BFPSM,Mon Dec 04 2017 08:09:17 GMT-0500 (Eastern Standard Time),Mon Dec 04 2017 08:17:34 GMT-0500 (Eastern Standard Time),Mozilla/5.0 (Windows NT 10.0; WOW64; rv:52.0) Gecko/20100101 Firefox/52.0,149,"[0.9, 0.5, 0.1]","[0.8, 0.4, 0.2]","[u'black', u'blue', u'red']","[u'left', u'middle', u'right']","[0.8, 0.4, 0.2]","[u'low', u'high', u'medium']",red,51,right,medium,False,False,737,7400,NA
A2Q1BZPQ1BFPSM,Mon Dec 04 2017 08:09:17 GMT-0500 (Eastern Standard Time),Mon Dec 04 2017 08:17:34 GMT-0500 (Eastern Standard Time),Mozilla/5.0 (Windows NT 10.0; WOW64; rv:52.0) Gecko/20100101 Firefox/52.0,150,"[0.9, 0.5, 0.1]","[0.8, 0.4, 0.2]","[u'black', u'blue', u'red']","[u'left', u'middle', u'right']","[0.8, 0.4, 0.2]","[u'low', u'high', u'medium']",blue,50,middle,high,False,False,344,7350,NA
A2Q1BZPQ1BFPSM,Mon Dec 04 2017 08:09:17 GMT-0500 (Eastern Standard Time),Mon Dec 04 2017 08:17:34 GMT-0500 (Eastern Standard Time),Mozilla/5.0 (Windows NT 10.0; WOW64; rv:52.0) Gecko/20100101 Firefox/52.0,151,"[0.9, 0.5, 0.1]","[0.8, 0.4, 0.2]","[u'black', u'blue', u'red']","[u'left', u'middle', u'right']","[0.8, 0.4, 0.2]","[u'low', u'high', u'medium']",black,49,left,low,True,False,404,7450,NA
A2Q1BZPQ1BFPSM,Mon Dec 04 2017 08:09:17 GMT-0500 (Eastern Standard Time),Mon Dec 04 2017 08:17:34 GMT-0500 (Eastern Standard Time),Mozilla/5.0 (Windows NT 10.0; WOW64; rv:52.0) Gecko/20100101 Firefox/52.0,152,"[0.9, 0.5, 0.1]","[0.8, 0.4, 0.2]","[u'black', u'blue', u'red']","[u'left', u'middle', u'right']","[0.8, 0.4, 0.2]","[u'low', u'high', u'medium']",black,49,left,low,False,False,787,7400,NA
A2Q1BZPQ1BFPSM,Mon Dec 04 2017 08:09:17 GMT-0500 (Eastern Standard Time),Mon Dec 04 2017 08:17:34 GMT-0500 (Eastern Standard Time),Mozilla/5.0 (Windows NT 10.0; WOW64; rv:52.0) Gecko/20100101 Firefox/52.0,153,"[0.9, 0.5, 0.1]","[0.8, 0.4, 0.2]","[u'black', u'blue', u'red']","[u'left', u'middle', u'right']","[0.8, 0.4, 0.2]","[u'low', u'high', u'medium']",red,51,right,medium,False,False,595,7350,NA
A2Q1BZPQ1BFPSM,Mon Dec 04 2017 08:09:17 GMT-0500 (Eastern Standard Time),Mon Dec 04 2017 08:17:34 GMT-0500 (Eastern Standard Time),Mozilla/5.0 (Windows NT 10.0; WOW64; rv:52.0) Gecko/20100101 Firefox/52.0,154,"[0.9, 0.5, 0.1]","[0.8, 0.4, 0.2]","[u'black', u'blue', u'red']","[u'left', u'middle', u'right']","[0.8, 0.4, 0.2]","[u'low', u'high', u'medium']",blue,50,middle,high,True,False,64,7450,NA
A2Q1BZPQ1BFPSM,Mon Dec 04 2017 08:09:17 GMT-0500 (Eastern Standard Time),Mon Dec 04 2017 08:17:34 GMT-0500 (Eastern Standard Time),Mozilla/5.0 (Windows NT 10.0; WOW64; rv:52.0) Gecko/20100101 Firefox/52.0,155,"[0.9, 0.5, 0.1]","[0.8, 0.4, 0.2]","[u'black', u'blue', u'red']","[u'left', u'middle', u'right']","[0.8, 0.4, 0.2]","[u'low', u'high', u'medium']",black,49,left,low,True,False,816,7550,NA
A2Q1BZPQ1BFPSM,Mon Dec 04 2017 08:09:17 GMT-0500 (Eastern Standard Time),Mon Dec 04 2017 08:17:34 GMT-0500 (Eastern Standard Time),Mozilla/5.0 (Windows NT 10.0; WOW64; rv:52.0) Gecko/20100101 Firefox/52.0,156,"[0.9, 0.5, 0.1]","[0.8, 0.4, 0.2]","[u'black', u'blue', u'red']","[u'left', u'middle', u'right']","[0.8, 0.4, 0.2]","[u'low', u'high', u'medium']",blue,50,middle,high,True,False,658,7650,NA
A2Q1BZPQ1BFPSM,Mon Dec 04 2017 08:09:17 GMT-0500 (Eastern Standard Time),Mon Dec 04 2017 08:17:34 GMT-0500 (Eastern Standard Time),Mozilla/5.0 (Windows NT 10.0; WOW64; rv:52.0) Gecko/20100101 Firefox/52.0,157,"[0.9, 0.5, 0.1]","[0.8, 0.4, 0.2]","[u'black', u'blue', u'red']","[u'left', u'middle', u'right']","[0.8, 0.4, 0.2]","[u'low', u'high', u'medium']",black,49,left,low,False,False,742,7600,NA
A2Q1BZPQ1BFPSM,Mon Dec 04 2017 08:09:17 GMT-0500 (Eastern Standard Time),Mon Dec 04 2017 08:17:34 GMT-0500 (Eastern Standard Time),Mozilla/5.0 (Windows NT 10.0; WOW64; rv:52.0) Gecko/20100101 Firefox/52.0,158,"[0.9, 0.5, 0.1]","[0.8, 0.4, 0.2]","[u'black', u'blue', u'red']","[u'left', u'middle', u'right']","[0.8, 0.4, 0.2]","[u'low', u'high', u'medium']",blue,50,middle,high,True,False,385,7700,NA
A2Q1BZPQ1BFPSM,Mon Dec 04 2017 08:09:17 GMT-0500 (Eastern Standard Time),Mon Dec 04 2017 08:17:34 GMT-0500 (Eastern Standard Time),Mozilla/5.0 (Windows NT 10.0; WOW64; rv:52.0) Gecko/20100101 Firefox/52.0,159,"[0.9, 0.5, 0.1]","[0.8, 0.4, 0.2]","[u'black', u'blue', u'red']","[u'left', u'middle', u'right']","[0.8, 0.4, 0.2]","[u'low', u'high', u'medium']",blue,50,middle,high,True,False,327,7800,NA
A2Q1BZPQ1BFPSM,Mon Dec 04 2017 08:09:17 GMT-0500 (Eastern Standard Time),Mon Dec 04 2017 08:17:34 GMT-0500 (Eastern Standard Time),Mozilla/5.0 (Windows NT 10.0; WOW64; rv:52.0) Gecko/20100101 Firefox/52.0,160,"[0.9, 0.5, 0.1]","[0.8, 0.4, 0.2]","[u'black', u'blue', u'red']","[u'left', u'middle', u'right']","[0.8, 0.4, 0.2]","[u'low', u'high', u'medium']",blue,50,middle,high,True,False,306,7900,NA
