A2WQT33K6LD9Z5,Mon Dec 04 2017 13:11:02 GMT-0500 (Eastern Standard Time),Mon Dec 04 2017 13:17:10 GMT-0500 (Eastern Standard Time),"Mozilla/5.0 (Windows NT 6.1; Win64; x64) AppleWebKit/537.36 (KHTML, like Gecko) Chrome/62.0.3202.94 Safari/537.36",1,"[0.9, 0.5, 0.1]","[0.8, 0.4, 0.2]","[u'red', u'black', u'blue']","[u'left', u'middle', u'right']","[0.9, 0.5, 0.1]","[u'medium', u'low', u'high']",black,50,middle,low,False,False,360,-50,NA
A2WQT33K6LD9Z5,Mon Dec 04 2017 13:11:02 GMT-0500 (Eastern Standard Time),Mon Dec 04 2017 13:17:10 GMT-0500 (Eastern Standard Time),"Mozilla/5.0 (Windows NT 6.1; Win64; x64) AppleWebKit/537.36 (KHTML, like Gecko) Chrome/62.0.3202.94 Safari/537.36",2,"[0.9, 0.5, 0.1]","[0.8, 0.4, 0.2]","[u'red', u'black', u'blue']","[u'left', u'middle', u'right']","[0.9, 0.5, 0.1]","[u'medium', u'low', u'high']",red,49,left,medium,False,False,280,-100,NA
A2WQT33K6LD9Z5,Mon Dec 04 2017 13:11:02 GMT-0500 (Eastern Standard Time),Mon Dec 04 2017 13:17:10 GMT-0500 (Eastern Standard Time),"Mozilla/5.0 (Windows NT 6.1; Win64; x64) AppleWebKit/537.36 (KHTML, like Gecko) Chrome/62.0.3202.94 Safari/537.36",3,"[0.9, 0.5, 0.1]","[0.8, 0.4, 0.2]","[u'red', u'black', u'blue']","[u'left', u'middle', u'right']","[0.9, 0.5, 0.1]","[u'medium', u'low', u'high']",blue,51,right,high,True,False,729,0,NA
A2WQT33K6LD9Z5,Mon Dec 04 2017 13:11:02 GMT-0500 (Eastern Standard Time),Mon Dec 04 2017 13:17:10 GMT-0500 (Eastern Standard Time),"Mozilla/5.0 (Windows NT 6.1; Win64; x64) AppleWebKit/537.36 (KHTML, like Gecko) Chrome/62.0.3202.94 Safari/537.36",4,"[0.9, 0.5, 0.1]","[0.8, 0.4, 0.2]","[u'red', u'black', u'blue']","[u'left', u'middle', u'right']","[0.9, 0.5, 0.1]","[u'medium', u'low', u'high']",blue,51,right,high,True,False,1474,100,NA
A2WQT33K6LD9Z5,Mon Dec 04 2017 13:11:02 GMT-0500 (Eastern Standard Time),Mon Dec 04 2017 13:17:10 GMT-0500 (Eastern Standard Time),"Mozilla/5.0 (Windows NT 6.1; Win64; x64) AppleWebKit/537.36 (KHTML, like Gecko) Chrome/62.0.3202.94 Safari/537.36",5,"[0.9, 0.5, 0.1]","[0.8, 0.4, 0.2]","[u'red', u'black', u'blue']","[u'left', u'middle', u'right']","[0.9, 0.5, 0.1]","[u'medium', u'low', u'high']",blue,51,right,high,True,False,272,200,NA
A2WQT33K6LD9Z5,Mon Dec 04 2017 13:11:02 GMT-0500 (Eastern Standard Time),Mon Dec 04 2017 13:17:10 GMT-0500 (Eastern Standard Time),"Mozilla/5.0 (Windows NT 6.1; Win64; x64) AppleWebKit/537.36 (KHTML, like Gecko) Chrome/62.0.3202.94 Safari/537.36",6,"[0.9, 0.5, 0.1]","[0.8, 0.4, 0.2]","[u'red', u'black', u'blue']","[u'left', u'middle', u'right']","[0.9, 0.5, 0.1]","[u'medium', u'low', u'high']",blue,51,right,high,True,False,251,300,NA
A2WQT33K6LD9Z5,Mon Dec 04 2017 13:11:02 GMT-0500 (Eastern Standard Time),Mon Dec 04 2017 13:17:10 GMT-0500 (Eastern Standard Time),"Mozilla/5.0 (Windows NT 6.1; Win64; x64) AppleWebKit/537.36 (KHTML, like Gecko) Chrome/62.0.3202.94 Safari/537.36",7,"[0.9, 0.5, 0.1]","[0.8, 0.4, 0.2]","[u'red', u'black', u'blue']","[u'left', u'middle', u'right']","[0.9, 0.5, 0.1]","[u'medium', u'low', u'high']",blue,51,right,high,False,False,792,250,NA
A2WQT33K6LD9Z5,Mon Dec 04 2017 13:11:02 GMT-0500 (Eastern Standard Time),Mon Dec 04 2017 13:17:10 GMT-0500 (Eastern Standard Time),"Mozilla/5.0 (Windows NT 6.1; Win64; x64) AppleWebKit/537.36 (KHTML, like Gecko) Chrome/62.0.3202.94 Safari/537.36",8,"[0.9, 0.5, 0.1]","[0.8, 0.4, 0.2]","[u'red', u'black', u'blue']","[u'left', u'middle', u'right']","[0.9, 0.5, 0.1]","[u'medium', u'low', u'high']",blue,51,right,high,True,False,266,350,NA
A2WQT33K6LD9Z5,Mon Dec 04 2017 13:11:02 GMT-0500 (Eastern Standard Time),Mon Dec 04 2017 13:17:10 GMT-0500 (Eastern Standard Time),"Mozilla/5.0 (Windows NT 6.1; Win64; x64) AppleWebKit/537.36 (KHTML, like Gecko) Chrome/62.0.3202.94 Safari/537.36",9,"[0.9, 0.5, 0.1]","[0.8, 0.4, 0.2]","[u'red', u'black', u'blue']","[u'left', u'middle', u'right']","[0.9, 0.5, 0.1]","[u'medium', u'low', u'high']",blue,51,right,high,True,False,250,450,NA
A2WQT33K6LD9Z5,Mon Dec 04 2017 13:11:02 GMT-0500 (Eastern Standard Time),Mon Dec 04 2017 13:17:10 GMT-0500 (Eastern Standard Time),"Mozilla/5.0 (Windows NT 6.1; Win64; x64) AppleWebKit/537.36 (KHTML, like Gecko) Chrome/62.0.3202.94 Safari/537.36",10,"[0.9, 0.5, 0.1]","[0.8, 0.4, 0.2]","[u'red', u'black', u'blue']","[u'left', u'middle', u'right']","[0.9, 0.5, 0.1]","[u'medium', u'low', u'high']",blue,51,right,high,False,False,241,400,NA
A2WQT33K6LD9Z5,Mon Dec 04 2017 13:11:02 GMT-0500 (Eastern Standard Time),Mon Dec 04 2017 13:17:10 GMT-0500 (Eastern Standard Time),"Mozilla/5.0 (Windows NT 6.1; Win64; x64) AppleWebKit/537.36 (KHTML, like Gecko) Chrome/62.0.3202.94 Safari/537.36",11,"[0.9, 0.5, 0.1]","[0.8, 0.4, 0.2]","[u'red', u'black', u'blue']","[u'left', u'middle', u'right']","[0.9, 0.5, 0.1]","[u'medium', u'low', u'high']",blue,51,right,high,True,True,225,500,NA
A2WQT33K6LD9Z5,Mon Dec 04 2017 13:11:02 GMT-0500 (Eastern Standard Time),Mon Dec 04 2017 13:17:10 GMT-0500 (Eastern Standard Time),"Mozilla/5.0 (Windows NT 6.1; Win64; x64) AppleWebKit/537.36 (KHTML, like Gecko) Chrome/62.0.3202.94 Safari/537.36",12,"[0.9, 0.5, 0.1]","[0.8, 0.4, 0.2]","[u'red', u'black', u'blue']","[u'left', u'middle', u'right']","[0.9, 0.5, 0.1]","[u'high', u'low', u'medium']",blue,51,right,medium,True,False,227,600,NA
A2WQT33K6LD9Z5,Mon Dec 04 2017 13:11:02 GMT-0500 (Eastern Standard Time),Mon Dec 04 2017 13:17:10 GMT-0500 (Eastern Standard Time),"Mozilla/5.0 (Windows NT 6.1; Win64; x64) AppleWebKit/537.36 (KHTML, like Gecko) Chrome/62.0.3202.94 Safari/537.36",13,"[0.9, 0.5, 0.1]","[0.8, 0.4, 0.2]","[u'red', u'black', u'blue']","[u'left', u'middle', u'right']","[0.9, 0.5, 0.1]","[u'high', u'low', u'medium']",blue,51,right,medium,False,False,209,550,NA
A2WQT33K6LD9Z5,Mon Dec 04 2017 13:11:02 GMT-0500 (Eastern Standard Time),Mon Dec 04 2017 13:17:10 GMT-0500 (Eastern Standard Time),"Mozilla/5.0 (Windows NT 6.1; Win64; x64) AppleWebKit/537.36 (KHTML, like Gecko) Chrome/62.0.3202.94 Safari/537.36",14,"[0.9, 0.5, 0.1]","[0.8, 0.4, 0.2]","[u'red', u'black', u'blue']","[u'left', u'middle', u'right']","[0.9, 0.5, 0.1]","[u'high', u'low', u'medium']",blue,51,right,medium,False,False,178,500,NA
A2WQT33K6LD9Z5,Mon Dec 04 2017 13:11:02 GMT-0500 (Eastern Standard Time),Mon Dec 04 2017 13:17:10 GMT-0500 (Eastern Standard Time),"Mozilla/5.0 (Windows NT 6.1; Win64; x64) AppleWebKit/537.36 (KHTML, like Gecko) Chrome/62.0.3202.94 Safari/537.36",15,"[0.9, 0.5, 0.1]","[0.8, 0.4, 0.2]","[u'red', u'black', u'blue']","[u'left', u'middle', u'right']","[0.9, 0.5, 0.1]","[u'high', u'low', u'medium']",blue,51,right,medium,False,False,170,450,NA
A2WQT33K6LD9Z5,Mon Dec 04 2017 13:11:02 GMT-0500 (Eastern Standard Time),Mon Dec 04 2017 13:17:10 GMT-0500 (Eastern Standard Time),"Mozilla/5.0 (Windows NT 6.1; Win64; x64) AppleWebKit/537.36 (KHTML, like Gecko) Chrome/62.0.3202.94 Safari/537.36",16,"[0.9, 0.5, 0.1]","[0.8, 0.4, 0.2]","[u'red', u'black', u'blue']","[u'left', u'middle', u'right']","[0.9, 0.5, 0.1]","[u'high', u'low', u'medium']",blue,51,right,medium,True,False,97,550,NA
A2WQT33K6LD9Z5,Mon Dec 04 2017 13:11:02 GMT-0500 (Eastern Standard Time),Mon Dec 04 2017 13:17:10 GMT-0500 (Eastern Standard Time),"Mozilla/5.0 (Windows NT 6.1; Win64; x64) AppleWebKit/537.36 (KHTML, like Gecko) Chrome/62.0.3202.94 Safari/537.36",17,"[0.9, 0.5, 0.1]","[0.8, 0.4, 0.2]","[u'red', u'black', u'blue']","[u'left', u'middle', u'right']","[0.9, 0.5, 0.1]","[u'high', u'low', u'medium']",blue,51,right,medium,True,False,218,650,NA
A2WQT33K6LD9Z5,Mon Dec 04 2017 13:11:02 GMT-0500 (Eastern Standard Time),Mon Dec 04 2017 13:17:10 GMT-0500 (Eastern Standard Time),"Mozilla/5.0 (Windows NT 6.1; Win64; x64) AppleWebKit/537.36 (KHTML, like Gecko) Chrome/62.0.3202.94 Safari/537.36",18,"[0.9, 0.5, 0.1]","[0.8, 0.4, 0.2]","[u'red', u'black', u'blue']","[u'left', u'middle', u'right']","[0.9, 0.5, 0.1]","[u'high', u'low', u'medium']",blue,51,right,medium,False,False,227,600,NA
A2WQT33K6LD9Z5,Mon Dec 04 2017 13:11:02 GMT-0500 (Eastern Standard Time),Mon Dec 04 2017 13:17:10 GMT-0500 (Eastern Standard Time),"Mozilla/5.0 (Windows NT 6.1; Win64; x64) AppleWebKit/537.36 (KHTML, like Gecko) Chrome/62.0.3202.94 Safari/537.36",19,"[0.9, 0.5, 0.1]","[0.8, 0.4, 0.2]","[u'red', u'black', u'blue']","[u'left', u'middle', u'right']","[0.9, 0.5, 0.1]","[u'high', u'low', u'medium']",blue,51,right,medium,False,False,544,550,NA
A2WQT33K6LD9Z5,Mon Dec 04 2017 13:11:02 GMT-0500 (Eastern Standard Time),Mon Dec 04 2017 13:17:10 GMT-0500 (Eastern Standard Time),"Mozilla/5.0 (Windows NT 6.1; Win64; x64) AppleWebKit/537.36 (KHTML, like Gecko) Chrome/62.0.3202.94 Safari/537.36",20,"[0.9, 0.5, 0.1]","[0.8, 0.4, 0.2]","[u'red', u'black', u'blue']","[u'left', u'middle', u'right']","[0.9, 0.5, 0.1]","[u'high', u'low', u'medium']",black,50,middle,low,True,False,154,650,NA
A2WQT33K6LD9Z5,Mon Dec 04 2017 13:11:02 GMT-0500 (Eastern Standard Time),Mon Dec 04 2017 13:17:10 GMT-0500 (Eastern Standard Time),"Mozilla/5.0 (Windows NT 6.1; Win64; x64) AppleWebKit/537.36 (KHTML, like Gecko) Chrome/62.0.3202.94 Safari/537.36",21,"[0.9, 0.5, 0.1]","[0.8, 0.4, 0.2]","[u'red', u'black', u'blue']","[u'left', u'middle', u'right']","[0.9, 0.5, 0.1]","[u'high', u'low', u'medium']",black,50,middle,low,False,False,378,600,NA
A2WQT33K6LD9Z5,Mon Dec 04 2017 13:11:02 GMT-0500 (Eastern Standard Time),Mon Dec 04 2017 13:17:10 GMT-0500 (Eastern Standard Time),"Mozilla/5.0 (Windows NT 6.1; Win64; x64) AppleWebKit/537.36 (KHTML, like Gecko) Chrome/62.0.3202.94 Safari/537.36",22,"[0.9, 0.5, 0.1]","[0.8, 0.4, 0.2]","[u'red', u'black', u'blue']","[u'left', u'middle', u'right']","[0.9, 0.5, 0.1]","[u'high', u'low', u'medium']",blue,51,right,medium,False,False,241,550,NA
A2WQT33K6LD9Z5,Mon Dec 04 2017 13:11:02 GMT-0500 (Eastern Standard Time),Mon Dec 04 2017 13:17:10 GMT-0500 (Eastern Standard Time),"Mozilla/5.0 (Windows NT 6.1; Win64; x64) AppleWebKit/537.36 (KHTML, like Gecko) Chrome/62.0.3202.94 Safari/537.36",23,"[0.9, 0.5, 0.1]","[0.8, 0.4, 0.2]","[u'red', u'black', u'blue']","[u'left', u'middle', u'right']","[0.9, 0.5, 0.1]","[u'high', u'low', u'medium']",blue,51,right,medium,True,False,194,650,NA
A2WQT33K6LD9Z5,Mon Dec 04 2017 13:11:02 GMT-0500 (Eastern Standard Time),Mon Dec 04 2017 13:17:10 GMT-0500 (Eastern Standard Time),"Mozilla/5.0 (Windows NT 6.1; Win64; x64) AppleWebKit/537.36 (KHTML, like Gecko) Chrome/62.0.3202.94 Safari/537.36",24,"[0.9, 0.5, 0.1]","[0.8, 0.4, 0.2]","[u'red', u'black', u'blue']","[u'left', u'middle', u'right']","[0.9, 0.5, 0.1]","[u'high', u'low', u'medium']",blue,51,right,medium,True,False,227,750,NA
A2WQT33K6LD9Z5,Mon Dec 04 2017 13:11:02 GMT-0500 (Eastern Standard Time),Mon Dec 04 2017 13:17:10 GMT-0500 (Eastern Standard Time),"Mozilla/5.0 (Windows NT 6.1; Win64; x64) AppleWebKit/537.36 (KHTML, like Gecko) Chrome/62.0.3202.94 Safari/537.36",25,"[0.9, 0.5, 0.1]","[0.8, 0.4, 0.2]","[u'red', u'black', u'blue']","[u'left', u'middle', u'right']","[0.9, 0.5, 0.1]","[u'high', u'low', u'medium']",red,49,left,high,True,False,256,850,NA
A2WQT33K6LD9Z5,Mon Dec 04 2017 13:11:02 GMT-0500 (Eastern Standard Time),Mon Dec 04 2017 13:17:10 GMT-0500 (Eastern Standard Time),"Mozilla/5.0 (Windows NT 6.1; Win64; x64) AppleWebKit/537.36 (KHTML, like Gecko) Chrome/62.0.3202.94 Safari/537.36",26,"[0.9, 0.5, 0.1]","[0.8, 0.4, 0.2]","[u'red', u'black', u'blue']","[u'left', u'middle', u'right']","[0.9, 0.5, 0.1]","[u'high', u'low', u'medium']",red,49,left,high,True,False,258,950,NA
A2WQT33K6LD9Z5,Mon Dec 04 2017 13:11:02 GMT-0500 (Eastern Standard Time),Mon Dec 04 2017 13:17:10 GMT-0500 (Eastern Standard Time),"Mozilla/5.0 (Windows NT 6.1; Win64; x64) AppleWebKit/537.36 (KHTML, like Gecko) Chrome/62.0.3202.94 Safari/537.36",27,"[0.9, 0.5, 0.1]","[0.8, 0.4, 0.2]","[u'red', u'black', u'blue']","[u'left', u'middle', u'right']","[0.9, 0.5, 0.1]","[u'high', u'low', u'medium']",black,50,middle,low,False,False,537,900,NA
A2WQT33K6LD9Z5,Mon Dec 04 2017 13:11:02 GMT-0500 (Eastern Standard Time),Mon Dec 04 2017 13:17:10 GMT-0500 (Eastern Standard Time),"Mozilla/5.0 (Windows NT 6.1; Win64; x64) AppleWebKit/537.36 (KHTML, like Gecko) Chrome/62.0.3202.94 Safari/537.36",28,"[0.9, 0.5, 0.1]","[0.8, 0.4, 0.2]","[u'red', u'black', u'blue']","[u'left', u'middle', u'right']","[0.9, 0.5, 0.1]","[u'high', u'low', u'medium']",blue,51,right,medium,True,False,169,1000,NA
A2WQT33K6LD9Z5,Mon Dec 04 2017 13:11:02 GMT-0500 (Eastern Standard Time),Mon Dec 04 2017 13:17:10 GMT-0500 (Eastern Standard Time),"Mozilla/5.0 (Windows NT 6.1; Win64; x64) AppleWebKit/537.36 (KHTML, like Gecko) Chrome/62.0.3202.94 Safari/537.36",29,"[0.9, 0.5, 0.1]","[0.8, 0.4, 0.2]","[u'red', u'black', u'blue']","[u'left', u'middle', u'right']","[0.9, 0.5, 0.1]","[u'high', u'low', u'medium']",blue,51,right,medium,True,False,257,1100,NA
A2WQT33K6LD9Z5,Mon Dec 04 2017 13:11:02 GMT-0500 (Eastern Standard Time),Mon Dec 04 2017 13:17:10 GMT-0500 (Eastern Standard Time),"Mozilla/5.0 (Windows NT 6.1; Win64; x64) AppleWebKit/537.36 (KHTML, like Gecko) Chrome/62.0.3202.94 Safari/537.36",30,"[0.9, 0.5, 0.1]","[0.8, 0.4, 0.2]","[u'red', u'black', u'blue']","[u'left', u'middle', u'right']","[0.9, 0.5, 0.1]","[u'high', u'low', u'medium']",red,49,left,high,True,False,547,1200,NA
A2WQT33K6LD9Z5,Mon Dec 04 2017 13:11:02 GMT-0500 (Eastern Standard Time),Mon Dec 04 2017 13:17:10 GMT-0500 (Eastern Standard Time),"Mozilla/5.0 (Windows NT 6.1; Win64; x64) AppleWebKit/537.36 (KHTML, like Gecko) Chrome/62.0.3202.94 Safari/537.36",31,"[0.9, 0.5, 0.1]","[0.8, 0.4, 0.2]","[u'red', u'black', u'blue']","[u'left', u'middle', u'right']","[0.9, 0.5, 0.1]","[u'high', u'low', u'medium']",red,49,left,high,True,False,415,1300,NA
A2WQT33K6LD9Z5,Mon Dec 04 2017 13:11:02 GMT-0500 (Eastern Standard Time),Mon Dec 04 2017 13:17:10 GMT-0500 (Eastern Standard Time),"Mozilla/5.0 (Windows NT 6.1; Win64; x64) AppleWebKit/537.36 (KHTML, like Gecko) Chrome/62.0.3202.94 Safari/537.36",32,"[0.9, 0.5, 0.1]","[0.8, 0.4, 0.2]","[u'red', u'black', u'blue']","[u'left', u'middle', u'right']","[0.9, 0.5, 0.1]","[u'high', u'low', u'medium']",black,50,middle,low,False,False,274,1250,NA
A2WQT33K6LD9Z5,Mon Dec 04 2017 13:11:02 GMT-0500 (Eastern Standard Time),Mon Dec 04 2017 13:17:10 GMT-0500 (Eastern Standard Time),"Mozilla/5.0 (Windows NT 6.1; Win64; x64) AppleWebKit/537.36 (KHTML, like Gecko) Chrome/62.0.3202.94 Safari/537.36",33,"[0.9, 0.5, 0.1]","[0.8, 0.4, 0.2]","[u'red', u'black', u'blue']","[u'left', u'middle', u'right']","[0.9, 0.5, 0.1]","[u'high', u'low', u'medium']",blue,51,right,medium,True,False,227,1350,NA
A2WQT33K6LD9Z5,Mon Dec 04 2017 13:11:02 GMT-0500 (Eastern Standard Time),Mon Dec 04 2017 13:17:10 GMT-0500 (Eastern Standard Time),"Mozilla/5.0 (Windows NT 6.1; Win64; x64) AppleWebKit/537.36 (KHTML, like Gecko) Chrome/62.0.3202.94 Safari/537.36",34,"[0.9, 0.5, 0.1]","[0.8, 0.4, 0.2]","[u'red', u'black', u'blue']","[u'left', u'middle', u'right']","[0.9, 0.5, 0.1]","[u'high', u'low', u'medium']",blue,51,right,medium,True,False,154,1450,NA
A2WQT33K6LD9Z5,Mon Dec 04 2017 13:11:02 GMT-0500 (Eastern Standard Time),Mon Dec 04 2017 13:17:10 GMT-0500 (Eastern Standard Time),"Mozilla/5.0 (Windows NT 6.1; Win64; x64) AppleWebKit/537.36 (KHTML, like Gecko) Chrome/62.0.3202.94 Safari/537.36",35,"[0.9, 0.5, 0.1]","[0.8, 0.4, 0.2]","[u'red', u'black', u'blue']","[u'left', u'middle', u'right']","[0.9, 0.5, 0.1]","[u'high', u'low', u'medium']",red,49,left,high,True,False,266,1550,NA
A2WQT33K6LD9Z5,Mon Dec 04 2017 13:11:02 GMT-0500 (Eastern Standard Time),Mon Dec 04 2017 13:17:10 GMT-0500 (Eastern Standard Time),"Mozilla/5.0 (Windows NT 6.1; Win64; x64) AppleWebKit/537.36 (KHTML, like Gecko) Chrome/62.0.3202.94 Safari/537.36",36,"[0.9, 0.5, 0.1]","[0.8, 0.4, 0.2]","[u'red', u'black', u'blue']","[u'left', u'middle', u'right']","[0.9, 0.5, 0.1]","[u'high', u'low', u'medium']",red,49,left,high,True,False,171,1650,NA
A2WQT33K6LD9Z5,Mon Dec 04 2017 13:11:02 GMT-0500 (Eastern Standard Time),Mon Dec 04 2017 13:17:10 GMT-0500 (Eastern Standard Time),"Mozilla/5.0 (Windows NT 6.1; Win64; x64) AppleWebKit/537.36 (KHTML, like Gecko) Chrome/62.0.3202.94 Safari/537.36",37,"[0.9, 0.5, 0.1]","[0.8, 0.4, 0.2]","[u'red', u'black', u'blue']","[u'left', u'middle', u'right']","[0.9, 0.5, 0.1]","[u'high', u'low', u'medium']",blue,51,right,medium,False,False,712,1600,NA
A2WQT33K6LD9Z5,Mon Dec 04 2017 13:11:02 GMT-0500 (Eastern Standard Time),Mon Dec 04 2017 13:17:10 GMT-0500 (Eastern Standard Time),"Mozilla/5.0 (Windows NT 6.1; Win64; x64) AppleWebKit/537.36 (KHTML, like Gecko) Chrome/62.0.3202.94 Safari/537.36",38,"[0.9, 0.5, 0.1]","[0.8, 0.4, 0.2]","[u'red', u'black', u'blue']","[u'left', u'middle', u'right']","[0.9, 0.5, 0.1]","[u'high', u'low', u'medium']",blue,51,right,medium,False,False,218,1550,NA
A2WQT33K6LD9Z5,Mon Dec 04 2017 13:11:02 GMT-0500 (Eastern Standard Time),Mon Dec 04 2017 13:17:10 GMT-0500 (Eastern Standard Time),"Mozilla/5.0 (Windows NT 6.1; Win64; x64) AppleWebKit/537.36 (KHTML, like Gecko) Chrome/62.0.3202.94 Safari/537.36",39,"[0.9, 0.5, 0.1]","[0.8, 0.4, 0.2]","[u'red', u'black', u'blue']","[u'left', u'middle', u'right']","[0.9, 0.5, 0.1]","[u'high', u'low', u'medium']",blue,51,right,medium,True,False,194,1650,NA
A2WQT33K6LD9Z5,Mon Dec 04 2017 13:11:02 GMT-0500 (Eastern Standard Time),Mon Dec 04 2017 13:17:10 GMT-0500 (Eastern Standard Time),"Mozilla/5.0 (Windows NT 6.1; Win64; x64) AppleWebKit/537.36 (KHTML, like Gecko) Chrome/62.0.3202.94 Safari/537.36",40,"[0.9, 0.5, 0.1]","[0.8, 0.4, 0.2]","[u'red', u'black', u'blue']","[u'left', u'middle', u'right']","[0.9, 0.5, 0.1]","[u'high', u'low', u'medium']",blue,51,right,medium,False,False,162,1600,NA
A2WQT33K6LD9Z5,Mon Dec 04 2017 13:11:02 GMT-0500 (Eastern Standard Time),Mon Dec 04 2017 13:17:10 GMT-0500 (Eastern Standard Time),"Mozilla/5.0 (Windows NT 6.1; Win64; x64) AppleWebKit/537.36 (KHTML, like Gecko) Chrome/62.0.3202.94 Safari/537.36",41,"[0.9, 0.5, 0.1]","[0.8, 0.4, 0.2]","[u'red', u'black', u'blue']","[u'left', u'middle', u'right']","[0.9, 0.5, 0.1]","[u'low', u'medium', u'high']",blue,51,right,high,True,False,434,1700,NA
A2WQT33K6LD9Z5,Mon Dec 04 2017 13:11:02 GMT-0500 (Eastern Standard Time),Mon Dec 04 2017 13:17:10 GMT-0500 (Eastern Standard Time),"Mozilla/5.0 (Windows NT 6.1; Win64; x64) AppleWebKit/537.36 (KHTML, like Gecko) Chrome/62.0.3202.94 Safari/537.36",42,"[0.9, 0.5, 0.1]","[0.8, 0.4, 0.2]","[u'red', u'black', u'blue']","[u'left', u'middle', u'right']","[0.9, 0.5, 0.1]","[u'low', u'medium', u'high']",blue,51,right,high,True,False,241,1800,NA
A2WQT33K6LD9Z5,Mon Dec 04 2017 13:11:02 GMT-0500 (Eastern Standard Time),Mon Dec 04 2017 13:17:10 GMT-0500 (Eastern Standard Time),"Mozilla/5.0 (Windows NT 6.1; Win64; x64) AppleWebKit/537.36 (KHTML, like Gecko) Chrome/62.0.3202.94 Safari/537.36",43,"[0.9, 0.5, 0.1]","[0.8, 0.4, 0.2]","[u'red', u'black', u'blue']","[u'left', u'middle', u'right']","[0.9, 0.5, 0.1]","[u'low', u'medium', u'high']",red,49,left,low,True,False,226,1900,NA
A2WQT33K6LD9Z5,Mon Dec 04 2017 13:11:02 GMT-0500 (Eastern Standard Time),Mon Dec 04 2017 13:17:10 GMT-0500 (Eastern Standard Time),"Mozilla/5.0 (Windows NT 6.1; Win64; x64) AppleWebKit/537.36 (KHTML, like Gecko) Chrome/62.0.3202.94 Safari/537.36",44,"[0.9, 0.5, 0.1]","[0.8, 0.4, 0.2]","[u'red', u'black', u'blue']","[u'left', u'middle', u'right']","[0.9, 0.5, 0.1]","[u'low', u'medium', u'high']",red,49,left,low,False,False,138,1850,NA
A2WQT33K6LD9Z5,Mon Dec 04 2017 13:11:02 GMT-0500 (Eastern Standard Time),Mon Dec 04 2017 13:17:10 GMT-0500 (Eastern Standard Time),"Mozilla/5.0 (Windows NT 6.1; Win64; x64) AppleWebKit/537.36 (KHTML, like Gecko) Chrome/62.0.3202.94 Safari/537.36",45,"[0.9, 0.5, 0.1]","[0.8, 0.4, 0.2]","[u'red', u'black', u'blue']","[u'left', u'middle', u'right']","[0.9, 0.5, 0.1]","[u'low', u'medium', u'high']",red,49,left,low,False,False,250,1800,NA
A2WQT33K6LD9Z5,Mon Dec 04 2017 13:11:02 GMT-0500 (Eastern Standard Time),Mon Dec 04 2017 13:17:10 GMT-0500 (Eastern Standard Time),"Mozilla/5.0 (Windows NT 6.1; Win64; x64) AppleWebKit/537.36 (KHTML, like Gecko) Chrome/62.0.3202.94 Safari/537.36",46,"[0.9, 0.5, 0.1]","[0.8, 0.4, 0.2]","[u'red', u'black', u'blue']","[u'left', u'middle', u'right']","[0.9, 0.5, 0.1]","[u'low', u'medium', u'high']",red,49,left,low,True,False,27,1900,NA
A2WQT33K6LD9Z5,Mon Dec 04 2017 13:11:02 GMT-0500 (Eastern Standard Time),Mon Dec 04 2017 13:17:10 GMT-0500 (Eastern Standard Time),"Mozilla/5.0 (Windows NT 6.1; Win64; x64) AppleWebKit/537.36 (KHTML, like Gecko) Chrome/62.0.3202.94 Safari/537.36",47,"[0.9, 0.5, 0.1]","[0.8, 0.4, 0.2]","[u'red', u'black', u'blue']","[u'left', u'middle', u'right']","[0.9, 0.5, 0.1]","[u'low', u'medium', u'high']",red,49,left,low,False,False,249,1850,NA
A2WQT33K6LD9Z5,Mon Dec 04 2017 13:11:02 GMT-0500 (Eastern Standard Time),Mon Dec 04 2017 13:17:10 GMT-0500 (Eastern Standard Time),"Mozilla/5.0 (Windows NT 6.1; Win64; x64) AppleWebKit/537.36 (KHTML, like Gecko) Chrome/62.0.3202.94 Safari/537.36",48,"[0.9, 0.5, 0.1]","[0.8, 0.4, 0.2]","[u'red', u'black', u'blue']","[u'left', u'middle', u'right']","[0.9, 0.5, 0.1]","[u'low', u'medium', u'high']",black,50,middle,medium,True,False,113,1950,NA
A2WQT33K6LD9Z5,Mon Dec 04 2017 13:11:02 GMT-0500 (Eastern Standard Time),Mon Dec 04 2017 13:17:10 GMT-0500 (Eastern Standard Time),"Mozilla/5.0 (Windows NT 6.1; Win64; x64) AppleWebKit/537.36 (KHTML, like Gecko) Chrome/62.0.3202.94 Safari/537.36",49,"[0.9, 0.5, 0.1]","[0.8, 0.4, 0.2]","[u'red', u'black', u'blue']","[u'left', u'middle', u'right']","[0.9, 0.5, 0.1]","[u'low', u'medium', u'high']",black,50,middle,medium,True,False,217,2050,NA
A2WQT33K6LD9Z5,Mon Dec 04 2017 13:11:02 GMT-0500 (Eastern Standard Time),Mon Dec 04 2017 13:17:10 GMT-0500 (Eastern Standard Time),"Mozilla/5.0 (Windows NT 6.1; Win64; x64) AppleWebKit/537.36 (KHTML, like Gecko) Chrome/62.0.3202.94 Safari/537.36",50,"[0.9, 0.5, 0.1]","[0.8, 0.4, 0.2]","[u'red', u'black', u'blue']","[u'left', u'middle', u'right']","[0.9, 0.5, 0.1]","[u'low', u'medium', u'high']",blue,51,right,high,True,False,233,2150,NA
A2WQT33K6LD9Z5,Mon Dec 04 2017 13:11:02 GMT-0500 (Eastern Standard Time),Mon Dec 04 2017 13:17:10 GMT-0500 (Eastern Standard Time),"Mozilla/5.0 (Windows NT 6.1; Win64; x64) AppleWebKit/537.36 (KHTML, like Gecko) Chrome/62.0.3202.94 Safari/537.36",51,"[0.9, 0.5, 0.1]","[0.8, 0.4, 0.2]","[u'red', u'black', u'blue']","[u'left', u'middle', u'right']","[0.9, 0.5, 0.1]","[u'low', u'medium', u'high']",blue,51,right,high,True,False,243,2250,NA
A2WQT33K6LD9Z5,Mon Dec 04 2017 13:11:02 GMT-0500 (Eastern Standard Time),Mon Dec 04 2017 13:17:10 GMT-0500 (Eastern Standard Time),"Mozilla/5.0 (Windows NT 6.1; Win64; x64) AppleWebKit/537.36 (KHTML, like Gecko) Chrome/62.0.3202.94 Safari/537.36",52,"[0.9, 0.5, 0.1]","[0.8, 0.4, 0.2]","[u'red', u'black', u'blue']","[u'left', u'middle', u'right']","[0.9, 0.5, 0.1]","[u'low', u'medium', u'high']",black,50,middle,medium,False,False,275,2200,NA
A2WQT33K6LD9Z5,Mon Dec 04 2017 13:11:02 GMT-0500 (Eastern Standard Time),Mon Dec 04 2017 13:17:10 GMT-0500 (Eastern Standard Time),"Mozilla/5.0 (Windows NT 6.1; Win64; x64) AppleWebKit/537.36 (KHTML, like Gecko) Chrome/62.0.3202.94 Safari/537.36",53,"[0.9, 0.5, 0.1]","[0.8, 0.4, 0.2]","[u'red', u'black', u'blue']","[u'left', u'middle', u'right']","[0.9, 0.5, 0.1]","[u'low', u'medium', u'high']",black,50,middle,medium,False,False,128,2150,NA
A2WQT33K6LD9Z5,Mon Dec 04 2017 13:11:02 GMT-0500 (Eastern Standard Time),Mon Dec 04 2017 13:17:10 GMT-0500 (Eastern Standard Time),"Mozilla/5.0 (Windows NT 6.1; Win64; x64) AppleWebKit/537.36 (KHTML, like Gecko) Chrome/62.0.3202.94 Safari/537.36",54,"[0.9, 0.5, 0.1]","[0.8, 0.4, 0.2]","[u'red', u'black', u'blue']","[u'left', u'middle', u'right']","[0.9, 0.5, 0.1]","[u'low', u'medium', u'high']",black,50,middle,medium,True,False,98,2250,NA
A2WQT33K6LD9Z5,Mon Dec 04 2017 13:11:02 GMT-0500 (Eastern Standard Time),Mon Dec 04 2017 13:17:10 GMT-0500 (Eastern Standard Time),"Mozilla/5.0 (Windows NT 6.1; Win64; x64) AppleWebKit/537.36 (KHTML, like Gecko) Chrome/62.0.3202.94 Safari/537.36",55,"[0.9, 0.5, 0.1]","[0.8, 0.4, 0.2]","[u'red', u'black', u'blue']","[u'left', u'middle', u'right']","[0.9, 0.5, 0.1]","[u'low', u'medium', u'high']",black,50,middle,medium,True,False,394,2350,NA
A2WQT33K6LD9Z5,Mon Dec 04 2017 13:11:02 GMT-0500 (Eastern Standard Time),Mon Dec 04 2017 13:17:10 GMT-0500 (Eastern Standard Time),"Mozilla/5.0 (Windows NT 6.1; Win64; x64) AppleWebKit/537.36 (KHTML, like Gecko) Chrome/62.0.3202.94 Safari/537.36",56,"[0.9, 0.5, 0.1]","[0.8, 0.4, 0.2]","[u'red', u'black', u'blue']","[u'left', u'middle', u'right']","[0.9, 0.5, 0.1]","[u'low', u'medium', u'high']",black,50,middle,medium,False,False,585,2300,NA
A2WQT33K6LD9Z5,Mon Dec 04 2017 13:11:02 GMT-0500 (Eastern Standard Time),Mon Dec 04 2017 13:17:10 GMT-0500 (Eastern Standard Time),"Mozilla/5.0 (Windows NT 6.1; Win64; x64) AppleWebKit/537.36 (KHTML, like Gecko) Chrome/62.0.3202.94 Safari/537.36",57,"[0.9, 0.5, 0.1]","[0.8, 0.4, 0.2]","[u'red', u'black', u'blue']","[u'left', u'middle', u'right']","[0.9, 0.5, 0.1]","[u'low', u'medium', u'high']",red,49,left,low,False,False,202,2250,NA
A2WQT33K6LD9Z5,Mon Dec 04 2017 13:11:02 GMT-0500 (Eastern Standard Time),Mon Dec 04 2017 13:17:10 GMT-0500 (Eastern Standard Time),"Mozilla/5.0 (Windows NT 6.1; Win64; x64) AppleWebKit/537.36 (KHTML, like Gecko) Chrome/62.0.3202.94 Safari/537.36",58,"[0.9, 0.5, 0.1]","[0.8, 0.4, 0.2]","[u'red', u'black', u'blue']","[u'left', u'middle', u'right']","[0.9, 0.5, 0.1]","[u'low', u'medium', u'high']",blue,51,right,high,False,False,763,2200,NA
A2WQT33K6LD9Z5,Mon Dec 04 2017 13:11:02 GMT-0500 (Eastern Standard Time),Mon Dec 04 2017 13:17:10 GMT-0500 (Eastern Standard Time),"Mozilla/5.0 (Windows NT 6.1; Win64; x64) AppleWebKit/537.36 (KHTML, like Gecko) Chrome/62.0.3202.94 Safari/537.36",59,"[0.9, 0.5, 0.1]","[0.8, 0.4, 0.2]","[u'red', u'black', u'blue']","[u'left', u'middle', u'right']","[0.9, 0.5, 0.1]","[u'low', u'medium', u'high']",black,50,middle,medium,True,False,256,2300,NA
A2WQT33K6LD9Z5,Mon Dec 04 2017 13:11:02 GMT-0500 (Eastern Standard Time),Mon Dec 04 2017 13:17:10 GMT-0500 (Eastern Standard Time),"Mozilla/5.0 (Windows NT 6.1; Win64; x64) AppleWebKit/537.36 (KHTML, like Gecko) Chrome/62.0.3202.94 Safari/537.36",60,"[0.9, 0.5, 0.1]","[0.8, 0.4, 0.2]","[u'red', u'black', u'blue']","[u'left', u'middle', u'right']","[0.9, 0.5, 0.1]","[u'low', u'medium', u'high']",black,50,middle,medium,True,False,242,2400,NA
A2WQT33K6LD9Z5,Mon Dec 04 2017 13:11:02 GMT-0500 (Eastern Standard Time),Mon Dec 04 2017 13:17:10 GMT-0500 (Eastern Standard Time),"Mozilla/5.0 (Windows NT 6.1; Win64; x64) AppleWebKit/537.36 (KHTML, like Gecko) Chrome/62.0.3202.94 Safari/537.36",61,"[0.9, 0.5, 0.1]","[0.8, 0.4, 0.2]","[u'red', u'black', u'blue']","[u'left', u'middle', u'right']","[0.9, 0.5, 0.1]","[u'low', u'medium', u'high']",black,50,middle,medium,True,False,314,2500,NA
A2WQT33K6LD9Z5,Mon Dec 04 2017 13:11:02 GMT-0500 (Eastern Standard Time),Mon Dec 04 2017 13:17:10 GMT-0500 (Eastern Standard Time),"Mozilla/5.0 (Windows NT 6.1; Win64; x64) AppleWebKit/537.36 (KHTML, like Gecko) Chrome/62.0.3202.94 Safari/537.36",62,"[0.9, 0.5, 0.1]","[0.8, 0.4, 0.2]","[u'red', u'black', u'blue']","[u'left', u'middle', u'right']","[0.9, 0.5, 0.1]","[u'low', u'medium', u'high']",black,50,middle,medium,False,False,681,2450,NA
A2WQT33K6LD9Z5,Mon Dec 04 2017 13:11:02 GMT-0500 (Eastern Standard Time),Mon Dec 04 2017 13:17:10 GMT-0500 (Eastern Standard Time),"Mozilla/5.0 (Windows NT 6.1; Win64; x64) AppleWebKit/537.36 (KHTML, like Gecko) Chrome/62.0.3202.94 Safari/537.36",63,"[0.9, 0.5, 0.1]","[0.8, 0.4, 0.2]","[u'red', u'black', u'blue']","[u'left', u'middle', u'right']","[0.9, 0.5, 0.1]","[u'low', u'medium', u'high']",blue,51,right,high,True,False,194,2550,NA
A2WQT33K6LD9Z5,Mon Dec 04 2017 13:11:02 GMT-0500 (Eastern Standard Time),Mon Dec 04 2017 13:17:10 GMT-0500 (Eastern Standard Time),"Mozilla/5.0 (Windows NT 6.1; Win64; x64) AppleWebKit/537.36 (KHTML, like Gecko) Chrome/62.0.3202.94 Safari/537.36",64,"[0.9, 0.5, 0.1]","[0.8, 0.4, 0.2]","[u'red', u'black', u'blue']","[u'left', u'middle', u'right']","[0.9, 0.5, 0.1]","[u'low', u'medium', u'high']",blue,51,right,high,True,False,83,2650,NA
A2WQT33K6LD9Z5,Mon Dec 04 2017 13:11:02 GMT-0500 (Eastern Standard Time),Mon Dec 04 2017 13:17:10 GMT-0500 (Eastern Standard Time),"Mozilla/5.0 (Windows NT 6.1; Win64; x64) AppleWebKit/537.36 (KHTML, like Gecko) Chrome/62.0.3202.94 Safari/537.36",65,"[0.9, 0.5, 0.1]","[0.8, 0.4, 0.2]","[u'red', u'black', u'blue']","[u'left', u'middle', u'right']","[0.9, 0.5, 0.1]","[u'low', u'medium', u'high']",blue,51,right,high,True,False,137,2750,NA
A2WQT33K6LD9Z5,Mon Dec 04 2017 13:11:02 GMT-0500 (Eastern Standard Time),Mon Dec 04 2017 13:17:10 GMT-0500 (Eastern Standard Time),"Mozilla/5.0 (Windows NT 6.1; Win64; x64) AppleWebKit/537.36 (KHTML, like Gecko) Chrome/62.0.3202.94 Safari/537.36",66,"[0.9, 0.5, 0.1]","[0.8, 0.4, 0.2]","[u'red', u'black', u'blue']","[u'left', u'middle', u'right']","[0.9, 0.5, 0.1]","[u'low', u'medium', u'high']",blue,51,right,high,False,False,210,2700,NA
A2WQT33K6LD9Z5,Mon Dec 04 2017 13:11:02 GMT-0500 (Eastern Standard Time),Mon Dec 04 2017 13:17:10 GMT-0500 (Eastern Standard Time),"Mozilla/5.0 (Windows NT 6.1; Win64; x64) AppleWebKit/537.36 (KHTML, like Gecko) Chrome/62.0.3202.94 Safari/537.36",67,"[0.9, 0.5, 0.1]","[0.8, 0.4, 0.2]","[u'red', u'black', u'blue']","[u'left', u'middle', u'right']","[0.9, 0.5, 0.1]","[u'low', u'medium', u'high']",blue,51,right,high,True,False,193,2800,NA
A2WQT33K6LD9Z5,Mon Dec 04 2017 13:11:02 GMT-0500 (Eastern Standard Time),Mon Dec 04 2017 13:17:10 GMT-0500 (Eastern Standard Time),"Mozilla/5.0 (Windows NT 6.1; Win64; x64) AppleWebKit/537.36 (KHTML, like Gecko) Chrome/62.0.3202.94 Safari/537.36",68,"[0.9, 0.5, 0.1]","[0.8, 0.4, 0.2]","[u'red', u'black', u'blue']","[u'left', u'middle', u'right']","[0.9, 0.5, 0.1]","[u'low', u'medium', u'high']",blue,51,right,high,False,False,105,2750,NA
A2WQT33K6LD9Z5,Mon Dec 04 2017 13:11:02 GMT-0500 (Eastern Standard Time),Mon Dec 04 2017 13:17:10 GMT-0500 (Eastern Standard Time),"Mozilla/5.0 (Windows NT 6.1; Win64; x64) AppleWebKit/537.36 (KHTML, like Gecko) Chrome/62.0.3202.94 Safari/537.36",69,"[0.9, 0.5, 0.1]","[0.8, 0.4, 0.2]","[u'red', u'black', u'blue']","[u'left', u'middle', u'right']","[0.9, 0.5, 0.1]","[u'low', u'medium', u'high']",blue,51,right,high,True,False,73,2850,NA
A2WQT33K6LD9Z5,Mon Dec 04 2017 13:11:02 GMT-0500 (Eastern Standard Time),Mon Dec 04 2017 13:17:10 GMT-0500 (Eastern Standard Time),"Mozilla/5.0 (Windows NT 6.1; Win64; x64) AppleWebKit/537.36 (KHTML, like Gecko) Chrome/62.0.3202.94 Safari/537.36",70,"[0.9, 0.5, 0.1]","[0.8, 0.4, 0.2]","[u'red', u'black', u'blue']","[u'left', u'middle', u'right']","[0.9, 0.5, 0.1]","[u'low', u'medium', u'high']",blue,51,right,high,True,False,233,2950,NA
A2WQT33K6LD9Z5,Mon Dec 04 2017 13:11:02 GMT-0500 (Eastern Standard Time),Mon Dec 04 2017 13:17:10 GMT-0500 (Eastern Standard Time),"Mozilla/5.0 (Windows NT 6.1; Win64; x64) AppleWebKit/537.36 (KHTML, like Gecko) Chrome/62.0.3202.94 Safari/537.36",71,"[0.9, 0.5, 0.1]","[0.8, 0.4, 0.2]","[u'red', u'black', u'blue']","[u'left', u'middle', u'right']","[0.9, 0.5, 0.1]","[u'low', u'medium', u'high']",red,49,left,low,False,False,228,2900,NA
A2WQT33K6LD9Z5,Mon Dec 04 2017 13:11:02 GMT-0500 (Eastern Standard Time),Mon Dec 04 2017 13:17:10 GMT-0500 (Eastern Standard Time),"Mozilla/5.0 (Windows NT 6.1; Win64; x64) AppleWebKit/537.36 (KHTML, like Gecko) Chrome/62.0.3202.94 Safari/537.36",72,"[0.9, 0.5, 0.1]","[0.8, 0.4, 0.2]","[u'red', u'black', u'blue']","[u'left', u'middle', u'right']","[0.9, 0.5, 0.1]","[u'low', u'medium', u'high']",red,49,left,low,False,False,144,2850,NA
A2WQT33K6LD9Z5,Mon Dec 04 2017 13:11:02 GMT-0500 (Eastern Standard Time),Mon Dec 04 2017 13:17:10 GMT-0500 (Eastern Standard Time),"Mozilla/5.0 (Windows NT 6.1; Win64; x64) AppleWebKit/537.36 (KHTML, like Gecko) Chrome/62.0.3202.94 Safari/537.36",73,"[0.9, 0.5, 0.1]","[0.8, 0.4, 0.2]","[u'red', u'black', u'blue']","[u'left', u'middle', u'right']","[0.9, 0.5, 0.1]","[u'low', u'medium', u'high']",red,49,left,low,False,False,161,2800,NA
A2WQT33K6LD9Z5,Mon Dec 04 2017 13:11:02 GMT-0500 (Eastern Standard Time),Mon Dec 04 2017 13:17:10 GMT-0500 (Eastern Standard Time),"Mozilla/5.0 (Windows NT 6.1; Win64; x64) AppleWebKit/537.36 (KHTML, like Gecko) Chrome/62.0.3202.94 Safari/537.36",74,"[0.9, 0.5, 0.1]","[0.8, 0.4, 0.2]","[u'red', u'black', u'blue']","[u'left', u'middle', u'right']","[0.9, 0.5, 0.1]","[u'low', u'medium', u'high']",red,49,left,low,False,False,178,2750,NA
A2WQT33K6LD9Z5,Mon Dec 04 2017 13:11:02 GMT-0500 (Eastern Standard Time),Mon Dec 04 2017 13:17:10 GMT-0500 (Eastern Standard Time),"Mozilla/5.0 (Windows NT 6.1; Win64; x64) AppleWebKit/537.36 (KHTML, like Gecko) Chrome/62.0.3202.94 Safari/537.36",75,"[0.9, 0.5, 0.1]","[0.8, 0.4, 0.2]","[u'red', u'black', u'blue']","[u'left', u'middle', u'right']","[0.9, 0.5, 0.1]","[u'low', u'medium', u'high']",red,49,left,low,False,False,169,2700,NA
A2WQT33K6LD9Z5,Mon Dec 04 2017 13:11:02 GMT-0500 (Eastern Standard Time),Mon Dec 04 2017 13:17:10 GMT-0500 (Eastern Standard Time),"Mozilla/5.0 (Windows NT 6.1; Win64; x64) AppleWebKit/537.36 (KHTML, like Gecko) Chrome/62.0.3202.94 Safari/537.36",76,"[0.9, 0.5, 0.1]","[0.8, 0.4, 0.2]","[u'red', u'black', u'blue']","[u'left', u'middle', u'right']","[0.9, 0.5, 0.1]","[u'low', u'medium', u'high']",black,50,middle,medium,True,False,162,2800,NA
A2WQT33K6LD9Z5,Mon Dec 04 2017 13:11:02 GMT-0500 (Eastern Standard Time),Mon Dec 04 2017 13:17:10 GMT-0500 (Eastern Standard Time),"Mozilla/5.0 (Windows NT 6.1; Win64; x64) AppleWebKit/537.36 (KHTML, like Gecko) Chrome/62.0.3202.94 Safari/537.36",77,"[0.9, 0.5, 0.1]","[0.8, 0.4, 0.2]","[u'red', u'black', u'blue']","[u'left', u'middle', u'right']","[0.9, 0.5, 0.1]","[u'low', u'medium', u'high']",black,50,middle,medium,False,False,113,2750,NA
A2WQT33K6LD9Z5,Mon Dec 04 2017 13:11:02 GMT-0500 (Eastern Standard Time),Mon Dec 04 2017 13:17:10 GMT-0500 (Eastern Standard Time),"Mozilla/5.0 (Windows NT 6.1; Win64; x64) AppleWebKit/537.36 (KHTML, like Gecko) Chrome/62.0.3202.94 Safari/537.36",78,"[0.9, 0.5, 0.1]","[0.8, 0.4, 0.2]","[u'red', u'black', u'blue']","[u'left', u'middle', u'right']","[0.9, 0.5, 0.1]","[u'low', u'medium', u'high']",blue,51,right,high,True,False,211,2850,NA
A2WQT33K6LD9Z5,Mon Dec 04 2017 13:11:02 GMT-0500 (Eastern Standard Time),Mon Dec 04 2017 13:17:10 GMT-0500 (Eastern Standard Time),"Mozilla/5.0 (Windows NT 6.1; Win64; x64) AppleWebKit/537.36 (KHTML, like Gecko) Chrome/62.0.3202.94 Safari/537.36",79,"[0.9, 0.5, 0.1]","[0.8, 0.4, 0.2]","[u'red', u'black', u'blue']","[u'left', u'middle', u'right']","[0.9, 0.5, 0.1]","[u'low', u'medium', u'high']",blue,51,right,high,True,False,208,2950,NA
A2WQT33K6LD9Z5,Mon Dec 04 2017 13:11:02 GMT-0500 (Eastern Standard Time),Mon Dec 04 2017 13:17:10 GMT-0500 (Eastern Standard Time),"Mozilla/5.0 (Windows NT 6.1; Win64; x64) AppleWebKit/537.36 (KHTML, like Gecko) Chrome/62.0.3202.94 Safari/537.36",80,"[0.9, 0.5, 0.1]","[0.8, 0.4, 0.2]","[u'red', u'black', u'blue']","[u'left', u'middle', u'right']","[0.9, 0.5, 0.1]","[u'low', u'medium', u'high']",blue,51,right,high,True,False,202,3050,NA
A2WQT33K6LD9Z5,Mon Dec 04 2017 13:11:02 GMT-0500 (Eastern Standard Time),Mon Dec 04 2017 13:17:10 GMT-0500 (Eastern Standard Time),"Mozilla/5.0 (Windows NT 6.1; Win64; x64) AppleWebKit/537.36 (KHTML, like Gecko) Chrome/62.0.3202.94 Safari/537.36",81,"[0.9, 0.5, 0.1]","[0.8, 0.4, 0.2]","[u'red', u'black', u'blue']","[u'left', u'middle', u'right']","[0.8, 0.4, 0.2]","[u'medium', u'high', u'low']",blue,51,right,low,False,False,362,3000,NA
A2WQT33K6LD9Z5,Mon Dec 04 2017 13:11:02 GMT-0500 (Eastern Standard Time),Mon Dec 04 2017 13:17:10 GMT-0500 (Eastern Standard Time),"Mozilla/5.0 (Windows NT 6.1; Win64; x64) AppleWebKit/537.36 (KHTML, like Gecko) Chrome/62.0.3202.94 Safari/537.36",82,"[0.9, 0.5, 0.1]","[0.8, 0.4, 0.2]","[u'red', u'black', u'blue']","[u'left', u'middle', u'right']","[0.8, 0.4, 0.2]","[u'medium', u'high', u'low']",blue,51,right,low,True,False,113,3100,NA
A2WQT33K6LD9Z5,Mon Dec 04 2017 13:11:02 GMT-0500 (Eastern Standard Time),Mon Dec 04 2017 13:17:10 GMT-0500 (Eastern Standard Time),"Mozilla/5.0 (Windows NT 6.1; Win64; x64) AppleWebKit/537.36 (KHTML, like Gecko) Chrome/62.0.3202.94 Safari/537.36",83,"[0.9, 0.5, 0.1]","[0.8, 0.4, 0.2]","[u'red', u'black', u'blue']","[u'left', u'middle', u'right']","[0.8, 0.4, 0.2]","[u'medium', u'high', u'low']",blue,51,right,low,False,False,163,3050,NA
A2WQT33K6LD9Z5,Mon Dec 04 2017 13:11:02 GMT-0500 (Eastern Standard Time),Mon Dec 04 2017 13:17:10 GMT-0500 (Eastern Standard Time),"Mozilla/5.0 (Windows NT 6.1; Win64; x64) AppleWebKit/537.36 (KHTML, like Gecko) Chrome/62.0.3202.94 Safari/537.36",84,"[0.9, 0.5, 0.1]","[0.8, 0.4, 0.2]","[u'red', u'black', u'blue']","[u'left', u'middle', u'right']","[0.8, 0.4, 0.2]","[u'medium', u'high', u'low']",blue,51,right,low,False,False,136,3000,NA
A2WQT33K6LD9Z5,Mon Dec 04 2017 13:11:02 GMT-0500 (Eastern Standard Time),Mon Dec 04 2017 13:17:10 GMT-0500 (Eastern Standard Time),"Mozilla/5.0 (Windows NT 6.1; Win64; x64) AppleWebKit/537.36 (KHTML, like Gecko) Chrome/62.0.3202.94 Safari/537.36",85,"[0.9, 0.5, 0.1]","[0.8, 0.4, 0.2]","[u'red', u'black', u'blue']","[u'left', u'middle', u'right']","[0.8, 0.4, 0.2]","[u'medium', u'high', u'low']",red,49,left,medium,True,False,728,3100,NA
A2WQT33K6LD9Z5,Mon Dec 04 2017 13:11:02 GMT-0500 (Eastern Standard Time),Mon Dec 04 2017 13:17:10 GMT-0500 (Eastern Standard Time),"Mozilla/5.0 (Windows NT 6.1; Win64; x64) AppleWebKit/537.36 (KHTML, like Gecko) Chrome/62.0.3202.94 Safari/537.36",86,"[0.9, 0.5, 0.1]","[0.8, 0.4, 0.2]","[u'red', u'black', u'blue']","[u'left', u'middle', u'right']","[0.8, 0.4, 0.2]","[u'medium', u'high', u'low']",red,49,left,medium,True,False,201,3200,NA
A2WQT33K6LD9Z5,Mon Dec 04 2017 13:11:02 GMT-0500 (Eastern Standard Time),Mon Dec 04 2017 13:17:10 GMT-0500 (Eastern Standard Time),"Mozilla/5.0 (Windows NT 6.1; Win64; x64) AppleWebKit/537.36 (KHTML, like Gecko) Chrome/62.0.3202.94 Safari/537.36",87,"[0.9, 0.5, 0.1]","[0.8, 0.4, 0.2]","[u'red', u'black', u'blue']","[u'left', u'middle', u'right']","[0.8, 0.4, 0.2]","[u'medium', u'high', u'low']",red,49,left,medium,True,False,257,3300,NA
A2WQT33K6LD9Z5,Mon Dec 04 2017 13:11:02 GMT-0500 (Eastern Standard Time),Mon Dec 04 2017 13:17:10 GMT-0500 (Eastern Standard Time),"Mozilla/5.0 (Windows NT 6.1; Win64; x64) AppleWebKit/537.36 (KHTML, like Gecko) Chrome/62.0.3202.94 Safari/537.36",88,"[0.9, 0.5, 0.1]","[0.8, 0.4, 0.2]","[u'red', u'black', u'blue']","[u'left', u'middle', u'right']","[0.8, 0.4, 0.2]","[u'medium', u'high', u'low']",red,49,left,medium,False,False,185,3250,NA
A2WQT33K6LD9Z5,Mon Dec 04 2017 13:11:02 GMT-0500 (Eastern Standard Time),Mon Dec 04 2017 13:17:10 GMT-0500 (Eastern Standard Time),"Mozilla/5.0 (Windows NT 6.1; Win64; x64) AppleWebKit/537.36 (KHTML, like Gecko) Chrome/62.0.3202.94 Safari/537.36",89,"[0.9, 0.5, 0.1]","[0.8, 0.4, 0.2]","[u'red', u'black', u'blue']","[u'left', u'middle', u'right']","[0.8, 0.4, 0.2]","[u'medium', u'high', u'low']",black,50,middle,high,False,False,243,3200,NA
A2WQT33K6LD9Z5,Mon Dec 04 2017 13:11:02 GMT-0500 (Eastern Standard Time),Mon Dec 04 2017 13:17:10 GMT-0500 (Eastern Standard Time),"Mozilla/5.0 (Windows NT 6.1; Win64; x64) AppleWebKit/537.36 (KHTML, like Gecko) Chrome/62.0.3202.94 Safari/537.36",90,"[0.9, 0.5, 0.1]","[0.8, 0.4, 0.2]","[u'red', u'black', u'blue']","[u'left', u'middle', u'right']","[0.8, 0.4, 0.2]","[u'medium', u'high', u'low']",blue,51,right,low,False,False,161,3150,NA
A2WQT33K6LD9Z5,Mon Dec 04 2017 13:11:02 GMT-0500 (Eastern Standard Time),Mon Dec 04 2017 13:17:10 GMT-0500 (Eastern Standard Time),"Mozilla/5.0 (Windows NT 6.1; Win64; x64) AppleWebKit/537.36 (KHTML, like Gecko) Chrome/62.0.3202.94 Safari/537.36",91,"[0.9, 0.5, 0.1]","[0.8, 0.4, 0.2]","[u'red', u'black', u'blue']","[u'left', u'middle', u'right']","[0.8, 0.4, 0.2]","[u'medium', u'high', u'low']",red,49,left,medium,False,False,242,3100,NA
A2WQT33K6LD9Z5,Mon Dec 04 2017 13:11:02 GMT-0500 (Eastern Standard Time),Mon Dec 04 2017 13:17:10 GMT-0500 (Eastern Standard Time),"Mozilla/5.0 (Windows NT 6.1; Win64; x64) AppleWebKit/537.36 (KHTML, like Gecko) Chrome/62.0.3202.94 Safari/537.36",92,"[0.9, 0.5, 0.1]","[0.8, 0.4, 0.2]","[u'red', u'black', u'blue']","[u'left', u'middle', u'right']","[0.8, 0.4, 0.2]","[u'medium', u'high', u'low']",red,49,left,medium,False,False,170,3050,NA
A2WQT33K6LD9Z5,Mon Dec 04 2017 13:11:02 GMT-0500 (Eastern Standard Time),Mon Dec 04 2017 13:17:10 GMT-0500 (Eastern Standard Time),"Mozilla/5.0 (Windows NT 6.1; Win64; x64) AppleWebKit/537.36 (KHTML, like Gecko) Chrome/62.0.3202.94 Safari/537.36",93,"[0.9, 0.5, 0.1]","[0.8, 0.4, 0.2]","[u'red', u'black', u'blue']","[u'left', u'middle', u'right']","[0.8, 0.4, 0.2]","[u'medium', u'high', u'low']",red,49,left,medium,False,False,1576,3000,NA
A2WQT33K6LD9Z5,Mon Dec 04 2017 13:11:02 GMT-0500 (Eastern Standard Time),Mon Dec 04 2017 13:17:10 GMT-0500 (Eastern Standard Time),"Mozilla/5.0 (Windows NT 6.1; Win64; x64) AppleWebKit/537.36 (KHTML, like Gecko) Chrome/62.0.3202.94 Safari/537.36",94,"[0.9, 0.5, 0.1]","[0.8, 0.4, 0.2]","[u'red', u'black', u'blue']","[u'left', u'middle', u'right']","[0.8, 0.4, 0.2]","[u'medium', u'high', u'low']",black,50,middle,high,False,False,154,2950,NA
A2WQT33K6LD9Z5,Mon Dec 04 2017 13:11:02 GMT-0500 (Eastern Standard Time),Mon Dec 04 2017 13:17:10 GMT-0500 (Eastern Standard Time),"Mozilla/5.0 (Windows NT 6.1; Win64; x64) AppleWebKit/537.36 (KHTML, like Gecko) Chrome/62.0.3202.94 Safari/537.36",95,"[0.9, 0.5, 0.1]","[0.8, 0.4, 0.2]","[u'red', u'black', u'blue']","[u'left', u'middle', u'right']","[0.8, 0.4, 0.2]","[u'medium', u'high', u'low']",blue,51,right,low,False,False,211,2900,NA
A2WQT33K6LD9Z5,Mon Dec 04 2017 13:11:02 GMT-0500 (Eastern Standard Time),Mon Dec 04 2017 13:17:10 GMT-0500 (Eastern Standard Time),"Mozilla/5.0 (Windows NT 6.1; Win64; x64) AppleWebKit/537.36 (KHTML, like Gecko) Chrome/62.0.3202.94 Safari/537.36",96,"[0.9, 0.5, 0.1]","[0.8, 0.4, 0.2]","[u'red', u'black', u'blue']","[u'left', u'middle', u'right']","[0.8, 0.4, 0.2]","[u'medium', u'high', u'low']",red,49,left,medium,False,False,256,2850,NA
A2WQT33K6LD9Z5,Mon Dec 04 2017 13:11:02 GMT-0500 (Eastern Standard Time),Mon Dec 04 2017 13:17:10 GMT-0500 (Eastern Standard Time),"Mozilla/5.0 (Windows NT 6.1; Win64; x64) AppleWebKit/537.36 (KHTML, like Gecko) Chrome/62.0.3202.94 Safari/537.36",97,"[0.9, 0.5, 0.1]","[0.8, 0.4, 0.2]","[u'red', u'black', u'blue']","[u'left', u'middle', u'right']","[0.8, 0.4, 0.2]","[u'medium', u'high', u'low']",black,50,middle,high,True,False,209,2950,NA
A2WQT33K6LD9Z5,Mon Dec 04 2017 13:11:02 GMT-0500 (Eastern Standard Time),Mon Dec 04 2017 13:17:10 GMT-0500 (Eastern Standard Time),"Mozilla/5.0 (Windows NT 6.1; Win64; x64) AppleWebKit/537.36 (KHTML, like Gecko) Chrome/62.0.3202.94 Safari/537.36",98,"[0.9, 0.5, 0.1]","[0.8, 0.4, 0.2]","[u'red', u'black', u'blue']","[u'left', u'middle', u'right']","[0.8, 0.4, 0.2]","[u'medium', u'high', u'low']",black,50,middle,high,True,False,289,3050,NA
A2WQT33K6LD9Z5,Mon Dec 04 2017 13:11:02 GMT-0500 (Eastern Standard Time),Mon Dec 04 2017 13:17:10 GMT-0500 (Eastern Standard Time),"Mozilla/5.0 (Windows NT 6.1; Win64; x64) AppleWebKit/537.36 (KHTML, like Gecko) Chrome/62.0.3202.94 Safari/537.36",99,"[0.9, 0.5, 0.1]","[0.8, 0.4, 0.2]","[u'red', u'black', u'blue']","[u'left', u'middle', u'right']","[0.8, 0.4, 0.2]","[u'medium', u'high', u'low']",black,50,middle,high,False,False,235,3000,NA
A2WQT33K6LD9Z5,Mon Dec 04 2017 13:11:02 GMT-0500 (Eastern Standard Time),Mon Dec 04 2017 13:17:10 GMT-0500 (Eastern Standard Time),"Mozilla/5.0 (Windows NT 6.1; Win64; x64) AppleWebKit/537.36 (KHTML, like Gecko) Chrome/62.0.3202.94 Safari/537.36",100,"[0.9, 0.5, 0.1]","[0.8, 0.4, 0.2]","[u'red', u'black', u'blue']","[u'left', u'middle', u'right']","[0.8, 0.4, 0.2]","[u'medium', u'high', u'low']",blue,51,right,low,False,False,242,2950,NA
A2WQT33K6LD9Z5,Mon Dec 04 2017 13:11:02 GMT-0500 (Eastern Standard Time),Mon Dec 04 2017 13:17:10 GMT-0500 (Eastern Standard Time),"Mozilla/5.0 (Windows NT 6.1; Win64; x64) AppleWebKit/537.36 (KHTML, like Gecko) Chrome/62.0.3202.94 Safari/537.36",101,"[0.9, 0.5, 0.1]","[0.8, 0.4, 0.2]","[u'red', u'black', u'blue']","[u'left', u'middle', u'right']","[0.8, 0.4, 0.2]","[u'medium', u'high', u'low']",red,49,left,medium,False,False,187,2900,NA
A2WQT33K6LD9Z5,Mon Dec 04 2017 13:11:02 GMT-0500 (Eastern Standard Time),Mon Dec 04 2017 13:17:10 GMT-0500 (Eastern Standard Time),"Mozilla/5.0 (Windows NT 6.1; Win64; x64) AppleWebKit/537.36 (KHTML, like Gecko) Chrome/62.0.3202.94 Safari/537.36",102,"[0.9, 0.5, 0.1]","[0.8, 0.4, 0.2]","[u'red', u'black', u'blue']","[u'left', u'middle', u'right']","[0.8, 0.4, 0.2]","[u'medium', u'high', u'low']",black,50,middle,high,True,False,240,3000,NA
A2WQT33K6LD9Z5,Mon Dec 04 2017 13:11:02 GMT-0500 (Eastern Standard Time),Mon Dec 04 2017 13:17:10 GMT-0500 (Eastern Standard Time),"Mozilla/5.0 (Windows NT 6.1; Win64; x64) AppleWebKit/537.36 (KHTML, like Gecko) Chrome/62.0.3202.94 Safari/537.36",103,"[0.9, 0.5, 0.1]","[0.8, 0.4, 0.2]","[u'red', u'black', u'blue']","[u'left', u'middle', u'right']","[0.8, 0.4, 0.2]","[u'medium', u'high', u'low']",black,50,middle,high,True,False,146,3100,NA
A2WQT33K6LD9Z5,Mon Dec 04 2017 13:11:02 GMT-0500 (Eastern Standard Time),Mon Dec 04 2017 13:17:10 GMT-0500 (Eastern Standard Time),"Mozilla/5.0 (Windows NT 6.1; Win64; x64) AppleWebKit/537.36 (KHTML, like Gecko) Chrome/62.0.3202.94 Safari/537.36",104,"[0.9, 0.5, 0.1]","[0.8, 0.4, 0.2]","[u'red', u'black', u'blue']","[u'left', u'middle', u'right']","[0.8, 0.4, 0.2]","[u'medium', u'high', u'low']",black,50,middle,high,True,False,233,3200,NA
A2WQT33K6LD9Z5,Mon Dec 04 2017 13:11:02 GMT-0500 (Eastern Standard Time),Mon Dec 04 2017 13:17:10 GMT-0500 (Eastern Standard Time),"Mozilla/5.0 (Windows NT 6.1; Win64; x64) AppleWebKit/537.36 (KHTML, like Gecko) Chrome/62.0.3202.94 Safari/537.36",105,"[0.9, 0.5, 0.1]","[0.8, 0.4, 0.2]","[u'red', u'black', u'blue']","[u'left', u'middle', u'right']","[0.8, 0.4, 0.2]","[u'medium', u'high', u'low']",black,50,middle,high,True,False,233,3300,NA
A2WQT33K6LD9Z5,Mon Dec 04 2017 13:11:02 GMT-0500 (Eastern Standard Time),Mon Dec 04 2017 13:17:10 GMT-0500 (Eastern Standard Time),"Mozilla/5.0 (Windows NT 6.1; Win64; x64) AppleWebKit/537.36 (KHTML, like Gecko) Chrome/62.0.3202.94 Safari/537.36",106,"[0.9, 0.5, 0.1]","[0.8, 0.4, 0.2]","[u'red', u'black', u'blue']","[u'left', u'middle', u'right']","[0.8, 0.4, 0.2]","[u'medium', u'high', u'low']",black,50,middle,high,False,False,209,3250,NA
A2WQT33K6LD9Z5,Mon Dec 04 2017 13:11:02 GMT-0500 (Eastern Standard Time),Mon Dec 04 2017 13:17:10 GMT-0500 (Eastern Standard Time),"Mozilla/5.0 (Windows NT 6.1; Win64; x64) AppleWebKit/537.36 (KHTML, like Gecko) Chrome/62.0.3202.94 Safari/537.36",107,"[0.9, 0.5, 0.1]","[0.8, 0.4, 0.2]","[u'red', u'black', u'blue']","[u'left', u'middle', u'right']","[0.8, 0.4, 0.2]","[u'medium', u'high', u'low']",blue,51,right,low,False,False,179,3200,NA
A2WQT33K6LD9Z5,Mon Dec 04 2017 13:11:02 GMT-0500 (Eastern Standard Time),Mon Dec 04 2017 13:17:10 GMT-0500 (Eastern Standard Time),"Mozilla/5.0 (Windows NT 6.1; Win64; x64) AppleWebKit/537.36 (KHTML, like Gecko) Chrome/62.0.3202.94 Safari/537.36",108,"[0.9, 0.5, 0.1]","[0.8, 0.4, 0.2]","[u'red', u'black', u'blue']","[u'left', u'middle', u'right']","[0.8, 0.4, 0.2]","[u'medium', u'high', u'low']",red,49,left,medium,False,False,192,3150,NA
A2WQT33K6LD9Z5,Mon Dec 04 2017 13:11:02 GMT-0500 (Eastern Standard Time),Mon Dec 04 2017 13:17:10 GMT-0500 (Eastern Standard Time),"Mozilla/5.0 (Windows NT 6.1; Win64; x64) AppleWebKit/537.36 (KHTML, like Gecko) Chrome/62.0.3202.94 Safari/537.36",109,"[0.9, 0.5, 0.1]","[0.8, 0.4, 0.2]","[u'red', u'black', u'blue']","[u'left', u'middle', u'right']","[0.8, 0.4, 0.2]","[u'medium', u'high', u'low']",black,50,middle,high,True,False,113,3250,NA
A2WQT33K6LD9Z5,Mon Dec 04 2017 13:11:02 GMT-0500 (Eastern Standard Time),Mon Dec 04 2017 13:17:10 GMT-0500 (Eastern Standard Time),"Mozilla/5.0 (Windows NT 6.1; Win64; x64) AppleWebKit/537.36 (KHTML, like Gecko) Chrome/62.0.3202.94 Safari/537.36",110,"[0.9, 0.5, 0.1]","[0.8, 0.4, 0.2]","[u'red', u'black', u'blue']","[u'left', u'middle', u'right']","[0.8, 0.4, 0.2]","[u'medium', u'high', u'low']",black,50,middle,high,True,False,90,3350,NA
A2WQT33K6LD9Z5,Mon Dec 04 2017 13:11:02 GMT-0500 (Eastern Standard Time),Mon Dec 04 2017 13:17:10 GMT-0500 (Eastern Standard Time),"Mozilla/5.0 (Windows NT 6.1; Win64; x64) AppleWebKit/537.36 (KHTML, like Gecko) Chrome/62.0.3202.94 Safari/537.36",111,"[0.9, 0.5, 0.1]","[0.8, 0.4, 0.2]","[u'red', u'black', u'blue']","[u'left', u'middle', u'right']","[0.8, 0.4, 0.2]","[u'medium', u'high', u'low']",black,50,middle,high,False,False,154,3300,NA
A2WQT33K6LD9Z5,Mon Dec 04 2017 13:11:02 GMT-0500 (Eastern Standard Time),Mon Dec 04 2017 13:17:10 GMT-0500 (Eastern Standard Time),"Mozilla/5.0 (Windows NT 6.1; Win64; x64) AppleWebKit/537.36 (KHTML, like Gecko) Chrome/62.0.3202.94 Safari/537.36",112,"[0.9, 0.5, 0.1]","[0.8, 0.4, 0.2]","[u'red', u'black', u'blue']","[u'left', u'middle', u'right']","[0.8, 0.4, 0.2]","[u'medium', u'high', u'low']",blue,51,right,low,False,False,162,3250,NA
A2WQT33K6LD9Z5,Mon Dec 04 2017 13:11:02 GMT-0500 (Eastern Standard Time),Mon Dec 04 2017 13:17:10 GMT-0500 (Eastern Standard Time),"Mozilla/5.0 (Windows NT 6.1; Win64; x64) AppleWebKit/537.36 (KHTML, like Gecko) Chrome/62.0.3202.94 Safari/537.36",113,"[0.9, 0.5, 0.1]","[0.8, 0.4, 0.2]","[u'red', u'black', u'blue']","[u'left', u'middle', u'right']","[0.8, 0.4, 0.2]","[u'medium', u'high', u'low']",red,49,left,medium,False,False,202,3200,NA
A2WQT33K6LD9Z5,Mon Dec 04 2017 13:11:02 GMT-0500 (Eastern Standard Time),Mon Dec 04 2017 13:17:10 GMT-0500 (Eastern Standard Time),"Mozilla/5.0 (Windows NT 6.1; Win64; x64) AppleWebKit/537.36 (KHTML, like Gecko) Chrome/62.0.3202.94 Safari/537.36",114,"[0.9, 0.5, 0.1]","[0.8, 0.4, 0.2]","[u'red', u'black', u'blue']","[u'left', u'middle', u'right']","[0.8, 0.4, 0.2]","[u'medium', u'high', u'low']",black,50,middle,high,True,False,123,3300,NA
A2WQT33K6LD9Z5,Mon Dec 04 2017 13:11:02 GMT-0500 (Eastern Standard Time),Mon Dec 04 2017 13:17:10 GMT-0500 (Eastern Standard Time),"Mozilla/5.0 (Windows NT 6.1; Win64; x64) AppleWebKit/537.36 (KHTML, like Gecko) Chrome/62.0.3202.94 Safari/537.36",115,"[0.9, 0.5, 0.1]","[0.8, 0.4, 0.2]","[u'red', u'black', u'blue']","[u'left', u'middle', u'right']","[0.8, 0.4, 0.2]","[u'medium', u'high', u'low']",black,50,middle,high,True,False,120,3400,NA
A2WQT33K6LD9Z5,Mon Dec 04 2017 13:11:02 GMT-0500 (Eastern Standard Time),Mon Dec 04 2017 13:17:10 GMT-0500 (Eastern Standard Time),"Mozilla/5.0 (Windows NT 6.1; Win64; x64) AppleWebKit/537.36 (KHTML, like Gecko) Chrome/62.0.3202.94 Safari/537.36",116,"[0.9, 0.5, 0.1]","[0.8, 0.4, 0.2]","[u'red', u'black', u'blue']","[u'left', u'middle', u'right']","[0.8, 0.4, 0.2]","[u'medium', u'high', u'low']",black,50,middle,high,True,False,170,3500,NA
A2WQT33K6LD9Z5,Mon Dec 04 2017 13:11:02 GMT-0500 (Eastern Standard Time),Mon Dec 04 2017 13:17:10 GMT-0500 (Eastern Standard Time),"Mozilla/5.0 (Windows NT 6.1; Win64; x64) AppleWebKit/537.36 (KHTML, like Gecko) Chrome/62.0.3202.94 Safari/537.36",117,"[0.9, 0.5, 0.1]","[0.8, 0.4, 0.2]","[u'red', u'black', u'blue']","[u'left', u'middle', u'right']","[0.8, 0.4, 0.2]","[u'medium', u'high', u'low']",black,50,middle,high,True,False,210,3600,NA
A2WQT33K6LD9Z5,Mon Dec 04 2017 13:11:02 GMT-0500 (Eastern Standard Time),Mon Dec 04 2017 13:17:10 GMT-0500 (Eastern Standard Time),"Mozilla/5.0 (Windows NT 6.1; Win64; x64) AppleWebKit/537.36 (KHTML, like Gecko) Chrome/62.0.3202.94 Safari/537.36",118,"[0.9, 0.5, 0.1]","[0.8, 0.4, 0.2]","[u'red', u'black', u'blue']","[u'left', u'middle', u'right']","[0.8, 0.4, 0.2]","[u'medium', u'high', u'low']",black,50,middle,high,True,False,177,3700,NA
A2WQT33K6LD9Z5,Mon Dec 04 2017 13:11:02 GMT-0500 (Eastern Standard Time),Mon Dec 04 2017 13:17:10 GMT-0500 (Eastern Standard Time),"Mozilla/5.0 (Windows NT 6.1; Win64; x64) AppleWebKit/537.36 (KHTML, like Gecko) Chrome/62.0.3202.94 Safari/537.36",119,"[0.9, 0.5, 0.1]","[0.8, 0.4, 0.2]","[u'red', u'black', u'blue']","[u'left', u'middle', u'right']","[0.8, 0.4, 0.2]","[u'medium', u'high', u'low']",black,50,middle,high,False,False,169,3650,NA
A2WQT33K6LD9Z5,Mon Dec 04 2017 13:11:02 GMT-0500 (Eastern Standard Time),Mon Dec 04 2017 13:17:10 GMT-0500 (Eastern Standard Time),"Mozilla/5.0 (Windows NT 6.1; Win64; x64) AppleWebKit/537.36 (KHTML, like Gecko) Chrome/62.0.3202.94 Safari/537.36",120,"[0.9, 0.5, 0.1]","[0.8, 0.4, 0.2]","[u'red', u'black', u'blue']","[u'left', u'middle', u'right']","[0.8, 0.4, 0.2]","[u'medium', u'high', u'low']",black,50,middle,high,True,False,50,3750,NA
A2WQT33K6LD9Z5,Mon Dec 04 2017 13:11:02 GMT-0500 (Eastern Standard Time),Mon Dec 04 2017 13:17:10 GMT-0500 (Eastern Standard Time),"Mozilla/5.0 (Windows NT 6.1; Win64; x64) AppleWebKit/537.36 (KHTML, like Gecko) Chrome/62.0.3202.94 Safari/537.36",121,"[0.9, 0.5, 0.1]","[0.8, 0.4, 0.2]","[u'red', u'black', u'blue']","[u'left', u'middle', u'right']","[0.8, 0.4, 0.2]","[u'high', u'medium', u'low']",black,50,middle,medium,True,False,346,3850,NA
A2WQT33K6LD9Z5,Mon Dec 04 2017 13:11:02 GMT-0500 (Eastern Standard Time),Mon Dec 04 2017 13:17:10 GMT-0500 (Eastern Standard Time),"Mozilla/5.0 (Windows NT 6.1; Win64; x64) AppleWebKit/537.36 (KHTML, like Gecko) Chrome/62.0.3202.94 Safari/537.36",122,"[0.9, 0.5, 0.1]","[0.8, 0.4, 0.2]","[u'red', u'black', u'blue']","[u'left', u'middle', u'right']","[0.8, 0.4, 0.2]","[u'high', u'medium', u'low']",black,50,middle,medium,True,False,97,3950,NA
A2WQT33K6LD9Z5,Mon Dec 04 2017 13:11:02 GMT-0500 (Eastern Standard Time),Mon Dec 04 2017 13:17:10 GMT-0500 (Eastern Standard Time),"Mozilla/5.0 (Windows NT 6.1; Win64; x64) AppleWebKit/537.36 (KHTML, like Gecko) Chrome/62.0.3202.94 Safari/537.36",123,"[0.9, 0.5, 0.1]","[0.8, 0.4, 0.2]","[u'red', u'black', u'blue']","[u'left', u'middle', u'right']","[0.8, 0.4, 0.2]","[u'high', u'medium', u'low']",black,50,middle,medium,True,False,225,4050,NA
A2WQT33K6LD9Z5,Mon Dec 04 2017 13:11:02 GMT-0500 (Eastern Standard Time),Mon Dec 04 2017 13:17:10 GMT-0500 (Eastern Standard Time),"Mozilla/5.0 (Windows NT 6.1; Win64; x64) AppleWebKit/537.36 (KHTML, like Gecko) Chrome/62.0.3202.94 Safari/537.36",124,"[0.9, 0.5, 0.1]","[0.8, 0.4, 0.2]","[u'red', u'black', u'blue']","[u'left', u'middle', u'right']","[0.8, 0.4, 0.2]","[u'high', u'medium', u'low']",black,50,middle,medium,False,False,242,4000,NA
A2WQT33K6LD9Z5,Mon Dec 04 2017 13:11:02 GMT-0500 (Eastern Standard Time),Mon Dec 04 2017 13:17:10 GMT-0500 (Eastern Standard Time),"Mozilla/5.0 (Windows NT 6.1; Win64; x64) AppleWebKit/537.36 (KHTML, like Gecko) Chrome/62.0.3202.94 Safari/537.36",125,"[0.9, 0.5, 0.1]","[0.8, 0.4, 0.2]","[u'red', u'black', u'blue']","[u'left', u'middle', u'right']","[0.8, 0.4, 0.2]","[u'high', u'medium', u'low']",blue,51,right,low,False,False,322,3950,NA
A2WQT33K6LD9Z5,Mon Dec 04 2017 13:11:02 GMT-0500 (Eastern Standard Time),Mon Dec 04 2017 13:17:10 GMT-0500 (Eastern Standard Time),"Mozilla/5.0 (Windows NT 6.1; Win64; x64) AppleWebKit/537.36 (KHTML, like Gecko) Chrome/62.0.3202.94 Safari/537.36",126,"[0.9, 0.5, 0.1]","[0.8, 0.4, 0.2]","[u'red', u'black', u'blue']","[u'left', u'middle', u'right']","[0.8, 0.4, 0.2]","[u'high', u'medium', u'low']",blue,51,right,low,False,False,1234,3900,NA
A2WQT33K6LD9Z5,Mon Dec 04 2017 13:11:02 GMT-0500 (Eastern Standard Time),Mon Dec 04 2017 13:17:10 GMT-0500 (Eastern Standard Time),"Mozilla/5.0 (Windows NT 6.1; Win64; x64) AppleWebKit/537.36 (KHTML, like Gecko) Chrome/62.0.3202.94 Safari/537.36",127,"[0.9, 0.5, 0.1]","[0.8, 0.4, 0.2]","[u'red', u'black', u'blue']","[u'left', u'middle', u'right']","[0.8, 0.4, 0.2]","[u'high', u'medium', u'low']",red,49,left,high,True,False,215,4000,NA
A2WQT33K6LD9Z5,Mon Dec 04 2017 13:11:02 GMT-0500 (Eastern Standard Time),Mon Dec 04 2017 13:17:10 GMT-0500 (Eastern Standard Time),"Mozilla/5.0 (Windows NT 6.1; Win64; x64) AppleWebKit/537.36 (KHTML, like Gecko) Chrome/62.0.3202.94 Safari/537.36",128,"[0.9, 0.5, 0.1]","[0.8, 0.4, 0.2]","[u'red', u'black', u'blue']","[u'left', u'middle', u'right']","[0.8, 0.4, 0.2]","[u'high', u'medium', u'low']",red,49,left,high,True,False,227,4100,NA
A2WQT33K6LD9Z5,Mon Dec 04 2017 13:11:02 GMT-0500 (Eastern Standard Time),Mon Dec 04 2017 13:17:10 GMT-0500 (Eastern Standard Time),"Mozilla/5.0 (Windows NT 6.1; Win64; x64) AppleWebKit/537.36 (KHTML, like Gecko) Chrome/62.0.3202.94 Safari/537.36",129,"[0.9, 0.5, 0.1]","[0.8, 0.4, 0.2]","[u'red', u'black', u'blue']","[u'left', u'middle', u'right']","[0.8, 0.4, 0.2]","[u'high', u'medium', u'low']",red,49,left,high,True,False,186,4200,NA
A2WQT33K6LD9Z5,Mon Dec 04 2017 13:11:02 GMT-0500 (Eastern Standard Time),Mon Dec 04 2017 13:17:10 GMT-0500 (Eastern Standard Time),"Mozilla/5.0 (Windows NT 6.1; Win64; x64) AppleWebKit/537.36 (KHTML, like Gecko) Chrome/62.0.3202.94 Safari/537.36",130,"[0.9, 0.5, 0.1]","[0.8, 0.4, 0.2]","[u'red', u'black', u'blue']","[u'left', u'middle', u'right']","[0.8, 0.4, 0.2]","[u'high', u'medium', u'low']",red,49,left,high,True,False,169,4300,NA
A2WQT33K6LD9Z5,Mon Dec 04 2017 13:11:02 GMT-0500 (Eastern Standard Time),Mon Dec 04 2017 13:17:10 GMT-0500 (Eastern Standard Time),"Mozilla/5.0 (Windows NT 6.1; Win64; x64) AppleWebKit/537.36 (KHTML, like Gecko) Chrome/62.0.3202.94 Safari/537.36",131,"[0.9, 0.5, 0.1]","[0.8, 0.4, 0.2]","[u'red', u'black', u'blue']","[u'left', u'middle', u'right']","[0.8, 0.4, 0.2]","[u'high', u'medium', u'low']",red,49,left,high,True,False,186,4400,NA
A2WQT33K6LD9Z5,Mon Dec 04 2017 13:11:02 GMT-0500 (Eastern Standard Time),Mon Dec 04 2017 13:17:10 GMT-0500 (Eastern Standard Time),"Mozilla/5.0 (Windows NT 6.1; Win64; x64) AppleWebKit/537.36 (KHTML, like Gecko) Chrome/62.0.3202.94 Safari/537.36",132,"[0.9, 0.5, 0.1]","[0.8, 0.4, 0.2]","[u'red', u'black', u'blue']","[u'left', u'middle', u'right']","[0.8, 0.4, 0.2]","[u'high', u'medium', u'low']",red,49,left,high,True,False,115,4500,NA
A2WQT33K6LD9Z5,Mon Dec 04 2017 13:11:02 GMT-0500 (Eastern Standard Time),Mon Dec 04 2017 13:17:10 GMT-0500 (Eastern Standard Time),"Mozilla/5.0 (Windows NT 6.1; Win64; x64) AppleWebKit/537.36 (KHTML, like Gecko) Chrome/62.0.3202.94 Safari/537.36",133,"[0.9, 0.5, 0.1]","[0.8, 0.4, 0.2]","[u'red', u'black', u'blue']","[u'left', u'middle', u'right']","[0.8, 0.4, 0.2]","[u'high', u'medium', u'low']",red,49,left,high,False,False,177,4450,NA
A2WQT33K6LD9Z5,Mon Dec 04 2017 13:11:02 GMT-0500 (Eastern Standard Time),Mon Dec 04 2017 13:17:10 GMT-0500 (Eastern Standard Time),"Mozilla/5.0 (Windows NT 6.1; Win64; x64) AppleWebKit/537.36 (KHTML, like Gecko) Chrome/62.0.3202.94 Safari/537.36",134,"[0.9, 0.5, 0.1]","[0.8, 0.4, 0.2]","[u'red', u'black', u'blue']","[u'left', u'middle', u'right']","[0.8, 0.4, 0.2]","[u'high', u'medium', u'low']",red,49,left,high,False,False,130,4400,NA
A2WQT33K6LD9Z5,Mon Dec 04 2017 13:11:02 GMT-0500 (Eastern Standard Time),Mon Dec 04 2017 13:17:10 GMT-0500 (Eastern Standard Time),"Mozilla/5.0 (Windows NT 6.1; Win64; x64) AppleWebKit/537.36 (KHTML, like Gecko) Chrome/62.0.3202.94 Safari/537.36",135,"[0.9, 0.5, 0.1]","[0.8, 0.4, 0.2]","[u'red', u'black', u'blue']","[u'left', u'middle', u'right']","[0.8, 0.4, 0.2]","[u'high', u'medium', u'low']",black,50,middle,medium,False,False,114,4350,NA
A2WQT33K6LD9Z5,Mon Dec 04 2017 13:11:02 GMT-0500 (Eastern Standard Time),Mon Dec 04 2017 13:17:10 GMT-0500 (Eastern Standard Time),"Mozilla/5.0 (Windows NT 6.1; Win64; x64) AppleWebKit/537.36 (KHTML, like Gecko) Chrome/62.0.3202.94 Safari/537.36",136,"[0.9, 0.5, 0.1]","[0.8, 0.4, 0.2]","[u'red', u'black', u'blue']","[u'left', u'middle', u'right']","[0.8, 0.4, 0.2]","[u'high', u'medium', u'low']",red,49,left,high,False,True,66,4300,NA
A2WQT33K6LD9Z5,Mon Dec 04 2017 13:11:02 GMT-0500 (Eastern Standard Time),Mon Dec 04 2017 13:17:10 GMT-0500 (Eastern Standard Time),"Mozilla/5.0 (Windows NT 6.1; Win64; x64) AppleWebKit/537.36 (KHTML, like Gecko) Chrome/62.0.3202.94 Safari/537.36",137,"[0.9, 0.5, 0.1]","[0.8, 0.4, 0.2]","[u'red', u'black', u'blue']","[u'left', u'middle', u'right']","[0.8, 0.4, 0.2]","[u'low', u'high', u'medium']",red,49,left,low,False,False,138,4250,NA
A2WQT33K6LD9Z5,Mon Dec 04 2017 13:11:02 GMT-0500 (Eastern Standard Time),Mon Dec 04 2017 13:17:10 GMT-0500 (Eastern Standard Time),"Mozilla/5.0 (Windows NT 6.1; Win64; x64) AppleWebKit/537.36 (KHTML, like Gecko) Chrome/62.0.3202.94 Safari/537.36",138,"[0.9, 0.5, 0.1]","[0.8, 0.4, 0.2]","[u'red', u'black', u'blue']","[u'left', u'middle', u'right']","[0.8, 0.4, 0.2]","[u'low', u'high', u'medium']",blue,51,right,medium,True,False,114,4350,NA
A2WQT33K6LD9Z5,Mon Dec 04 2017 13:11:02 GMT-0500 (Eastern Standard Time),Mon Dec 04 2017 13:17:10 GMT-0500 (Eastern Standard Time),"Mozilla/5.0 (Windows NT 6.1; Win64; x64) AppleWebKit/537.36 (KHTML, like Gecko) Chrome/62.0.3202.94 Safari/537.36",139,"[0.9, 0.5, 0.1]","[0.8, 0.4, 0.2]","[u'red', u'black', u'blue']","[u'left', u'middle', u'right']","[0.8, 0.4, 0.2]","[u'low', u'high', u'medium']",blue,51,right,medium,True,False,36,4450,NA
A2WQT33K6LD9Z5,Mon Dec 04 2017 13:11:02 GMT-0500 (Eastern Standard Time),Mon Dec 04 2017 13:17:10 GMT-0500 (Eastern Standard Time),"Mozilla/5.0 (Windows NT 6.1; Win64; x64) AppleWebKit/537.36 (KHTML, like Gecko) Chrome/62.0.3202.94 Safari/537.36",140,"[0.9, 0.5, 0.1]","[0.8, 0.4, 0.2]","[u'red', u'black', u'blue']","[u'left', u'middle', u'right']","[0.8, 0.4, 0.2]","[u'low', u'high', u'medium']",blue,51,right,medium,False,False,161,4400,NA
A2WQT33K6LD9Z5,Mon Dec 04 2017 13:11:02 GMT-0500 (Eastern Standard Time),Mon Dec 04 2017 13:17:10 GMT-0500 (Eastern Standard Time),"Mozilla/5.0 (Windows NT 6.1; Win64; x64) AppleWebKit/537.36 (KHTML, like Gecko) Chrome/62.0.3202.94 Safari/537.36",141,"[0.9, 0.5, 0.1]","[0.8, 0.4, 0.2]","[u'red', u'black', u'blue']","[u'left', u'middle', u'right']","[0.8, 0.4, 0.2]","[u'low', u'high', u'medium']",red,49,left,low,False,False,337,4350,NA
A2WQT33K6LD9Z5,Mon Dec 04 2017 13:11:02 GMT-0500 (Eastern Standard Time),Mon Dec 04 2017 13:17:10 GMT-0500 (Eastern Standard Time),"Mozilla/5.0 (Windows NT 6.1; Win64; x64) AppleWebKit/537.36 (KHTML, like Gecko) Chrome/62.0.3202.94 Safari/537.36",142,"[0.9, 0.5, 0.1]","[0.8, 0.4, 0.2]","[u'red', u'black', u'blue']","[u'left', u'middle', u'right']","[0.8, 0.4, 0.2]","[u'low', u'high', u'medium']",black,50,middle,high,False,False,169,4300,NA
A2WQT33K6LD9Z5,Mon Dec 04 2017 13:11:02 GMT-0500 (Eastern Standard Time),Mon Dec 04 2017 13:17:10 GMT-0500 (Eastern Standard Time),"Mozilla/5.0 (Windows NT 6.1; Win64; x64) AppleWebKit/537.36 (KHTML, like Gecko) Chrome/62.0.3202.94 Safari/537.36",143,"[0.9, 0.5, 0.1]","[0.8, 0.4, 0.2]","[u'red', u'black', u'blue']","[u'left', u'middle', u'right']","[0.8, 0.4, 0.2]","[u'low', u'high', u'medium']",red,49,left,low,False,False,81,4250,NA
A2WQT33K6LD9Z5,Mon Dec 04 2017 13:11:02 GMT-0500 (Eastern Standard Time),Mon Dec 04 2017 13:17:10 GMT-0500 (Eastern Standard Time),"Mozilla/5.0 (Windows NT 6.1; Win64; x64) AppleWebKit/537.36 (KHTML, like Gecko) Chrome/62.0.3202.94 Safari/537.36",144,"[0.9, 0.5, 0.1]","[0.8, 0.4, 0.2]","[u'red', u'black', u'blue']","[u'left', u'middle', u'right']","[0.8, 0.4, 0.2]","[u'low', u'high', u'medium']",blue,51,right,medium,True,False,89,4350,NA
A2WQT33K6LD9Z5,Mon Dec 04 2017 13:11:02 GMT-0500 (Eastern Standard Time),Mon Dec 04 2017 13:17:10 GMT-0500 (Eastern Standard Time),"Mozilla/5.0 (Windows NT 6.1; Win64; x64) AppleWebKit/537.36 (KHTML, like Gecko) Chrome/62.0.3202.94 Safari/537.36",145,"[0.9, 0.5, 0.1]","[0.8, 0.4, 0.2]","[u'red', u'black', u'blue']","[u'left', u'middle', u'right']","[0.8, 0.4, 0.2]","[u'low', u'high', u'medium']",blue,51,right,medium,False,False,81,4300,NA
A2WQT33K6LD9Z5,Mon Dec 04 2017 13:11:02 GMT-0500 (Eastern Standard Time),Mon Dec 04 2017 13:17:10 GMT-0500 (Eastern Standard Time),"Mozilla/5.0 (Windows NT 6.1; Win64; x64) AppleWebKit/537.36 (KHTML, like Gecko) Chrome/62.0.3202.94 Safari/537.36",146,"[0.9, 0.5, 0.1]","[0.8, 0.4, 0.2]","[u'red', u'black', u'blue']","[u'left', u'middle', u'right']","[0.8, 0.4, 0.2]","[u'low', u'high', u'medium']",blue,51,right,medium,False,False,59,4250,NA
A2WQT33K6LD9Z5,Mon Dec 04 2017 13:11:02 GMT-0500 (Eastern Standard Time),Mon Dec 04 2017 13:17:10 GMT-0500 (Eastern Standard Time),"Mozilla/5.0 (Windows NT 6.1; Win64; x64) AppleWebKit/537.36 (KHTML, like Gecko) Chrome/62.0.3202.94 Safari/537.36",147,"[0.9, 0.5, 0.1]","[0.8, 0.4, 0.2]","[u'red', u'black', u'blue']","[u'left', u'middle', u'right']","[0.8, 0.4, 0.2]","[u'low', u'high', u'medium']",red,49,left,low,False,False,121,4200,NA
A2WQT33K6LD9Z5,Mon Dec 04 2017 13:11:02 GMT-0500 (Eastern Standard Time),Mon Dec 04 2017 13:17:10 GMT-0500 (Eastern Standard Time),"Mozilla/5.0 (Windows NT 6.1; Win64; x64) AppleWebKit/537.36 (KHTML, like Gecko) Chrome/62.0.3202.94 Safari/537.36",148,"[0.9, 0.5, 0.1]","[0.8, 0.4, 0.2]","[u'red', u'black', u'blue']","[u'left', u'middle', u'right']","[0.8, 0.4, 0.2]","[u'low', u'high', u'medium']",blue,51,right,medium,True,False,26,4300,NA
A2WQT33K6LD9Z5,Mon Dec 04 2017 13:11:02 GMT-0500 (Eastern Standard Time),Mon Dec 04 2017 13:17:10 GMT-0500 (Eastern Standard Time),"Mozilla/5.0 (Windows NT 6.1; Win64; x64) AppleWebKit/537.36 (KHTML, like Gecko) Chrome/62.0.3202.94 Safari/537.36",149,"[0.9, 0.5, 0.1]","[0.8, 0.4, 0.2]","[u'red', u'black', u'blue']","[u'left', u'middle', u'right']","[0.8, 0.4, 0.2]","[u'low', u'high', u'medium']",blue,51,right,medium,True,False,122,4400,NA
A2WQT33K6LD9Z5,Mon Dec 04 2017 13:11:02 GMT-0500 (Eastern Standard Time),Mon Dec 04 2017 13:17:10 GMT-0500 (Eastern Standard Time),"Mozilla/5.0 (Windows NT 6.1; Win64; x64) AppleWebKit/537.36 (KHTML, like Gecko) Chrome/62.0.3202.94 Safari/537.36",150,"[0.9, 0.5, 0.1]","[0.8, 0.4, 0.2]","[u'red', u'black', u'blue']","[u'left', u'middle', u'right']","[0.8, 0.4, 0.2]","[u'low', u'high', u'medium']",blue,51,right,medium,False,False,243,4350,NA
A2WQT33K6LD9Z5,Mon Dec 04 2017 13:11:02 GMT-0500 (Eastern Standard Time),Mon Dec 04 2017 13:17:10 GMT-0500 (Eastern Standard Time),"Mozilla/5.0 (Windows NT 6.1; Win64; x64) AppleWebKit/537.36 (KHTML, like Gecko) Chrome/62.0.3202.94 Safari/537.36",151,"[0.9, 0.5, 0.1]","[0.8, 0.4, 0.2]","[u'red', u'black', u'blue']","[u'left', u'middle', u'right']","[0.8, 0.4, 0.2]","[u'low', u'high', u'medium']",blue,51,right,medium,True,False,201,4450,NA
A2WQT33K6LD9Z5,Mon Dec 04 2017 13:11:02 GMT-0500 (Eastern Standard Time),Mon Dec 04 2017 13:17:10 GMT-0500 (Eastern Standard Time),"Mozilla/5.0 (Windows NT 6.1; Win64; x64) AppleWebKit/537.36 (KHTML, like Gecko) Chrome/62.0.3202.94 Safari/537.36",152,"[0.9, 0.5, 0.1]","[0.8, 0.4, 0.2]","[u'red', u'black', u'blue']","[u'left', u'middle', u'right']","[0.8, 0.4, 0.2]","[u'low', u'high', u'medium']",blue,51,right,medium,False,False,242,4400,NA
A2WQT33K6LD9Z5,Mon Dec 04 2017 13:11:02 GMT-0500 (Eastern Standard Time),Mon Dec 04 2017 13:17:10 GMT-0500 (Eastern Standard Time),"Mozilla/5.0 (Windows NT 6.1; Win64; x64) AppleWebKit/537.36 (KHTML, like Gecko) Chrome/62.0.3202.94 Safari/537.36",153,"[0.9, 0.5, 0.1]","[0.8, 0.4, 0.2]","[u'red', u'black', u'blue']","[u'left', u'middle', u'right']","[0.8, 0.4, 0.2]","[u'low', u'high', u'medium']",blue,51,right,medium,False,False,274,4350,NA
A2WQT33K6LD9Z5,Mon Dec 04 2017 13:11:02 GMT-0500 (Eastern Standard Time),Mon Dec 04 2017 13:17:10 GMT-0500 (Eastern Standard Time),"Mozilla/5.0 (Windows NT 6.1; Win64; x64) AppleWebKit/537.36 (KHTML, like Gecko) Chrome/62.0.3202.94 Safari/537.36",154,"[0.9, 0.5, 0.1]","[0.8, 0.4, 0.2]","[u'red', u'black', u'blue']","[u'left', u'middle', u'right']","[0.8, 0.4, 0.2]","[u'low', u'high', u'medium']",blue,51,right,medium,True,False,56,4450,NA
A2WQT33K6LD9Z5,Mon Dec 04 2017 13:11:02 GMT-0500 (Eastern Standard Time),Mon Dec 04 2017 13:17:10 GMT-0500 (Eastern Standard Time),"Mozilla/5.0 (Windows NT 6.1; Win64; x64) AppleWebKit/537.36 (KHTML, like Gecko) Chrome/62.0.3202.94 Safari/537.36",155,"[0.9, 0.5, 0.1]","[0.8, 0.4, 0.2]","[u'red', u'black', u'blue']","[u'left', u'middle', u'right']","[0.8, 0.4, 0.2]","[u'low', u'high', u'medium']",blue,51,right,medium,True,False,138,4550,NA
A2WQT33K6LD9Z5,Mon Dec 04 2017 13:11:02 GMT-0500 (Eastern Standard Time),Mon Dec 04 2017 13:17:10 GMT-0500 (Eastern Standard Time),"Mozilla/5.0 (Windows NT 6.1; Win64; x64) AppleWebKit/537.36 (KHTML, like Gecko) Chrome/62.0.3202.94 Safari/537.36",156,"[0.9, 0.5, 0.1]","[0.8, 0.4, 0.2]","[u'red', u'black', u'blue']","[u'left', u'middle', u'right']","[0.8, 0.4, 0.2]","[u'low', u'high', u'medium']",blue,51,right,medium,False,False,106,4500,NA
A2WQT33K6LD9Z5,Mon Dec 04 2017 13:11:02 GMT-0500 (Eastern Standard Time),Mon Dec 04 2017 13:17:10 GMT-0500 (Eastern Standard Time),"Mozilla/5.0 (Windows NT 6.1; Win64; x64) AppleWebKit/537.36 (KHTML, like Gecko) Chrome/62.0.3202.94 Safari/537.36",157,"[0.9, 0.5, 0.1]","[0.8, 0.4, 0.2]","[u'red', u'black', u'blue']","[u'left', u'middle', u'right']","[0.8, 0.4, 0.2]","[u'low', u'high', u'medium']",blue,51,right,medium,False,False,538,4450,NA
A2WQT33K6LD9Z5,Mon Dec 04 2017 13:11:02 GMT-0500 (Eastern Standard Time),Mon Dec 04 2017 13:17:10 GMT-0500 (Eastern Standard Time),"Mozilla/5.0 (Windows NT 6.1; Win64; x64) AppleWebKit/537.36 (KHTML, like Gecko) Chrome/62.0.3202.94 Safari/537.36",158,"[0.9, 0.5, 0.1]","[0.8, 0.4, 0.2]","[u'red', u'black', u'blue']","[u'left', u'middle', u'right']","[0.8, 0.4, 0.2]","[u'low', u'high', u'medium']",blue,51,right,medium,False,False,121,4400,NA
A2WQT33K6LD9Z5,Mon Dec 04 2017 13:11:02 GMT-0500 (Eastern Standard Time),Mon Dec 04 2017 13:17:10 GMT-0500 (Eastern Standard Time),"Mozilla/5.0 (Windows NT 6.1; Win64; x64) AppleWebKit/537.36 (KHTML, like Gecko) Chrome/62.0.3202.94 Safari/537.36",159,"[0.9, 0.5, 0.1]","[0.8, 0.4, 0.2]","[u'red', u'black', u'blue']","[u'left', u'middle', u'right']","[0.8, 0.4, 0.2]","[u'low', u'high', u'medium']",blue,51,right,medium,True,False,187,4500,NA
A2WQT33K6LD9Z5,Mon Dec 04 2017 13:11:02 GMT-0500 (Eastern Standard Time),Mon Dec 04 2017 13:17:10 GMT-0500 (Eastern Standard Time),"Mozilla/5.0 (Windows NT 6.1; Win64; x64) AppleWebKit/537.36 (KHTML, like Gecko) Chrome/62.0.3202.94 Safari/537.36",160,"[0.9, 0.5, 0.1]","[0.8, 0.4, 0.2]","[u'red', u'black', u'blue']","[u'left', u'middle', u'right']","[0.8, 0.4, 0.2]","[u'low', u'high', u'medium']",blue,51,right,medium,False,False,177,4450,NA
